phase,seed,scenario,policy,trace_sha256,ledger_sha256,requests,accepted,qualified,admission_ratio,qualified_ratio,intrinsically_feasible,new_branch_requests,cold_blocked_rejections,created_floor,created_extra,released,mean_idle_vcpu,peak_vcpu,resource_violation_slots,peak_resource_violation_vcpu,peak_logical_new_violation,warm_slot_violation_total,concurrency_excess_requests,potential_payment,revenue,upload_cost,link_cost,inference_cost,profit,rejected_accuracy,rejected_deadline,rejected_strict_resource,rejected_nonpositive_residual,rejected_cold_deadline_no_instance,rejected_admission_control,runtime_seconds
development,1,high_tight,pd_theta_2,304165beb9e96de1019615b8fb9b59ec014dab81d49f7d3f30ab8dd0bcb8dc6f,05ef2102b183f88504e2eeca7f2040bf8083a09fd0cecd9041b2ae2bb2548beb,720,648,648,0.9,0.9,720,82,72,36,68,55,13.0,36.0,0,0.0,0.0,67,67,714.0,598.8000000000001,0.0026270308180204897,0.07512571310310644,68.34,530.3822472560789,0,0,0,0,0,72,0.5958981000000001
development,1,high_tight,pd_theta_4,304165beb9e96de1019615b8fb9b59ec014dab81d49f7d3f30ab8dd0bcb8dc6f,dd58070270cb3965e5bfa40b3ab49194760d2f9e13b4ed465c94fecba2f5ecd4,720,648,648,0.9,0.9,720,71,72,36,60,36,16.625,40.5,0,0.0,0.0,67,67,714.0,598.8000000000001,0.0026270308180204897,0.07471582421657488,67.89,530.8326571449654,0,0,0,0,0,72,0.4505227999999999
development,1,high_tight,pd_theta_8,304165beb9e96de1019615b8fb9b59ec014dab81d49f7d3f30ab8dd0bcb8dc6f,e9718faeee9fe08000218ca5a950628706d4528da0182efd6de034ec1d3b0fc8,720,648,648,0.9,0.9,720,60,72,36,50,18,20.916666666666668,47.5,0,0.0,0.0,67,67,714.0,598.8000000000001,0.0026270308180204897,0.07561004809001114,66.89,531.831762921092,0,0,0,0,0,72,0.48203090000000004
development,1,high_tight,pd_theta_16,304165beb9e96de1019615b8fb9b59ec014dab81d49f7d3f30ab8dd0bcb8dc6f,9259cf7c3c407d16e03a45a6b9246b1a5aac880377599861d5bcc93a3b3f7c02,720,648,648,0.9,0.9,720,59,72,36,50,0,22.083333333333332,52.0,0,0.0,0.0,67,67,714.0,598.8000000000001,0.0026270308180204897,0.0739375985446401,66.74,531.9834353706374,0,0,0,0,0,72,0.48079700000000014
development,1,high_tight,pd_history,304165beb9e96de1019615b8fb9b59ec014dab81d49f7d3f30ab8dd0bcb8dc6f,05ef2102b183f88504e2eeca7f2040bf8083a09fd0cecd9041b2ae2bb2548beb,720,648,648,0.9,0.9,720,82,72,36,68,55,13.0,36.0,0,0.0,0.0,67,67,714.0,598.8000000000001,0.0026270308180204897,0.07512571310310644,68.34,530.3822472560789,0,0,0,0,0,72,0.6262415999999997
development,1,high_tight,no_control_interpretation,304165beb9e96de1019615b8fb9b59ec014dab81d49f7d3f30ab8dd0bcb8dc6f,f92c255e562115cc3412d240f306c683e27f6a1560a375f7c43c8a96b79af1b4,720,720,720,1.0,1.0,720,82,0,36,68,55,13.0,36.0,0,0.0,0.0,139,139,714.0,714.0,0.0029419877333067036,0.09044342783608839,81.3,632.6066145844306,0,0,0,0,0,0,0.45108890000000024
development,1,high_tight,no_pre_new_only,304165beb9e96de1019615b8fb9b59ec014dab81d49f7d3f30ab8dd0bcb8dc6f,f71430e5a707f850b8ac8507f9e85d75c73f79761cd563df57cb38b39ab55f1e,720,356,356,0.49444444444444446,0.49444444444444446,720,356,355,0,208,208,0.0,10.0,0,0.0,0.0,0,0,714.0,142.4,0.0014396067288983986,0.08487769533436411,10.68,131.63368269793673,0,0,0,0,355,9,0.3676884
development,1,high_tight,greedy_hard_cap,304165beb9e96de1019615b8fb9b59ec014dab81d49f7d3f30ab8dd0bcb8dc6f,5ef67f6cf6708bde8e4c682c4fdae13ce3f6c327423a1fbab8db3d4e5d0ad9e5,720,581,581,0.8069444444444445,0.8069444444444445,720,48,139,36,32,19,16.125,35.5,0,0.0,0.0,0,0,714.0,491.6,0.002371995605491654,0.02234279609635449,49.83,441.7452852082982,0,0,139,0,0,0,0.4802738
development,1,high_loose,pd_theta_2,928c7f401b2fc60ca54446f29b31267cd4169b99745466e4aa3636eb09a0d0ee,5ef1df958f4b463f6fc985d1b1e188f7059e816712cb4b57ed061180157257bc,720,718,718,0.9972222222222222,0.9972222222222222,720,63,0,36,59,42,9.666666666666666,49.5,0,0.0,0.0,4,4,500.99999999999994,499.59999999999997,0.002935493259316207,0.09415384202445397,90.03999999999999,409.4629106647162,0,0,0,0,0,2,0.4545482999999999
development,1,high_loose,pd_theta_4,928c7f401b2fc60ca54446f29b31267cd4169b99745466e4aa3636eb09a0d0ee,e706b4a162626117f5108769e7c2e15b99368f766e91c8ededc6a8ea50aaf284,720,718,718,0.9972222222222222,0.9972222222222222,720,56,0,36,52,29,14.166666666666666,53.5,0,0.0,0.0,4,4,500.99999999999994,499.59999999999997,0.002935493259316207,0.09751752831649567,89.89,409.60954697842413,0,0,0,0,0,2,0.47429029999999983
development,1,high_loose,pd_theta_8,928c7f401b2fc60ca54446f29b31267cd4169b99745466e4aa3636eb09a0d0ee,9e799fd9d04d801bbbdc1265fb25622898154170e97c602c73d35d9788ed42a6,720,718,718,0.9972222222222222,0.9972222222222222,720,53,0,36,50,13,19.416666666666668,66.0,0,0.0,0.0,4,4,500.99999999999994,499.59999999999997,0.002935493259316207,0.10339853624464568,89.99,409.503665970496,0,0,0,0,0,2,0.35274420000000006
development,1,high_loose,pd_theta_16,928c7f401b2fc60ca54446f29b31267cd4169b99745466e4aa3636eb09a0d0ee,74779ab33d87681dfdd490681f0a0d4d3888cda6fd06a98d2715a7d77fdd7730,720,718,718,0.9972222222222222,0.9972222222222222,720,52,0,36,49,0,20.583333333333332,73.5,0,0.0,0.0,4,4,500.99999999999994,499.59999999999997,0.002935493259316207,0.10367328795687114,89.84,409.6533912187838,0,0,0,0,0,2,0.4453370999999997
development,1,high_loose,pd_history,928c7f401b2fc60ca54446f29b31267cd4169b99745466e4aa3636eb09a0d0ee,5ef1df958f4b463f6fc985d1b1e188f7059e816712cb4b57ed061180157257bc,720,718,718,0.9972222222222222,0.9972222222222222,720,63,0,36,59,42,9.666666666666666,49.5,0,0.0,0.0,4,4,500.99999999999994,499.59999999999997,0.002935493259316207,0.09415384202445397,90.03999999999999,409.4629106647162,0,0,0,0,0,2,0.3694166000000001
development,1,high_loose,no_control_interpretation,928c7f401b2fc60ca54446f29b31267cd4169b99745466e4aa3636eb09a0d0ee,10fd98ff90b39f9c718c7f65527cd358c92729b3a26a200acdd050f2408f417e,720,720,720,1.0,1.0,720,64,0,36,59,42,9.666666666666666,49.5,0,0.0,0.0,5,5,500.99999999999994,500.99999999999994,0.0029419877333067036,0.09452726416965074,90.39999999999999,410.502530748097,0,0,0,0,0,0,0.4004392999999995
development,1,high_loose,no_pre_new_only,928c7f401b2fc60ca54446f29b31267cd4169b99745466e4aa3636eb09a0d0ee,e323d89b13d44685fe7c654d821ba8e92d1c9a09271da4390edc4e24bdc6d8a7,720,154,154,0.21388888888888888,0.21388888888888888,720,154,355,0,107,107,0.0,10.0,0,0.0,0.0,0,0,500.99999999999994,104.8,0.0006390372127889602,0.032383983370640565,26.22,78.54697697941657,0,0,0,0,355,211,0.3538161000000004
development,1,high_loose,greedy_hard_cap,928c7f401b2fc60ca54446f29b31267cd4169b99745466e4aa3636eb09a0d0ee,3c9a05232bd6dd5927f192d7ec84499b717b8d1c81145ceb89ca751b15120f04,720,720,720,1.0,1.0,720,59,0,36,39,19,16.666666666666668,46.5,0,0.0,0.0,0,0,500.99999999999994,500.99999999999994,0.0029419877333067036,0.022588278073789454,78.95,422.02446973419285,0,0,0,0,0,0,0.39783659999999976
development,1,random,pd_theta_2,915a58dbe78f13ba9c993a12de15df6958fdc3de1e7bf9725dd06f2ae43f97d6,6f89eb4c7c84d25201a918cdc7e84dfdfe9aeae7b4b9221c28d91b24688d5409,720,713,713,0.9902777777777778,0.9902777777777778,720,95,0,36,77,59,12.5,51.5,0,0.0,0.0,5,5,607.8,602.9,0.002914192056497921,0.10619940696452251,86.39,516.400886400979,0,0,0,0,0,7,0.414758599999999
development,1,random,pd_theta_4,915a58dbe78f13ba9c993a12de15df6958fdc3de1e7bf9725dd06f2ae43f97d6,fe2e2ca99da1d25263b2ce663224598570e9f4328b83c2a850615e1b197dd3e9,720,713,713,0.9902777777777778,0.9902777777777778,720,81,0,36,72,41,19.708333333333332,61.0,0,0.0,0.0,5,5,607.8,602.9,0.002914192056497921,0.11159974512578476,85.64,517.1454860628178,0,0,0,0,0,7,0.40032289999999904
development,1,random,pd_theta_8,915a58dbe78f13ba9c993a12de15df6958fdc3de1e7bf9725dd06f2ae43f97d6,ed5865057a55ef3a545bf90cdac58114ac5116bc3fcc19a4ceec0af63446d8fb,720,713,713,0.9902777777777778,0.9902777777777778,720,73,0,36,66,16,26.583333333333332,74.0,0,0.0,0.0,5,5,607.8,602.9,0.002914192056497921,0.1140842875099368,84.24,518.5430015204336,0,0,0,0,0,7,0.553371799999999
development,1,random,pd_theta_16,915a58dbe78f13ba9c993a12de15df6958fdc3de1e7bf9725dd06f2ae43f97d6,e9888a40b0c4047946b93814f93c993eea23eb35be578acf49b36dfa5bc92d28,720,713,713,0.9902777777777778,0.9902777777777778,720,72,0,36,65,0,28.0,80.0,0,0.0,0.0,5,5,607.8,602.9,0.002914192056497921,0.114135830337848,83.94,518.8429499776057,0,0,0,0,0,7,0.5369127999999996
development,1,random,pd_history,915a58dbe78f13ba9c993a12de15df6958fdc3de1e7bf9725dd06f2ae43f97d6,6f89eb4c7c84d25201a918cdc7e84dfdfe9aeae7b4b9221c28d91b24688d5409,720,713,713,0.9902777777777778,0.9902777777777778,720,95,0,36,77,59,12.5,51.5,0,0.0,0.0,5,5,607.8,602.9,0.002914192056497921,0.10619940696452251,86.39,516.400886400979,0,0,0,0,0,7,0.4382026999999997
development,1,random,no_control_interpretation,915a58dbe78f13ba9c993a12de15df6958fdc3de1e7bf9725dd06f2ae43f97d6,fd918ea1fb9c01013850eb0f4e1d086c5d169701f9828177ddc179ff254af559,720,720,720,1.0,1.0,720,97,0,36,81,63,13.25,50.5,0,0.0,0.0,6,6,607.8,607.8,0.0029419877333067036,0.10681318760853928,87.75,519.9402448246582,0,0,0,0,0,0,0.4708868000000006
development,1,random,no_pre_new_only,915a58dbe78f13ba9c993a12de15df6958fdc3de1e7bf9725dd06f2ae43f97d6,f692358adfd0a39f291e18dd41c9f54a7bcd5826483980fc55be2deb451aa6e4,720,275,275,0.3819444444444444,0.3819444444444444,720,275,355,0,198,198,0.0,13.0,0,0.0,0.0,0,0,607.8,137.3,0.0011534967631174012,0.06555568390212912,21.9,115.33329081933475,0,0,0,0,355,90,0.38249129999999987
development,1,random,greedy_hard_cap,915a58dbe78f13ba9c993a12de15df6958fdc3de1e7bf9725dd06f2ae43f97d6,4309770c81387b8e0f4b456a126611a37b44483519fcc7a4cd47b4525443453e,720,714,714,0.9916666666666667,0.9916666666666667,720,59,6,36,47,24,19.0,47.5,0,0.0,0.0,0,0,607.8,598.2,0.002921698495217853,0.012605691239985953,74.36999999999999,523.8144726102648,0,0,6,0,0,0,0.44865590000000033
development,1,switch,pd_theta_2,4b2be90382efc00e9cf4e2eaa0bfbaeb2a088c1983ca484658b0dd0d067e1b61,3bd19b31633f8725555d21f1decc82c8082f6f61400451ca62fe10e9fb0b7f76,720,682,682,0.9472222222222222,0.9472222222222222,720,76,38,36,65,50,10.333333333333334,48.0,0,0.0,0.0,32,32,607.8,547.0,0.002784120734740103,0.08685544055649108,78.86,468.05036043870876,0,0,0,0,0,38,0.4623153999999996
development,1,switch,pd_theta_4,4b2be90382efc00e9cf4e2eaa0bfbaeb2a088c1983ca484658b0dd0d067e1b61,ef899a85f5de113a3eafd782dd224df2fb5ad2664267f32dc1aef4ee26c902c3,720,682,682,0.9472222222222222,0.9472222222222222,720,68,38,36,60,35,14.208333333333334,54.5,0,0.0,0.0,32,32,607.8,547.0,0.002784120734740103,0.08407389050762147,78.51,468.4031419887576,0,0,0,0,0,38,0.48870890000000067
development,1,switch,pd_theta_8,4b2be90382efc00e9cf4e2eaa0bfbaeb2a088c1983ca484658b0dd0d067e1b61,ef6c51c3acb429a80259f543ca35001108f99ab63402252b11bb5f7505edd1a9,720,682,682,0.9472222222222222,0.9472222222222222,720,65,38,36,57,18,20.25,62.0,0,0.0,0.0,32,32,607.8,547.0,0.002784120734740103,0.08794584151156458,76.06,470.8492700377537,0,0,0,0,0,38,0.4417310999999984
development,1,switch,pd_theta_16,4b2be90382efc00e9cf4e2eaa0bfbaeb2a088c1983ca484658b0dd0d067e1b61,bab5723e16add0fc42d5035b8471bc34c83b34635b8dc4d603791fb3a9264b30,720,682,682,0.9472222222222222,0.9472222222222222,720,65,38,36,57,0,22.208333333333332,68.5,0,0.0,0.0,32,32,607.8,547.0,0.002784120734740103,0.08637690631409546,74.96,471.95083897295115,0,0,0,0,0,38,0.42858479999999943
development,1,switch,pd_history,4b2be90382efc00e9cf4e2eaa0bfbaeb2a088c1983ca484658b0dd0d067e1b61,3bd19b31633f8725555d21f1decc82c8082f6f61400451ca62fe10e9fb0b7f76,720,682,682,0.9472222222222222,0.9472222222222222,720,76,38,36,65,50,10.333333333333334,48.0,0,0.0,0.0,32,32,607.8,547.0,0.002784120734740103,0.08685544055649108,78.86,468.05036043870876,0,0,0,0,0,38,0.4728489000000007
development,1,switch,no_control_interpretation,4b2be90382efc00e9cf4e2eaa0bfbaeb2a088c1983ca484658b0dd0d067e1b61,8d99f1cdb3180e947a6526c31c34e16bb30d9d6723a29fe7822dcbe86aea5fbe,720,720,720,1.0,1.0,720,76,0,36,65,50,10.333333333333334,48.0,0,0.0,0.0,70,70,607.8,607.8,0.0029419877333067036,0.09457324037299333,85.7,522.0024847718937,0,0,0,0,0,0,0.5057729999999996
development,1,switch,no_pre_new_only,4b2be90382efc00e9cf4e2eaa0bfbaeb2a088c1983ca484658b0dd0d067e1b61,94536a62e51158dcc0fa20865b02bc75d4e135e20690698a3785cc4c2a54fe60,720,253,253,0.35138888888888886,0.35138888888888886,720,253,355,0,159,159,0.0,10.0,0,0.0,0.0,0,0,607.8,122.8,0.0010360748739294086,0.06119287681844297,18.39,104.34777104830764,0,0,0,0,355,112,0.4309124999999998
development,1,switch,greedy_hard_cap,4b2be90382efc00e9cf4e2eaa0bfbaeb2a088c1983ca484658b0dd0d067e1b61,1a526bf84dbef049a6a202c8445f35662b71fc3a6ecb40783ecf4059d0d741c5,720,650,650,0.9027777777777778,0.9027777777777778,720,72,70,36,47,24,18.083333333333332,49.0,0,0.0,0.0,0,0,607.8,495.8,0.0026578716089744516,0.014832442302277088,62.25,433.53250968608876,0,0,70,0,0,0,0.4741394000000003
development,2,high_tight,pd_theta_2,1c18f4e753a16e0af9ecfddceab6356865e56ce49f6d5844e18662a34dce582f,4c1d568ea5f08a6672efff0c6c2f0d4d9304d3f7772b7ca7e12a5dac8b0dd4fd,720,646,646,0.8972222222222223,0.8972222222222223,720,84,74,36,65,52,12.833333333333334,36.5,0,0.0,0.0,65,65,714.0,595.6,0.0026748525814743996,0.07734417100760953,67.92999999999999,527.589980976411,0,0,0,0,0,74,0.568460700000001
development,2,high_tight,pd_theta_4,1c18f4e753a16e0af9ecfddceab6356865e56ce49f6d5844e18662a34dce582f,4c4f47e309c12a79c7d1378da8849f9627d9e5a766898354325bf8fce9a5e6b2,720,646,646,0.8972222222222223,0.8972222222222223,720,73,74,36,59,38,17.208333333333332,40.5,0,0.0,0.0,65,65,714.0,595.6,0.0026748525814743996,0.07718480160058191,66.88,528.6401403458179,0,0,0,0,0,74,0.6273475000000008
development,2,high_tight,pd_theta_8,1c18f4e753a16e0af9ecfddceab6356865e56ce49f6d5844e18662a34dce582f,34fe2ab61def095bc7a3083471589b01e0ef87d8b0277f80268e24a937be0862,720,646,646,0.8972222222222223,0.8972222222222223,720,65,74,36,56,17,21.875,49.5,0,0.0,0.0,65,65,714.0,595.6,0.0026748525814743996,0.08204294002492893,66.28,529.2352822073937,0,0,0,0,0,74,0.5011551000000019
development,2,high_tight,pd_theta_16,1c18f4e753a16e0af9ecfddceab6356865e56ce49f6d5844e18662a34dce582f,5eee1842664cff7f09e84184538f15fa658e7ca1da6d07869e98ad77e25a544c,720,646,646,0.8972222222222223,0.8972222222222223,720,63,74,36,54,0,22.666666666666668,54.0,0,0.0,0.0,65,65,714.0,595.6,0.0026748525814743996,0.08267209105057365,66.17999999999999,529.334653056368,0,0,0,0,0,74,0.45894079999999704
development,2,high_tight,pd_history,1c18f4e753a16e0af9ecfddceab6356865e56ce49f6d5844e18662a34dce582f,4c1d568ea5f08a6672efff0c6c2f0d4d9304d3f7772b7ca7e12a5dac8b0dd4fd,720,646,646,0.8972222222222223,0.8972222222222223,720,84,74,36,65,52,12.833333333333334,36.5,0,0.0,0.0,65,65,714.0,595.6,0.0026748525814743996,0.07734417100760953,67.92999999999999,527.589980976411,0,0,0,0,0,74,0.4615776999999994
development,2,high_tight,no_control_interpretation,1c18f4e753a16e0af9ecfddceab6356865e56ce49f6d5844e18662a34dce582f,5d789ba44d64f0337ada8acda99f739ef785f9c9f592f364dcad76da1b11155b,720,720,720,1.0,1.0,720,84,0,36,65,52,12.833333333333334,36.5,0,0.0,0.0,139,139,714.0,714.0,0.003015158915305047,0.09528185972516036,81.25,632.6517029813596,0,0,0,0,0,0,0.5068693999999994
development,2,high_tight,no_pre_new_only,1c18f4e753a16e0af9ecfddceab6356865e56ce49f6d5844e18662a34dce582f,719d171a1a92f46a84118da4fe4a7e518ef2737bad085a5ee5a3842e03042d75,720,361,361,0.5013888888888889,0.5013888888888889,720,361,355,0,208,208,0.0,9.5,0,0.0,0.0,0,0,714.0,144.4,0.0015054507976773924,0.0878760396044125,10.83,133.48061850959792,0,0,0,0,355,4,0.47056500000000057
development,2,high_tight,greedy_hard_cap,1c18f4e753a16e0af9ecfddceab6356865e56ce49f6d5844e18662a34dce582f,d709962a587d431133579d135f27c46a863f47ec359f1d8a185625141f69da3a,720,581,581,0.8069444444444445,0.8069444444444445,720,56,139,36,36,24,16.625,36.5,0,0.0,0.0,0,0,714.0,491.6,0.002441000633536621,0.019964497449148126,49.83,441.7475945019174,0,0,139,0,0,0,0.48262920000000165
development,2,high_loose,pd_theta_2,070691ae66642d663deb38cac78964fe3c6ade6ccfe09d780992dd5e49af0bde,fba42736f0f67212142b57837201f5e44e843d02ebd7530dffe7d348235c6291,720,720,720,1.0,1.0,720,67,0,36,58,43,9.541666666666666,50.0,0,0.0,0.0,1,1,500.99999999999994,500.99999999999994,0.003015158915305047,0.09836737312844875,90.75,410.1486174679562,0,0,0,0,0,0,0.43920359999999903
development,2,high_loose,pd_theta_4,070691ae66642d663deb38cac78964fe3c6ade6ccfe09d780992dd5e49af0bde,ca23f328823ab713f233f2895aba5e36a458de2cd658a026bdee2f1233edd9b2,720,720,720,1.0,1.0,720,60,0,36,52,26,13.875,56.5,0,0.0,0.0,1,1,500.99999999999994,500.99999999999994,0.003015158915305047,0.1003194624935374,91.05,409.8466653785911,0,0,0,0,0,0,0.4817955000000005
development,2,high_loose,pd_theta_8,070691ae66642d663deb38cac78964fe3c6ade6ccfe09d780992dd5e49af0bde,d510566bc252149e83157d72ff5b75cacf16e210626ead698108ec04e37a55fc,720,720,720,1.0,1.0,720,56,0,36,50,11,18.75,68.0,0,0.0,0.0,1,1,500.99999999999994,500.99999999999994,0.003015158915305047,0.09941900197669643,90.89999999999999,409.99756583910795,0,0,0,0,0,0,0.5426201000000006
development,2,high_loose,pd_theta_16,070691ae66642d663deb38cac78964fe3c6ade6ccfe09d780992dd5e49af0bde,a63e137db55736f044de68d79439ae294512ed1ff83716bb016b3b79620edd54,720,720,720,1.0,1.0,720,56,0,36,50,0,19.541666666666668,74.0,0,0.0,0.0,1,1,500.99999999999994,500.99999999999994,0.003015158915305047,0.09941915863712274,90.8,410.09756568244757,0,0,0,0,0,0,0.48204409999999953
development,2,high_loose,pd_history,070691ae66642d663deb38cac78964fe3c6ade6ccfe09d780992dd5e49af0bde,fba42736f0f67212142b57837201f5e44e843d02ebd7530dffe7d348235c6291,720,720,720,1.0,1.0,720,67,0,36,58,43,9.541666666666666,50.0,0,0.0,0.0,1,1,500.99999999999994,500.99999999999994,0.003015158915305047,0.09836737312844875,90.75,410.1486174679562,0,0,0,0,0,0,0.6699812999999999
development,2,high_loose,no_control_interpretation,070691ae66642d663deb38cac78964fe3c6ade6ccfe09d780992dd5e49af0bde,fba42736f0f67212142b57837201f5e44e843d02ebd7530dffe7d348235c6291,720,720,720,1.0,1.0,720,67,0,36,58,43,9.541666666666666,50.0,0,0.0,0.0,1,1,500.99999999999994,500.99999999999994,0.003015158915305047,0.09836737312844875,90.75,410.1486174679562,0,0,0,0,0,0,0.42137589999999747
development,2,high_loose,no_pre_new_only,070691ae66642d663deb38cac78964fe3c6ade6ccfe09d780992dd5e49af0bde,3549f997786a412c97ae6f15330262a709ef73df92fb9a4a15eed5529a21b605,720,154,154,0.21388888888888888,0.21388888888888888,720,154,355,0,111,111,0.0,10.0,0,0.0,0.0,0,0,500.99999999999994,104.8,0.0006360334171014648,0.03462593219526095,26.22,78.54473803438763,0,0,0,0,355,211,0.3274403000000028
development,2,high_loose,greedy_hard_cap,070691ae66642d663deb38cac78964fe3c6ade6ccfe09d780992dd5e49af0bde,3400e2339e0fc659fe21f425841af80e4d42a00eb445a3d6702e71bf71502364,720,720,720,1.0,1.0,720,53,0,36,41,22,17.0,45.0,0,0.0,0.0,0,0,500.99999999999994,500.99999999999994,0.003015158915305047,0.02907836199295905,78.3,422.6679064790917,0,0,0,0,0,0,0.4536629999999988
development,2,random,pd_theta_2,082531edb6b4dcfba0435af9dee2454123c7e7e6581b25afe0f21c9546b787e8,ecc9c1767cfad5524f6d7bb6aa822dbbb0732e27c06d6142f7a9fa589e396b99,720,715,715,0.9930555555555556,0.9930555555555556,720,93,0,36,74,56,12.583333333333334,53.0,0,0.0,0.0,0,0,607.8,604.3,0.002994632471243146,0.11099188778518719,87.89999999999999,516.2860134797436,0,0,0,0,0,5,0.43616850000000085
development,2,random,pd_theta_4,082531edb6b4dcfba0435af9dee2454123c7e7e6581b25afe0f21c9546b787e8,9a84b23d6f41a17fadfa0ec42d61c6130529a3e4d6fa072e79a02150025ec27b,720,714,714,0.9916666666666667,0.9916666666666667,720,80,0,36,63,34,17.416666666666668,58.0,0,0.0,0.0,0,0,607.8,603.6,0.002989953694105661,0.1092214848046527,87.12,516.3677885615012,0,0,0,0,0,6,0.44064120000000173
development,2,random,pd_theta_8,082531edb6b4dcfba0435af9dee2454123c7e7e6581b25afe0f21c9546b787e8,0b911d6f8547c8272b80dca72fae3fadbc5c449a530b5a83a780f77bae0e6c65,720,715,715,0.9930555555555556,0.9930555555555556,720,74,0,36,63,13,24.041666666666668,73.0,0,0.0,0.0,0,0,607.8,604.3,0.002994632471243146,0.11014126297372152,86.14999999999999,518.0368641045551,0,0,0,0,0,5,0.4661937000000016
development,2,random,pd_theta_16,082531edb6b4dcfba0435af9dee2454123c7e7e6581b25afe0f21c9546b787e8,671430fac91a899baab146086d706e6bfc95f8ab294866ef763e13172e15826a,720,715,715,0.9930555555555556,0.9930555555555556,720,72,0,36,61,0,25.083333333333332,79.0,0,0.0,0.0,0,0,607.8,604.3,0.002994632471243146,0.10812050197223753,86.25,517.9388848655566,0,0,0,0,0,5,0.5245294000000023
development,2,random,pd_history,082531edb6b4dcfba0435af9dee2454123c7e7e6581b25afe0f21c9546b787e8,ecc9c1767cfad5524f6d7bb6aa822dbbb0732e27c06d6142f7a9fa589e396b99,720,715,715,0.9930555555555556,0.9930555555555556,720,93,0,36,74,56,12.583333333333334,53.0,0,0.0,0.0,0,0,607.8,604.3,0.002994632471243146,0.11099188778518719,87.89999999999999,516.2860134797436,0,0,0,0,0,5,0.4027497000000011
development,2,random,no_control_interpretation,082531edb6b4dcfba0435af9dee2454123c7e7e6581b25afe0f21c9546b787e8,93bb0eddfa6520016f4b69c318b1e6b6db66d0838daff0dc76e13030599dd378,720,720,720,1.0,1.0,720,95,0,36,75,57,12.416666666666666,52.0,0,0.0,0.0,0,0,607.8,607.8,0.003015158915305047,0.11193369819556283,88.8,518.8850511428891,0,0,0,0,0,0,0.44910600000000045
development,2,random,no_pre_new_only,082531edb6b4dcfba0435af9dee2454123c7e7e6581b25afe0f21c9546b787e8,eedc1db4d947b2acf15d4923164109256ca8f7bbb230281c8821243e32afadce,720,273,273,0.37916666666666665,0.37916666666666665,720,273,355,0,193,193,0.0,13.0,0,0.0,0.0,0,0,607.8,139.5,0.0011378671674732543,0.05966203172516678,23.34,116.09920010110736,0,0,0,0,355,92,0.3546712999999997
development,2,random,greedy_hard_cap,082531edb6b4dcfba0435af9dee2454123c7e7e6581b25afe0f21c9546b787e8,45ab824c3c7f16083f4ff6190c8b10ecd4b569e5f17620d86754d8ce69f38a84,720,717,717,0.9958333333333333,0.9958333333333333,720,62,3,36,50,28,18.958333333333332,47.0,0,0.0,0.0,0,0,607.8,603.0,0.0030009681844561493,0.017693051478328503,74.71,528.2693059803372,0,0,3,0,0,0,0.43663039999999853
development,2,switch,pd_theta_2,9b2ee9ef9e1aca8788a276ee7969f2b7577cd838b8588eda749d7b9cd51fdb43,feafd2445bde1e2be5c28dc23993a40c68a18092c19e8b22de9a3c99a2b89929,720,682,682,0.9472222222222222,0.9472222222222222,720,80,38,36,62,47,10.583333333333334,48.5,0,0.0,0.0,31,31,607.2,546.4,0.002829296713726493,0.08957367965710775,78.91,467.3975970236292,0,0,0,0,0,38,0.4513056999999989
development,2,switch,pd_theta_4,9b2ee9ef9e1aca8788a276ee7969f2b7577cd838b8588eda749d7b9cd51fdb43,26c12d30f8202e48d0e946ac1b509724eb81d99f691a699704fe6c341f0c6b12,720,681,681,0.9458333333333333,0.9458333333333333,720,74,38,36,59,33,15.0,54.0,0,0.0,0.0,31,31,607.2,545.7,0.0028237675151521753,0.09322331055612412,77.67999999999999,467.92395292192873,0,0,0,0,0,39,0.41077169999999796
development,2,switch,pd_theta_8,9b2ee9ef9e1aca8788a276ee7969f2b7577cd838b8588eda749d7b9cd51fdb43,e9357b5f8f626759ace43fc87f1712f91fc9000a25044ad90f441846a2f45176,720,681,681,0.9458333333333333,0.9458333333333333,720,72,38,36,58,16,20.416666666666668,63.5,0,0.0,0.0,31,31,607.2,545.7,0.0028237675151521753,0.09491078129792394,75.67999999999999,469.92226545118695,0,0,0,0,0,39,0.47085069999999973
development,2,switch,pd_theta_16,9b2ee9ef9e1aca8788a276ee7969f2b7577cd838b8588eda749d7b9cd51fdb43,c5c097915163173deddc8079de1a6bd7cb3e9caa2449800a40a9fa457ea65487,720,681,681,0.9458333333333333,0.9458333333333333,720,71,38,36,57,0,21.458333333333332,68.0,0,0.0,0.0,31,31,607.2,545.7,0.0028237675151521753,0.09513672566557803,75.38,470.22203950681927,0,0,0,0,0,39,0.4017462999999992
development,2,switch,pd_history,9b2ee9ef9e1aca8788a276ee7969f2b7577cd838b8588eda749d7b9cd51fdb43,feafd2445bde1e2be5c28dc23993a40c68a18092c19e8b22de9a3c99a2b89929,720,682,682,0.9472222222222222,0.9472222222222222,720,80,38,36,62,47,10.583333333333334,48.5,0,0.0,0.0,31,31,607.2,546.4,0.002829296713726493,0.08957367965710775,78.91,467.3975970236292,0,0,0,0,0,38,0.48986520000000056
development,2,switch,no_control_interpretation,9b2ee9ef9e1aca8788a276ee7969f2b7577cd838b8588eda749d7b9cd51fdb43,52bc39dcdc1ba85df2081e48eaa752cc82fef57e38901d6627faf14ea6b61c4b,720,720,720,1.0,1.0,720,80,0,36,62,47,10.583333333333334,48.5,0,0.0,0.0,69,69,607.2,607.2,0.003015158915305047,0.09838234531994748,85.75,521.3486024957648,0,0,0,0,0,0,0.478852100000001
development,2,switch,no_pre_new_only,9b2ee9ef9e1aca8788a276ee7969f2b7577cd838b8588eda749d7b9cd51fdb43,367dc9ddd638275057b5d1013c4be442ec0c49f288d5f1e70bcab0f91398ab01,720,258,258,0.35833333333333334,0.35833333333333334,720,258,355,0,159,159,0.0,9.0,0,0.0,0.0,0,0,607.2,124.8,0.0010759371453066898,0.05739288834520136,18.54,106.2015311745095,0,0,0,0,355,107,0.4522379999999977
development,2,switch,greedy_hard_cap,9b2ee9ef9e1aca8788a276ee7969f2b7577cd838b8588eda749d7b9cd51fdb43,033da56c03c125be229cf711cb9a71054be8a924c80d7a6ee01c66502e93eb8f,720,651,651,0.9041666666666667,0.9041666666666667,720,71,69,36,48,28,17.833333333333332,46.5,0,0.0,0.0,0,0,607.2,496.8,0.002720637434970889,0.016375237772336182,62.78,434.00090412479267,0,0,69,0,0,0,0.41783760000000214
development,3,high_tight,pd_theta_2,2c54222f139d08e7925b8f55c3782dfdf260130464970390892a155989c17f38,0698b28b6de36b37217a6e288bbe4f6acf590f0eeeee0fcf9517ee04acde7fe1,720,649,649,0.9013888888888889,0.9013888888888889,720,80,71,36,69,58,13.416666666666666,36.5,0,0.0,0.0,67,67,712.8000000000001,599.2,0.0026462998932524286,0.07940154606108447,68.12,530.9979521540457,0,0,0,0,0,71,0.4357141999999996
development,3,high_tight,pd_theta_4,2c54222f139d08e7925b8f55c3782dfdf260130464970390892a155989c17f38,330e1c0ab1bf19e4821871da4f13b46c1ca3e4fce730e50f6aa7c92b1786bf58,720,649,649,0.9013888888888889,0.9013888888888889,720,73,71,36,63,39,17.25,41.5,0,0.0,0.0,67,67,712.8000000000001,599.2,0.0026462998932524286,0.08262448404957771,67.77,531.3447292160572,0,0,0,0,0,71,0.5542902999999981
development,3,high_tight,pd_theta_8,2c54222f139d08e7925b8f55c3782dfdf260130464970390892a155989c17f38,d61556224523e872c5742d4a3cf46dac7e1f15da27af38359c4bfc93317ca1d6,720,649,649,0.9013888888888889,0.9013888888888889,720,60,71,36,52,17,21.125,48.0,0,0.0,0.0,67,67,712.8000000000001,599.2,0.0026462998932524286,0.08275217939582616,67.37,531.744601520711,0,0,0,0,0,71,0.4326892000000022
development,3,high_tight,pd_theta_16,2c54222f139d08e7925b8f55c3782dfdf260130464970390892a155989c17f38,cabd44eb4723409babcb797bffa3a2a2b9ffb397e764d886b1b27b5bebaffc47,720,649,649,0.9013888888888889,0.9013888888888889,720,59,71,36,51,0,22.0,52.5,0,0.0,0.0,67,67,712.8000000000001,599.2,0.0026462998932524286,0.08244437680069049,67.17,531.9449093233061,0,0,0,0,0,71,0.4068032999999964
development,3,high_tight,pd_history,2c54222f139d08e7925b8f55c3782dfdf260130464970390892a155989c17f38,0698b28b6de36b37217a6e288bbe4f6acf590f0eeeee0fcf9517ee04acde7fe1,720,649,649,0.9013888888888889,0.9013888888888889,720,80,71,36,69,58,13.416666666666666,36.5,0,0.0,0.0,67,67,712.8000000000001,599.2,0.0026462998932524286,0.07940154606108447,68.12,530.9979521540457,0,0,0,0,0,71,0.44820239999999956
development,3,high_tight,no_control_interpretation,2c54222f139d08e7925b8f55c3782dfdf260130464970390892a155989c17f38,123ba80b31c9ae3b60a2635e9760c834ccf21cc30bb166aedee7c1aa9d31d1a4,720,720,720,1.0,1.0,720,80,0,36,69,58,13.416666666666666,36.5,0,0.0,0.0,138,138,712.8000000000001,712.8000000000001,0.0029687446848623094,0.09653618044456502,80.89999999999999,631.8004950748706,0,0,0,0,0,0,0.4549327000000005
development,3,high_tight,no_pre_new_only,2c54222f139d08e7925b8f55c3782dfdf260130464970390892a155989c17f38,cf6e365c67526ab7b4e034288abd41476156b16e0f7eee095cc94c4e6fb65b28,720,362,362,0.5027777777777778,0.5027777777777778,720,362,354,0,208,208,0.0,9.5,0,0.0,0.0,0,0,712.8000000000001,144.8,0.0014844757143222327,0.09159706566290583,10.86,133.84691845862278,0,0,0,0,354,4,0.49302559999999573
development,3,high_tight,greedy_hard_cap,2c54222f139d08e7925b8f55c3782dfdf260130464970390892a155989c17f38,4cb2676cd88fb2e40ebc2e8e9dcc7e920d74a2414bf2462834df89fda6eb71d2,720,582,582,0.8083333333333333,0.8083333333333333,720,58,138,36,36,24,16.666666666666668,36.0,0,0.0,0.0,0,0,712.8000000000001,492.0,0.002402488785785263,0.016608006368164906,49.86,442.1209895048461,0,0,138,0,0,0,0.5241123999999999
development,3,high_loose,pd_theta_2,464dbaebe06ee2e4453c100b8e38b3d6b2c6b431c90011c894939379b49b719c,974c00de3c5f3831d86dacb31c0bc0eedbec7dc86e5a6454351a21ca5a029ae6,720,719,719,0.9986111111111111,0.9986111111111111,720,66,0,36,56,39,8.708333333333334,48.5,0,0.0,0.0,0,0,500.4,499.7,0.0029637419971392915,0.10095433045672832,90.32,409.2760819275461,0,0,0,0,0,1,0.3810234000000037
development,3,high_loose,pd_theta_4,464dbaebe06ee2e4453c100b8e38b3d6b2c6b431c90011c894939379b49b719c,e4842f25cbd355d50e771471a25a03dc48701fb3f26934cc681d42e6ba74495a,720,719,719,0.9986111111111111,0.9986111111111111,720,58,0,36,51,26,13.375,55.0,0,0.0,0.0,0,0,500.4,499.7,0.0029637419971392915,0.10064169026304101,90.62,408.9763945677398,0,0,0,0,0,1,0.38554539999999804
development,3,high_loose,pd_theta_8,464dbaebe06ee2e4453c100b8e38b3d6b2c6b431c90011c894939379b49b719c,a4ab7a11dceb86ff57500d5852ffba78a07e2f9f2de3cf4f1c0ab7141a9a7e5e,720,719,719,0.9986111111111111,0.9986111111111111,720,55,0,36,48,9,18.458333333333332,68.0,0,0.0,0.0,0,0,500.4,499.7,0.0029637419971392915,0.0988496200122613,90.92,408.67818663799056,0,0,0,0,0,1,0.4133302000000043
development,3,high_loose,pd_theta_16,464dbaebe06ee2e4453c100b8e38b3d6b2c6b431c90011c894939379b49b719c,b43caa46e808565d16924085a5ec31fc2713b5385569ed86907fdf1b8b510492,720,719,719,0.9986111111111111,0.9986111111111111,720,55,0,36,48,0,19.0,72.5,0,0.0,0.0,0,0,500.4,499.7,0.0029637419971392915,0.10078871924698442,90.67,408.92624753875583,0,0,0,0,0,1,0.37912090000000376
development,3,high_loose,pd_history,464dbaebe06ee2e4453c100b8e38b3d6b2c6b431c90011c894939379b49b719c,974c00de3c5f3831d86dacb31c0bc0eedbec7dc86e5a6454351a21ca5a029ae6,720,719,719,0.9986111111111111,0.9986111111111111,720,66,0,36,56,39,8.708333333333334,48.5,0,0.0,0.0,0,0,500.4,499.7,0.0029637419971392915,0.10095433045672832,90.32,409.2760819275461,0,0,0,0,0,1,0.4299780999999996
development,3,high_loose,no_control_interpretation,464dbaebe06ee2e4453c100b8e38b3d6b2c6b431c90011c894939379b49b719c,15b59a868b77b655b6b7ea2b75d27940920a8fa16d4262cb44b0fb481c61ec10,720,720,720,1.0,1.0,720,66,0,36,56,39,8.708333333333334,48.5,0,0.0,0.0,1,1,500.4,500.4,0.0029687446848623094,0.10095433045672832,90.5,409.79607692485837,0,0,0,0,0,0,0.3806496999999993
development,3,high_loose,no_pre_new_only,464dbaebe06ee2e4453c100b8e38b3d6b2c6b431c90011c894939379b49b719c,0a76abb460ec107ecfc072e3e78c424c69deede9c81dade70fe3e50b7ecac3fd,720,156,156,0.21666666666666667,0.21666666666666667,720,156,354,0,114,114,0.0,10.0,0,0.0,0.0,0,0,500.4,105.6,0.0006489945613614973,0.03335763154466422,26.279999999999998,79.28599337389397,0,0,0,0,354,210,0.3005440999999962
development,3,high_loose,greedy_hard_cap,464dbaebe06ee2e4453c100b8e38b3d6b2c6b431c90011c894939379b49b719c,730d38775a7f011f1547be11317bd6eb5c5167eafbe481bb8a6481ab98a73dd0,720,720,720,1.0,1.0,720,50,0,36,40,21,17.416666666666668,45.5,0,0.0,0.0,0,0,500.4,500.4,0.0029687446848623094,0.025621752519695003,78.89999999999999,421.4714095027954,0,0,0,0,0,0,0.47055549999999613
development,3,random,pd_theta_2,f75be3946b3f211793a7ff61827177b2b69e9d55aafa4455927552fa0ac098c1,efcd364b99d8dfcc70dc7786c5893f05e92cedb0c28f0773ce1afccfe45b642e,720,718,718,0.9972222222222222,0.9972222222222222,720,88,0,36,75,53,11.583333333333334,52.0,0,0.0,0.0,6,6,603.6,602.2,0.002961314186573384,0.12084022783140777,88.94,513.136198457982,0,0,0,0,0,2,0.39551880000000494
development,3,random,pd_theta_4,f75be3946b3f211793a7ff61827177b2b69e9d55aafa4455927552fa0ac098c1,b8184ed17c51b367c74180c35b602fe80835dd2f7f8180b0072f3fbdcb6ca286,720,718,718,0.9972222222222222,0.9972222222222222,720,74,0,36,62,32,16.875,58.0,0,0.0,0.0,5,5,603.6,602.2,0.002961314186573384,0.11759306296585526,88.39,513.6894456228475,0,0,0,0,0,2,0.4277598999999981
development,3,random,pd_theta_8,f75be3946b3f211793a7ff61827177b2b69e9d55aafa4455927552fa0ac098c1,6b79db55d568cdc2ec69df0af0f896ba67d13df0c289f968e62868270e462052,720,718,718,0.9972222222222222,0.9972222222222222,720,66,0,36,58,12,22.208333333333332,71.0,0,0.0,0.0,5,5,603.6,602.2,0.002961314186573384,0.11685898383869535,87.64,514.4401797019748,0,0,0,0,0,2,0.4507079999999988
development,3,random,pd_theta_16,f75be3946b3f211793a7ff61827177b2b69e9d55aafa4455927552fa0ac098c1,0e8bd2b07a09f2972cbad1b3448a225881fa2bb8bcde424bcfcf74535d006844,720,718,718,0.9972222222222222,0.9972222222222222,720,65,0,36,57,0,23.0,76.0,0,0.0,0.0,5,5,603.6,602.2,0.002961314186573384,0.1175012010415092,87.53999999999999,514.5395374847719,0,0,0,0,0,2,0.3949302999999986
development,3,random,pd_history,f75be3946b3f211793a7ff61827177b2b69e9d55aafa4455927552fa0ac098c1,efcd364b99d8dfcc70dc7786c5893f05e92cedb0c28f0773ce1afccfe45b642e,720,718,718,0.9972222222222222,0.9972222222222222,720,88,0,36,75,53,11.583333333333334,52.0,0,0.0,0.0,6,6,603.6,602.2,0.002961314186573384,0.12084022783140777,88.94,513.136198457982,0,0,0,0,0,2,0.3944596000000047
development,3,random,no_control_interpretation,f75be3946b3f211793a7ff61827177b2b69e9d55aafa4455927552fa0ac098c1,78ed763aae11c42351d10df2f353485633a960a80944374eaf9d710d39afde46,720,720,720,1.0,1.0,720,89,0,36,77,55,12.166666666666666,52.0,0,0.0,0.0,5,5,603.6,603.6,0.0029687446848623094,0.1184262905577178,89.3,514.1786049647575,0,0,0,0,0,0,0.4456114000000042
development,3,random,no_pre_new_only,f75be3946b3f211793a7ff61827177b2b69e9d55aafa4455927552fa0ac098c1,ea3555e9b6964c5caabc85d7e36485a7b42fc7c0f3d8ad27096997de96916959,720,267,267,0.37083333333333335,0.37083333333333335,720,267,354,0,189,189,0.0,12.0,0,0.0,0.0,0,0,603.6,137.1,0.0010843822742234402,0.06140810975305864,23.16,113.87750750797272,0,0,0,0,354,99,0.3316355000000044
development,3,random,greedy_hard_cap,f75be3946b3f211793a7ff61827177b2b69e9d55aafa4455927552fa0ac098c1,b7a327655e16255e8791744ca398a0125581425186ce3d91b63d5019a003639f,720,713,713,0.9902777777777778,0.9902777777777778,720,65,7,36,49,26,19.333333333333332,47.0,0,0.0,0.0,0,0,603.6,592.4,0.0029351973546418017,0.015660304084028697,73.74,518.6414044985613,0,0,7,0,0,0,0.48309739999999834
development,3,switch,pd_theta_2,26b3e6a1b476559da8ed3a150b7a404137a6ec6322f8435d97f8ca1f0adeffd5,fbfc7c50b1bc77a0262f9ab8cfb2d01887ce5c4d45037b91c5f6517bfa424047,720,684,684,0.95,0.95,720,78,34,36,68,51,10.916666666666666,49.0,0,0.0,0.0,39,39,606.6,550.8,0.002795522398949237,0.08618572893128937,79.77,470.94101874866976,0,0,0,0,0,36,0.4012467999999956
development,3,switch,pd_theta_4,26b3e6a1b476559da8ed3a150b7a404137a6ec6322f8435d97f8ca1f0adeffd5,f3baa701b1230c66b979bd77357aeca1843e14cda4d23ff22ede9a8966c0acc5,720,684,684,0.95,0.95,720,72,34,36,62,33,15.0,55.5,0,0.0,0.0,39,39,606.6,550.8,0.002795522398949237,0.08675666242251341,78.42,472.29044781517854,0,0,0,0,0,36,0.4170979000000017
development,3,switch,pd_theta_8,26b3e6a1b476559da8ed3a150b7a404137a6ec6322f8435d97f8ca1f0adeffd5,9d464c3d6016cada099a6428fd0b9ee3c070b2b55276fee6db60deba5ffaa48a,720,683,683,0.9486111111111111,0.9486111111111111,720,69,34,36,57,18,20.916666666666668,61.5,0,0.0,0.0,40,40,606.6,550.1,0.0027926189254759903,0.09465554511441573,75.94,474.0625518359601,0,0,0,0,0,37,0.40584900000000346
development,3,switch,pd_theta_16,26b3e6a1b476559da8ed3a150b7a404137a6ec6322f8435d97f8ca1f0adeffd5,5c34049afb062ce5bc12f906ce20776b7e47443391494148270facb706593d86,720,683,683,0.9486111111111111,0.9486111111111111,720,69,34,36,57,0,22.083333333333332,67.5,0,0.0,0.0,40,40,606.6,550.1,0.0027926189254759903,0.09496757762679538,75.53999999999999,474.46223980344774,0,0,0,0,0,37,0.394855800000002
development,3,switch,pd_history,26b3e6a1b476559da8ed3a150b7a404137a6ec6322f8435d97f8ca1f0adeffd5,fbfc7c50b1bc77a0262f9ab8cfb2d01887ce5c4d45037b91c5f6517bfa424047,720,684,684,0.95,0.95,720,78,34,36,68,51,10.916666666666666,49.0,0,0.0,0.0,39,39,606.6,550.8,0.002795522398949237,0.08618572893128937,79.77,470.94101874866976,0,0,0,0,0,36,0.5264170000000021
development,3,switch,no_control_interpretation,26b3e6a1b476559da8ed3a150b7a404137a6ec6322f8435d97f8ca1f0adeffd5,57fa5f3bbdf899c7c7997d2414f7e4e4bbae9ee3060295039384df2b9a38dc97,720,720,720,1.0,1.0,720,78,0,36,68,51,10.916666666666666,49.0,0,0.0,0.0,75,75,606.6,606.6,0.0029687446848623094,0.09501709709819968,86.25,520.252014158217,0,0,0,0,0,0,0.5603392000000014
development,3,switch,no_pre_new_only,26b3e6a1b476559da8ed3a150b7a404137a6ec6322f8435d97f8ca1f0adeffd5,b053f2d664be0573b56c96f9aff5067ec89c8ba5f4e85d46e33269b02bcff204,720,260,260,0.3611111111111111,0.3611111111111111,720,260,354,0,160,160,0.0,10.0,0,0.0,0.0,0,0,606.6,125.6,0.0011031263541150134,0.06373091692300457,18.599999999999998,106.93516595672288,0,0,0,0,354,106,0.5005240999999998
development,3,switch,greedy_hard_cap,26b3e6a1b476559da8ed3a150b7a404137a6ec6322f8435d97f8ca1f0adeffd5,3312f9f12cd081ea19834459b07fc664e60877ac34e4f2ba49aa5752d0aabbb0,720,651,651,0.9041666666666667,0.9041666666666667,720,66,69,36,42,22,18.166666666666668,47.0,0,0.0,0.0,0,0,606.6,496.2,0.00268103157997605,0.022173780606572328,62.43,433.7451451878135,0,0,69,0,0,0,0.6457210999999958
test,101,high_tight,pd_theta_2,c569149e19edacf512b6e3dab93da0d6d0b61c5169537c139dfe444109e9ff9e,e2ce81dc092b5ed4a8a3436a5d389228429175fd24f7587ae1fa0918638e6be4,720,645,645,0.8958333333333334,0.8958333333333334,720,83,75,36,63,51,12.75,35.5,0,0.0,0.0,65,65,715.2,595.2,0.002605745253963633,0.07253951805248991,67.8,527.3248547366936,0,0,0,0,0,75,0.49973099999999704
test,101,high_tight,pd_theta_4,c569149e19edacf512b6e3dab93da0d6d0b61c5169537c139dfe444109e9ff9e,744841b315bd8b07be8510b70278d1e0df2c9086c0ffeb7d10a90d7f0b365583,720,645,645,0.8958333333333334,0.8958333333333334,720,73,75,36,59,37,16.166666666666668,40.0,0,0.0,0.0,65,65,715.2,595.2,0.002605745253963633,0.07403065837642239,67.35,527.7733635963697,0,0,0,0,0,75,0.49035909999999916
test,101,high_tight,pd_theta_8,c569149e19edacf512b6e3dab93da0d6d0b61c5169537c139dfe444109e9ff9e,f585cc5c483a908894a79001dced476100d0b68b4367b0bedf9b9f19a4128ab9,720,645,645,0.8958333333333334,0.8958333333333334,720,63,75,36,49,15,20.666666666666668,47.0,0,0.0,0.0,65,65,715.2,595.2,0.002605745253963633,0.07655306095923403,66.75,528.3708411937869,0,0,0,0,0,75,0.45746270000000067
test,101,high_tight,pd_theta_16,c569149e19edacf512b6e3dab93da0d6d0b61c5169537c139dfe444109e9ff9e,656ab27153588468175e8dd3e852abd8e6d692edb533915d2c64a657c82db592,720,645,645,0.8958333333333334,0.8958333333333334,720,61,75,36,49,0,21.416666666666668,51.5,0,0.0,0.0,65,65,715.2,595.2,0.002605745253963633,0.0752792060743632,66.64999999999999,528.4721150486718,0,0,0,0,0,75,0.5625807999999992
test,101,high_tight,pd_dev_selected,c569149e19edacf512b6e3dab93da0d6d0b61c5169537c139dfe444109e9ff9e,656ab27153588468175e8dd3e852abd8e6d692edb533915d2c64a657c82db592,720,645,645,0.8958333333333334,0.8958333333333334,720,61,75,36,49,0,21.416666666666668,51.5,0,0.0,0.0,65,65,715.2,595.2,0.002605745253963633,0.0752792060743632,66.64999999999999,528.4721150486718,0,0,0,0,0,75,0.5625807999999992
test,101,high_tight,pd_history,c569149e19edacf512b6e3dab93da0d6d0b61c5169537c139dfe444109e9ff9e,e2ce81dc092b5ed4a8a3436a5d389228429175fd24f7587ae1fa0918638e6be4,720,645,645,0.8958333333333334,0.8958333333333334,720,83,75,36,63,51,12.75,35.5,0,0.0,0.0,65,65,715.2,595.2,0.002605745253963633,0.07253951805248991,67.8,527.3248547366936,0,0,0,0,0,75,0.47703560000000067
test,101,high_tight,no_control_interpretation,c569149e19edacf512b6e3dab93da0d6d0b61c5169537c139dfe444109e9ff9e,1ce405086a405c0c0591426f4b97b218b280978b3f19b33d58e8b25da09c0071,720,720,720,1.0,1.0,720,83,0,36,63,51,12.75,35.5,0,0.0,0.0,140,140,715.2,715.2,0.0029594129723539103,0.08891310775295376,81.3,633.8081274792747,0,0,0,0,0,0,0.6211189999999931
test,101,high_tight,no_pre_new_only,c569149e19edacf512b6e3dab93da0d6d0b61c5169537c139dfe444109e9ff9e,261f79f192277557475d762cc51c9a510f4a11a1ddd601a03e468e57f4133109,720,360,360,0.5,0.5,720,360,356,0,206,206,0.0,9.5,0,0.0,0.0,0,0,715.2,144.0,0.0014366947591881098,0.08043682380641845,10.799999999999999,133.11812648143442,0,0,0,0,356,4,0.3545380999999992
test,101,high_tight,greedy_hard_cap,c569149e19edacf512b6e3dab93da0d6d0b61c5169537c139dfe444109e9ff9e,c6f4fb35407722744f5d331e2c3e7922c8b64dcfadc7158b8db5204e57e01d0c,720,580,580,0.8055555555555556,0.8055555555555556,720,43,140,36,29,16,16.083333333333332,34.5,0,0.0,0.0,0,0,715.2,491.20000000000005,0.002375645777543956,0.02417810313887958,49.8,441.37344625108364,0,0,140,0,0,0,0.4983885999999984
test,101,high_loose,pd_theta_2,43d420e9afbf59d55a83390bc5c949e2d1717ca73722090ab997b94582d9f19a,52b65b23bd6db68bd026bd46b54aaad976928c2756ca62b94197168d749ae160,720,720,720,1.0,1.0,720,66,0,36,58,43,9.791666666666666,50.0,0,0.0,0.0,0,0,501.59999999999997,501.59999999999997,0.0029594129723539103,0.10273782292764151,90.89999999999999,410.59430276409995,0,0,0,0,0,0,0.44776070000000345
test,101,high_loose,pd_theta_4,43d420e9afbf59d55a83390bc5c949e2d1717ca73722090ab997b94582d9f19a,b6a5781dcad3fb28b710414defaddfd6fd8d1627da5f26ba0847f76ec186c097,720,720,720,1.0,1.0,720,57,0,36,52,30,14.875,58.0,0,0.0,0.0,0,0,501.59999999999997,501.59999999999997,0.0029594129723539103,0.10124580869221483,91.0,410.4957947783354,0,0,0,0,0,0,0.37722550000000155
test,101,high_loose,pd_theta_8,43d420e9afbf59d55a83390bc5c949e2d1717ca73722090ab997b94582d9f19a,6aeac28eb7856bfd3dea87c8b2f88643116b0c36b179034d61f0de2a7c45b63b,720,720,720,1.0,1.0,720,54,0,36,51,11,21.208333333333332,70.0,0,0.0,0.0,0,0,501.59999999999997,501.59999999999997,0.0029594129723539103,0.10668855363265184,91.39999999999999,410.09035203339494,0,0,0,0,0,0,0.46890880000000124
test,101,high_loose,pd_theta_16,43d420e9afbf59d55a83390bc5c949e2d1717ca73722090ab997b94582d9f19a,ab74fe7e6eb24c8651a2ad6017ca9952179232e310a8d082791ac8c974db278c,720,720,720,1.0,1.0,720,54,0,36,51,0,21.958333333333332,76.0,0,0.0,0.0,0,0,501.59999999999997,501.59999999999997,0.0029594129723539103,0.10662411141135274,91.25,410.24041647561626,0,0,0,0,0,0,0.38619370000000686
test,101,high_loose,pd_dev_selected,43d420e9afbf59d55a83390bc5c949e2d1717ca73722090ab997b94582d9f19a,ab74fe7e6eb24c8651a2ad6017ca9952179232e310a8d082791ac8c974db278c,720,720,720,1.0,1.0,720,54,0,36,51,0,21.958333333333332,76.0,0,0.0,0.0,0,0,501.59999999999997,501.59999999999997,0.0029594129723539103,0.10662411141135274,91.25,410.24041647561626,0,0,0,0,0,0,0.38619370000000686
test,101,high_loose,pd_history,43d420e9afbf59d55a83390bc5c949e2d1717ca73722090ab997b94582d9f19a,52b65b23bd6db68bd026bd46b54aaad976928c2756ca62b94197168d749ae160,720,720,720,1.0,1.0,720,66,0,36,58,43,9.791666666666666,50.0,0,0.0,0.0,0,0,501.59999999999997,501.59999999999997,0.0029594129723539103,0.10273782292764151,90.89999999999999,410.59430276409995,0,0,0,0,0,0,0.3993296000000015
test,101,high_loose,no_control_interpretation,43d420e9afbf59d55a83390bc5c949e2d1717ca73722090ab997b94582d9f19a,52b65b23bd6db68bd026bd46b54aaad976928c2756ca62b94197168d749ae160,720,720,720,1.0,1.0,720,66,0,36,58,43,9.791666666666666,50.0,0,0.0,0.0,0,0,501.59999999999997,501.59999999999997,0.0029594129723539103,0.10273782292764151,90.89999999999999,410.59430276409995,0,0,0,0,0,0,0.4529454000000044
test,101,high_loose,no_pre_new_only,43d420e9afbf59d55a83390bc5c949e2d1717ca73722090ab997b94582d9f19a,6bb6f02f5d832d3a89e720484b961e903db9453b1558698e064a9a3b06c22563,720,152,152,0.2111111111111111,0.2111111111111111,720,152,356,0,108,108,0.0,10.0,0,0.0,0.0,0,0,501.59999999999997,104.0,0.0006601721238994915,0.03603931291744137,26.16,77.80330051495865,0,0,0,0,356,212,0.3954000000000022
test,101,high_loose,greedy_hard_cap,43d420e9afbf59d55a83390bc5c949e2d1717ca73722090ab997b94582d9f19a,d4befd807d752c3df35eac78155e86d052fffd2b24bd9329050e05b2b9677b27,720,720,720,1.0,1.0,720,59,0,36,42,24,17.375,46.0,0,0.0,0.0,0,0,501.59999999999997,501.59999999999997,0.0029594129723539103,0.022875385023851398,78.8,422.77416520200376,0,0,0,0,0,0,0.5019948999999997
test,101,random,pd_theta_2,8c13020c5a14380925a2bb15304727021cc7cba3c44698ac1bf5a72dba8df77a,605b7a8630934a254a6a9d2834cd6145b078e690e95e5e321867e5a8bdb482a8,720,713,713,0.9902777777777778,0.9902777777777778,720,98,0,36,80,63,13.166666666666666,52.0,0,0.0,0.0,2,2,603.0,598.1,0.0029247959487879137,0.1133044137445318,86.74,511.2437707903067,0,0,0,0,0,7,0.4700722999999982
test,101,random,pd_theta_4,8c13020c5a14380925a2bb15304727021cc7cba3c44698ac1bf5a72dba8df77a,be593d29bf0966b55257955769c5c95e42bbb075997ae51528c4895b68e91236,720,715,715,0.9930555555555556,0.9930555555555556,720,85,0,36,72,44,20.333333333333332,62.5,0,0.0,0.0,2,2,603.0,599.5,0.00293242903032267,0.11501660745409976,86.35,513.0320509635156,0,0,0,0,0,5,0.48454149999999885
test,101,random,pd_theta_8,8c13020c5a14380925a2bb15304727021cc7cba3c44698ac1bf5a72dba8df77a,96d546b4acee4065c84c237ff91efdc790f3359e67cd4471510f04a0740d27e0,720,718,718,0.9972222222222222,0.9972222222222222,720,74,0,36,68,14,28.5,78.0,0,0.0,0.0,2,2,603.0,601.6,0.002950241295102637,0.11699741825858717,86.34,515.1400523404463,0,0,0,0,0,2,0.3982264999999998
test,101,random,pd_theta_16,8c13020c5a14380925a2bb15304727021cc7cba3c44698ac1bf5a72dba8df77a,f4af9c33e51c9e4667321c7008da769bf9d3ed13d74c4a73cea962758ccdbb86,720,718,718,0.9972222222222222,0.9972222222222222,720,74,0,36,68,0,29.375,83.5,0,0.0,0.0,2,2,603.0,601.6,0.002950241295102637,0.11638085098432666,86.34,515.1406689077206,0,0,0,0,0,2,0.4112339999999932
test,101,random,pd_dev_selected,8c13020c5a14380925a2bb15304727021cc7cba3c44698ac1bf5a72dba8df77a,f4af9c33e51c9e4667321c7008da769bf9d3ed13d74c4a73cea962758ccdbb86,720,718,718,0.9972222222222222,0.9972222222222222,720,74,0,36,68,0,29.375,83.5,0,0.0,0.0,2,2,603.0,601.6,0.002950241295102637,0.11638085098432666,86.34,515.1406689077206,0,0,0,0,0,2,0.4112339999999932
test,101,random,pd_history,8c13020c5a14380925a2bb15304727021cc7cba3c44698ac1bf5a72dba8df77a,605b7a8630934a254a6a9d2834cd6145b078e690e95e5e321867e5a8bdb482a8,720,713,713,0.9902777777777778,0.9902777777777778,720,98,0,36,80,63,13.166666666666666,52.0,0,0.0,0.0,2,2,603.0,598.1,0.0029247959487879137,0.1133044137445318,86.74,511.2437707903067,0,0,0,0,0,7,0.45449090000000325
test,101,random,no_control_interpretation,8c13020c5a14380925a2bb15304727021cc7cba3c44698ac1bf5a72dba8df77a,55ccea96c03fdbef94a46cd41d48f54c61ef68181b1c21c0480f942a38338daf,720,720,720,1.0,1.0,720,101,0,36,82,64,13.5,52.0,0,0.0,0.0,2,2,603.0,603.0,0.0029594129723539103,0.1153941662183597,88.0,514.8816464208093,0,0,0,0,0,0,0.4357681000000042
test,101,random,no_pre_new_only,8c13020c5a14380925a2bb15304727021cc7cba3c44698ac1bf5a72dba8df77a,3fdb79d0d8c33f0c0f9f91a6297cf84b9b4f2fd7e6235af2e60b4605d2908a30,720,258,258,0.35833333333333334,0.35833333333333334,720,258,356,0,181,181,0.0,12.5,0,0.0,0.0,0,0,603.0,132.0,0.0010695256041555097,0.06050989985999829,22.14,109.79842057453584,0,0,0,0,356,106,0.3360664
test,101,random,greedy_hard_cap,8c13020c5a14380925a2bb15304727021cc7cba3c44698ac1bf5a72dba8df77a,f06772a1a8b4b231320929f315d520dfafb10b84a3dc740c33ce0c5511151e9e,720,712,712,0.9888888888888889,0.9888888888888889,720,74,8,36,52,27,19.208333333333332,48.5,0,0.0,0.0,0,0,603.0,590.2,0.002931486415534931,0.01735713843714815,74.00999999999999,516.1697113751474,0,0,8,0,0,0,0.4612906999999993
test,101,switch,pd_theta_2,1171977c9d6e480e4cae40b324a99a1ac7b0e354ccb77068bf5cb16a76e8ae05,b636a51dae3c92f04f9373cf52e3d04e826ee5290d5411785cfcf5dd27693f54,720,686,686,0.9527777777777777,0.9527777777777777,720,81,33,36,56,41,10.125,46.0,0,0.0,0.0,37,37,607.8,554.3,0.002795247800508296,0.087388062302739,79.58,474.62981668989676,0,0,0,0,0,34,0.5528323999999998
test,101,switch,pd_theta_4,1171977c9d6e480e4cae40b324a99a1ac7b0e354ccb77068bf5cb16a76e8ae05,8c7139c35df6b0661ade0f447114907f1ab1a8137848040287150b9521ee62d1,720,686,686,0.9527777777777777,0.9527777777777777,720,72,33,36,53,31,13.541666666666666,49.0,0,0.0,0.0,37,37,607.8,554.3,0.002795247800508296,0.08701989161183041,79.13,475.0801848605877,0,0,0,0,0,34,0.522221100000003
test,101,switch,pd_theta_8,1171977c9d6e480e4cae40b324a99a1ac7b0e354ccb77068bf5cb16a76e8ae05,f0536375310500a8deb3f8ae16ba1e70460ed05e6a3dd734e948491d773c0a63,720,684,684,0.95,0.95,720,69,33,36,51,16,18.375,58.0,0,0.0,0.0,38,38,607.8,552.9,0.002787151634508971,0.086960581554857,77.27,475.5402522668106,0,0,0,0,0,36,0.4114673999999994
test,101,switch,pd_theta_16,1171977c9d6e480e4cae40b324a99a1ac7b0e354ccb77068bf5cb16a76e8ae05,c2ad65b68a40951bdd593c322de37dc8afab6f23049fb0f96310785664d9b06b,720,684,684,0.95,0.95,720,69,33,36,51,0,19.5,63.5,0,0.0,0.0,38,38,607.8,552.9,0.002787151634508971,0.08727701872930198,77.07,475.7399358296362,0,0,0,0,0,36,0.4002630000000025
test,101,switch,pd_dev_selected,1171977c9d6e480e4cae40b324a99a1ac7b0e354ccb77068bf5cb16a76e8ae05,c2ad65b68a40951bdd593c322de37dc8afab6f23049fb0f96310785664d9b06b,720,684,684,0.95,0.95,720,69,33,36,51,0,19.5,63.5,0,0.0,0.0,38,38,607.8,552.9,0.002787151634508971,0.08727701872930198,77.07,475.7399358296362,0,0,0,0,0,36,0.4002630000000025
test,101,switch,pd_history,1171977c9d6e480e4cae40b324a99a1ac7b0e354ccb77068bf5cb16a76e8ae05,b636a51dae3c92f04f9373cf52e3d04e826ee5290d5411785cfcf5dd27693f54,720,686,686,0.9527777777777777,0.9527777777777777,720,81,33,36,56,41,10.125,46.0,0,0.0,0.0,37,37,607.8,554.3,0.002795247800508296,0.087388062302739,79.58,474.62981668989676,0,0,0,0,0,34,0.4165200999999996
test,101,switch,no_control_interpretation,1171977c9d6e480e4cae40b324a99a1ac7b0e354ccb77068bf5cb16a76e8ae05,22f3443af895e7e14487aca04ecb3a8dc7df5d9321424e4209a2735c4681a13f,720,720,720,1.0,1.0,720,81,0,36,56,41,10.125,46.0,0,0.0,0.0,71,71,607.8,607.8,0.0029594129723539103,0.09441984283953457,85.7,522.0026207441881,0,0,0,0,0,0,0.5263897000000028
test,101,switch,no_pre_new_only,1171977c9d6e480e4cae40b324a99a1ac7b0e354ccb77068bf5cb16a76e8ae05,d4a7fc964ac4f95a0dbab3ec29fd790dd988af69df9fa6dc2d473ff48b9a86b2,720,254,254,0.3527777777777778,0.3527777777777778,720,254,356,0,154,154,0.0,10.0,0,0.0,0.0,0,0,607.8,123.2,0.0010475273819975364,0.05941060779245065,18.419999999999998,104.71954186482556,0,0,0,0,356,110,0.4826697000000024
test,101,switch,greedy_hard_cap,1171977c9d6e480e4cae40b324a99a1ac7b0e354ccb77068bf5cb16a76e8ae05,4ba58e6ff357bc9dec1ea8ba719e99ada7ec7c70fff3af1458b5388569816163,720,651,651,0.9041666666666667,0.9041666666666667,720,67,69,36,43,22,17.958333333333332,48.0,0,0.0,0.0,0,0,607.8,497.4,0.0026933648926230503,0.017419556015915952,62.98,434.39988707909146,0,0,69,0,0,0,0.5010142000000002
test,102,high_tight,pd_theta_2,646276cfb4faa73cc1cc40c643d2e4194e29f5f5f4244d09500a5d3ecda69a20,536a8afa9185a050fe27f347bfc9dda5871202526a93d654d27df13c740ea27a,720,642,642,0.8916666666666667,0.8916666666666667,720,80,78,36,63,53,12.666666666666666,36.0,0,0.0,0.0,67,67,714.0,589.2,0.0026257258263803966,0.06754579526962856,67.41,521.719828478904,0,0,0,0,0,78,0.4836135999999982
test,102,high_tight,pd_theta_4,646276cfb4faa73cc1cc40c643d2e4194e29f5f5f4244d09500a5d3ecda69a20,7628d62bb0e768cacd1fde790ff347a36d60b4a05125fb1c47aa7827f90e0e76,720,642,642,0.8916666666666667,0.8916666666666667,720,69,78,36,54,35,16.541666666666668,39.5,0,0.0,0.0,67,67,714.0,589.2,0.0026257258263803966,0.0693525017226048,66.46,522.6680217724511,0,0,0,0,0,78,0.44285719999999884
test,102,high_tight,pd_theta_8,646276cfb4faa73cc1cc40c643d2e4194e29f5f5f4244d09500a5d3ecda69a20,8bec7052c7719a892327db7eac27d3fb818b670517107bbc513d9f4aec635ae1,720,642,642,0.8916666666666667,0.8916666666666667,720,60,78,36,49,17,20.375,46.0,0,0.0,0.0,67,67,714.0,589.2,0.0026257258263803966,0.06980605936841831,66.06,523.0675682148053,0,0,0,0,0,78,0.4988079999999968
test,102,high_tight,pd_theta_16,646276cfb4faa73cc1cc40c643d2e4194e29f5f5f4244d09500a5d3ecda69a20,f668bd85689518cd6c8f79967bdd07efe2e7bd776e8e4e0a559e3322cfabbdb9,720,642,642,0.8916666666666667,0.8916666666666667,720,58,78,36,47,0,21.291666666666668,50.5,0,0.0,0.0,67,67,714.0,589.2,0.0026257258263803966,0.06980784091606623,66.01,523.1175664332576,0,0,0,0,0,78,0.4430738000000005
test,102,high_tight,pd_dev_selected,646276cfb4faa73cc1cc40c643d2e4194e29f5f5f4244d09500a5d3ecda69a20,f668bd85689518cd6c8f79967bdd07efe2e7bd776e8e4e0a559e3322cfabbdb9,720,642,642,0.8916666666666667,0.8916666666666667,720,58,78,36,47,0,21.291666666666668,50.5,0,0.0,0.0,67,67,714.0,589.2,0.0026257258263803966,0.06980784091606623,66.01,523.1175664332576,0,0,0,0,0,78,0.4430738000000005
test,102,high_tight,pd_history,646276cfb4faa73cc1cc40c643d2e4194e29f5f5f4244d09500a5d3ecda69a20,536a8afa9185a050fe27f347bfc9dda5871202526a93d654d27df13c740ea27a,720,642,642,0.8916666666666667,0.8916666666666667,720,80,78,36,63,53,12.666666666666666,36.0,0,0.0,0.0,67,67,714.0,589.2,0.0026257258263803966,0.06754579526962856,67.41,521.719828478904,0,0,0,0,0,78,0.5218909000000025
test,102,high_tight,no_control_interpretation,646276cfb4faa73cc1cc40c643d2e4194e29f5f5f4244d09500a5d3ecda69a20,fa819ee7f24a17f9bd9b647af384c16a210aa6f2bfd3e3f849d0ca686b54f0ed,720,720,720,1.0,1.0,720,80,0,36,63,53,12.666666666666666,36.0,0,0.0,0.0,145,145,714.0,714.0,0.002979269502620443,0.08394067943590118,81.45,632.4630800510615,0,0,0,0,0,0,0.47535390000000177
test,102,high_tight,no_pre_new_only,646276cfb4faa73cc1cc40c643d2e4194e29f5f5f4244d09500a5d3ecda69a20,be95c3a2c1c3a7871ec456051df912bd425f9c782aaba61487c2cbdabab2e0cc,720,357,357,0.49583333333333335,0.49583333333333335,720,357,355,0,205,205,0.0,9.0,0,0.0,0.0,0,0,714.0,142.8,0.0014749356898085852,0.08962013247945189,10.709999999999999,131.99890493183074,0,0,0,0,355,8,0.4107039999999955
test,102,high_tight,greedy_hard_cap,646276cfb4faa73cc1cc40c643d2e4194e29f5f5f4244d09500a5d3ecda69a20,906785120bf7b9a8c965184ff90b83720b87f06054ad852518aa3696a071c888,720,575,575,0.7986111111111112,0.7986111111111112,720,50,145,36,33,21,16.416666666666668,36.0,0,0.0,0.0,0,0,714.0,482.0,0.0023639513389718965,0.01609006436692148,48.75,433.23154598429414,0,0,145,0,0,0,0.5448302000000069
test,102,high_loose,pd_theta_2,57b55dc6029fbcf4e9046a5fbd5bbb06d63ea1c9bc2ec8e1587e30c64fb90c6b,81b88fc83c81b79e1099088bef7269a908f6658f23dc8befecabd4a3b406b3b9,720,717,717,0.9958333333333333,0.9958333333333333,720,65,0,36,55,37,8.583333333333334,48.0,0,0.0,0.0,3,3,500.99999999999994,498.9,0.002966765261664508,0.09329176344212776,91.06,407.7437414712962,0,0,0,0,0,3,0.5786020999999977
test,102,high_loose,pd_theta_4,57b55dc6029fbcf4e9046a5fbd5bbb06d63ea1c9bc2ec8e1587e30c64fb90c6b,477139b699f3cd94e9426705689c2a5ab2238f39e6163f8e96663951a19606ff,720,719,719,0.9986111111111111,0.9986111111111111,720,56,0,36,48,22,12.75,55.5,0,0.0,0.0,2,2,500.99999999999994,500.29999999999995,0.002975061059069343,0.10354271437325671,91.97,408.22348222456765,0,0,0,0,0,1,0.46425120000000675
test,102,high_loose,pd_theta_8,57b55dc6029fbcf4e9046a5fbd5bbb06d63ea1c9bc2ec8e1587e30c64fb90c6b,7eb6deef59b6e8d9c4640da4ea109fa949daa8dda56d51e508bd3622867ffda5,720,719,719,0.9986111111111111,0.9986111111111111,720,54,0,36,48,8,17.5,68.5,0,0.0,0.0,2,2,500.99999999999994,500.29999999999995,0.002975061059069343,0.1057849871954534,92.27,407.92123995174546,0,0,0,0,0,1,0.4333456999999896
test,102,high_loose,pd_theta_16,57b55dc6029fbcf4e9046a5fbd5bbb06d63ea1c9bc2ec8e1587e30c64fb90c6b,105baefce1c3f1e55e4b3b73ab69cd252f1ec682970448fb182fe20258d3c274,720,719,719,0.9986111111111111,0.9986111111111111,720,53,0,36,47,0,18.0,72.5,0,0.0,0.0,2,2,500.99999999999994,500.29999999999995,0.002975061059069343,0.10596084494463373,92.12,408.07106409399626,0,0,0,0,0,1,0.3970774000000006
test,102,high_loose,pd_dev_selected,57b55dc6029fbcf4e9046a5fbd5bbb06d63ea1c9bc2ec8e1587e30c64fb90c6b,105baefce1c3f1e55e4b3b73ab69cd252f1ec682970448fb182fe20258d3c274,720,719,719,0.9986111111111111,0.9986111111111111,720,53,0,36,47,0,18.0,72.5,0,0.0,0.0,2,2,500.99999999999994,500.29999999999995,0.002975061059069343,0.10596084494463373,92.12,408.07106409399626,0,0,0,0,0,1,0.3970774000000006
test,102,high_loose,pd_history,57b55dc6029fbcf4e9046a5fbd5bbb06d63ea1c9bc2ec8e1587e30c64fb90c6b,81b88fc83c81b79e1099088bef7269a908f6658f23dc8befecabd4a3b406b3b9,720,717,717,0.9958333333333333,0.9958333333333333,720,65,0,36,55,37,8.583333333333334,48.0,0,0.0,0.0,3,3,500.99999999999994,498.9,0.002966765261664508,0.09329176344212776,91.06,407.7437414712962,0,0,0,0,0,3,0.4335255000000018
test,102,high_loose,no_control_interpretation,57b55dc6029fbcf4e9046a5fbd5bbb06d63ea1c9bc2ec8e1587e30c64fb90c6b,19aa1af91162105f44979c2ec8beb56d4c1082c248d9c5517bf047f9b94a90ff,720,720,720,1.0,1.0,720,66,0,36,56,38,8.833333333333334,49.0,0,0.0,0.0,5,5,500.99999999999994,500.99999999999994,0.002979269502620443,0.0945107728697577,91.6,409.3025099576276,0,0,0,0,0,0,0.4535056999999938
test,102,high_loose,no_pre_new_only,57b55dc6029fbcf4e9046a5fbd5bbb06d63ea1c9bc2ec8e1587e30c64fb90c6b,cecbd95c119499e6a4b75adbc658be8103fb9d1978635299583d7005d28482b2,720,154,154,0.21388888888888888,0.21388888888888888,720,154,355,0,110,110,0.0,10.0,0,0.0,0.0,0,0,500.99999999999994,104.8,0.0006270045304808446,0.0349972452311125,26.22,78.5443757502384,0,0,0,0,355,211,0.3222717000000017
test,102,high_loose,greedy_hard_cap,57b55dc6029fbcf4e9046a5fbd5bbb06d63ea1c9bc2ec8e1587e30c64fb90c6b,8e633ff0c7b1837cf4f53e44342c11eb32bf722bca6a5c6950e3fda151877e44,720,720,720,1.0,1.0,720,56,0,36,40,22,17.583333333333332,47.0,0,0.0,0.0,0,0,500.99999999999994,500.99999999999994,0.002979269502620443,0.02266718868107183,78.35,422.6243535418163,0,0,0,0,0,0,0.3833983000000103
test,102,random,pd_theta_2,a4d7f828d98cbe480749de4492280a790a38066d4c43fa3b4321957bea580130,d0519d27f30a23a4af19c727d154ac30b441e4b8cdeab9227fcf792bf0557b93,720,716,716,0.9944444444444445,0.9944444444444445,720,95,3,36,75,56,11.875,51.0,0,0.0,0.0,8,8,618.0,612.5,0.0029648249775833806,0.11344331203578369,87.53,524.8535918629866,0,0,0,0,0,4,0.4584034000000088
test,102,random,pd_theta_4,a4d7f828d98cbe480749de4492280a790a38066d4c43fa3b4321957bea580130,d085cead2b22e710ef6e9918b9696e99b953361a93f229641a7eb6a03b22648c,720,717,717,0.9958333333333333,0.9958333333333333,720,83,0,36,66,36,17.958333333333332,59.0,0,0.0,0.0,6,6,618.0,615.9,0.002969073514373551,0.11604307548049897,86.96,528.8209878510052,0,0,0,0,0,3,0.524571899999998
test,102,random,pd_theta_8,a4d7f828d98cbe480749de4492280a790a38066d4c43fa3b4321957bea580130,fde1a6de5b8a0a32b06a43a7be0ad704abe528607f1fc454d70ff624f5bc080b,720,717,717,0.9958333333333333,0.9958333333333333,720,73,0,36,60,12,24.333333333333332,71.5,0,0.0,0.0,5,5,618.0,615.9,0.002969073514373551,0.11696716368086474,85.16,530.6200637628048,0,0,0,0,0,3,0.497869399999999
test,102,random,pd_theta_16,a4d7f828d98cbe480749de4492280a790a38066d4c43fa3b4321957bea580130,b9a41ea7bba05c90f3c51f75be6c992b3df26928125cc91c1d0f85e10db16264,720,717,717,0.9958333333333333,0.9958333333333333,720,72,0,36,59,0,25.0,75.0,0,0.0,0.0,5,5,618.0,615.9,0.002969073514373551,0.11611073498430821,85.00999999999999,530.7709201915013,0,0,0,0,0,3,0.43946309999999755
test,102,random,pd_dev_selected,a4d7f828d98cbe480749de4492280a790a38066d4c43fa3b4321957bea580130,b9a41ea7bba05c90f3c51f75be6c992b3df26928125cc91c1d0f85e10db16264,720,717,717,0.9958333333333333,0.9958333333333333,720,72,0,36,59,0,25.0,75.0,0,0.0,0.0,5,5,618.0,615.9,0.002969073514373551,0.11611073498430821,85.00999999999999,530.7709201915013,0,0,0,0,0,3,0.43946309999999755
test,102,random,pd_history,a4d7f828d98cbe480749de4492280a790a38066d4c43fa3b4321957bea580130,d0519d27f30a23a4af19c727d154ac30b441e4b8cdeab9227fcf792bf0557b93,720,716,716,0.9944444444444445,0.9944444444444445,720,95,3,36,75,56,11.875,51.0,0,0.0,0.0,8,8,618.0,612.5,0.0029648249775833806,0.11344331203578369,87.53,524.8535918629866,0,0,0,0,0,4,0.4334120999999982
test,102,random,no_control_interpretation,a4d7f828d98cbe480749de4492280a790a38066d4c43fa3b4321957bea580130,0634e3a0c26902053e095d662e4eb80acb3a3798cdfbc2ba406e6fae7970c2fd,720,720,720,1.0,1.0,720,96,0,36,75,56,11.875,51.0,0,0.0,0.0,11,11,618.0,618.0,0.002979269502620443,0.11396998119126342,88.25,529.6330507493061,0,0,0,0,0,0,0.3977001999999885
test,102,random,no_pre_new_only,a4d7f828d98cbe480749de4492280a790a38066d4c43fa3b4321957bea580130,756f62b7dc50918120222421a0f15433f8c75375c6bf07097896521e2d0c79cd,720,280,280,0.3888888888888889,0.3888888888888889,720,280,355,0,191,191,0.0,12.5,0,0.0,0.0,0,0,618.0,138.7,0.0011867585521860339,0.06748707958035591,21.75,116.88132616186746,0,0,0,0,355,85,0.3989022000000091
test,102,random,greedy_hard_cap,a4d7f828d98cbe480749de4492280a790a38066d4c43fa3b4321957bea580130,d5901da93daac085c5a0c80c0f69ec49e72b157b614b3ee76c4108130b94e12e,720,703,703,0.9763888888888889,0.9763888888888889,720,67,17,36,46,25,18.458333333333332,46.0,0,0.0,0.0,0,0,618.0,590.8,0.002925728052498277,0.017579025934415706,72.14,518.6394952460131,0,0,17,0,0,0,0.5820369000000056
test,102,switch,pd_theta_2,4e53abf7f4e7c0dc5fec61b74a8cc5f61191236e2386673322a4b1d138060bc0,7b483dbc2a222814fc9f708786e6b0a7edfd924729babed94426273c3d2cec0b,720,679,679,0.9430555555555555,0.9430555555555555,720,79,35,36,64,46,10.25,48.0,0,0.0,0.0,38,38,607.2,547.0,0.0027753646289335847,0.07608223341670182,79.27,467.65114240195436,0,0,0,0,0,41,0.4715115000000054
test,102,switch,pd_theta_4,4e53abf7f4e7c0dc5fec61b74a8cc5f61191236e2386673322a4b1d138060bc0,865bda0047167c6d29a818b4a896e2da8c3173648655af063bb5f2647cd4ecca,720,679,679,0.9430555555555555,0.9430555555555555,720,70,35,36,56,30,14.0,54.5,0,0.0,0.0,36,36,607.2,547.0,0.0027753646289335847,0.08515838878949485,78.22,468.6920662465816,0,0,0,0,0,41,0.4660769999999985
test,102,switch,pd_theta_8,4e53abf7f4e7c0dc5fec61b74a8cc5f61191236e2386673322a4b1d138060bc0,4e3ca05d13acb5f3cc718da1a4984855b405154b87b39538b21ab0672a93de43,720,678,678,0.9416666666666667,0.9416666666666667,720,64,35,36,52,17,19.375,58.5,0,0.0,0.0,38,38,607.2,546.3,0.0027732262320547944,0.08377580898520111,75.89,470.32345096478275,0,0,0,0,0,42,0.43851460000000486
test,102,switch,pd_theta_16,4e53abf7f4e7c0dc5fec61b74a8cc5f61191236e2386673322a4b1d138060bc0,5f500c941959e949c62f56064b63d83f7f2b0bde50bafb733e7bb357c4f4a635,720,678,678,0.9416666666666667,0.9416666666666667,720,64,35,36,52,0,20.875,65.0,0,0.0,0.0,38,38,607.2,546.3,0.0027732262320547944,0.08313288688108691,75.28999999999999,470.92409388688685,0,0,0,0,0,42,0.5095696000000061
test,102,switch,pd_dev_selected,4e53abf7f4e7c0dc5fec61b74a8cc5f61191236e2386673322a4b1d138060bc0,5f500c941959e949c62f56064b63d83f7f2b0bde50bafb733e7bb357c4f4a635,720,678,678,0.9416666666666667,0.9416666666666667,720,64,35,36,52,0,20.875,65.0,0,0.0,0.0,38,38,607.2,546.3,0.0027732262320547944,0.08313288688108691,75.28999999999999,470.92409388688685,0,0,0,0,0,42,0.5095696000000061
test,102,switch,pd_history,4e53abf7f4e7c0dc5fec61b74a8cc5f61191236e2386673322a4b1d138060bc0,7b483dbc2a222814fc9f708786e6b0a7edfd924729babed94426273c3d2cec0b,720,679,679,0.9430555555555555,0.9430555555555555,720,79,35,36,64,46,10.25,48.0,0,0.0,0.0,38,38,607.2,547.0,0.0027753646289335847,0.07608223341670182,79.27,467.65114240195436,0,0,0,0,0,41,0.4367639999999966
test,102,switch,no_control_interpretation,4e53abf7f4e7c0dc5fec61b74a8cc5f61191236e2386673322a4b1d138060bc0,db7edf28c760204ea0ff56f59ad2354bbc78b276fddfccce6a5f11730f12bc05,720,720,720,1.0,1.0,720,81,0,36,65,47,10.416666666666666,49.0,0,0.0,0.0,77,77,607.2,607.2,0.002979269502620443,0.08633979405748424,86.64999999999999,520.4606809364399,0,0,0,0,0,0,0.4653370000000052
test,102,switch,no_pre_new_only,4e53abf7f4e7c0dc5fec61b74a8cc5f61191236e2386673322a4b1d138060bc0,4e0bc9a73dfbf977ca60a0120d96afa9fb2f8903d632c53d4840551969cbfba5,720,253,253,0.35138888888888886,0.35138888888888886,720,253,355,0,155,155,0.0,10.0,0,0.0,0.0,0,0,607.2,122.8,0.0010524019470488073,0.06056850519967022,18.39,104.34837909285328,0,0,0,0,355,112,0.32537539999999865
test,102,switch,greedy_hard_cap,4e53abf7f4e7c0dc5fec61b74a8cc5f61191236e2386673322a4b1d138060bc0,84127edf6700d0e03bc899029324d60d48f67d123c2d6d39b1463a30f57ad6ee,720,651,651,0.9041666666666667,0.9041666666666667,720,61,69,36,42,21,17.833333333333332,48.5,0,0.0,0.0,0,0,607.2,496.8,0.002666736082671605,0.015739498555940427,63.129999999999995,433.6515937653614,0,0,69,0,0,0,0.41248260000000414
test,103,high_tight,pd_theta_2,c9c554263b5d362d4c862d136154da4ac42c7ce0cd615385f8bfe8d58817e531,7ef758dda7b0f2ee9cace0fab2a78e34f852ad97a22e9aa603ecbd31556b3ba5,720,643,643,0.8930555555555556,0.8930555555555556,720,83,77,36,63,52,12.291666666666666,36.0,0,0.0,0.0,64,64,714.0,590.8000000000001,0.0026595829113420528,0.07789054957261031,67.89,522.8294498675161,0,0,0,0,0,77,0.48328289999999186
test,103,high_tight,pd_theta_4,c9c554263b5d362d4c862d136154da4ac42c7ce0cd615385f8bfe8d58817e531,fda6408d4af09be955639fc24dc7ba2deb7440b650708603dba71213fb8989f1,720,643,643,0.8930555555555556,0.8930555555555556,720,73,77,36,57,39,16.666666666666668,40.5,0,0.0,0.0,64,64,714.0,590.8000000000001,0.0026595829113420528,0.07451570452378486,66.74,523.9828247125649,0,0,0,0,0,77,0.46580840000000023
test,103,high_tight,pd_theta_8,c9c554263b5d362d4c862d136154da4ac42c7ce0cd615385f8bfe8d58817e531,3f053c2b213505f523c3d3f3d2598eeaac3bd098b9c70b8884a6e039e4c721a1,720,643,643,0.8930555555555556,0.8930555555555556,720,65,77,36,51,16,20.541666666666668,47.5,0,0.0,0.0,64,64,714.0,590.8000000000001,0.0026595829113420528,0.07870500509391347,66.39,524.3286354119948,0,0,0,0,0,77,0.40684339999999963
test,103,high_tight,pd_theta_16,c9c554263b5d362d4c862d136154da4ac42c7ce0cd615385f8bfe8d58817e531,fbbd5a082ed2242c30d2127add8ad895ae94dd957b8c5e832abbf8a8a7f7aff3,720,643,643,0.8930555555555556,0.8930555555555556,720,63,77,36,50,0,21.5,52.0,0,0.0,0.0,64,64,714.0,590.8000000000001,0.0026595829113420528,0.07908709137372066,66.34,524.378253325715,0,0,0,0,0,77,0.4148775000000029
test,103,high_tight,pd_dev_selected,c9c554263b5d362d4c862d136154da4ac42c7ce0cd615385f8bfe8d58817e531,fbbd5a082ed2242c30d2127add8ad895ae94dd957b8c5e832abbf8a8a7f7aff3,720,643,643,0.8930555555555556,0.8930555555555556,720,63,77,36,50,0,21.5,52.0,0,0.0,0.0,64,64,714.0,590.8000000000001,0.0026595829113420528,0.07908709137372066,66.34,524.378253325715,0,0,0,0,0,77,0.4148775000000029
test,103,high_tight,pd_history,c9c554263b5d362d4c862d136154da4ac42c7ce0cd615385f8bfe8d58817e531,7ef758dda7b0f2ee9cace0fab2a78e34f852ad97a22e9aa603ecbd31556b3ba5,720,643,643,0.8930555555555556,0.8930555555555556,720,83,77,36,63,52,12.291666666666666,36.0,0,0.0,0.0,64,64,714.0,590.8000000000001,0.0026595829113420528,0.07789054957261031,67.89,522.8294498675161,0,0,0,0,0,77,0.4862176999999974
test,103,high_tight,no_control_interpretation,c9c554263b5d362d4c862d136154da4ac42c7ce0cd615385f8bfe8d58817e531,af793c511b5a66e8499a6603bfaaf6622a28522393427ae2080567935e43c899,720,720,720,1.0,1.0,720,83,0,36,63,52,12.291666666666666,36.0,0,0.0,0.0,141,141,714.0,714.0,0.0029930302614770282,0.0952779877164767,81.75,632.1517289820221,0,0,0,0,0,0,0.5526334999999989
test,103,high_tight,no_pre_new_only,c9c554263b5d362d4c862d136154da4ac42c7ce0cd615385f8bfe8d58817e531,096e5b49cd3ed51f3f160515eec2d6ed7c8a1167ed34f29d0bfdc6d9615f7917,720,364,364,0.5055555555555555,0.5055555555555555,720,364,355,0,209,209,0.0,9.5,0,0.0,0.0,0,0,714.0,145.6,0.0015171570046745755,0.08873552512364437,10.92,134.58974731787168,0,0,0,0,355,1,0.41081360000001155
test,103,high_tight,greedy_hard_cap,c9c554263b5d362d4c862d136154da4ac42c7ce0cd615385f8bfe8d58817e531,2381420735da0ccd0fa3cdf927ad8cf33d7c6cb67c32a42541d8747523b971ed,720,579,579,0.8041666666666667,0.8041666666666667,720,55,141,36,36,23,16.458333333333332,36.0,0,0.0,0.0,0,0,714.0,488.40000000000003,0.0024171357540326475,0.017726469526542263,49.47,438.90985639471944,0,0,141,0,0,0,0.5359047000000032
test,103,high_loose,pd_theta_2,a8f103ac6e35de4327f89207ce66345481371bd3754248250424788d388a1148,1d9d2cc828eb1e9301da3d42a87d1a46b64bc9831fd6dc0f944ccf15faba0ef8,720,717,717,0.9958333333333333,0.9958333333333333,720,66,0,36,60,43,9.75,51.0,0,0.0,0.0,1,1,500.99999999999994,498.9,0.0029818342888015366,0.09023119770510019,90.75999999999999,408.0467869680061,0,0,0,0,0,3,0.451923199999996
test,103,high_loose,pd_theta_4,a8f103ac6e35de4327f89207ce66345481371bd3754248250424788d388a1148,1f73a34f362f33bb0f503fc0bfb444119306db16e3795097e846c548e435238f,720,717,717,0.9958333333333333,0.9958333333333333,720,61,0,36,55,30,14.75,58.0,0,0.0,0.0,1,1,500.99999999999994,498.9,0.0029818342888015366,0.09820344867873375,90.00999999999999,408.78881471703244,0,0,0,0,0,3,0.40235300000000507
test,103,high_loose,pd_theta_8,a8f103ac6e35de4327f89207ce66345481371bd3754248250424788d388a1148,8b106c4279179504ca132ad374cea7a5eb4a6eec00d2b23c3e2367cc8ffd3344,720,717,717,0.9958333333333333,0.9958333333333333,720,59,0,36,54,11,20.833333333333332,71.5,0,0.0,0.0,1,1,500.99999999999994,498.9,0.0029818342888015366,0.09649013443111763,90.41,408.39052803128004,0,0,0,0,0,3,0.42059110000001
test,103,high_loose,pd_theta_16,a8f103ac6e35de4327f89207ce66345481371bd3754248250424788d388a1148,e526b59bd1b08cddd831ec6e61a946b1e12774d49f13ea7ac745268eab5dce71,720,717,717,0.9958333333333333,0.9958333333333333,720,58,0,36,53,0,21.833333333333332,77.0,0,0.0,0.0,1,1,500.99999999999994,498.9,0.0029818342888015366,0.0976277170337638,90.56,408.2393904486774,0,0,0,0,0,3,0.4501987000000014
test,103,high_loose,pd_dev_selected,a8f103ac6e35de4327f89207ce66345481371bd3754248250424788d388a1148,e526b59bd1b08cddd831ec6e61a946b1e12774d49f13ea7ac745268eab5dce71,720,717,717,0.9958333333333333,0.9958333333333333,720,58,0,36,53,0,21.833333333333332,77.0,0,0.0,0.0,1,1,500.99999999999994,498.9,0.0029818342888015366,0.0976277170337638,90.56,408.2393904486774,0,0,0,0,0,3,0.4501987000000014
test,103,high_loose,pd_history,a8f103ac6e35de4327f89207ce66345481371bd3754248250424788d388a1148,1d9d2cc828eb1e9301da3d42a87d1a46b64bc9831fd6dc0f944ccf15faba0ef8,720,717,717,0.9958333333333333,0.9958333333333333,720,66,0,36,60,43,9.75,51.0,0,0.0,0.0,1,1,500.99999999999994,498.9,0.0029818342888015366,0.09023119770510019,90.75999999999999,408.0467869680061,0,0,0,0,0,3,0.376687000000004
test,103,high_loose,no_control_interpretation,a8f103ac6e35de4327f89207ce66345481371bd3754248250424788d388a1148,82662ec47291833d2c47e5577bff5a315307d3e1a76b25d82958516877ca4e6d,720,720,720,1.0,1.0,720,66,0,36,60,43,9.75,51.0,0,0.0,0.0,4,4,500.99999999999994,500.99999999999994,0.0029930302614770282,0.09081134726678955,91.3,409.6061956224717,0,0,0,0,0,0,0.3965491999999955
test,103,high_loose,no_pre_new_only,a8f103ac6e35de4327f89207ce66345481371bd3754248250424788d388a1148,f45d1cedc0e3bb909781aafeea9a1a78760c8ac43887aed779ff4e60bed392db,720,154,154,0.21388888888888888,0.21388888888888888,720,154,355,0,112,112,0.0,10.0,0,0.0,0.0,0,0,500.99999999999994,104.8,0.0006545404764846743,0.037303203145451075,26.22,78.54204225637805,0,0,0,0,355,211,0.3217536000000081
test,103,high_loose,greedy_hard_cap,a8f103ac6e35de4327f89207ce66345481371bd3754248250424788d388a1148,b75ff58b80d2646281d25378ca64e5e355c4f5e4dd50502b1f6518476752749e,720,720,720,1.0,1.0,720,58,0,36,45,27,17.541666666666668,46.0,0,0.0,0.0,0,0,500.99999999999994,500.99999999999994,0.0029930302614770282,0.024332371201788335,79.1,421.8726745985367,0,0,0,0,0,0,0.46303969999999595
test,103,random,pd_theta_2,d44fe4b365f8313b98d5638638e2fd5d2085a993ddb50930351677413f633331,2a7b6422117404ff8e2381e1df6c0932dbf38ab2766dfab330cc0bdbb194e886,720,717,717,0.9958333333333333,0.9958333333333333,720,95,0,36,75,52,12.416666666666666,51.5,0,0.0,0.0,7,7,603.6,601.5,0.002983609442470486,0.11439726005669464,87.91,513.4726191305009,0,0,0,0,0,3,0.4354333000000139
test,103,random,pd_theta_4,d44fe4b365f8313b98d5638638e2fd5d2085a993ddb50930351677413f633331,75267526c8d479111109cfaeb00a048de5adce253b7ffee4eaca7cea457c0146,720,718,718,0.9972222222222222,0.9972222222222222,720,84,0,36,69,36,19.833333333333332,62.0,0,0.0,0.0,7,7,603.6,602.2,0.0029867639425993774,0.11016999869012938,86.74,515.3468432373672,0,0,0,0,0,2,0.426313499999992
test,103,random,pd_theta_8,d44fe4b365f8313b98d5638638e2fd5d2085a993ddb50930351677413f633331,7080a13475e7f9713f90491e071bf8fa547f4b11ab191d21ac260ba0dc866cbd,720,718,718,0.9972222222222222,0.9972222222222222,720,73,0,36,62,9,25.75,74.5,0,0.0,0.0,7,7,603.6,602.2,0.0029867639425993774,0.11447974672716729,85.84,516.2425334893303,0,0,0,0,0,2,0.4477779000000055
test,103,random,pd_theta_16,d44fe4b365f8313b98d5638638e2fd5d2085a993ddb50930351677413f633331,ab566656b24c33be25092b4c136dc50d1dab650f29c50d01384a8a0e4ae1fb60,720,718,718,0.9972222222222222,0.9972222222222222,720,73,0,36,62,0,26.166666666666668,77.0,0,0.0,0.0,7,7,603.6,602.2,0.0029867639425993774,0.11497272177060226,85.74,516.3420405142869,0,0,0,0,0,2,0.4267267999999973
test,103,random,pd_dev_selected,d44fe4b365f8313b98d5638638e2fd5d2085a993ddb50930351677413f633331,ab566656b24c33be25092b4c136dc50d1dab650f29c50d01384a8a0e4ae1fb60,720,718,718,0.9972222222222222,0.9972222222222222,720,73,0,36,62,0,26.166666666666668,77.0,0,0.0,0.0,7,7,603.6,602.2,0.0029867639425993774,0.11497272177060226,85.74,516.3420405142869,0,0,0,0,0,2,0.4267267999999973
test,103,random,pd_history,d44fe4b365f8313b98d5638638e2fd5d2085a993ddb50930351677413f633331,2a7b6422117404ff8e2381e1df6c0932dbf38ab2766dfab330cc0bdbb194e886,720,717,717,0.9958333333333333,0.9958333333333333,720,95,0,36,75,52,12.416666666666666,51.5,0,0.0,0.0,7,7,603.6,601.5,0.002983609442470486,0.11439726005669464,87.91,513.4726191305009,0,0,0,0,0,3,0.44540499999999383
test,103,random,no_control_interpretation,d44fe4b365f8313b98d5638638e2fd5d2085a993ddb50930351677413f633331,7553932ce78c70d4d577083398fc899de40c7e671070be0ca34ff64bcb55193a,720,720,720,1.0,1.0,720,97,0,36,76,53,12.5,51.5,0,0.0,0.0,8,8,603.6,603.6,0.0029930302614770282,0.11483454469888416,88.45,515.0321724250397,0,0,0,0,0,0,0.3947615999999954
test,103,random,no_pre_new_only,d44fe4b365f8313b98d5638638e2fd5d2085a993ddb50930351677413f633331,54b231efdef589170f7be85ceb4694ccb286802833558c196ca287ac1ba78e82,720,273,273,0.37916666666666665,0.37916666666666665,720,273,355,0,194,194,0.0,12.5,0,0.0,0.0,0,0,603.6,138.0,0.0011297512584333464,0.06473316506315197,22.59,115.34413708367842,0,0,0,0,355,92,0.34469310000000064
test,103,random,greedy_hard_cap,d44fe4b365f8313b98d5638638e2fd5d2085a993ddb50930351677413f633331,4c379b8448945ef54967c67896c474cf7120ef6e31e1ec96e27500ab2a6bc2c2,720,711,711,0.9875,0.9875,720,61,9,36,48,26,18.958333333333332,47.5,0,0.0,0.0,0,0,603.6,589.2,0.002952140596342128,0.017700395996552865,73.67999999999999,515.4993474634072,0,0,9,0,0,0,0.4120173999999963
test,103,switch,pd_theta_2,f3262ffc0da33d6ac5bf9eb6dfeb6416589d5218439c513da9536203990b8298,04fb59e162c20f9fc2cebea13744fcbd37fabcce713b83c00f50c1ad621f04c8,720,676,676,0.9388888888888889,0.9388888888888889,720,80,43,36,61,44,9.75,48.0,0,0.0,0.0,31,31,607.8,538.3,0.0028104152361259744,0.0806921336490585,78.78,459.4364974511148,0,0,0,0,0,44,0.44308949999999925
test,103,switch,pd_theta_4,f3262ffc0da33d6ac5bf9eb6dfeb6416589d5218439c513da9536203990b8298,d47a222c0249fa99510372ab72e2663060f2bf941eefd74c3dc26417e15b8b12,720,676,676,0.9388888888888889,0.9388888888888889,720,73,43,36,61,33,14.541666666666666,56.0,0,0.0,0.0,31,31,607.8,538.3,0.0028104152361259744,0.07680732786732768,77.83,460.39038225689654,0,0,0,0,0,44,0.4873153000000059
test,103,switch,pd_theta_8,f3262ffc0da33d6ac5bf9eb6dfeb6416589d5218439c513da9536203990b8298,4af1f1a42567655f897dd9052ad3120c2932dc73828a1ec58c956d33a86956ac,720,675,675,0.9375,0.9375,720,70,43,36,55,17,19.083333333333332,60.0,0,0.0,0.0,31,31,607.8,537.6,0.0028088128978569758,0.086228793578095,75.35,462.1609623935241,0,0,0,0,0,45,0.45345760000000723
test,103,switch,pd_theta_16,f3262ffc0da33d6ac5bf9eb6dfeb6416589d5218439c513da9536203990b8298,cdcdc0222e1832d285398e413412e25636410e1e2a4f79b5807997f6a2e85e33,720,675,675,0.9375,0.9375,720,69,43,36,54,0,20.208333333333332,65.5,0,0.0,0.0,31,31,607.8,537.6,0.0028088128978569758,0.08868589222359224,74.95,462.55850529487856,0,0,0,0,0,45,0.40018290000000434
test,103,switch,pd_dev_selected,f3262ffc0da33d6ac5bf9eb6dfeb6416589d5218439c513da9536203990b8298,cdcdc0222e1832d285398e413412e25636410e1e2a4f79b5807997f6a2e85e33,720,675,675,0.9375,0.9375,720,69,43,36,54,0,20.208333333333332,65.5,0,0.0,0.0,31,31,607.8,537.6,0.0028088128978569758,0.08868589222359224,74.95,462.55850529487856,0,0,0,0,0,45,0.40018290000000434
test,103,switch,pd_history,f3262ffc0da33d6ac5bf9eb6dfeb6416589d5218439c513da9536203990b8298,04fb59e162c20f9fc2cebea13744fcbd37fabcce713b83c00f50c1ad621f04c8,720,676,676,0.9388888888888889,0.9388888888888889,720,80,43,36,61,44,9.75,48.0,0,0.0,0.0,31,31,607.8,538.3,0.0028104152361259744,0.0806921336490585,78.78,459.4364974511148,0,0,0,0,0,44,0.4016584000000023
test,103,switch,no_control_interpretation,f3262ffc0da33d6ac5bf9eb6dfeb6416589d5218439c513da9536203990b8298,a3f947ed9b74afadab229a42e7b38f34ac2c7ebc2bdb7bdde5d67948721ec88b,720,720,720,1.0,1.0,720,80,0,36,61,44,9.75,48.0,0,0.0,0.0,75,75,607.8,607.8,0.0029930302614770282,0.09012629972902375,86.7,521.0068806700095,0,0,0,0,0,0,0.39261659999999665
test,103,switch,no_pre_new_only,f3262ffc0da33d6ac5bf9eb6dfeb6416589d5218439c513da9536203990b8298,17870f1db64826560d8b3777e5e94aa4d99100c623cd4358986039a720dc2b50,720,260,260,0.3611111111111111,0.3611111111111111,720,260,355,0,163,163,0.0,10.0,0,0.0,0.0,0,0,607.8,125.6,0.0010973636709965776,0.06631604603041023,18.599999999999998,106.9325865902986,0,0,0,0,355,105,0.3356905999999924
test,103,switch,greedy_hard_cap,f3262ffc0da33d6ac5bf9eb6dfeb6416589d5218439c513da9536203990b8298,474b86d1116d6c0970b5f155f1d94b9a7688751fdb6842732e3c39e6dee27593,720,648,648,0.9,0.9,720,62,72,36,46,25,18.125,48.5,0,0.0,0.0,0,0,607.8,492.6,0.0027062234160699907,0.012700122067987651,61.89,430.6945936545159,0,0,72,0,0,0,0.45671070000000213
test,104,high_tight,pd_theta_2,52519a5c07f5cc121dcf387dd296bd221ee04e99e9b85bb82e4836df9bb6f8f5,c1beb8ea3d89f1f0015a5c7b6672e10df950fee8a5b1a0a049d6724cc8b3c470,720,643,643,0.8930555555555556,0.8930555555555556,720,79,77,36,63,52,12.583333333333334,36.0,0,0.0,0.0,66,66,716.4000000000001,593.2,0.002541814198553529,0.07935344765067484,67.94,525.1781047381509,0,0,0,0,0,77,0.42699000000000353
test,104,high_tight,pd_theta_4,52519a5c07f5cc121dcf387dd296bd221ee04e99e9b85bb82e4836df9bb6f8f5,55ecbebaca7c33efb0b230c3ce069a96f1988f8faba8886f8afea9a3076c0827,720,643,643,0.8930555555555556,0.8930555555555556,720,72,77,36,62,38,17.125,41.0,0,0.0,0.0,66,66,716.4000000000001,593.2,0.002541814198553529,0.08430018172785599,66.94,526.1731580040737,0,0,0,0,0,77,0.45623639999999455
test,104,high_tight,pd_theta_8,52519a5c07f5cc121dcf387dd296bd221ee04e99e9b85bb82e4836df9bb6f8f5,ea01764c2acff39d1d3a3d1fcd3ae616bbc91370e45f9fe90976cd2d8993200d,720,643,643,0.8930555555555556,0.8930555555555556,720,63,77,36,55,17,21.5,49.5,0,0.0,0.0,66,66,716.4000000000001,593.2,0.002541814198553529,0.08306278393310185,66.24,526.8743954018684,0,0,0,0,0,77,0.42182619999999815
test,104,high_tight,pd_theta_16,52519a5c07f5cc121dcf387dd296bd221ee04e99e9b85bb82e4836df9bb6f8f5,95b86d2ab90cc76ebc4f56d2a2d76a79fb6b526940f3da744abe61fae360ed86,720,643,643,0.8930555555555556,0.8930555555555556,720,61,77,36,53,0,22.208333333333332,53.5,0,0.0,0.0,66,66,716.4000000000001,593.2,0.002541814198553529,0.08331232936482975,66.14,526.9741458564366,0,0,0,0,0,77,0.5079721000000035
test,104,high_tight,pd_dev_selected,52519a5c07f5cc121dcf387dd296bd221ee04e99e9b85bb82e4836df9bb6f8f5,95b86d2ab90cc76ebc4f56d2a2d76a79fb6b526940f3da744abe61fae360ed86,720,643,643,0.8930555555555556,0.8930555555555556,720,61,77,36,53,0,22.208333333333332,53.5,0,0.0,0.0,66,66,716.4000000000001,593.2,0.002541814198553529,0.08331232936482975,66.14,526.9741458564366,0,0,0,0,0,77,0.5079721000000035
test,104,high_tight,pd_history,52519a5c07f5cc121dcf387dd296bd221ee04e99e9b85bb82e4836df9bb6f8f5,c1beb8ea3d89f1f0015a5c7b6672e10df950fee8a5b1a0a049d6724cc8b3c470,720,643,643,0.8930555555555556,0.8930555555555556,720,79,77,36,63,52,12.583333333333334,36.0,0,0.0,0.0,66,66,716.4000000000001,593.2,0.002541814198553529,0.07935344765067484,67.94,525.1781047381509,0,0,0,0,0,77,0.4976964000000095
test,104,high_tight,no_control_interpretation,52519a5c07f5cc121dcf387dd296bd221ee04e99e9b85bb82e4836df9bb6f8f5,f0f04cbee318681dd2073bac63f3292104ef2ebec3e7097b338f5ac96afa166d,720,720,720,1.0,1.0,720,79,0,36,63,52,12.583333333333334,36.0,0,0.0,0.0,143,143,716.4000000000001,716.4000000000001,0.0028707252881727554,0.09218040830245784,81.8,634.5049488664094,0,0,0,0,0,0,0.4639932999999985
test,104,high_tight,no_pre_new_only,52519a5c07f5cc121dcf387dd296bd221ee04e99e9b85bb82e4836df9bb6f8f5,b8eaa12ff747b9707034069e394b2761ce5f451d075730ce72f37fee11ccbbb6,720,355,355,0.4930555555555556,0.4930555555555556,720,355,357,0,205,205,0.0,9.5,0,0.0,0.0,0,0,716.4000000000001,142.0,0.0013893078968922697,0.08361699446316245,10.65,131.26499369763997,0,0,0,0,357,8,0.3411785999999921
test,104,high_tight,greedy_hard_cap,52519a5c07f5cc121dcf387dd296bd221ee04e99e9b85bb82e4836df9bb6f8f5,376f87c6d9bcb0aa4ab310bbea3f69559ba958ad97b685e6b785795a753cec5a,720,577,577,0.8013888888888889,0.8013888888888889,720,62,143,36,39,24,16.625,36.5,0,0.0,0.0,0,0,716.4000000000001,487.6,0.002299931243569969,0.019968545607756148,49.41,438.1677315231487,0,0,143,0,0,0,0.44767030000001284
test,104,high_loose,pd_theta_2,ac5003ef737c3b25a3ea091ab8ba8ab65afad6f42f35fd4fb20f4352eee3fb56,09857db086c51ac7bb32ad8309780239962e36e5c72c2338af902d1361f4d12b,720,720,720,1.0,1.0,720,64,0,36,55,37,9.416666666666666,49.0,0,0.0,0.0,2,2,502.2,502.2,0.0028707252881727554,0.09392370471477231,91.25,410.85320556999704,0,0,0,0,0,0,0.4721668999999906
test,104,high_loose,pd_theta_4,ac5003ef737c3b25a3ea091ab8ba8ab65afad6f42f35fd4fb20f4352eee3fb56,82b8163eee22f9ede267be53c09eec97494dc3cefc7cfecf974261fa29bfe9eb,720,720,720,1.0,1.0,720,55,0,36,49,24,14.166666666666666,56.0,0,0.0,0.0,2,2,502.2,502.2,0.0028707252881727554,0.10387229745479999,91.55,410.543256977257,0,0,0,0,0,0,0.46018740000000946
test,104,high_loose,pd_theta_8,ac5003ef737c3b25a3ea091ab8ba8ab65afad6f42f35fd4fb20f4352eee3fb56,79a82378e5d9c3d69d70d71ddcf59f3479f0cbf987f183bc70dd5bea49debf60,720,720,720,1.0,1.0,720,55,0,36,49,10,19.5,69.5,0,0.0,0.0,2,2,502.2,502.2,0.0028707252881727554,0.09736600219450764,91.85,410.24976327251727,0,0,0,0,0,0,0.4089792999999986
test,104,high_loose,pd_theta_16,ac5003ef737c3b25a3ea091ab8ba8ab65afad6f42f35fd4fb20f4352eee3fb56,b8c945e489c5ca18b4d333aaf44f2003f9610865c4cc1633fcbac74533ffef44,720,720,720,1.0,1.0,720,54,0,36,48,0,20.25,74.0,0,0.0,0.0,2,2,502.2,502.2,0.0028707252881727554,0.09650872834652925,92.0,410.1006205463653,0,0,0,0,0,0,0.39722619999999154
test,104,high_loose,pd_dev_selected,ac5003ef737c3b25a3ea091ab8ba8ab65afad6f42f35fd4fb20f4352eee3fb56,b8c945e489c5ca18b4d333aaf44f2003f9610865c4cc1633fcbac74533ffef44,720,720,720,1.0,1.0,720,54,0,36,48,0,20.25,74.0,0,0.0,0.0,2,2,502.2,502.2,0.0028707252881727554,0.09650872834652925,92.0,410.1006205463653,0,0,0,0,0,0,0.39722619999999154
test,104,high_loose,pd_history,ac5003ef737c3b25a3ea091ab8ba8ab65afad6f42f35fd4fb20f4352eee3fb56,09857db086c51ac7bb32ad8309780239962e36e5c72c2338af902d1361f4d12b,720,720,720,1.0,1.0,720,64,0,36,55,37,9.416666666666666,49.0,0,0.0,0.0,2,2,502.2,502.2,0.0028707252881727554,0.09392370471477231,91.25,410.85320556999704,0,0,0,0,0,0,0.43959170000000825
test,104,high_loose,no_control_interpretation,ac5003ef737c3b25a3ea091ab8ba8ab65afad6f42f35fd4fb20f4352eee3fb56,09857db086c51ac7bb32ad8309780239962e36e5c72c2338af902d1361f4d12b,720,720,720,1.0,1.0,720,64,0,36,55,37,9.416666666666666,49.0,0,0.0,0.0,2,2,502.2,502.2,0.0028707252881727554,0.09392370471477231,91.25,410.85320556999704,0,0,0,0,0,0,0.4445414999999997
test,104,high_loose,no_pre_new_only,ac5003ef737c3b25a3ea091ab8ba8ab65afad6f42f35fd4fb20f4352eee3fb56,68ff7b88c394b79783e3e60c5296ef0b1172302cdde2b5ac661e5e8788c1ef9e,720,150,150,0.20833333333333334,0.20833333333333334,720,150,357,0,107,107,0.0,10.0,0,0.0,0.0,0,0,502.2,103.19999999999999,0.000618765385212699,0.03356915203942556,26.099999999999998,77.06581208257535,0,0,0,0,357,213,0.42069089999999676
test,104,high_loose,greedy_hard_cap,ac5003ef737c3b25a3ea091ab8ba8ab65afad6f42f35fd4fb20f4352eee3fb56,cdcf342eaa2404e9a76ac666e69f754f22662b03014434ea24728f7d559c89ef,720,720,720,1.0,1.0,720,53,0,36,37,18,16.083333333333332,46.0,0,0.0,0.0,0,0,502.2,502.2,0.0028707252881727554,0.02655053889308057,80.55,421.6205787358187,0,0,0,0,0,0,0.48249339999999563
test,104,random,pd_theta_2,d137a033dd443801ddd9b7b1d757df3720a15ca75a163d18ad5aaf382d97dd34,a30f2c1d4f5366fe3c156dd7cfcfd97853413f75171b52bafb71f91bb46072e5,720,718,718,0.9972222222222222,0.9972222222222222,720,95,0,36,75,53,12.125,51.5,0,0.0,0.0,4,4,616.8,615.4,0.0028622218741587604,0.11233947116241917,88.24,527.0447983069635,0,0,0,0,0,2,0.42449980000000664
test,104,random,pd_theta_4,d137a033dd443801ddd9b7b1d757df3720a15ca75a163d18ad5aaf382d97dd34,2ad049ac06dd7756a6b2f9e59f578b69406be402b580b7e98a447a3173061020,720,719,719,0.9986111111111111,0.9986111111111111,720,79,0,36,69,37,18.958333333333332,59.0,0,0.0,0.0,4,4,616.8,616.1,0.0028667155736230064,0.11445764486804358,87.87,528.1126756395583,0,0,0,0,0,1,0.4520894999999996
test,104,random,pd_theta_8,d137a033dd443801ddd9b7b1d757df3720a15ca75a163d18ad5aaf382d97dd34,4509a2c1bc42fab69e91968e723db8dfb12a6b36513ef98be95e9257b0a5decc,720,719,719,0.9986111111111111,0.9986111111111111,720,72,0,36,63,15,25.75,73.0,0,0.0,0.0,4,4,616.8,616.1,0.0028667155736230064,0.11906988342340906,87.32,528.658063401003,0,0,0,0,0,1,0.4768787999999944
test,104,random,pd_theta_16,d137a033dd443801ddd9b7b1d757df3720a15ca75a163d18ad5aaf382d97dd34,1dddd65d613e96b41004e8f16c70c1a4950639ea5b8c4b4375d57fc97989570a,720,719,719,0.9986111111111111,0.9986111111111111,720,71,0,36,62,0,27.291666666666668,80.0,0,0.0,0.0,4,4,616.8,616.1,0.0028667155736230064,0.11625102177109133,86.92,529.0608822626554,0,0,0,0,0,1,0.5046315999999962
test,104,random,pd_dev_selected,d137a033dd443801ddd9b7b1d757df3720a15ca75a163d18ad5aaf382d97dd34,1dddd65d613e96b41004e8f16c70c1a4950639ea5b8c4b4375d57fc97989570a,720,719,719,0.9986111111111111,0.9986111111111111,720,71,0,36,62,0,27.291666666666668,80.0,0,0.0,0.0,4,4,616.8,616.1,0.0028667155736230064,0.11625102177109133,86.92,529.0608822626554,0,0,0,0,0,1,0.5046315999999962
test,104,random,pd_history,d137a033dd443801ddd9b7b1d757df3720a15ca75a163d18ad5aaf382d97dd34,a30f2c1d4f5366fe3c156dd7cfcfd97853413f75171b52bafb71f91bb46072e5,720,718,718,0.9972222222222222,0.9972222222222222,720,95,0,36,75,53,12.125,51.5,0,0.0,0.0,4,4,616.8,615.4,0.0028622218741587604,0.11233947116241917,88.24,527.0447983069635,0,0,0,0,0,2,0.4396598999999952
test,104,random,no_control_interpretation,d137a033dd443801ddd9b7b1d757df3720a15ca75a163d18ad5aaf382d97dd34,dc33f9216f0630f28ce3b7ca310ff2a90e2ef6226cd866bda671f3e690236aa5,720,720,720,1.0,1.0,720,96,0,36,75,53,12.458333333333334,52.5,0,0.0,0.0,4,4,616.8,616.8,0.0028707252881727554,0.1106515134227125,88.7,527.9864777612892,0,0,0,0,0,0,0.49287369999998987
test,104,random,no_pre_new_only,d137a033dd443801ddd9b7b1d757df3720a15ca75a163d18ad5aaf382d97dd34,5bd34accc7a84986611eb3cabfc1ee68e9d0d1d3efe1e39a81af7e2a819e5969,720,281,281,0.3902777777777778,0.3902777777777778,720,281,357,0,190,190,0.0,11.5,0,0.0,0.0,0,0,616.8,140.0,0.0011365772337487254,0.06101115198445211,22.23,117.7078522707818,0,0,0,0,357,82,0.4304911000000118
test,104,random,greedy_hard_cap,d137a033dd443801ddd9b7b1d757df3720a15ca75a163d18ad5aaf382d97dd34,d8319bc73e93b642835c32b102ffd3dd662c36813478c8beedac3ecfb408e082,720,714,714,0.9916666666666667,0.9916666666666667,720,66,6,36,49,26,19.25,48.5,0,0.0,0.0,0,0,616.8,607.2,0.002842852522241064,0.018842939094053934,74.36999999999999,532.8083142083838,0,0,6,0,0,0,0.4373005000000063
test,104,switch,pd_theta_2,e8266540b07b0e766bba55365ba11bb994a9badf23bcb978b5e0dcc949f412af,6525e86620b5ec55dc309f4ce378a8b4985a01524b8560f9252fd6b73548b9c1,720,676,676,0.9388888888888889,0.9388888888888889,720,77,40,36,62,44,10.083333333333334,47.5,0,0.0,0.0,32,32,609.6,542.8,0.0026827443355382087,0.09206861294315904,78.58,464.1252486427213,0,0,0,0,0,44,0.6530743000000001
test,104,switch,pd_theta_4,e8266540b07b0e766bba55365ba11bb994a9badf23bcb978b5e0dcc949f412af,f15471f08a067b669dc85421c47699a49aeea75e3439e22048a446a93ac3940e,720,676,676,0.9388888888888889,0.9388888888888889,720,71,40,36,57,31,14.125,53.0,0,0.0,0.0,32,32,609.6,542.8,0.0026827443355382087,0.09563995315972512,77.83,464.87167730250474,0,0,0,0,0,44,0.491506699999988
test,104,switch,pd_theta_8,e8266540b07b0e766bba55365ba11bb994a9badf23bcb978b5e0dcc949f412af,c7c32e65b8581ec8d506e8c5c9d897b4ddcbd95fcd1a1f979eeece9c011d596b,720,676,676,0.9388888888888889,0.9388888888888889,720,69,40,36,56,19,19.666666666666668,60.0,0,0.0,0.0,33,33,609.6,542.8,0.0026827443355382087,0.09620353939777858,75.38,467.32111371626667,0,0,0,0,0,44,0.4441651000000064
test,104,switch,pd_theta_16,e8266540b07b0e766bba55365ba11bb994a9badf23bcb978b5e0dcc949f412af,917014c0356647ff2b026b99705026fc8ed36f04081374281d9afa20b58f1ec3,720,676,676,0.9388888888888889,0.9388888888888889,720,67,40,36,54,0,20.958333333333332,65.5,0,0.0,0.0,33,33,609.6,542.8,0.0026827443355382087,0.09595016225715725,75.03,467.6713670934073,0,0,0,0,0,44,0.40648679999999615
test,104,switch,pd_dev_selected,e8266540b07b0e766bba55365ba11bb994a9badf23bcb978b5e0dcc949f412af,917014c0356647ff2b026b99705026fc8ed36f04081374281d9afa20b58f1ec3,720,676,676,0.9388888888888889,0.9388888888888889,720,67,40,36,54,0,20.958333333333332,65.5,0,0.0,0.0,33,33,609.6,542.8,0.0026827443355382087,0.09595016225715725,75.03,467.6713670934073,0,0,0,0,0,44,0.40648679999999615
test,104,switch,pd_history,e8266540b07b0e766bba55365ba11bb994a9badf23bcb978b5e0dcc949f412af,6525e86620b5ec55dc309f4ce378a8b4985a01524b8560f9252fd6b73548b9c1,720,676,676,0.9388888888888889,0.9388888888888889,720,77,40,36,62,44,10.083333333333334,47.5,0,0.0,0.0,32,32,609.6,542.8,0.0026827443355382087,0.09206861294315904,78.58,464.1252486427213,0,0,0,0,0,44,0.4632062000000019
test,104,switch,no_control_interpretation,e8266540b07b0e766bba55365ba11bb994a9badf23bcb978b5e0dcc949f412af,8f3a273524dbbeda5bd1f33ec5ea04abdfb886907a4e302b8d254b515034d192,720,720,720,1.0,1.0,720,77,0,36,62,44,10.083333333333334,47.5,0,0.0,0.0,76,76,609.6,609.6,0.0028707252881727554,0.09979836641105681,86.5,522.9973309083008,0,0,0,0,0,0,0.45217660000000137
test,104,switch,no_pre_new_only,e8266540b07b0e766bba55365ba11bb994a9badf23bcb978b5e0dcc949f412af,b7d6b071714c7f94e4eac9f085481f259f39a168397c82adfcd80a804bf56b87,720,253,253,0.35138888888888886,0.35138888888888886,720,253,357,0,155,155,0.0,10.0,0,0.0,0.0,0,0,609.6,122.8,0.00099623369792024,0.06147126190431493,18.39,104.34753250439776,0,0,0,0,357,110,0.3824833000000041
test,104,switch,greedy_hard_cap,e8266540b07b0e766bba55365ba11bb994a9badf23bcb978b5e0dcc949f412af,de8de6f8c638270bde8fefa61ada75e8c5fa88e8a09879e29e401f27806e66b4,720,649,649,0.9013888888888889,0.9013888888888889,720,69,71,36,43,22,17.583333333333332,47.5,0,0.0,0.0,0,0,609.6,496.0,0.002589343167429551,0.020036948683665345,62.87,433.1073737081489,0,0,71,0,0,0,0.4192461000000094
test,105,high_tight,pd_theta_2,41a58ca8604aa8a0ee2dbc0003efc129e29e7f13fcdc506317b5f1ea4fcfd413,0ed43c44888831a7c0f19442bd18753ebed643eea76925c2559878907301c493,720,637,637,0.8847222222222222,0.8847222222222222,720,82,83,36,66,55,13.291666666666666,35.5,0,0.0,0.0,59,59,716.4000000000001,583.6,0.0026262785936724997,0.06991535911882327,66.21,517.3174583622875,0,0,0,0,0,83,0.45393789999999967
test,105,high_tight,pd_theta_4,41a58ca8604aa8a0ee2dbc0003efc129e29e7f13fcdc506317b5f1ea4fcfd413,79e0536ab01e8623de12b2de69ac0f5240bab7a94788366c59b8db81102e2b7a,720,637,637,0.8847222222222222,0.8847222222222222,720,70,83,36,61,39,17.291666666666668,40.5,0,0.0,0.0,59,59,716.4000000000001,583.6,0.0026262785936724997,0.07173226986759555,65.66,517.8656414515387,0,0,0,0,0,83,0.4139856999999978
test,105,high_tight,pd_theta_8,41a58ca8604aa8a0ee2dbc0003efc129e29e7f13fcdc506317b5f1ea4fcfd413,e77da636917af9cea72eaec2d80471405adba5a9eb41d1c0fe81c13c6a816a10,720,637,637,0.8847222222222222,0.8847222222222222,720,61,83,36,54,14,21.5,49.0,0,0.0,0.0,59,59,716.4000000000001,583.6,0.0026262785936724997,0.07649173568209423,65.21,518.3108819857243,0,0,0,0,0,83,0.4755529999999908
test,105,high_tight,pd_theta_16,41a58ca8604aa8a0ee2dbc0003efc129e29e7f13fcdc506317b5f1ea4fcfd413,81d733e5e7511dc3cb7856a244d61acbfcae803e6bd7fdfe64c4f4ad0c67655d,720,637,637,0.8847222222222222,0.8847222222222222,720,59,83,36,52,0,22.166666666666668,53.0,0,0.0,0.0,59,59,716.4000000000001,583.6,0.0026262785936724997,0.07606039948624042,65.26,518.2613133219202,0,0,0,0,0,83,0.535367199999996
test,105,high_tight,pd_dev_selected,41a58ca8604aa8a0ee2dbc0003efc129e29e7f13fcdc506317b5f1ea4fcfd413,81d733e5e7511dc3cb7856a244d61acbfcae803e6bd7fdfe64c4f4ad0c67655d,720,637,637,0.8847222222222222,0.8847222222222222,720,59,83,36,52,0,22.166666666666668,53.0,0,0.0,0.0,59,59,716.4000000000001,583.6,0.0026262785936724997,0.07606039948624042,65.26,518.2613133219202,0,0,0,0,0,83,0.535367199999996
test,105,high_tight,pd_history,41a58ca8604aa8a0ee2dbc0003efc129e29e7f13fcdc506317b5f1ea4fcfd413,0ed43c44888831a7c0f19442bd18753ebed643eea76925c2559878907301c493,720,637,637,0.8847222222222222,0.8847222222222222,720,82,83,36,66,55,13.291666666666666,35.5,0,0.0,0.0,59,59,716.4000000000001,583.6,0.0026262785936724997,0.06991535911882327,66.21,517.3174583622875,0,0,0,0,0,83,0.44488420000000417
test,105,high_tight,no_control_interpretation,41a58ca8604aa8a0ee2dbc0003efc129e29e7f13fcdc506317b5f1ea4fcfd413,41052a1a10fe0a79b3cdaec6a82b8cd49f8b6476640732cd325ae0e5084df44a,720,720,720,1.0,1.0,720,82,0,36,66,55,13.291666666666666,35.5,0,0.0,0.0,142,142,716.4000000000001,716.4000000000001,0.003021112653451261,0.0886543313504356,81.14999999999999,635.1583245559962,0,0,0,0,0,0,0.4522019000000057
test,105,high_tight,no_pre_new_only,41a58ca8604aa8a0ee2dbc0003efc129e29e7f13fcdc506317b5f1ea4fcfd413,a7f135c8e5ab58ac6963f7178ac4ecf97f589df5376f8b3b904850b00eb42ee4,720,360,360,0.5,0.5,720,360,357,0,208,208,0.0,9.5,0,0.0,0.0,0,0,716.4000000000001,144.0,0.0014986885566444055,0.085061521151219,10.799999999999999,133.11343979029215,0,0,0,0,357,3,0.36549080000000345
test,105,high_tight,greedy_hard_cap,41a58ca8604aa8a0ee2dbc0003efc129e29e7f13fcdc506317b5f1ea4fcfd413,2b20d8699cbf19f0b924c7976d293caa4a6e3194235eca5bfd625d6241ec374c,720,578,578,0.8027777777777778,0.8027777777777778,720,44,142,36,30,16,16.041666666666668,35.0,0,0.0,0.0,0,0,716.4000000000001,489.20000000000005,0.002395376195288287,0.02167839038374607,49.589999999999996,439.585926233421,0,0,142,0,0,0,0.45708770000000243
test,105,high_loose,pd_theta_2,d11eab8b9427ee02a7521015ed8d459ae5802538457d6e001dfd94e9dbbe9c1f,a2428d8b85ac4c45b650ac6c1b3016b8c0e2bfa12186d1e6f062c638ccd71219,720,719,719,0.9986111111111111,0.9986111111111111,720,67,0,36,60,41,9.833333333333334,51.0,0,0.0,0.0,3,3,502.2,501.49999999999994,0.0030159551859212427,0.09867197512630847,91.97,409.42831206968776,0,0,0,0,0,1,0.43788059999999973
test,105,high_loose,pd_theta_4,d11eab8b9427ee02a7521015ed8d459ae5802538457d6e001dfd94e9dbbe9c1f,22f6c0e560a530ce4f6ab3767a4f910511aa7dd92bf4813a43f53dc2fa6338cd,720,719,719,0.9986111111111111,0.9986111111111111,720,57,0,36,53,28,15.166666666666666,57.5,0,0.0,0.0,3,3,502.2,501.49999999999994,0.0030159551859212427,0.0973129831874543,92.12,409.2796710616266,0,0,0,0,0,1,0.42499809999999627
test,105,high_loose,pd_theta_8,d11eab8b9427ee02a7521015ed8d459ae5802538457d6e001dfd94e9dbbe9c1f,29d6e64191e4ad5bb024982d627fd4e72b70fd779a2cab5d1f8d0e057a243eec,720,719,719,0.9986111111111111,0.9986111111111111,720,55,0,36,51,13,20.166666666666668,70.0,0,0.0,0.0,3,3,502.2,501.49999999999994,0.0030159551859212427,0.09865511704276685,92.52,408.8783289277713,0,0,0,0,0,1,0.43142229999999415
test,105,high_loose,pd_theta_16,d11eab8b9427ee02a7521015ed8d459ae5802538457d6e001dfd94e9dbbe9c1f,314b6085b9898b9853aa2e6eda18a0b9b029373a09f2895c490a8aab6d6bfd1e,720,719,719,0.9986111111111111,0.9986111111111111,720,55,0,36,51,0,21.083333333333332,76.5,0,0.0,0.0,3,3,502.2,501.49999999999994,0.0030159551859212427,0.0995617013181312,92.67,408.7274223434959,0,0,0,0,0,1,0.39825770000000205
test,105,high_loose,pd_dev_selected,d11eab8b9427ee02a7521015ed8d459ae5802538457d6e001dfd94e9dbbe9c1f,314b6085b9898b9853aa2e6eda18a0b9b029373a09f2895c490a8aab6d6bfd1e,720,719,719,0.9986111111111111,0.9986111111111111,720,55,0,36,51,0,21.083333333333332,76.5,0,0.0,0.0,3,3,502.2,501.49999999999994,0.0030159551859212427,0.0995617013181312,92.67,408.7274223434959,0,0,0,0,0,1,0.39825770000000205
test,105,high_loose,pd_history,d11eab8b9427ee02a7521015ed8d459ae5802538457d6e001dfd94e9dbbe9c1f,a2428d8b85ac4c45b650ac6c1b3016b8c0e2bfa12186d1e6f062c638ccd71219,720,719,719,0.9986111111111111,0.9986111111111111,720,67,0,36,60,41,9.833333333333334,51.0,0,0.0,0.0,3,3,502.2,501.49999999999994,0.0030159551859212427,0.09867197512630847,91.97,409.42831206968776,0,0,0,0,0,1,0.464435299999991
test,105,high_loose,no_control_interpretation,d11eab8b9427ee02a7521015ed8d459ae5802538457d6e001dfd94e9dbbe9c1f,37776bf33b0e4bc0b442bc21cf201e152a2116e7899786aee27e25e40641c5fb,720,720,720,1.0,1.0,720,67,0,36,60,41,9.833333333333334,51.0,0,0.0,0.0,4,4,502.2,502.2,0.003021112653451261,0.09899431684693462,92.14999999999999,409.94798457049956,0,0,0,0,0,0,0.44357000000000824
test,105,high_loose,no_pre_new_only,d11eab8b9427ee02a7521015ed8d459ae5802538457d6e001dfd94e9dbbe9c1f,43e2e8307c60a404ff56fb3a4a6933a01327cb6e8d1f6941e434d84e9c591ae6,720,150,150,0.20833333333333334,0.20833333333333334,720,150,357,0,105,105,0.0,10.0,0,0.0,0.0,0,0,502.2,103.19999999999999,0.0006322172489939995,0.03176950280870456,26.099999999999998,77.0675982799423,0,0,0,0,357,213,0.35313469999999825
test,105,high_loose,greedy_hard_cap,d11eab8b9427ee02a7521015ed8d459ae5802538457d6e001dfd94e9dbbe9c1f,760037f1d90a255b8f29b43b5271d71cd11c6d766645c1758dda96ecf90a17d0,720,720,720,1.0,1.0,720,62,0,36,44,24,16.833333333333332,45.0,0,0.0,0.0,0,0,502.2,502.2,0.003021112653451261,0.02723333206653182,80.95,421.21974555528,0,0,0,0,0,0,0.47287740000000156
test,105,random,pd_theta_2,fe5337cb3bbb6c9f63e587783ac37cba80e84dd0dddc43c08821de1f291ef5b6,df0e7a347d77a20aa82fb77f244d454ebcfa477e812ecc6bbd3379255304429b,720,716,716,0.9944444444444445,0.9944444444444445,720,93,1,36,76,55,12.541666666666666,50.5,0,0.0,0.0,5,5,611.4,607.7,0.003008959609029491,0.11462516488425414,87.67999999999999,519.9023658755067,0,0,0,0,0,4,0.4134679999999946
test,105,random,pd_theta_4,fe5337cb3bbb6c9f63e587783ac37cba80e84dd0dddc43c08821de1f291ef5b6,e3b96a6f8af4736ad2ff787f1a290ceb17b06cf47a4d1f86dac77528127d69bb,720,718,718,0.9972222222222222,0.9972222222222222,720,78,1,36,70,36,19.666666666666668,61.0,0,0.0,0.0,4,4,611.4,609.1,0.0030123744987300837,0.11621662649531238,87.49,521.4907709990059,0,0,0,0,0,2,0.5422681000000011
test,105,random,pd_theta_8,fe5337cb3bbb6c9f63e587783ac37cba80e84dd0dddc43c08821de1f291ef5b6,65b8da63d5ef8a16450a1a45ca760ecd9b6d1437b5cc5cc99d99b1df8b38eea4,720,718,718,0.9972222222222222,0.9972222222222222,720,69,1,36,64,15,25.458333333333332,74.0,0,0.0,0.0,4,4,611.4,609.1,0.0030123744987300837,0.1158350947852612,86.49,522.491152530716,0,0,0,0,0,2,0.4617024000000072
test,105,random,pd_theta_16,fe5337cb3bbb6c9f63e587783ac37cba80e84dd0dddc43c08821de1f291ef5b6,f2887f4bcae3eb7bd810c49c0b0c32cd7d366a2fa3e8e5ce4334501c8d3a3944,720,718,718,0.9972222222222222,0.9972222222222222,720,68,1,36,63,0,26.5,78.5,0,0.0,0.0,4,4,611.4,609.1,0.0030123744987300837,0.11505319706921673,86.28999999999999,522.6919344284321,0,0,0,0,0,2,0.5240412999999933
test,105,random,pd_dev_selected,fe5337cb3bbb6c9f63e587783ac37cba80e84dd0dddc43c08821de1f291ef5b6,f2887f4bcae3eb7bd810c49c0b0c32cd7d366a2fa3e8e5ce4334501c8d3a3944,720,718,718,0.9972222222222222,0.9972222222222222,720,68,1,36,63,0,26.5,78.5,0,0.0,0.0,4,4,611.4,609.1,0.0030123744987300837,0.11505319706921673,86.28999999999999,522.6919344284321,0,0,0,0,0,2,0.5240412999999933
test,105,random,pd_history,fe5337cb3bbb6c9f63e587783ac37cba80e84dd0dddc43c08821de1f291ef5b6,df0e7a347d77a20aa82fb77f244d454ebcfa477e812ecc6bbd3379255304429b,720,716,716,0.9944444444444445,0.9944444444444445,720,93,1,36,76,55,12.541666666666666,50.5,0,0.0,0.0,5,5,611.4,607.7,0.003008959609029491,0.11462516488425414,87.67999999999999,519.9023658755067,0,0,0,0,0,4,0.4989867000000032
test,105,random,no_control_interpretation,fe5337cb3bbb6c9f63e587783ac37cba80e84dd0dddc43c08821de1f291ef5b6,4faee845a3aec2a9416a3744fc8936ab6f70a5285083f77ffbc8e7463e375000,720,720,720,1.0,1.0,720,95,0,36,76,54,12.458333333333334,50.5,0,0.0,0.0,6,6,611.4,611.4,0.003021112653451261,0.1154597400599692,88.39999999999999,522.8815191472866,0,0,0,0,0,0,0.4337522000000007
test,105,random,no_pre_new_only,fe5337cb3bbb6c9f63e587783ac37cba80e84dd0dddc43c08821de1f291ef5b6,1013ad3fbe10ff39d4591fcfa3a867f59c887f174de054d5d3b503a78c13871c,720,276,276,0.38333333333333336,0.38333333333333336,720,276,357,0,192,192,0.0,13.0,0,0.0,0.0,0,0,611.4,139.2,0.0011647311692884448,0.06519653022881,22.68,116.45363873860191,0,0,0,0,357,87,0.3987443999999982
test,105,random,greedy_hard_cap,fe5337cb3bbb6c9f63e587783ac37cba80e84dd0dddc43c08821de1f291ef5b6,127826dfa98b125e562f5d6da5157b9e6d0ba5922361a1b75f83c88234f4ab70,720,714,714,0.9916666666666667,0.9916666666666667,720,65,6,36,48,23,19.541666666666668,48.5,0,0.0,0.0,0,0,611.4,601.8,0.002999450342184841,0.01902766140831781,74.36999999999999,527.4079728882496,0,0,6,0,0,0,0.5277850000000086
test,105,switch,pd_theta_2,cc3bb3332b80ad32bedf2feeb9ca413685c38db4f7dc65798292389be3520e83,ab015d5476b7fae1c1ede9bb28aec94ad5b219fe8beb1cd3a15e621bd30349d5,720,679,679,0.9430555555555555,0.9430555555555555,720,77,41,36,63,46,10.416666666666666,48.5,0,0.0,0.0,32,32,609.6,544.0,0.0028134997573345073,0.08797862997237411,79.07,464.8392078702703,0,0,0,0,0,41,0.4279135000000025
test,105,switch,pd_theta_4,cc3bb3332b80ad32bedf2feeb9ca413685c38db4f7dc65798292389be3520e83,70df907b41d7b518953c082ae3c13d76fd0681bafd83c727dea0c67faca51688,720,679,679,0.9430555555555555,0.9430555555555555,720,71,41,36,60,33,15.125,53.5,0,0.0,0.0,33,33,609.6,544.0,0.0028134997573345073,0.08811960718265613,77.57,466.33906689306,0,0,0,0,0,41,0.43345870000000275
test,105,switch,pd_theta_8,cc3bb3332b80ad32bedf2feeb9ca413685c38db4f7dc65798292389be3520e83,7627656068366959eb0f9f2ac5a44e16e352bfea1ce8a31ba349fac0b150e5a8,720,679,679,0.9430555555555555,0.9430555555555555,720,68,41,36,60,15,21.875,65.0,0,0.0,0.0,32,32,609.6,544.0,0.0028134997573345073,0.09345083014805534,75.62,468.28373567009464,0,0,0,0,0,41,0.8135118000000006
test,105,switch,pd_theta_16,cc3bb3332b80ad32bedf2feeb9ca413685c38db4f7dc65798292389be3520e83,cefe5e8c060e967407ca64f25d9dbd022a42bc41887548540f92168f6e2a3ff9,720,679,679,0.9430555555555555,0.9430555555555555,720,68,41,36,60,0,23.041666666666668,71.0,0,0.0,0.0,32,32,609.6,544.0,0.0028134997573345073,0.09616967027985864,75.22,468.6810168299628,0,0,0,0,0,41,0.5524754000000058
test,105,switch,pd_dev_selected,cc3bb3332b80ad32bedf2feeb9ca413685c38db4f7dc65798292389be3520e83,cefe5e8c060e967407ca64f25d9dbd022a42bc41887548540f92168f6e2a3ff9,720,679,679,0.9430555555555555,0.9430555555555555,720,68,41,36,60,0,23.041666666666668,71.0,0,0.0,0.0,32,32,609.6,544.0,0.0028134997573345073,0.09616967027985864,75.22,468.6810168299628,0,0,0,0,0,41,0.5524754000000058
test,105,switch,pd_history,cc3bb3332b80ad32bedf2feeb9ca413685c38db4f7dc65798292389be3520e83,ab015d5476b7fae1c1ede9bb28aec94ad5b219fe8beb1cd3a15e621bd30349d5,720,679,679,0.9430555555555555,0.9430555555555555,720,77,41,36,63,46,10.416666666666666,48.5,0,0.0,0.0,32,32,609.6,544.0,0.0028134997573345073,0.08797862997237411,79.07,464.8392078702703,0,0,0,0,0,41,0.4279711000000077
test,105,switch,no_control_interpretation,cc3bb3332b80ad32bedf2feeb9ca413685c38db4f7dc65798292389be3520e83,14d74a5d82f6fcd8772fbb208519a335d1c94816e95db9e8c859bd563bca8639,720,720,720,1.0,1.0,720,77,0,36,63,46,10.416666666666666,48.5,0,0.0,0.0,73,73,609.6,609.6,0.003021112653451261,0.09641859501337705,86.45,523.0505602923332,0,0,0,0,0,0,0.544775400000006
test,105,switch,no_pre_new_only,cc3bb3332b80ad32bedf2feeb9ca413685c38db4f7dc65798292389be3520e83,1b8915e25c7ea728f616e1993788b6d63fb089fbda296ccb0a83910358eae569,720,256,256,0.35555555555555557,0.35555555555555557,720,256,357,0,160,160,0.0,10.0,0,0.0,0.0,0,0,609.6,124.0,0.0010741515829127538,0.05993936443014392,18.48,105.45898648398695,0,0,0,0,357,107,0.38484970000000374
test,105,switch,greedy_hard_cap,cc3bb3332b80ad32bedf2feeb9ca413685c38db4f7dc65798292389be3520e83,f413d28a7018f5b0e9f5f65e85109234cd99d2ae030c71d08195a995dbbe9c04,720,649,649,0.9013888888888889,0.9013888888888889,720,66,71,36,44,20,17.791666666666668,47.5,0,0.0,0.0,0,0,609.6,496.0,0.0026932538723393666,0.016539840905435504,62.519999999999996,433.4607669052222,0,0,71,0,0,0,0.4995823999999942
test,106,high_tight,pd_theta_2,091f539ea52a09dac6aea0902a3e0a437f465110110a6fb164553dfb3c632280,7b88731371f20c568840ca6e913b80b918cccd714fd906595bfbe031fee1574e,720,646,646,0.8972222222222223,0.8972222222222223,720,82,74,36,66,54,12.708333333333334,36.0,0,0.0,0.0,68,68,714.0,595.6,0.002620611325816647,0.07416722243878314,68.13,527.3932121662355,0,0,0,0,0,74,0.5220945000000086
test,106,high_tight,pd_theta_4,091f539ea52a09dac6aea0902a3e0a437f465110110a6fb164553dfb3c632280,289cf9df0874aedaf8431e997014bef8b6253a789aa30937e579ded0fd7bcef2,720,646,646,0.8972222222222223,0.8972222222222223,720,71,74,36,60,38,16.791666666666668,41.0,0,0.0,0.0,68,68,714.0,595.6,0.002620611325816647,0.07484408266145404,67.17999999999999,528.3425353060128,0,0,0,0,0,74,0.5208214000000027
test,106,high_tight,pd_theta_8,091f539ea52a09dac6aea0902a3e0a437f465110110a6fb164553dfb3c632280,fb0bbaeb004e239dfc0ae374ec11b37f2ae9e7c95b9f32acba176233640a7876,720,646,646,0.8972222222222223,0.8972222222222223,720,59,74,36,51,16,20.916666666666668,48.0,0,0.0,0.0,68,68,714.0,595.6,0.002620611325816647,0.08130304429890217,66.73,528.7860763443754,0,0,0,0,0,74,0.4499067999999937
test,106,high_tight,pd_theta_16,091f539ea52a09dac6aea0902a3e0a437f465110110a6fb164553dfb3c632280,281a720bbf6f339d60b1e6c37d3bdbf81d71102d8cdc3ffd858f97a66eaf578f,720,646,646,0.8972222222222223,0.8972222222222223,720,58,74,36,51,0,21.833333333333332,52.5,0,0.0,0.0,68,68,714.0,595.6,0.002620611325816647,0.0782601718143121,66.58,528.9391192168599,0,0,0,0,0,74,0.5910881000000074
test,106,high_tight,pd_dev_selected,091f539ea52a09dac6aea0902a3e0a437f465110110a6fb164553dfb3c632280,281a720bbf6f339d60b1e6c37d3bdbf81d71102d8cdc3ffd858f97a66eaf578f,720,646,646,0.8972222222222223,0.8972222222222223,720,58,74,36,51,0,21.833333333333332,52.5,0,0.0,0.0,68,68,714.0,595.6,0.002620611325816647,0.0782601718143121,66.58,528.9391192168599,0,0,0,0,0,74,0.5910881000000074
test,106,high_tight,pd_history,091f539ea52a09dac6aea0902a3e0a437f465110110a6fb164553dfb3c632280,7b88731371f20c568840ca6e913b80b918cccd714fd906595bfbe031fee1574e,720,646,646,0.8972222222222223,0.8972222222222223,720,82,74,36,66,54,12.708333333333334,36.0,0,0.0,0.0,68,68,714.0,595.6,0.002620611325816647,0.07416722243878314,68.13,527.3932121662355,0,0,0,0,0,74,0.9664791999999949
test,106,high_tight,no_control_interpretation,091f539ea52a09dac6aea0902a3e0a437f465110110a6fb164553dfb3c632280,30c2dee06e1fc096ae8fde7f5e4f1ce04927cd9ea6f04ecabce0d2c2b08c55b0,720,720,720,1.0,1.0,720,82,0,36,66,54,12.708333333333334,36.0,0,0.0,0.0,142,142,714.0,714.0,0.002960160749183566,0.0928582842256744,81.45,632.4541815550252,0,0,0,0,0,0,0.7080611999999888
test,106,high_tight,no_pre_new_only,091f539ea52a09dac6aea0902a3e0a437f465110110a6fb164553dfb3c632280,323557040aa98da3dd45cbc95668f7b27df719eb3b8bf2cd79d9d36149db43d9,720,360,360,0.5,0.5,720,360,355,0,213,213,0.0,10.0,0,0.0,0.0,0,0,714.0,144.0,0.0014582149574179227,0.0832496125308454,10.799999999999999,133.11529217251174,0,0,0,0,355,5,0.6701594000000028
test,106,high_tight,greedy_hard_cap,091f539ea52a09dac6aea0902a3e0a437f465110110a6fb164553dfb3c632280,8363870d91b7c4ebe3d0a5dbc31218ccd9046b25a60d2bc5ac966d08c2709cb0,720,578,578,0.8027777777777778,0.8027777777777778,720,56,142,36,35,20,16.208333333333332,35.5,0,0.0,0.0,0,0,714.0,486.8,0.0023580018896917194,0.01896131521999375,49.29,437.48868068289033,0,0,142,0,0,0,0.572529700000004
test,106,high_loose,pd_theta_2,686174bf5b636e0492020ba082c33afd4152ed290a40da05dd7c97a40b866252,020520acc2bf62fcb1f9356e38261eaa8c5e70ac2a8caeb4a2312819fd4b4ea9,720,720,720,1.0,1.0,720,69,0,36,57,40,9.0,48.5,0,0.0,0.0,0,0,500.99999999999994,500.99999999999994,0.002960160749183566,0.10223424976057162,90.64999999999999,410.2448055894902,0,0,0,0,0,0,0.45922189999998864
test,106,high_loose,pd_theta_4,686174bf5b636e0492020ba082c33afd4152ed290a40da05dd7c97a40b866252,fd7f7481b665228ecb3d11a48c14730d50147d54d0b9d6f402d2fef2422fd6d7,720,720,720,1.0,1.0,720,61,0,36,52,29,14.0,55.5,0,0.0,0.0,0,0,500.99999999999994,500.99999999999994,0.002960160749183566,0.1078496374574855,91.25,409.6391902017933,0,0,0,0,0,0,0.40745760000000075
test,106,high_loose,pd_theta_8,686174bf5b636e0492020ba082c33afd4152ed290a40da05dd7c97a40b866252,f5439f242c6aac1cb66980bf7ce5822a2508e233692d81ee30bdd0cf6252b189,720,720,720,1.0,1.0,720,56,0,36,50,13,19.25,68.5,0,0.0,0.0,0,0,500.99999999999994,500.99999999999994,0.002960160749183566,0.10917172477194817,92.3,408.58786811447885,0,0,0,0,0,0,0.5536368999999866
test,106,high_loose,pd_theta_16,686174bf5b636e0492020ba082c33afd4152ed290a40da05dd7c97a40b866252,e336e14b03dac11d58f6962eadf2e9fc4b69d39e81bf592938967744215313a4,720,720,720,1.0,1.0,720,56,0,36,50,0,20.25,75.0,0,0.0,0.0,0,0,500.99999999999994,500.99999999999994,0.002960160749183566,0.10958860009739518,92.3,408.5874512391534,0,0,0,0,0,0,0.4133395000000064
test,106,high_loose,pd_dev_selected,686174bf5b636e0492020ba082c33afd4152ed290a40da05dd7c97a40b866252,e336e14b03dac11d58f6962eadf2e9fc4b69d39e81bf592938967744215313a4,720,720,720,1.0,1.0,720,56,0,36,50,0,20.25,75.0,0,0.0,0.0,0,0,500.99999999999994,500.99999999999994,0.002960160749183566,0.10958860009739518,92.3,408.5874512391534,0,0,0,0,0,0,0.4133395000000064
test,106,high_loose,pd_history,686174bf5b636e0492020ba082c33afd4152ed290a40da05dd7c97a40b866252,020520acc2bf62fcb1f9356e38261eaa8c5e70ac2a8caeb4a2312819fd4b4ea9,720,720,720,1.0,1.0,720,69,0,36,57,40,9.0,48.5,0,0.0,0.0,0,0,500.99999999999994,500.99999999999994,0.002960160749183566,0.10223424976057162,90.64999999999999,410.2448055894902,0,0,0,0,0,0,0.41598809999999276
test,106,high_loose,no_control_interpretation,686174bf5b636e0492020ba082c33afd4152ed290a40da05dd7c97a40b866252,020520acc2bf62fcb1f9356e38261eaa8c5e70ac2a8caeb4a2312819fd4b4ea9,720,720,720,1.0,1.0,720,69,0,36,57,40,9.0,48.5,0,0.0,0.0,0,0,500.99999999999994,500.99999999999994,0.002960160749183566,0.10223424976057162,90.64999999999999,410.2448055894902,0,0,0,0,0,0,0.46515780000000007
test,106,high_loose,no_pre_new_only,686174bf5b636e0492020ba082c33afd4152ed290a40da05dd7c97a40b866252,c641aedf7bff76cd2982a15056fae8bc35d2b56f6557d3be16e75ab2f3845da5,720,154,154,0.21388888888888888,0.21388888888888888,720,154,355,0,109,109,0.0,10.0,0,0.0,0.0,0,0,500.99999999999994,104.8,0.0006129590100734433,0.03312136190361503,26.22,78.5462656790863,0,0,0,0,355,211,0.3275983999999994
test,106,high_loose,greedy_hard_cap,686174bf5b636e0492020ba082c33afd4152ed290a40da05dd7c97a40b866252,0f38d5e5b32b80bb44a988860dda8ccdd11d2607b1ff0b88b4a3007ca4d1b12e,720,720,720,1.0,1.0,720,54,0,36,38,17,16.5,46.5,0,0.0,0.0,0,0,500.99999999999994,500.99999999999994,0.002960160749183566,0.024559369523273807,78.55,422.42248046972753,0,0,0,0,0,0,0.6199634000000032
test,106,random,pd_theta_2,199b4a6127e2df562b3d00e8af2e10e2ae615ba965d2044c2991f3a288131427,3b5c677a62b04161d87803fe0692ae92563bde2831a774f7e9201a6ebf37eb64,720,716,716,0.9944444444444445,0.9944444444444445,720,97,0,36,80,60,12.5,52.0,0,0.0,0.0,6,6,608.4,605.6,0.002942507208971757,0.11090685885475737,88.03,517.4561506339363,0,0,0,0,0,4,0.4374052000000006
test,106,random,pd_theta_4,199b4a6127e2df562b3d00e8af2e10e2ae615ba965d2044c2991f3a288131427,5adea2ea39cfcaddc3cfec9d5dc5c0447cb334e80e311378400395acb7216b07,720,717,717,0.9958333333333333,0.9958333333333333,720,84,0,36,70,39,18.875,60.0,0,0.0,0.0,6,6,608.4,606.3,0.0029503791204677837,0.117497202127963,86.91,519.2695524187516,0,0,0,0,0,3,0.6539736000000005
test,106,random,pd_theta_8,199b4a6127e2df562b3d00e8af2e10e2ae615ba965d2044c2991f3a288131427,d2e80c6cffc4712b2511e38591ec2109549e04eae70086cb90472c436689b3ae,720,717,717,0.9958333333333333,0.9958333333333333,720,74,0,36,65,12,25.791666666666668,74.5,0,0.0,0.0,6,6,608.4,606.3,0.0029503791204677837,0.11711455477741874,86.25999999999999,519.9199350661021,0,0,0,0,0,3,0.6594934999999964
test,106,random,pd_theta_16,199b4a6127e2df562b3d00e8af2e10e2ae615ba965d2044c2991f3a288131427,cf7aa50e793b549cf5b0bd734cfda528133ed97701084db9140b95014ac72fe4,720,717,717,0.9958333333333333,0.9958333333333333,720,73,0,36,64,0,26.708333333333332,80.0,0,0.0,0.0,6,6,608.4,606.3,0.0029503791204677837,0.11747216906049697,86.11,520.0695774518191,0,0,0,0,0,3,0.6366739999999993
test,106,random,pd_dev_selected,199b4a6127e2df562b3d00e8af2e10e2ae615ba965d2044c2991f3a288131427,cf7aa50e793b549cf5b0bd734cfda528133ed97701084db9140b95014ac72fe4,720,717,717,0.9958333333333333,0.9958333333333333,720,73,0,36,64,0,26.708333333333332,80.0,0,0.0,0.0,6,6,608.4,606.3,0.0029503791204677837,0.11747216906049697,86.11,520.0695774518191,0,0,0,0,0,3,0.6366739999999993
test,106,random,pd_history,199b4a6127e2df562b3d00e8af2e10e2ae615ba965d2044c2991f3a288131427,3b5c677a62b04161d87803fe0692ae92563bde2831a774f7e9201a6ebf37eb64,720,716,716,0.9944444444444445,0.9944444444444445,720,97,0,36,80,60,12.5,52.0,0,0.0,0.0,6,6,608.4,605.6,0.002942507208971757,0.11090685885475737,88.03,517.4561506339363,0,0,0,0,0,4,0.6881668000000047
test,106,random,no_control_interpretation,199b4a6127e2df562b3d00e8af2e10e2ae615ba965d2044c2991f3a288131427,44e2f33742a718b045d1507c76b0ff20af5a27f089772496d8cb138c78a3ed20,720,720,720,1.0,1.0,720,99,0,36,79,60,12.416666666666666,51.5,0,0.0,0.0,7,7,608.4,608.4,0.002960160749183566,0.1154506583559198,88.75,519.5315891808949,0,0,0,0,0,0,0.5155418000000225
test,106,random,no_pre_new_only,199b4a6127e2df562b3d00e8af2e10e2ae615ba965d2044c2991f3a288131427,95898fcd5a19f3952b300777e7c08ffef8fefe6e2cfe8740a3701bcff6a5c8d0,720,276,276,0.38333333333333336,0.38333333333333336,720,276,355,0,187,187,0.0,11.5,0,0.0,0.0,0,0,608.4,140.1,0.001118929090856239,0.06417218590149462,23.13,116.90470888500765,0,0,0,0,355,89,0.6040892000000042
test,106,random,greedy_hard_cap,199b4a6127e2df562b3d00e8af2e10e2ae615ba965d2044c2991f3a288131427,125491fca5699b9583fa3746fb6d0058e9fd3fc28a8f123a360846c9c607f5ec,720,712,712,0.9888888888888889,0.9888888888888889,720,64,8,36,46,24,18.875,47.0,0,0.0,0.0,0,0,608.4,595.6,0.0029383256653770363,0.013535048327001942,73.71,521.8735266260077,0,0,8,0,0,0,0.6059147999999936
test,106,switch,pd_theta_2,3f23a35cf709d63ffb761f1a6ce18ff220417fd34034baeccba68252505d7e30,787d4de5bda8e587f9a27e453a98fc21403e74ee17d07dee8ed88d486d0c1051,720,683,683,0.9486111111111111,0.9486111111111111,720,82,35,36,61,44,10.041666666666666,49.0,0,0.0,0.0,38,38,607.8,550.4,0.0027880267032869394,0.08439645553596664,79.34,470.97281551776075,0,0,0,0,0,37,0.5320343999999864
test,106,switch,pd_theta_4,3f23a35cf709d63ffb761f1a6ce18ff220417fd34034baeccba68252505d7e30,dc7d2e73ea4b34996303d6701cdcc68109efe9432d9da6bfd1114e6822d145fd,720,683,683,0.9486111111111111,0.9486111111111111,720,74,35,36,58,31,13.791666666666666,53.5,0,0.0,0.0,38,38,607.8,550.4,0.0027880267032869394,0.08804024982332084,78.89,471.4191717234734,0,0,0,0,0,37,0.5519128999999907
test,106,switch,pd_theta_8,3f23a35cf709d63ffb761f1a6ce18ff220417fd34034baeccba68252505d7e30,ed439a6951250fb227fca74b17e927ae9596be7347b3bcf55beca0c466e77b28,720,682,682,0.9472222222222222,0.9472222222222222,720,67,35,36,52,20,18.25,56.5,0,0.0,0.0,39,39,607.8,549.7,0.002782165844912745,0.08548795564389185,76.66,472.95172987851123,0,0,0,0,0,38,0.7062428000000125
test,106,switch,pd_theta_16,3f23a35cf709d63ffb761f1a6ce18ff220417fd34034baeccba68252505d7e30,bd7dccf7047a3184786208e0cf3df1096a6ec562945f7027e9004842eaf14a7c,720,682,682,0.9472222222222222,0.9472222222222222,720,66,35,36,52,0,19.75,64.5,0,0.0,0.0,39,39,607.8,549.7,0.002782165844912745,0.08528983116366992,76.36,473.2519280029914,0,0,0,0,0,38,0.5165331000000037
test,106,switch,pd_dev_selected,3f23a35cf709d63ffb761f1a6ce18ff220417fd34034baeccba68252505d7e30,bd7dccf7047a3184786208e0cf3df1096a6ec562945f7027e9004842eaf14a7c,720,682,682,0.9472222222222222,0.9472222222222222,720,66,35,36,52,0,19.75,64.5,0,0.0,0.0,39,39,607.8,549.7,0.002782165844912745,0.08528983116366992,76.36,473.2519280029914,0,0,0,0,0,38,0.5165331000000037
test,106,switch,pd_history,3f23a35cf709d63ffb761f1a6ce18ff220417fd34034baeccba68252505d7e30,787d4de5bda8e587f9a27e453a98fc21403e74ee17d07dee8ed88d486d0c1051,720,683,683,0.9486111111111111,0.9486111111111111,720,82,35,36,61,44,10.041666666666666,49.0,0,0.0,0.0,38,38,607.8,550.4,0.0027880267032869394,0.08439645553596664,79.34,470.97281551776075,0,0,0,0,0,37,0.6955436000000077
test,106,switch,no_control_interpretation,3f23a35cf709d63ffb761f1a6ce18ff220417fd34034baeccba68252505d7e30,b9276e4a53d2bd4064952532e2efcb6d3b021c261802c1a88ced111c88c53f4b,720,720,720,1.0,1.0,720,82,0,36,61,44,10.041666666666666,49.0,0,0.0,0.0,75,75,607.8,607.8,0.002960160749183566,0.09204165502510123,86.0,521.7049981842257,0,0,0,0,0,0,0.6259005000000002
test,106,switch,no_pre_new_only,3f23a35cf709d63ffb761f1a6ce18ff220417fd34034baeccba68252505d7e30,9152d748d9eaccc97f61a8f85e8239c80f643b9884ab3c0e1ecae464871fb706,720,257,257,0.35694444444444445,0.35694444444444445,720,257,355,0,160,160,0.0,10.0,0,0.0,0.0,0,0,607.8,124.4,0.0010264443087170635,0.05475167152557713,18.509999999999998,105.8342218841657,0,0,0,0,355,108,0.592437799999999
test,106,switch,greedy_hard_cap,3f23a35cf709d63ffb761f1a6ce18ff220417fd34034baeccba68252505d7e30,a183d4d3728043016ca6220fa2370e709687b4758b02fc4f9f8bb56083f74250,720,650,650,0.9027777777777778,0.9027777777777778,720,69,70,36,45,22,17.708333333333332,47.5,0,0.0,0.0,0,0,607.8,495.8,0.0026588384770632367,0.016695733805023923,62.3,433.4806454277179,0,0,70,0,0,0,0.5877997999999991
test,107,high_tight,pd_theta_2,b04ee53da9dc68f97e84531ad1ac474e9c451bc7b5469507f0029c55be68bc38,4967b49021a0953f42d4aacef6f796555dcdf1797dc73d6b306d66c990ee0b95,720,632,632,0.8777777777777778,0.8777777777777778,720,80,88,36,69,57,13.458333333333334,36.5,0,0.0,0.0,54,54,715.2,574.4,0.0025685686892050062,0.08188709128950562,65.21,509.1055443400213,0,0,0,0,0,88,0.5369982999999934
test,107,high_tight,pd_theta_4,b04ee53da9dc68f97e84531ad1ac474e9c451bc7b5469507f0029c55be68bc38,638d0e2712a641bf9546b5365d3b22c1c9d340403c6bfbc8648f77014382c974,720,632,632,0.8777777777777778,0.8777777777777778,720,68,88,36,61,38,16.625,40.5,0,0.0,0.0,54,54,715.2,574.4,0.0025685686892050062,0.0844460819166853,64.96,509.35298534939415,0,0,0,0,0,88,0.5511836999999957
test,107,high_tight,pd_theta_8,b04ee53da9dc68f97e84531ad1ac474e9c451bc7b5469507f0029c55be68bc38,5885b0799baf0fdb6e0bb5744861c9862adca1460ae6e5a498c0077787124b3f,720,632,632,0.8777777777777778,0.8777777777777778,720,62,88,36,56,19,21.375,48.0,0,0.0,0.0,54,54,715.2,574.4,0.0025685686892050062,0.08356091269098732,64.06,510.25387051861986,0,0,0,0,0,88,0.596880700000014
test,107,high_tight,pd_theta_16,b04ee53da9dc68f97e84531ad1ac474e9c451bc7b5469507f0029c55be68bc38,01e8a25134e7e482e5898bdf9225b014d0e96edbb199d9785853ce3a8f730c7c,720,632,632,0.8777777777777778,0.8777777777777778,720,59,88,36,53,0,22.458333333333332,53.5,0,0.0,0.0,54,54,715.2,574.4,0.0025685686892050062,0.08597137964934316,63.96,510.3514600516615,0,0,0,0,0,88,0.7920771000000002
test,107,high_tight,pd_dev_selected,b04ee53da9dc68f97e84531ad1ac474e9c451bc7b5469507f0029c55be68bc38,01e8a25134e7e482e5898bdf9225b014d0e96edbb199d9785853ce3a8f730c7c,720,632,632,0.8777777777777778,0.8777777777777778,720,59,88,36,53,0,22.458333333333332,53.5,0,0.0,0.0,54,54,715.2,574.4,0.0025685686892050062,0.08597137964934316,63.96,510.3514600516615,0,0,0,0,0,88,0.7920771000000002
test,107,high_tight,pd_history,b04ee53da9dc68f97e84531ad1ac474e9c451bc7b5469507f0029c55be68bc38,4967b49021a0953f42d4aacef6f796555dcdf1797dc73d6b306d66c990ee0b95,720,632,632,0.8777777777777778,0.8777777777777778,720,80,88,36,69,57,13.458333333333334,36.5,0,0.0,0.0,54,54,715.2,574.4,0.0025685686892050062,0.08188709128950562,65.21,509.1055443400213,0,0,0,0,0,88,0.5454474000000005
test,107,high_tight,no_control_interpretation,b04ee53da9dc68f97e84531ad1ac474e9c451bc7b5469507f0029c55be68bc38,c14660ee42abb7ce80ee0ace5d34664526882eaba1281825608b21cf068ee25b,720,720,720,1.0,1.0,720,80,0,36,69,57,13.458333333333334,36.5,0,0.0,0.0,142,142,715.2,715.2,0.002961049352932818,0.10118953455767497,81.05,634.0458494160895,0,0,0,0,0,0,0.6180371000000093
test,107,high_tight,no_pre_new_only,b04ee53da9dc68f97e84531ad1ac474e9c451bc7b5469507f0029c55be68bc38,d9d0e7e614200c39cd3040a1f92a4ee56476f57f3535e7b84974134ca5c382af,720,359,359,0.4986111111111111,0.4986111111111111,720,359,356,0,209,209,0.0,9.0,0,0.0,0.0,0,0,715.2,143.6,0.0014776229540209435,0.08506507326580905,10.77,132.7434573037802,0,0,0,0,356,5,0.4959622000000081
test,107,high_tight,greedy_hard_cap,b04ee53da9dc68f97e84531ad1ac474e9c451bc7b5469507f0029c55be68bc38,85e787c8d1f3ecfca747c2c64bbd0dd5931e29f9facce26c829e71c48938c998,720,578,578,0.8027777777777778,0.8027777777777778,720,51,142,36,34,20,16.25,35.0,0,0.0,0.0,0,0,715.2,488.0,0.0023810631689227726,0.01849050785153511,49.44,438.5391284289796,0,0,142,0,0,0,0.49444489999999064
test,107,high_loose,pd_theta_2,38ee229ace973f70a953a67d14252b773cdac820c0ac2a35f484faba8a9d16bc,9caaa5b98c0820d6cfcb71f6dba6e4b9193aa23af32a36f2fe605e00fa69109c,720,720,720,1.0,1.0,720,64,0,36,58,41,10.0,49.5,0,0.0,0.0,2,2,501.59999999999997,501.59999999999997,0.002961049352932818,0.09494487536710401,92.0,409.50209407527996,0,0,0,0,0,0,0.4227948999999853
test,107,high_loose,pd_theta_4,38ee229ace973f70a953a67d14252b773cdac820c0ac2a35f484faba8a9d16bc,92884eeb6ee7ec232eee24e9a6e735ba046204c424461f73a61ce6f38e092ac9,720,720,720,1.0,1.0,720,53,0,36,50,27,14.583333333333334,57.5,0,0.0,0.0,2,2,501.59999999999997,501.59999999999997,0.002961049352932818,0.10024633357980751,92.25,409.24679261706723,0,0,0,0,0,0,0.5031751000000213
test,107,high_loose,pd_theta_8,38ee229ace973f70a953a67d14252b773cdac820c0ac2a35f484faba8a9d16bc,27f60cefe67b1f2bc9296cfe567e281cb96fc7873b0c1ee8608101de2095b721,720,720,720,1.0,1.0,720,53,0,36,50,9,19.833333333333332,71.0,0,0.0,0.0,2,2,501.59999999999997,501.59999999999997,0.002961049352932818,0.09906602119955121,92.3,409.1979729294475,0,0,0,0,0,0,0.5032931000000076
test,107,high_loose,pd_theta_16,38ee229ace973f70a953a67d14252b773cdac820c0ac2a35f484faba8a9d16bc,61bcffdfce5c90c5fd9a66184df9a1ee939bc34ef30262a3ad7f727f1c94d44a,720,720,720,1.0,1.0,720,53,0,36,50,0,20.416666666666668,75.0,0,0.0,0.0,2,2,501.59999999999997,501.59999999999997,0.002961049352932818,0.09933000925069956,92.3,409.19770894139634,0,0,0,0,0,0,0.41232060000001525
test,107,high_loose,pd_dev_selected,38ee229ace973f70a953a67d14252b773cdac820c0ac2a35f484faba8a9d16bc,61bcffdfce5c90c5fd9a66184df9a1ee939bc34ef30262a3ad7f727f1c94d44a,720,720,720,1.0,1.0,720,53,0,36,50,0,20.416666666666668,75.0,0,0.0,0.0,2,2,501.59999999999997,501.59999999999997,0.002961049352932818,0.09933000925069956,92.3,409.19770894139634,0,0,0,0,0,0,0.41232060000001525
test,107,high_loose,pd_history,38ee229ace973f70a953a67d14252b773cdac820c0ac2a35f484faba8a9d16bc,9caaa5b98c0820d6cfcb71f6dba6e4b9193aa23af32a36f2fe605e00fa69109c,720,720,720,1.0,1.0,720,64,0,36,58,41,10.0,49.5,0,0.0,0.0,2,2,501.59999999999997,501.59999999999997,0.002961049352932818,0.09494487536710401,92.0,409.50209407527996,0,0,0,0,0,0,0.41888219999998455
test,107,high_loose,no_control_interpretation,38ee229ace973f70a953a67d14252b773cdac820c0ac2a35f484faba8a9d16bc,9caaa5b98c0820d6cfcb71f6dba6e4b9193aa23af32a36f2fe605e00fa69109c,720,720,720,1.0,1.0,720,64,0,36,58,41,10.0,49.5,0,0.0,0.0,2,2,501.59999999999997,501.59999999999997,0.002961049352932818,0.09494487536710401,92.0,409.50209407527996,0,0,0,0,0,0,0.4119188999999892
test,107,high_loose,no_pre_new_only,38ee229ace973f70a953a67d14252b773cdac820c0ac2a35f484faba8a9d16bc,29f3da15c04fc306c60fbb6fe0e4c595e7297c36058b437fe051f02af7aa72c5,720,152,152,0.2111111111111111,0.2111111111111111,720,152,356,0,109,109,0.0,10.0,0,0.0,0.0,0,0,501.59999999999997,104.0,0.0006157791915755654,0.03464960575166039,26.16,77.80473461505676,0,0,0,0,356,212,0.3615120999999988
test,107,high_loose,greedy_hard_cap,38ee229ace973f70a953a67d14252b773cdac820c0ac2a35f484faba8a9d16bc,6de9a0c7cabf762f49ff09027d3d35a7559489cbd5a5a128fe5f22f6c11e6c3f,720,720,720,1.0,1.0,720,66,0,36,47,27,19.083333333333332,49.0,0,0.0,0.0,0,0,501.59999999999997,501.59999999999997,0.002961049352932818,0.028476567349778988,78.35,423.21856238329724,0,0,0,0,0,0,0.4644096000000104
test,107,random,pd_theta_2,88bef56081b0db40a8c03758f2b87ecae4871d3841254e8e28725d4a0477e773,db6b9d55f0a11737d0d4bedcc13a2ce35241ccd906ce361fc0cddb204a4e1987,720,716,716,0.9944444444444445,0.9944444444444445,720,97,0,36,77,60,12.75,51.0,0,0.0,0.0,9,9,609.0,606.2,0.002943355710228579,0.11228015844453994,88.48,517.6047764858453,0,0,0,0,0,4,0.5082573999999909
test,107,random,pd_theta_4,88bef56081b0db40a8c03758f2b87ecae4871d3841254e8e28725d4a0477e773,daf1e7acbd3ea4e8a3900f1d2c57d1ccc9b501e5333c705121f76f9146dbce3a,720,718,718,0.9972222222222222,0.9972222222222222,720,84,0,36,69,41,19.041666666666668,59.5,0,0.0,0.0,8,8,609.0,607.6,0.002951160049183662,0.11776992487417821,87.59,519.8892789150766,0,0,0,0,0,2,0.44274659999999244
test,107,random,pd_theta_8,88bef56081b0db40a8c03758f2b87ecae4871d3841254e8e28725d4a0477e773,cf64cf20705352783fd0c5c933de86580d258f1c283399676ffcd21c885c2bd9,720,718,718,0.9972222222222222,0.9972222222222222,720,73,0,36,64,14,25.958333333333332,75.0,0,0.0,0.0,8,8,609.0,607.6,0.002951160049183662,0.11817460636796874,86.53999999999999,520.9388742335829,0,0,0,0,0,2,0.4346070999999938
test,107,random,pd_theta_16,88bef56081b0db40a8c03758f2b87ecae4871d3841254e8e28725d4a0477e773,1a283cf2cd8d44b54eb8af5b8b062ef1bd3b704e0ecd058add3fb5d437444508,720,718,718,0.9972222222222222,0.9972222222222222,720,72,0,36,63,0,26.708333333333332,79.0,0,0.0,0.0,8,8,609.0,607.6,0.002951160049183662,0.11850097117458307,86.39,521.0885478687762,0,0,0,0,0,2,0.4428051000000153
test,107,random,pd_dev_selected,88bef56081b0db40a8c03758f2b87ecae4871d3841254e8e28725d4a0477e773,1a283cf2cd8d44b54eb8af5b8b062ef1bd3b704e0ecd058add3fb5d437444508,720,718,718,0.9972222222222222,0.9972222222222222,720,72,0,36,63,0,26.708333333333332,79.0,0,0.0,0.0,8,8,609.0,607.6,0.002951160049183662,0.11850097117458307,86.39,521.0885478687762,0,0,0,0,0,2,0.4428051000000153
test,107,random,pd_history,88bef56081b0db40a8c03758f2b87ecae4871d3841254e8e28725d4a0477e773,db6b9d55f0a11737d0d4bedcc13a2ce35241ccd906ce361fc0cddb204a4e1987,720,716,716,0.9944444444444445,0.9944444444444445,720,97,0,36,77,60,12.75,51.0,0,0.0,0.0,9,9,609.0,606.2,0.002943355710228579,0.11228015844453994,88.48,517.6047764858453,0,0,0,0,0,4,0.5118094999999983
test,107,random,no_control_interpretation,88bef56081b0db40a8c03758f2b87ecae4871d3841254e8e28725d4a0477e773,2b9b9941d114f2f6bab4bdad62cb23e0a96da16f778af40bcb6afd618934f566,720,720,720,1.0,1.0,720,99,0,36,77,60,12.75,51.0,0,0.0,0.0,9,9,609.0,609.0,0.002961049352932818,0.11331091801010446,89.2,519.683728032637,0,0,0,0,0,0,0.4619423999999981
test,107,random,no_pre_new_only,88bef56081b0db40a8c03758f2b87ecae4871d3841254e8e28725d4a0477e773,92cf6279dd2b9d5333814175307ab2f0c342e9288fbcdd58e44939e543ffb5de,720,277,277,0.38472222222222224,0.38472222222222224,720,277,356,0,190,190,0.0,12.0,0,0.0,0.0,0,0,609.0,139.6,0.0011672807117091373,0.06597536788527528,22.71,116.82285735140302,0,0,0,0,356,87,0.3414391999999964
test,107,random,greedy_hard_cap,88bef56081b0db40a8c03758f2b87ecae4871d3841254e8e28725d4a0477e773,fced0e506c085fac4ab82deb26b53b1fec5e2bd36a8739ea71e6dd6bc413768e,720,709,709,0.9847222222222223,0.9847222222222223,720,75,11,36,53,28,20.083333333333332,48.5,0,0.0,0.0,0,0,609.0,591.4,0.002926879918290652,0.018279235621786755,73.32,518.05879388446,0,0,11,0,0,0,0.5136588999999958
test,107,switch,pd_theta_2,ad31f3b90125a8aa9934fe0f0ef51e03e83d0ebd570b4394221db50cf4d82f6d,40bb55112686f13d49bb3296d1bf039b5e694f3473f3845747a0a8c72b25804f,720,675,675,0.9375,0.9375,720,77,43,36,62,45,10.791666666666666,47.0,0,0.0,0.0,30,30,607.8,537.6,0.0027641202078637936,0.08585574635568284,78.14999999999999,459.36138013343646,0,0,0,0,0,45,0.5216920000000016
test,107,switch,pd_theta_4,ad31f3b90125a8aa9934fe0f0ef51e03e83d0ebd570b4394221db50cf4d82f6d,3d8ef3d02763867834db721b1a5eeda55e34f44d0c7fbfaade1a0194aa43744e,720,676,676,0.9388888888888889,0.9388888888888889,720,67,43,36,59,34,15.625,54.5,0,0.0,0.0,31,31,607.8,538.3,0.0027698061267533154,0.09083582437621104,76.88,461.32639436949705,0,0,0,0,0,44,0.4116004999999916
test,107,switch,pd_theta_8,ad31f3b90125a8aa9934fe0f0ef51e03e83d0ebd570b4394221db50cf4d82f6d,a5edfd68f420768caeaefe885881ae1e0c68442cd47790186cb7365752edd8f4,720,674,674,0.9361111111111111,0.9361111111111111,720,67,43,36,56,19,20.458333333333332,59.0,0,0.0,0.0,31,31,607.8,536.9,0.0027596595133374336,0.097035646498867,74.37,462.43020469398783,0,0,0,0,0,46,0.44204410000000394
test,107,switch,pd_theta_16,ad31f3b90125a8aa9934fe0f0ef51e03e83d0ebd570b4394221db50cf4d82f6d,19cb837985feda0277fe4f664a52089b61dbf5bc8c93f126d05d49c0d058d4f6,720,674,674,0.9361111111111111,0.9361111111111111,720,67,43,36,56,0,22.125,66.5,0,0.0,0.0,31,31,607.8,536.9,0.0027596595133374336,0.09926126401472006,73.72,463.07797907647193,0,0,0,0,0,46,0.46042220000001066
test,107,switch,pd_dev_selected,ad31f3b90125a8aa9934fe0f0ef51e03e83d0ebd570b4394221db50cf4d82f6d,19cb837985feda0277fe4f664a52089b61dbf5bc8c93f126d05d49c0d058d4f6,720,674,674,0.9361111111111111,0.9361111111111111,720,67,43,36,56,0,22.125,66.5,0,0.0,0.0,31,31,607.8,536.9,0.0027596595133374336,0.09926126401472006,73.72,463.07797907647193,0,0,0,0,0,46,0.46042220000001066
test,107,switch,pd_history,ad31f3b90125a8aa9934fe0f0ef51e03e83d0ebd570b4394221db50cf4d82f6d,40bb55112686f13d49bb3296d1bf039b5e694f3473f3845747a0a8c72b25804f,720,675,675,0.9375,0.9375,720,77,43,36,62,45,10.791666666666666,47.0,0,0.0,0.0,30,30,607.8,537.6,0.0027641202078637936,0.08585574635568284,78.14999999999999,459.36138013343646,0,0,0,0,0,45,0.4341999999999757
test,107,switch,no_control_interpretation,ad31f3b90125a8aa9934fe0f0ef51e03e83d0ebd570b4394221db50cf4d82f6d,0f2fc0f06c4b33d76d1cfb8c8dc1f433fe25d0c665d89bd0b8409a16c8328f03,720,720,720,1.0,1.0,720,77,0,36,62,45,10.791666666666666,47.0,0,0.0,0.0,75,75,607.8,607.8,0.002961049352932818,0.09355888898933866,86.25,521.4534800616577,0,0,0,0,0,0,0.5668598999999972
test,107,switch,no_pre_new_only,ad31f3b90125a8aa9934fe0f0ef51e03e83d0ebd570b4394221db50cf4d82f6d,6f665aa4b57fae9abf2f7e60984879711ed78a9b1da04de5d168691673ea4186,720,254,254,0.3527777777777778,0.3527777777777778,720,254,356,0,157,157,0.0,10.0,0,0.0,0.0,0,0,607.8,123.2,0.0010313537743617276,0.058861397393067665,18.419999999999998,104.72010724883258,0,0,0,0,356,110,0.3817156000000068
test,107,switch,greedy_hard_cap,ad31f3b90125a8aa9934fe0f0ef51e03e83d0ebd570b4394221db50cf4d82f6d,ea87c600c8e55fdc493d60c48b45b9fbc70b911c3e67b4a7400bf58f7e0601d2,720,650,650,0.9027777777777778,0.9027777777777778,720,66,70,36,45,22,18.75,49.0,0,0.0,0.0,0,0,607.8,495.8,0.0026833676184827163,0.01923729295654595,62.65,433.12807933942497,0,0,70,0,0,0,0.44896099999999706
test,108,high_tight,pd_theta_2,4395ffc44b8b233e276e9cbfe41101c3cf518a445a5731a01824d3c7faca3fdc,2052b31af40ff3e772b58f08756a31e610acbfeed0ba0346f06ba857327147ca,720,648,648,0.9,0.9,720,85,72,36,63,53,12.458333333333334,35.5,0,0.0,0.0,67,67,714.0,598.8000000000001,0.0026671033030213937,0.08280310948477439,68.64,530.0745297872122,0,0,0,0,0,72,0.4353465000000085
test,108,high_tight,pd_theta_4,4395ffc44b8b233e276e9cbfe41101c3cf518a445a5731a01824d3c7faca3fdc,69478131ac06fbaeeccd25577d8ae48ad54b123a29f1e7056dc36cbc24f62d6f,720,648,648,0.9,0.9,720,74,72,36,55,35,16.541666666666668,40.0,0,0.0,0.0,67,67,714.0,598.8000000000001,0.0026671033030213937,0.08375933855437466,67.34,531.3735735581427,0,0,0,0,0,72,0.45786699999999314
test,108,high_tight,pd_theta_8,4395ffc44b8b233e276e9cbfe41101c3cf518a445a5731a01824d3c7faca3fdc,a87555ff0280d1e4691fb5392d5281663f01e356c10682ae063ce52e1a9b59ca,720,648,648,0.9,0.9,720,68,72,36,51,15,20.666666666666668,48.0,0,0.0,0.0,67,67,714.0,598.8000000000001,0.0026671033030213937,0.09124154688526136,66.53999999999999,532.1660913498117,0,0,0,0,0,72,0.4836042999999961
test,108,high_tight,pd_theta_16,4395ffc44b8b233e276e9cbfe41101c3cf518a445a5731a01824d3c7faca3fdc,a0e6c0d0f548c10500b8f2914b78edf9168587a1d1912e851bc9292d87ebd232,720,648,648,0.9,0.9,720,64,72,36,49,0,21.458333333333332,51.5,0,0.0,0.0,67,67,714.0,598.8000000000001,0.0026671033030213937,0.0903420386021135,66.44,532.2669908580949,0,0,0,0,0,72,0.4863270999999827
test,108,high_tight,pd_dev_selected,4395ffc44b8b233e276e9cbfe41101c3cf518a445a5731a01824d3c7faca3fdc,a0e6c0d0f548c10500b8f2914b78edf9168587a1d1912e851bc9292d87ebd232,720,648,648,0.9,0.9,720,64,72,36,49,0,21.458333333333332,51.5,0,0.0,0.0,67,67,714.0,598.8000000000001,0.0026671033030213937,0.0903420386021135,66.44,532.2669908580949,0,0,0,0,0,72,0.4863270999999827
test,108,high_tight,pd_history,4395ffc44b8b233e276e9cbfe41101c3cf518a445a5731a01824d3c7faca3fdc,2052b31af40ff3e772b58f08756a31e610acbfeed0ba0346f06ba857327147ca,720,648,648,0.9,0.9,720,85,72,36,63,53,12.458333333333334,35.5,0,0.0,0.0,67,67,714.0,598.8000000000001,0.0026671033030213937,0.08280310948477439,68.64,530.0745297872122,0,0,0,0,0,72,0.5034440000000018
test,108,high_tight,no_control_interpretation,4395ffc44b8b233e276e9cbfe41101c3cf518a445a5731a01824d3c7faca3fdc,a596c0b37d8dfabfa22108f022b44aeb8138c7a938b350dac9186ddd40948197,720,720,720,1.0,1.0,720,85,0,36,63,53,12.458333333333334,35.5,0,0.0,0.0,139,139,714.0,714.0,0.0029763716578584004,0.10137886658022165,81.6,632.295644761762,0,0,0,0,0,0,0.4511335999999915
test,108,high_tight,no_pre_new_only,4395ffc44b8b233e276e9cbfe41101c3cf518a445a5731a01824d3c7faca3fdc,847e0c8ad9d5bbcf82eeebc420c6d0cfcc72a63c535eea89682f974746cc8bf5,720,356,356,0.49444444444444446,0.49444444444444446,720,356,355,0,203,203,0.0,9.5,0,0.0,0.0,0,0,714.0,142.4,0.001462322248405528,0.08940980257465363,10.68,131.62912787517695,0,0,0,0,355,9,0.41873509999999214
test,108,high_tight,greedy_hard_cap,4395ffc44b8b233e276e9cbfe41101c3cf518a445a5731a01824d3c7faca3fdc,3df4920bad9f172cd481e31dd2f0ea0d99b1606314023c07a8ac264bef3b7703,720,581,581,0.8069444444444445,0.8069444444444445,720,62,139,36,40,26,16.583333333333332,36.5,0,0.0,0.0,0,0,714.0,491.6,0.0024152422968975826,0.023235186514926478,49.83,441.7443495711882,0,0,139,0,0,0,0.7190505000000087
test,108,high_loose,pd_theta_2,34e6552ba226a06e45d0300ad0adb256f538d7490bd5c4dadd5c6dbb339e7a78,6f139680d17e37929cd77ef164321a723aa10d1038250e35cd0a17fb2aec57ca,720,719,719,0.9986111111111111,0.9986111111111111,720,67,0,36,59,42,9.875,48.5,0,0.0,0.0,6,6,500.99999999999994,500.29999999999995,0.002973421791128129,0.099561742768813,90.97,409.22746483544,0,0,0,0,0,1,0.47868890000000874
test,108,high_loose,pd_theta_4,34e6552ba226a06e45d0300ad0adb256f538d7490bd5c4dadd5c6dbb339e7a78,0bc49e3565319645d61d64f5c11ae6ef3a1ff0f26ce3e4f35da8e493354c0be6,720,719,719,0.9986111111111111,0.9986111111111111,720,56,0,36,52,28,15.458333333333334,56.5,0,0.0,0.0,6,6,500.99999999999994,500.29999999999995,0.002973421791128129,0.10127879999933405,91.22,408.9757477782095,0,0,0,0,0,1,0.46627549999999474
test,108,high_loose,pd_theta_8,34e6552ba226a06e45d0300ad0adb256f538d7490bd5c4dadd5c6dbb339e7a78,8abd854b2017293869a4d0484530d763bfcede88671c7e3bc04018ec5586faaf,720,719,719,0.9986111111111111,0.9986111111111111,720,54,0,36,51,7,20.291666666666668,69.5,0,0.0,0.0,6,6,500.99999999999994,500.29999999999995,0.002973421791128129,0.10424816037139169,91.42,408.77277841783746,0,0,0,0,0,1,0.5022119000000203
test,108,high_loose,pd_theta_16,34e6552ba226a06e45d0300ad0adb256f538d7490bd5c4dadd5c6dbb339e7a78,37bb49b4869991b66ee3db5e1ed66033d298f1043006ea466b076e2ab5d5fa10,720,719,719,0.9986111111111111,0.9986111111111111,720,54,0,36,51,0,20.875,74.5,0,0.0,0.0,6,6,500.99999999999994,500.29999999999995,0.002973421791128129,0.10148448802948268,91.27,408.92554209017936,0,0,0,0,0,1,0.5173812000000169
test,108,high_loose,pd_dev_selected,34e6552ba226a06e45d0300ad0adb256f538d7490bd5c4dadd5c6dbb339e7a78,37bb49b4869991b66ee3db5e1ed66033d298f1043006ea466b076e2ab5d5fa10,720,719,719,0.9986111111111111,0.9986111111111111,720,54,0,36,51,0,20.875,74.5,0,0.0,0.0,6,6,500.99999999999994,500.29999999999995,0.002973421791128129,0.10148448802948268,91.27,408.92554209017936,0,0,0,0,0,1,0.5173812000000169
test,108,high_loose,pd_history,34e6552ba226a06e45d0300ad0adb256f538d7490bd5c4dadd5c6dbb339e7a78,6f139680d17e37929cd77ef164321a723aa10d1038250e35cd0a17fb2aec57ca,720,719,719,0.9986111111111111,0.9986111111111111,720,67,0,36,59,42,9.875,48.5,0,0.0,0.0,6,6,500.99999999999994,500.29999999999995,0.002973421791128129,0.099561742768813,90.97,409.22746483544,0,0,0,0,0,1,0.4301467999999886
test,108,high_loose,no_control_interpretation,34e6552ba226a06e45d0300ad0adb256f538d7490bd5c4dadd5c6dbb339e7a78,0b30deb08917c465d9e96649daaae93148a0ea965974b5a235607717146ad81c,720,720,720,1.0,1.0,720,68,0,36,59,42,9.875,48.5,0,0.0,0.0,6,6,500.99999999999994,500.99999999999994,0.0029763716578584004,0.10022636466841897,91.14999999999999,409.74679726367367,0,0,0,0,0,0,0.40371319999999855
test,108,high_loose,no_pre_new_only,34e6552ba226a06e45d0300ad0adb256f538d7490bd5c4dadd5c6dbb339e7a78,521c2b458f0f0a83748612ad4b7a13f6996fbfc52e3c3d10173ae7366c549f3f,720,154,154,0.21388888888888888,0.21388888888888888,720,154,355,0,109,109,0.0,10.0,0,0.0,0.0,0,0,500.99999999999994,104.8,0.0006394662172201855,0.03560029754152701,26.22,78.54376023624124,0,0,0,0,355,211,0.37718309999999633
test,108,high_loose,greedy_hard_cap,34e6552ba226a06e45d0300ad0adb256f538d7490bd5c4dadd5c6dbb339e7a78,074f1010586910476e0c68d066aaa0c33dfe3659e5af254672c3f4a2995b169c,720,720,720,1.0,1.0,720,74,0,36,50,30,18.583333333333332,48.0,0,0.0,0.0,0,0,500.99999999999994,500.99999999999994,0.0029763716578584004,0.0251538191673045,78.75,422.2218698091748,0,0,0,0,0,0,0.3965517000000034
test,108,random,pd_theta_2,6036bae2ad6428daa48eaf128828e5083015eef1f4b07a517f8ad1f05aeadc7b,58b5654103808c347e3b54e34e2d519e0ff50d32c2db7d97c66e1b8d96f828b4,720,712,712,0.9888888888888889,0.9888888888888889,720,96,2,36,76,59,12.916666666666666,51.5,0,0.0,0.0,3,3,603.0,595.6,0.00294894682947681,0.1114591248840358,86.81,508.6755919282865,0,0,0,0,0,8,0.41348030000000335
test,108,random,pd_theta_4,6036bae2ad6428daa48eaf128828e5083015eef1f4b07a517f8ad1f05aeadc7b,d4d86b944bc088ace7132d696dd608c97dea2720dd253dae4a7ecc114d6a345e,720,716,716,0.9944444444444445,0.9944444444444445,720,85,2,36,67,37,18.708333333333332,59.0,0,0.0,0.0,3,3,603.0,598.4,0.0029657789729532237,0.10906497423512983,87.28,511.00796924679196,0,0,0,0,0,4,0.5590636999999958
test,108,random,pd_theta_8,6036bae2ad6428daa48eaf128828e5083015eef1f4b07a517f8ad1f05aeadc7b,dd3153fe4c11e777776a1ae7aca156552c695b56a3dabb5953d3b6c6a524b889,720,716,716,0.9944444444444445,0.9944444444444445,720,71,2,36,62,13,26.416666666666668,73.0,0,0.0,0.0,3,3,603.0,598.4,0.0029657789729532237,0.11749588756964323,86.23,512.0495383334575,0,0,0,0,0,4,0.46365789999998697
test,108,random,pd_theta_16,6036bae2ad6428daa48eaf128828e5083015eef1f4b07a517f8ad1f05aeadc7b,9d78805f8df0cfc2bfdd042ab93734015ba5ac5996472838713441ec1d187727,720,716,716,0.9944444444444445,0.9944444444444445,720,71,2,36,61,0,27.25,78.5,0,0.0,0.0,3,3,603.0,598.4,0.0029657789729532237,0.11517313834535445,86.23,512.0518610826817,0,0,0,0,0,4,0.5084645999999964
test,108,random,pd_dev_selected,6036bae2ad6428daa48eaf128828e5083015eef1f4b07a517f8ad1f05aeadc7b,9d78805f8df0cfc2bfdd042ab93734015ba5ac5996472838713441ec1d187727,720,716,716,0.9944444444444445,0.9944444444444445,720,71,2,36,61,0,27.25,78.5,0,0.0,0.0,3,3,603.0,598.4,0.0029657789729532237,0.11517313834535445,86.23,512.0518610826817,0,0,0,0,0,4,0.5084645999999964
test,108,random,pd_history,6036bae2ad6428daa48eaf128828e5083015eef1f4b07a517f8ad1f05aeadc7b,58b5654103808c347e3b54e34e2d519e0ff50d32c2db7d97c66e1b8d96f828b4,720,712,712,0.9888888888888889,0.9888888888888889,720,96,2,36,76,59,12.916666666666666,51.5,0,0.0,0.0,3,3,603.0,595.6,0.00294894682947681,0.1114591248840358,86.81,508.6755919282865,0,0,0,0,0,8,0.45772760000002677
test,108,random,no_control_interpretation,6036bae2ad6428daa48eaf128828e5083015eef1f4b07a517f8ad1f05aeadc7b,1325bfc48de72aad5523c4aee1864e04a1ac260726cc8638e77783423663ebcb,720,720,720,1.0,1.0,720,100,0,36,77,60,13.416666666666666,52.5,0,0.0,0.0,5,5,603.0,603.0,0.0029763716578584004,0.11238534702330727,88.1,514.7846382813188,0,0,0,0,0,0,0.4242883999999947
test,108,random,no_pre_new_only,6036bae2ad6428daa48eaf128828e5083015eef1f4b07a517f8ad1f05aeadc7b,f6e5e3a71b9093bad3a2382ef6dba676ec00276b4ff1db9bbca7a82403476bb0,720,269,269,0.3736111111111111,0.3736111111111111,720,269,355,0,187,187,0.0,13.5,0,0.0,0.0,0,0,603.0,138.2,0.0011281367903134565,0.0611169475659038,23.369999999999997,114.76775491564378,0,0,0,0,355,96,0.4566677999999911
test,108,random,greedy_hard_cap,6036bae2ad6428daa48eaf128828e5083015eef1f4b07a517f8ad1f05aeadc7b,d1dc38ee224e48a7f105c4436ede3b234ae094efc8f74e59702e50c03f213e6d,720,716,716,0.9944444444444445,0.9944444444444445,720,81,4,36,54,30,19.708333333333332,49.0,0,0.0,0.0,0,0,603.0,596.6,0.0029641514351550894,0.015142594822440129,74.63,521.9518932537425,0,0,4,0,0,0,0.49230260000001635
test,108,switch,pd_theta_2,0f7beb589ea6d99fd896ee9d67ea63b6f04597403c0d5f0eab40d00dd758554b,1bc94e9f76994fc482cdd750ce9b0a628097e7a8d1981dbe08598080fcc20906,720,685,685,0.9513888888888888,0.9513888888888888,720,81,35,36,64,47,11.041666666666666,49.0,0,0.0,0.0,37,37,607.2,551.2,0.0028162470186702537,0.09431280972869344,80.05,471.05287094325263,0,0,0,0,0,35,0.5503000000000213
test,108,switch,pd_theta_4,0f7beb589ea6d99fd896ee9d67ea63b6f04597403c0d5f0eab40d00dd758554b,d55d4fbb88d6e6555791dd6a2d39643909f3f81e8703087a5e85c55760ffda7c,720,685,685,0.9513888888888888,0.9513888888888888,720,73,35,36,55,29,14.083333333333334,55.0,0,0.0,0.0,37,37,607.2,551.2,0.0028162470186702537,0.09611612201550444,79.3,471.80106763096586,0,0,0,0,0,35,0.4589000999999939
test,108,switch,pd_theta_8,0f7beb589ea6d99fd896ee9d67ea63b6f04597403c0d5f0eab40d00dd758554b,d614dc2c93aad661ad18e0aa831660b20e8a0475d596c94a02bf265cfd026e15,720,685,685,0.9513888888888888,0.9513888888888888,720,69,35,36,53,15,19.458333333333332,61.0,0,0.0,0.0,39,39,607.2,551.2,0.0028162470186702537,0.09873179534923492,76.85,474.2484519576321,0,0,0,0,0,35,0.4952308999999957
test,108,switch,pd_theta_16,0f7beb589ea6d99fd896ee9d67ea63b6f04597403c0d5f0eab40d00dd758554b,96e888cdec7ce2dcf7e229ab588ccd564cbfa9254d5740dd58191350ba859539,720,685,685,0.9513888888888888,0.9513888888888888,720,69,35,36,53,0,20.625,66.5,0,0.0,0.0,39,39,607.2,551.2,0.0028162470186702537,0.0988885533834458,76.35,474.7482951995979,0,0,0,0,0,35,0.4825380999999993
test,108,switch,pd_dev_selected,0f7beb589ea6d99fd896ee9d67ea63b6f04597403c0d5f0eab40d00dd758554b,96e888cdec7ce2dcf7e229ab588ccd564cbfa9254d5740dd58191350ba859539,720,685,685,0.9513888888888888,0.9513888888888888,720,69,35,36,53,0,20.625,66.5,0,0.0,0.0,39,39,607.2,551.2,0.0028162470186702537,0.0988885533834458,76.35,474.7482951995979,0,0,0,0,0,35,0.4825380999999993
test,108,switch,pd_history,0f7beb589ea6d99fd896ee9d67ea63b6f04597403c0d5f0eab40d00dd758554b,1bc94e9f76994fc482cdd750ce9b0a628097e7a8d1981dbe08598080fcc20906,720,685,685,0.9513888888888888,0.9513888888888888,720,81,35,36,64,47,11.041666666666666,49.0,0,0.0,0.0,37,37,607.2,551.2,0.0028162470186702537,0.09431280972869344,80.05,471.05287094325263,0,0,0,0,0,35,0.4481999000000201
test,108,switch,no_control_interpretation,0f7beb589ea6d99fd896ee9d67ea63b6f04597403c0d5f0eab40d00dd758554b,07bd7cc4c1babcb6496ea1b0119ecb32d7dde2dce1f458846e22c9555e72354c,720,720,720,1.0,1.0,720,81,0,36,64,47,11.041666666666666,49.0,0,0.0,0.0,72,72,607.2,607.2,0.0029763716578584004,0.1042093874291765,86.35,520.7428142409129,0,0,0,0,0,0,0.4142165000000091
test,108,switch,no_pre_new_only,0f7beb589ea6d99fd896ee9d67ea63b6f04597403c0d5f0eab40d00dd758554b,43b289ca1ef02a4cf31fd9277741abe9f0e27479aa83e960f9b6dabb0c1cb668,720,253,253,0.35138888888888886,0.35138888888888886,720,253,355,0,154,154,0.0,9.5,0,0.0,0.0,0,0,607.2,122.8,0.0010437043786857482,0.06294980816781684,18.39,104.3460064874535,0,0,0,0,355,112,0.47488620000001447
test,108,switch,greedy_hard_cap,0f7beb589ea6d99fd896ee9d67ea63b6f04597403c0d5f0eab40d00dd758554b,f306e60cbb02e5f38f7ed2a420e034945dae4eb2225b663de27c0023d8b11401,720,651,651,0.9041666666666667,0.9041666666666667,720,71,69,36,45,25,17.916666666666668,50.0,0,0.0,0.0,0,0,607.2,496.8,0.0026862501571312918,0.020669095414193858,63.23,433.5466446544287,0,0,69,0,0,0,0.4867764999999906
test,109,high_tight,pd_theta_2,ff3a974cd061dcf76274e773e676dcda055875c49f2bd3cb6dca7190510135ad,95f5eeb7a6acd0101067452d839530898417530e13f49da082f9a18486c66d14,720,642,642,0.8916666666666667,0.8916666666666667,720,81,78,36,63,53,12.666666666666666,35.0,0,0.0,0.0,62,62,715.2,590.4,0.0026178424631114728,0.0756625880187742,67.56,522.7617195695182,0,0,0,0,0,78,0.4921162999999922
test,109,high_tight,pd_theta_4,ff3a974cd061dcf76274e773e676dcda055875c49f2bd3cb6dca7190510135ad,119009511984fab57939e21dbcb7490fd4cfb387826abe78a58576cba70adf9a,720,642,642,0.8916666666666667,0.8916666666666667,720,70,78,36,58,37,17.0,41.0,0,0.0,0.0,62,62,715.2,590.4,0.0026178424631114728,0.07647486834422636,66.41,523.9109072891927,0,0,0,0,0,78,0.5296380000000056
test,109,high_tight,pd_theta_8,ff3a974cd061dcf76274e773e676dcda055875c49f2bd3cb6dca7190510135ad,63c02a143bd45fdf9f3b1cec11704135f92d0989596bf56e5e4de4f6c8802493,720,642,642,0.8916666666666667,0.8916666666666667,720,61,78,36,52,17,20.791666666666668,48.0,0,0.0,0.0,62,62,715.2,590.4,0.0026178424631114728,0.08135886726149616,65.86,524.4560232902754,0,0,0,0,0,78,0.5001445999999987
test,109,high_tight,pd_theta_16,ff3a974cd061dcf76274e773e676dcda055875c49f2bd3cb6dca7190510135ad,142f76c40c88cbecb50fb6f1f82ccdc8be46429629b5c625b5e352c4d620d5c0,720,642,642,0.8916666666666667,0.8916666666666667,720,61,78,36,52,0,21.75,53.0,0,0.0,0.0,62,62,715.2,590.4,0.0026178424631114728,0.0793311972657827,65.75999999999999,524.5580509602712,0,0,0,0,0,78,0.44412189999999896
test,109,high_tight,pd_dev_selected,ff3a974cd061dcf76274e773e676dcda055875c49f2bd3cb6dca7190510135ad,142f76c40c88cbecb50fb6f1f82ccdc8be46429629b5c625b5e352c4d620d5c0,720,642,642,0.8916666666666667,0.8916666666666667,720,61,78,36,52,0,21.75,53.0,0,0.0,0.0,62,62,715.2,590.4,0.0026178424631114728,0.0793311972657827,65.75999999999999,524.5580509602712,0,0,0,0,0,78,0.44412189999999896
test,109,high_tight,pd_history,ff3a974cd061dcf76274e773e676dcda055875c49f2bd3cb6dca7190510135ad,95f5eeb7a6acd0101067452d839530898417530e13f49da082f9a18486c66d14,720,642,642,0.8916666666666667,0.8916666666666667,720,81,78,36,63,53,12.666666666666666,35.0,0,0.0,0.0,62,62,715.2,590.4,0.0026178424631114728,0.0756625880187742,67.56,522.7617195695182,0,0,0,0,0,78,0.5483001000000058
test,109,high_tight,no_control_interpretation,ff3a974cd061dcf76274e773e676dcda055875c49f2bd3cb6dca7190510135ad,e8be250373eee588f3a0f84ddffbced28cec5e37c87ccb6a7b6c88a13deab1f7,720,720,720,1.0,1.0,720,81,0,36,63,53,12.666666666666666,35.0,0,0.0,0.0,140,140,715.2,715.2,0.002954981727610835,0.09246602603001881,81.6,633.5045789922424,0,0,0,0,0,0,0.4574203999999895
test,109,high_tight,no_pre_new_only,ff3a974cd061dcf76274e773e676dcda055875c49f2bd3cb6dca7190510135ad,5ff3b6419d1f6b8c2f553eaf468d7da93854e487f28ebe8bd131ee9f083bdbce,720,355,355,0.4930555555555556,0.4930555555555556,720,355,356,0,202,202,0.0,9.0,0,0.0,0.0,0,0,715.2,142.0,0.0014806051265118766,0.08484053414206276,10.65,131.26367886073143,0,0,0,0,356,9,0.38887660000000324
test,109,high_tight,greedy_hard_cap,ff3a974cd061dcf76274e773e676dcda055875c49f2bd3cb6dca7190510135ad,9c740545727412ea2ce1479dc892831378fddaf5797a41047d7dcc2baaa29dc3,720,580,580,0.8055555555555556,0.8055555555555556,720,52,140,36,34,21,16.375,35.5,0,0.0,0.0,0,0,715.2,491.20000000000005,0.0023839850952556527,0.018432575490319094,49.8,441.3791834394145,0,0,140,0,0,0,0.49498570000000086
test,109,high_loose,pd_theta_2,3d61f39d92805bf22f34823a0e8fc8bb7779450832ac6bf830d33aebc2de096d,bbed414a6427f53fbe6d3ff1fa1e4b448422c3852d2a6722f0be8ce75f6e49ac,720,718,718,0.9972222222222222,0.9972222222222222,720,67,0,36,57,38,9.125,49.0,0,0.0,0.0,1,1,501.59999999999997,500.2,0.0029508536878554864,0.09079652646347379,90.14,409.96625261984866,0,0,0,0,0,2,0.4795694000000026
test,109,high_loose,pd_theta_4,3d61f39d92805bf22f34823a0e8fc8bb7779450832ac6bf830d33aebc2de096d,1f83b0c0b47c75f2f166c49113717a971f9e9fdeefe8ecb80b579900804bbb99,720,718,718,0.9972222222222222,0.9972222222222222,720,59,0,36,50,26,13.708333333333334,56.5,0,0.0,0.0,1,1,501.59999999999997,500.2,0.0029508536878554864,0.0864864290733736,90.09,410.02056271723876,0,0,0,0,0,2,0.4959433999999874
test,109,high_loose,pd_theta_8,3d61f39d92805bf22f34823a0e8fc8bb7779450832ac6bf830d33aebc2de096d,06f458ead865cd08b879633d9416c0063d07973d7e37d85cd641db8d16af3eae,720,718,718,0.9972222222222222,0.9972222222222222,720,58,0,36,49,9,18.166666666666668,68.5,0,0.0,0.0,1,1,501.59999999999997,500.2,0.0029508536878554864,0.08760769154468875,91.03999999999999,409.0694414547674,0,0,0,0,0,2,0.4672223000000031
test,109,high_loose,pd_theta_16,3d61f39d92805bf22f34823a0e8fc8bb7779450832ac6bf830d33aebc2de096d,e725477688d70dad6e0a90152dc036f4fb26986ced33c94ed45f41db9232a854,720,718,718,0.9972222222222222,0.9972222222222222,720,58,0,36,49,0,18.833333333333332,73.5,0,0.0,0.0,1,1,501.59999999999997,500.2,0.0029508536878554864,0.08710485923782005,91.03999999999999,409.0699442870743,0,0,0,0,0,2,0.7035955999999999
test,109,high_loose,pd_dev_selected,3d61f39d92805bf22f34823a0e8fc8bb7779450832ac6bf830d33aebc2de096d,e725477688d70dad6e0a90152dc036f4fb26986ced33c94ed45f41db9232a854,720,718,718,0.9972222222222222,0.9972222222222222,720,58,0,36,49,0,18.833333333333332,73.5,0,0.0,0.0,1,1,501.59999999999997,500.2,0.0029508536878554864,0.08710485923782005,91.03999999999999,409.0699442870743,0,0,0,0,0,2,0.7035955999999999
test,109,high_loose,pd_history,3d61f39d92805bf22f34823a0e8fc8bb7779450832ac6bf830d33aebc2de096d,bbed414a6427f53fbe6d3ff1fa1e4b448422c3852d2a6722f0be8ce75f6e49ac,720,718,718,0.9972222222222222,0.9972222222222222,720,67,0,36,57,38,9.125,49.0,0,0.0,0.0,1,1,501.59999999999997,500.2,0.0029508536878554864,0.09079652646347379,90.14,409.96625261984866,0,0,0,0,0,2,0.4458968000000141
test,109,high_loose,no_control_interpretation,3d61f39d92805bf22f34823a0e8fc8bb7779450832ac6bf830d33aebc2de096d,aa1afb0e943779125c4d0609c95a617e336b7350b119bcbb3ff1c1059bcbf444,720,720,720,1.0,1.0,720,67,0,36,57,38,9.125,49.0,0,0.0,0.0,3,3,501.59999999999997,501.59999999999997,0.002954981727610835,0.09132899892296178,90.5,411.0057160193494,0,0,0,0,0,0,0.43867020000001844
test,109,high_loose,no_pre_new_only,3d61f39d92805bf22f34823a0e8fc8bb7779450832ac6bf830d33aebc2de096d,eb5dce69118cce47a9732e28eff10b22776ff348c9566159f76638246ce08ca7,720,152,152,0.2111111111111111,0.2111111111111111,720,152,356,0,104,104,0.0,10.0,0,0.0,0.0,0,0,501.59999999999997,104.0,0.0006131180948879749,0.03657605144250831,26.16,77.8028108304626,0,0,0,0,356,212,0.38363970000000336
test,109,high_loose,greedy_hard_cap,3d61f39d92805bf22f34823a0e8fc8bb7779450832ac6bf830d33aebc2de096d,2473404995f425cc89b66d15a5f5a5f1e3be0d1793228e3c3f81752ed9b5330f,720,720,720,1.0,1.0,720,53,0,36,38,20,16.333333333333332,44.5,0,0.0,0.0,0,0,501.59999999999997,501.59999999999997,0.002954981727610835,0.026953706991208855,79.7,421.87009131128116,0,0,0,0,0,0,0.4441638999999782
test,109,random,pd_theta_2,406b6f72b270af1fbe705cb90e3330e722875b7862b0dbcfdbc78cfcde844b61,a56ddb4ed7de848facad8335728c0a1b4e23efa029c283f8a44b22a8f2f018be,720,717,717,0.9958333333333333,0.9958333333333333,720,92,0,36,76,55,12.875,51.5,0,0.0,0.0,4,4,602.4,600.3,0.0029390539222553347,0.11392004394169299,87.86,512.3231409021361,0,0,0,0,0,3,0.4257522999999992
test,109,random,pd_theta_4,406b6f72b270af1fbe705cb90e3330e722875b7862b0dbcfdbc78cfcde844b61,0c849bb6494167cb569585ed5e2fe6bfdfa3e7fe0ea2d4cbd83dd395b1cb98d4,720,717,717,0.9958333333333333,0.9958333333333333,720,80,0,36,69,39,18.666666666666668,60.0,0,0.0,0.0,4,4,602.4,600.3,0.0029390539222553347,0.11718550079888314,86.75999999999999,513.4198754452789,0,0,0,0,0,3,0.4181165999999905
test,109,random,pd_theta_8,406b6f72b270af1fbe705cb90e3330e722875b7862b0dbcfdbc78cfcde844b61,145c70318701c52a14822954960372d0bb614fbe59202f9bdbc203dcece6002f,720,717,717,0.9958333333333333,0.9958333333333333,720,72,0,36,61,12,24.541666666666668,72.0,0,0.0,0.0,4,4,602.4,600.3,0.0029390539222553347,0.1149201103763948,86.36,513.8221408357014,0,0,0,0,0,3,0.5118494000000169
test,109,random,pd_theta_16,406b6f72b270af1fbe705cb90e3330e722875b7862b0dbcfdbc78cfcde844b61,ab63eb2baa2b9297e0796f03c32d84ee370f8bc98b88e6cd12b91441d55bb8fd,720,717,717,0.9958333333333333,0.9958333333333333,720,71,0,36,60,0,25.333333333333332,76.5,0,0.0,0.0,4,4,602.4,600.3,0.0029390539222553347,0.11555074390405863,86.16,514.0215102021737,0,0,0,0,0,3,0.5703756000000055
test,109,random,pd_dev_selected,406b6f72b270af1fbe705cb90e3330e722875b7862b0dbcfdbc78cfcde844b61,ab63eb2baa2b9297e0796f03c32d84ee370f8bc98b88e6cd12b91441d55bb8fd,720,717,717,0.9958333333333333,0.9958333333333333,720,71,0,36,60,0,25.333333333333332,76.5,0,0.0,0.0,4,4,602.4,600.3,0.0029390539222553347,0.11555074390405863,86.16,514.0215102021737,0,0,0,0,0,3,0.5703756000000055
test,109,random,pd_history,406b6f72b270af1fbe705cb90e3330e722875b7862b0dbcfdbc78cfcde844b61,a56ddb4ed7de848facad8335728c0a1b4e23efa029c283f8a44b22a8f2f018be,720,717,717,0.9958333333333333,0.9958333333333333,720,92,0,36,76,55,12.875,51.5,0,0.0,0.0,4,4,602.4,600.3,0.0029390539222553347,0.11392004394169299,87.86,512.3231409021361,0,0,0,0,0,3,0.6143161999999904
test,109,random,no_control_interpretation,406b6f72b270af1fbe705cb90e3330e722875b7862b0dbcfdbc78cfcde844b61,c2fd2cd1541578b4156ec6e75e4dcb4371bc85be70db890df751e6107aa2eef3,720,720,720,1.0,1.0,720,93,0,36,77,56,12.875,51.5,0,0.0,0.0,3,3,602.4,602.4,0.002954981727610835,0.113222286066474,88.64999999999999,513.6338227322059,0,0,0,0,0,0,0.5419061999999997
test,109,random,no_pre_new_only,406b6f72b270af1fbe705cb90e3330e722875b7862b0dbcfdbc78cfcde844b61,8e60a152bd0a72ee8791857cb0fb018b07d480bf4f70576723a4f931a568a641,720,268,268,0.37222222222222223,0.37222222222222223,720,268,356,0,187,187,0.0,12.5,0,0.0,0.0,0,0,602.4,135.4,0.0011394140799960016,0.06698822288356422,22.14,113.19187236303644,0,0,0,0,356,96,0.4021137999999951
test,109,random,greedy_hard_cap,406b6f72b270af1fbe705cb90e3330e722875b7862b0dbcfdbc78cfcde844b61,cb2a560f295207a1f6c61dc0a539e031497704e664887fe6fb775ee49671ded9,720,711,711,0.9875,0.9875,720,59,9,36,46,23,19.083333333333332,46.5,0,0.0,0.0,0,0,602.4,588.0,0.0029299383645457764,0.011772707481048863,73.67999999999999,514.3052973541544,0,0,9,0,0,0,0.5928770999999813
test,109,switch,pd_theta_2,57b17592b3826d60763c4f782549f755ed73ff66dec3acdf6145bb7ca7032ca2,c2e458fab7c0adb57f8f2a905a865ceffcdea08c22d7426673ea36baa012e84a,720,681,681,0.9458333333333333,0.9458333333333333,720,79,38,36,64,46,10.375,47.0,0,0.0,0.0,37,37,608.4,546.9,0.0027924588164342924,0.0800302149427334,79.08,467.73717732624084,0,0,0,0,0,39,0.46087289999999825
test,109,switch,pd_theta_4,57b17592b3826d60763c4f782549f755ed73ff66dec3acdf6145bb7ca7032ca2,45f0c6fe987f29ccfce4830e1cef6794cf2614f61e9d43860b0324cc560dacf7,720,681,681,0.9458333333333333,0.9458333333333333,720,69,38,36,56,31,14.041666666666666,54.5,0,0.0,0.0,37,37,608.4,546.9,0.0027924588164342924,0.08205706396699256,78.17999999999999,468.6351504772166,0,0,0,0,0,39,0.42823139999998716
test,109,switch,pd_theta_8,57b17592b3826d60763c4f782549f755ed73ff66dec3acdf6145bb7ca7032ca2,d24a5d9487ed79ef5a1c9966b62c217587b32d27f5d50f54c63c7539c552881c,720,680,680,0.9444444444444444,0.9444444444444444,720,66,38,36,56,17,19.625,61.5,0,0.0,0.0,37,37,608.4,546.2,0.0027888867515870465,0.0914614774147879,75.64999999999999,470.4557496358336,0,0,0,0,0,40,0.44908029999999144
test,109,switch,pd_theta_16,57b17592b3826d60763c4f782549f755ed73ff66dec3acdf6145bb7ca7032ca2,d800ebbf74f0c58448b16ab975685b226fea577ffaeadd1b3f63045a15a9c316,720,680,680,0.9444444444444444,0.9444444444444444,720,65,38,36,55,0,20.791666666666668,67.0,0,0.0,0.0,37,37,608.4,546.2,0.0027888867515870465,0.08823392694123038,75.35,470.7589771863072,0,0,0,0,0,40,0.4396840999999938
test,109,switch,pd_dev_selected,57b17592b3826d60763c4f782549f755ed73ff66dec3acdf6145bb7ca7032ca2,d800ebbf74f0c58448b16ab975685b226fea577ffaeadd1b3f63045a15a9c316,720,680,680,0.9444444444444444,0.9444444444444444,720,65,38,36,55,0,20.791666666666668,67.0,0,0.0,0.0,37,37,608.4,546.2,0.0027888867515870465,0.08823392694123038,75.35,470.7589771863072,0,0,0,0,0,40,0.4396840999999938
test,109,switch,pd_history,57b17592b3826d60763c4f782549f755ed73ff66dec3acdf6145bb7ca7032ca2,c2e458fab7c0adb57f8f2a905a865ceffcdea08c22d7426673ea36baa012e84a,720,681,681,0.9458333333333333,0.9458333333333333,720,79,38,36,64,46,10.375,47.0,0,0.0,0.0,37,37,608.4,546.9,0.0027924588164342924,0.0800302149427334,79.08,467.73717732624084,0,0,0,0,0,39,0.4143334999999979
test,109,switch,no_control_interpretation,57b17592b3826d60763c4f782549f755ed73ff66dec3acdf6145bb7ca7032ca2,99ba85a2cefea86fded38d5c51fe6b62b23daaec4d1ab5a14914576e8ee4c636,720,720,720,1.0,1.0,720,79,0,36,64,46,10.375,47.0,0,0.0,0.0,76,76,608.4,608.4,0.002954981727610835,0.08701615073297962,86.1,522.2100288675394,0,0,0,0,0,0,0.49829610000000457
test,109,switch,no_pre_new_only,57b17592b3826d60763c4f782549f755ed73ff66dec3acdf6145bb7ca7032ca2,cc1591daff59b03e81f7872b3def40af909d4f628b4cee856b50289b4ae1cde8,720,252,252,0.35,0.35,720,252,356,0,155,155,0.0,10.0,0,0.0,0.0,0,0,608.4,122.4,0.0010451428349002455,0.05988495496163345,18.36,103.97906990220346,0,0,0,0,356,112,0.4370892000000026
test,109,switch,greedy_hard_cap,57b17592b3826d60763c4f782549f755ed73ff66dec3acdf6145bb7ca7032ca2,d7beb3fb9cb9119856fb673dd41f1fa1098f49fee1e5f80c1e4a544b0d1a6a42,720,650,650,0.9027777777777778,0.9027777777777778,720,67,70,36,42,21,17.5,46.0,0,0.0,0.0,0,0,608.4,496.4,0.002682372720234865,0.016425723484349987,62.55,433.8308919037954,0,0,70,0,0,0,0.4890034999999955
test,110,high_tight,pd_theta_2,aa7ce2bbececf537a46734effef606781ad69cd816b648294f3871c5ff4f81de,17c5fb8d743ec23f8358a6d1af4c46da9e21689f51d38d3c09995357a267ce07,720,636,636,0.8833333333333333,0.8833333333333333,720,82,84,36,61,50,12.416666666666666,35.5,0,0.0,0.0,56,56,714.0,579.6,0.0025558293062349527,0.06557265118192403,66.42999999999999,513.1018715195119,0,0,0,0,0,84,0.4453107000000216
test,110,high_tight,pd_theta_4,aa7ce2bbececf537a46734effef606781ad69cd816b648294f3871c5ff4f81de,8170531bf007be7682e9ea5a5f239eca263e6d38e85cbee05fa76c91473f9d78,720,636,636,0.8833333333333333,0.8833333333333333,720,73,84,36,58,33,16.791666666666668,41.5,0,0.0,0.0,56,56,714.0,579.6,0.0025558293062349527,0.07181100635093045,65.13,514.3956331643428,0,0,0,0,0,84,0.4259654000000239
test,110,high_tight,pd_theta_8,aa7ce2bbececf537a46734effef606781ad69cd816b648294f3871c5ff4f81de,dc618aa729ef979c0a27cde0bc2ca4dd6b9a39cf01a37c6160c98d25f3a0caa8,720,636,636,0.8833333333333333,0.8833333333333333,720,65,84,36,54,14,21.375,49.5,0,0.0,0.0,56,56,714.0,579.6,0.0025558293062349527,0.0735674236756468,64.42999999999999,515.0938767470182,0,0,0,0,0,84,0.5531457999999816
test,110,high_tight,pd_theta_16,aa7ce2bbececf537a46734effef606781ad69cd816b648294f3871c5ff4f81de,c1ac95ab17f203aa305aced1a20e08c5a84211bed81cbb573478f420677e77f5,720,636,636,0.8833333333333333,0.8833333333333333,720,63,84,36,52,0,22.0,53.0,0,0.0,0.0,56,56,714.0,579.6,0.0025558293062349527,0.07267720347773957,64.38,515.1447669672161,0,0,0,0,0,84,0.5004642000000104
test,110,high_tight,pd_dev_selected,aa7ce2bbececf537a46734effef606781ad69cd816b648294f3871c5ff4f81de,c1ac95ab17f203aa305aced1a20e08c5a84211bed81cbb573478f420677e77f5,720,636,636,0.8833333333333333,0.8833333333333333,720,63,84,36,52,0,22.0,53.0,0,0.0,0.0,56,56,714.0,579.6,0.0025558293062349527,0.07267720347773957,64.38,515.1447669672161,0,0,0,0,0,84,0.5004642000000104
test,110,high_tight,pd_history,aa7ce2bbececf537a46734effef606781ad69cd816b648294f3871c5ff4f81de,17c5fb8d743ec23f8358a6d1af4c46da9e21689f51d38d3c09995357a267ce07,720,636,636,0.8833333333333333,0.8833333333333333,720,82,84,36,61,50,12.416666666666666,35.5,0,0.0,0.0,56,56,714.0,579.6,0.0025558293062349527,0.06557265118192403,66.42999999999999,513.1018715195119,0,0,0,0,0,84,0.7587043000000051
test,110,high_tight,no_control_interpretation,aa7ce2bbececf537a46734effef606781ad69cd816b648294f3871c5ff4f81de,a1f9e85ffb95e5c588a67c820e86884039383a7f9f3cf61e8fb73079fba22341,720,720,720,1.0,1.0,720,82,0,36,61,50,12.416666666666666,35.5,0,0.0,0.0,140,140,714.0,714.0,0.002940785519563544,0.08087956710764001,81.55,632.3661796473729,0,0,0,0,0,0,0.5477031000000068
test,110,high_tight,no_pre_new_only,aa7ce2bbececf537a46734effef606781ad69cd816b648294f3871c5ff4f81de,17aee08beab0e01a967c68369bfcc7f00bc5f3ceb260cae289e7f44a634e8642,720,356,356,0.49444444444444446,0.49444444444444446,720,356,355,0,203,203,0.0,9.5,0,0.0,0.0,0,0,714.0,142.4,0.001451240616351192,0.0854980574144863,10.68,131.63305070196918,0,0,0,0,355,9,0.6220066999999858
test,110,high_tight,greedy_hard_cap,aa7ce2bbececf537a46734effef606781ad69cd816b648294f3871c5ff4f81de,d64890328a446689f1420c048cee43a31eb1be1addc88072146f30d8bf9f2147,720,580,580,0.8055555555555556,0.8055555555555556,720,51,140,36,32,20,16.291666666666668,36.0,0,0.0,0.0,0,0,714.0,490.0,0.0023677676420847883,0.014009213094401193,49.65,440.33362301926354,0,0,140,0,0,0,0.5785621999999933
test,110,high_loose,pd_theta_2,59d863b9f8e45bd5f21df53bcf57bf34dfa5bc2ea92532a9f8b3cece4b25fab2,a08e70e3b40e81a5294aa73f4d0628c9af5adb050901982dc448c9459b08ced2,720,718,718,0.9972222222222222,0.9972222222222222,720,69,0,36,58,45,9.75,50.0,0,0.0,0.0,0,0,500.99999999999994,499.59999999999997,0.0029293681405470795,0.0872408815785054,90.94,408.5698297502809,0,0,0,0,0,2,0.5588673000000028
test,110,high_loose,pd_theta_4,59d863b9f8e45bd5f21df53bcf57bf34dfa5bc2ea92532a9f8b3cece4b25fab2,047f2b1a03cd250e029feb9762fb4f0923d548dd18d0c9d366f1b39ad6dd17df,720,718,718,0.9972222222222222,0.9972222222222222,720,56,0,36,51,24,14.0,57.0,0,0.0,0.0,0,0,500.99999999999994,499.59999999999997,0.0029293681405470795,0.09118433506325833,91.44,408.0658862967962,0,0,0,0,0,2,0.4959656000000052
test,110,high_loose,pd_theta_8,59d863b9f8e45bd5f21df53bcf57bf34dfa5bc2ea92532a9f8b3cece4b25fab2,cf054d8e630fc991bac3ddd9df1f20bf4671ff772ce6b7b93bc001d1ce9d35cc,720,718,718,0.9972222222222222,0.9972222222222222,720,53,0,36,48,7,18.166666666666668,69.0,0,0.0,0.0,0,0,500.99999999999994,499.59999999999997,0.0029293681405470795,0.09652892706761267,91.74,407.7605417047918,0,0,0,0,0,2,0.6195180999999934
test,110,high_loose,pd_theta_16,59d863b9f8e45bd5f21df53bcf57bf34dfa5bc2ea92532a9f8b3cece4b25fab2,6dc7f62178942c4c89a88e3ca91b5833d02d6eba64ab13c8f2c5bf691c296d55,720,718,718,0.9972222222222222,0.9972222222222222,720,53,0,36,48,0,18.666666666666668,73.0,0,0.0,0.0,0,0,500.99999999999994,499.59999999999997,0.0029293681405470795,0.09681697088710255,91.74,407.7602536609723,0,0,0,0,0,2,0.5543911999999978
test,110,high_loose,pd_dev_selected,59d863b9f8e45bd5f21df53bcf57bf34dfa5bc2ea92532a9f8b3cece4b25fab2,6dc7f62178942c4c89a88e3ca91b5833d02d6eba64ab13c8f2c5bf691c296d55,720,718,718,0.9972222222222222,0.9972222222222222,720,53,0,36,48,0,18.666666666666668,73.0,0,0.0,0.0,0,0,500.99999999999994,499.59999999999997,0.0029293681405470795,0.09681697088710255,91.74,407.7602536609723,0,0,0,0,0,2,0.5543911999999978
test,110,high_loose,pd_history,59d863b9f8e45bd5f21df53bcf57bf34dfa5bc2ea92532a9f8b3cece4b25fab2,a08e70e3b40e81a5294aa73f4d0628c9af5adb050901982dc448c9459b08ced2,720,718,718,0.9972222222222222,0.9972222222222222,720,69,0,36,58,45,9.75,50.0,0,0.0,0.0,0,0,500.99999999999994,499.59999999999997,0.0029293681405470795,0.0872408815785054,90.94,408.5698297502809,0,0,0,0,0,2,0.5098234999999818
test,110,high_loose,no_control_interpretation,59d863b9f8e45bd5f21df53bcf57bf34dfa5bc2ea92532a9f8b3cece4b25fab2,235062384bde77c63c76bc80c52f5fe8d399a594d76c62798f540054ef3aee1c,720,720,720,1.0,1.0,720,69,0,36,58,45,9.75,50.0,0,0.0,0.0,2,2,500.99999999999994,500.99999999999994,0.002940785519563544,0.08752862915869802,91.3,409.6095305853217,0,0,0,0,0,0,0.9476958000000195
test,110,high_loose,no_pre_new_only,59d863b9f8e45bd5f21df53bcf57bf34dfa5bc2ea92532a9f8b3cece4b25fab2,0e035b18bc763506ed84d99d586d5d135411b111d490f55a9a67710c93af5aab,720,154,154,0.21388888888888888,0.21388888888888888,720,154,355,0,108,108,0.0,10.0,0,0.0,0.0,0,0,500.99999999999994,104.8,0.0006194989051044884,0.032244244777922815,26.22,78.54713625631697,0,0,0,0,355,211,0.5831094000000121
test,110,high_loose,greedy_hard_cap,59d863b9f8e45bd5f21df53bcf57bf34dfa5bc2ea92532a9f8b3cece4b25fab2,9788451870fa24fef8c9091f937ab00981ff30c6486d2ad2bf74acc1789b5d2c,720,720,720,1.0,1.0,720,58,0,36,42,22,16.791666666666668,46.5,0,0.0,0.0,0,0,500.99999999999994,500.99999999999994,0.002940785519563544,0.0302152917264199,78.6,422.36684392275396,0,0,0,0,0,0,0.6810231999999985
test,110,random,pd_theta_2,1c2033bdbf87992b6e59ebcd2cc3c09396f40e94956f4a991e657d3aca160241,eef7368bc5d8fb0402c3207bcb854549c31ea7a62da669b69e832bead03881f6,720,717,717,0.9958333333333333,0.9958333333333333,720,94,0,36,77,58,12.75,53.0,0,0.0,0.0,9,9,604.8,602.7,0.00292500167830029,0.10751590359552887,87.56,515.0295590947262,0,0,0,0,0,3,0.6614509999999996
test,110,random,pd_theta_4,1c2033bdbf87992b6e59ebcd2cc3c09396f40e94956f4a991e657d3aca160241,04e475401b966d9822df4746582b4c7266692071659d6264e06d3961a672797f,720,720,720,1.0,1.0,720,80,0,36,66,38,18.708333333333332,62.0,0,0.0,0.0,9,9,604.8,604.8,0.002940785519563544,0.11165560215264926,87.85,516.8354036123278,0,0,0,0,0,0,0.5021801000000039
test,110,random,pd_theta_8,1c2033bdbf87992b6e59ebcd2cc3c09396f40e94956f4a991e657d3aca160241,0a50e197b1d4502378c0d324bc92a2707c1533f30e2f4b22401cead0de48795b,720,718,718,0.9972222222222222,0.9972222222222222,720,68,0,36,59,10,23.416666666666668,71.0,0,0.0,0.0,9,9,604.8,603.4,0.0029318064010278254,0.11346501008186456,87.14,516.1436031835171,0,0,0,0,0,2,0.600626300000016
test,110,random,pd_theta_16,1c2033bdbf87992b6e59ebcd2cc3c09396f40e94956f4a991e657d3aca160241,437a0a2426996b894bfbc410417a8f97e7d4409f2391db7be9792512e08ed617,720,718,718,0.9972222222222222,0.9972222222222222,720,68,0,36,59,0,24.333333333333332,76.0,0,0.0,0.0,9,9,604.8,603.4,0.0029318064010278254,0.11367437519125617,87.03999999999999,516.2433938184078,0,0,0,0,0,2,0.49247950000000174
test,110,random,pd_dev_selected,1c2033bdbf87992b6e59ebcd2cc3c09396f40e94956f4a991e657d3aca160241,437a0a2426996b894bfbc410417a8f97e7d4409f2391db7be9792512e08ed617,720,718,718,0.9972222222222222,0.9972222222222222,720,68,0,36,59,0,24.333333333333332,76.0,0,0.0,0.0,9,9,604.8,603.4,0.0029318064010278254,0.11367437519125617,87.03999999999999,516.2433938184078,0,0,0,0,0,2,0.49247950000000174
test,110,random,pd_history,1c2033bdbf87992b6e59ebcd2cc3c09396f40e94956f4a991e657d3aca160241,eef7368bc5d8fb0402c3207bcb854549c31ea7a62da669b69e832bead03881f6,720,717,717,0.9958333333333333,0.9958333333333333,720,94,0,36,77,58,12.75,53.0,0,0.0,0.0,9,9,604.8,602.7,0.00292500167830029,0.10751590359552887,87.56,515.0295590947262,0,0,0,0,0,3,0.6539496999999983
test,110,random,no_control_interpretation,1c2033bdbf87992b6e59ebcd2cc3c09396f40e94956f4a991e657d3aca160241,5aef9b6811cd26f82673c814e2f4fba4c187aa7050a88a66fd965539ce0cdfe9,720,720,720,1.0,1.0,720,97,0,36,77,58,12.75,53.0,0,0.0,0.0,9,9,604.8,604.8,0.002940785519563544,0.10785613973190564,88.1,516.5892030747485,0,0,0,0,0,0,0.5746905000000027
test,110,random,no_pre_new_only,1c2033bdbf87992b6e59ebcd2cc3c09396f40e94956f4a991e657d3aca160241,ef32c685bb3c21916ecc5486ebbb196c9551749bf204e78191af8e681bfb601a,720,272,272,0.37777777777777777,0.37777777777777777,720,272,355,0,186,186,0.0,12.0,0,0.0,0.0,0,0,604.8,138.2,0.0011671220244501269,0.06490713649701685,22.86,115.27392574147854,0,0,0,0,355,93,0.580305199999998
test,110,random,greedy_hard_cap,1c2033bdbf87992b6e59ebcd2cc3c09396f40e94956f4a991e657d3aca160241,62cba1d3e3aee1ade6da86c1d34e82236f64221d5018f8e7c65fe69e9779af8b,720,711,711,0.9875,0.9875,720,64,9,36,49,28,19.333333333333332,49.5,0,0.0,0.0,0,0,604.8,590.4,0.002904382517819718,0.014822489430713879,73.38,517.0022731280515,0,0,9,0,0,0,0.6368158000000221
test,110,switch,pd_theta_2,0311ff007e2725eb7ee4c7b9f1052dc01f3c2a0cbadfcc5891f13f25110d2784,bbd128338a16a9001ee8a62c1503291ae79b686123018149463cf78739b6d77f,720,677,677,0.9402777777777778,0.9402777777777778,720,79,42,36,62,49,10.75,50.0,0,0.0,0.0,29,29,607.2,539.3,0.0027387968425398672,0.07931398287145376,78.46,460.75794722028604,0,0,0,0,0,43,0.5236104999999895
test,110,switch,pd_theta_4,0311ff007e2725eb7ee4c7b9f1052dc01f3c2a0cbadfcc5891f13f25110d2784,90d2d11243b041c62f5b32af7caa9f0b0aa27ddc21fdd346cbb8e724666ed10a,720,677,677,0.9402777777777778,0.9402777777777778,720,73,42,36,58,30,15.125,55.5,0,0.0,0.0,29,29,607.2,539.3,0.0027387968425398672,0.08312937186856546,77.25999999999999,461.9541318312889,0,0,0,0,0,43,0.7260708999999963
test,110,switch,pd_theta_8,0311ff007e2725eb7ee4c7b9f1052dc01f3c2a0cbadfcc5891f13f25110d2784,c70fa7834b18ed0eba306b7ce9a08b8eacee81113a1e593868cb9a30c631ecf4,720,675,675,0.9375,0.9375,720,69,42,36,57,17,20.5,63.5,0,0.0,0.0,30,30,607.2,537.9,0.0027269921246480698,0.09241027007679248,74.8,463.0048627377986,0,0,0,0,0,45,0.5892386999999815
test,110,switch,pd_theta_16,0311ff007e2725eb7ee4c7b9f1052dc01f3c2a0cbadfcc5891f13f25110d2784,73682e9cc7f1d40dee5e89ef20ccfba98cac45854fd643c910cf2d8accb5b0db,720,675,675,0.9375,0.9375,720,69,42,36,57,0,21.541666666666668,69.0,0,0.0,0.0,30,30,607.2,537.9,0.0027269921246480698,0.09170943485443356,74.7,463.1055635730209,0,0,0,0,0,45,0.5170918999999969
test,110,switch,pd_dev_selected,0311ff007e2725eb7ee4c7b9f1052dc01f3c2a0cbadfcc5891f13f25110d2784,73682e9cc7f1d40dee5e89ef20ccfba98cac45854fd643c910cf2d8accb5b0db,720,675,675,0.9375,0.9375,720,69,42,36,57,0,21.541666666666668,69.0,0,0.0,0.0,30,30,607.2,537.9,0.0027269921246480698,0.09170943485443356,74.7,463.1055635730209,0,0,0,0,0,45,0.5170918999999969
test,110,switch,pd_history,0311ff007e2725eb7ee4c7b9f1052dc01f3c2a0cbadfcc5891f13f25110d2784,bbd128338a16a9001ee8a62c1503291ae79b686123018149463cf78739b6d77f,720,677,677,0.9402777777777778,0.9402777777777778,720,79,42,36,62,49,10.75,50.0,0,0.0,0.0,29,29,607.2,539.3,0.0027387968425398672,0.07931398287145376,78.46,460.75794722028604,0,0,0,0,0,43,0.6280366999999956
test,110,switch,no_control_interpretation,0311ff007e2725eb7ee4c7b9f1052dc01f3c2a0cbadfcc5891f13f25110d2784,4b86ffa8557273a264eeea5995c03c9024fd706aca947518a87dbb099b7c86a5,720,720,720,1.0,1.0,720,79,0,36,62,49,10.75,50.0,0,0.0,0.0,72,72,607.2,607.2,0.002940785519563544,0.08653162173780321,86.2,520.9105275927426,0,0,0,0,0,0,0.6967596000000071
test,110,switch,no_pre_new_only,0311ff007e2725eb7ee4c7b9f1052dc01f3c2a0cbadfcc5891f13f25110d2784,3d70f939fdf8ce0f6bad2a11ea93a36201d0fc98d9fc9fbc14a38ac1dad1dd17,720,259,259,0.3597222222222222,0.3597222222222222,720,259,355,0,156,156,0.0,9.5,0,0.0,0.0,0,0,607.2,125.2,0.0010633272388260219,0.06111218365564478,18.57,106.56782448910553,0,0,0,0,355,106,0.48045540000001097
test,110,switch,greedy_hard_cap,0311ff007e2725eb7ee4c7b9f1052dc01f3c2a0cbadfcc5891f13f25110d2784,0a039ca50cd4d0f7d2d1926607f9aa18dbd2a676a4c1b67d6e6f0ae537b76ae3,720,651,651,0.9041666666666667,0.9041666666666667,720,70,69,36,46,23,17.666666666666668,48.5,0,0.0,0.0,0,0,607.2,496.8,0.002655185363005067,0.018562365185972356,62.73,434.04878244945104,0,0,69,0,0,0,0.5628353999999831
