seed,scenario,policy,slot,requests,profit,qualified_ratio,idle_vcpu,resource_violation_vcpu,warm_slot_violation
101,high_tight,pd_theta_2,0,60,43.71180314357,0.9333333333333333,2.0,0.0,5
101,high_tight,pd_theta_2,1,60,43.98470742473559,0.8666666666666667,12.0,0.0,6
101,high_tight,pd_theta_2,2,60,46.605582508047014,0.8833333333333333,16.0,0.0,8
101,high_tight,pd_theta_2,3,60,44.58379902335816,0.95,12.0,0.0,5
101,high_tight,pd_theta_2,4,60,44.3550387662773,0.8833333333333333,14.0,0.0,6
101,high_tight,pd_theta_2,5,60,45.4629874214637,0.9333333333333333,14.0,0.0,6
101,high_tight,pd_theta_2,6,60,42.25313658827016,0.8833333333333333,13.5,0.0,4
101,high_tight,pd_theta_2,7,60,44.72224165746602,0.9,13.5,0.0,6
101,high_tight,pd_theta_2,8,60,42.79151994783288,0.9166666666666666,12.0,0.0,4
101,high_tight,pd_theta_2,9,60,42.24695215129033,0.8333333333333334,15.0,0.0,5
101,high_tight,pd_theta_2,10,60,44.67385575000534,0.9,14.0,0.0,6
101,high_tight,pd_theta_2,11,60,41.93323035437709,0.8666666666666667,15.0,0.0,4
101,high_tight,pd_theta_4,0,60,43.71180314357,0.9333333333333333,2.0,0.0,5
101,high_tight,pd_theta_4,1,60,43.98470742473559,0.8666666666666667,12.0,0.0,6
101,high_tight,pd_theta_4,2,60,46.605582508047014,0.8833333333333333,16.0,0.0,8
101,high_tight,pd_theta_4,3,60,44.58229885663019,0.95,15.0,0.0,5
101,high_tight,pd_theta_4,4,60,44.405264392989494,0.8833333333333333,20.0,0.0,6
101,high_tight,pd_theta_4,5,60,45.41353824835415,0.9333333333333333,17.5,0.0,6
101,high_tight,pd_theta_4,6,60,42.30159892958813,0.8833333333333333,18.5,0.0,4
101,high_tight,pd_theta_4,7,60,44.72204955971094,0.9,18.0,0.0,6
101,high_tight,pd_theta_4,8,60,42.843117184434334,0.9166666666666666,16.5,0.0,4
101,high_tight,pd_theta_4,9,60,42.345346202345006,0.8333333333333334,19.5,0.0,5
101,high_tight,pd_theta_4,10,60,44.87359372064341,0.9,19.5,0.0,6
101,high_tight,pd_theta_4,11,60,41.9844634253214,0.8666666666666667,19.5,0.0,4
101,high_tight,pd_theta_8,0,60,43.71180314357,0.9333333333333333,2.0,0.0,5
101,high_tight,pd_theta_8,1,60,43.98470742473559,0.8666666666666667,12.0,0.0,6
101,high_tight,pd_theta_8,2,60,46.605582508047014,0.8833333333333333,16.0,0.0,8
101,high_tight,pd_theta_8,3,60,44.58229885663019,0.95,15.0,0.0,5
101,high_tight,pd_theta_8,4,60,44.405264392989494,0.8833333333333333,20.0,0.0,6
101,high_tight,pd_theta_8,5,60,45.5123757494901,0.9333333333333333,22.0,0.0,6
101,high_tight,pd_theta_8,6,60,42.35122452375805,0.8833333333333333,24.0,0.0,4
101,high_tight,pd_theta_8,7,60,44.77338171554939,0.9,26.0,0.0,6
101,high_tight,pd_theta_8,8,60,43.143340515594744,0.9166666666666666,26.5,0.0,4
101,high_tight,pd_theta_8,9,60,42.394680210663715,0.8333333333333334,29.5,0.0,5
101,high_tight,pd_theta_8,10,60,44.87313988814659,0.9,28.0,0.0,6
101,high_tight,pd_theta_8,11,60,42.03304226461198,0.8666666666666667,27.0,0.0,4
101,high_tight,pd_theta_16,0,60,43.71180314357,0.9333333333333333,2.0,0.0,5
101,high_tight,pd_theta_16,1,60,43.98470742473559,0.8666666666666667,12.0,0.0,6
101,high_tight,pd_theta_16,2,60,46.605582508047014,0.8833333333333333,16.0,0.0,8
101,high_tight,pd_theta_16,3,60,44.58229885663019,0.95,15.0,0.0,5
101,high_tight,pd_theta_16,4,60,44.405264392989494,0.8833333333333333,20.0,0.0,6
101,high_tight,pd_theta_16,5,60,45.5123757494901,0.9333333333333333,22.0,0.0,6
101,high_tight,pd_theta_16,6,60,42.35122452375805,0.8833333333333333,24.0,0.0,4
101,high_tight,pd_theta_16,7,60,44.77338171554939,0.9,26.0,0.0,6
101,high_tight,pd_theta_16,8,60,43.143340515594744,0.9166666666666666,26.5,0.0,4
101,high_tight,pd_theta_16,9,60,42.39490402284097,0.8333333333333334,31.0,0.0,5
101,high_tight,pd_theta_16,10,60,44.874369467288446,0.9,30.5,0.0,6
101,high_tight,pd_theta_16,11,60,42.13286272817774,0.8666666666666667,32.0,0.0,4
101,high_tight,pd_history,0,60,43.71180314357,0.9333333333333333,2.0,0.0,5
101,high_tight,pd_history,1,60,43.98470742473559,0.8666666666666667,12.0,0.0,6
101,high_tight,pd_history,2,60,46.605582508047014,0.8833333333333333,16.0,0.0,8
101,high_tight,pd_history,3,60,44.58379902335816,0.95,12.0,0.0,5
101,high_tight,pd_history,4,60,44.3550387662773,0.8833333333333333,14.0,0.0,6
101,high_tight,pd_history,5,60,45.4629874214637,0.9333333333333333,14.0,0.0,6
101,high_tight,pd_history,6,60,42.25313658827016,0.8833333333333333,13.5,0.0,4
101,high_tight,pd_history,7,60,44.72224165746602,0.9,13.5,0.0,6
101,high_tight,pd_history,8,60,42.79151994783288,0.9166666666666666,12.0,0.0,4
101,high_tight,pd_history,9,60,42.24695215129033,0.8333333333333334,15.0,0.0,5
101,high_tight,pd_history,10,60,44.67385575000534,0.9,14.0,0.0,6
101,high_tight,pd_history,11,60,41.93323035437709,0.8666666666666667,15.0,0.0,4
101,high_tight,no_control_interpretation,0,60,49.391580171491825,1.0,2.0,0.0,9
101,high_tight,no_control_interpretation,1,60,55.34245372795393,1.0,12.0,0.0,14
101,high_tight,no_control_interpretation,2,60,56.54399310383504,1.0,16.0,0.0,15
101,high_tight,no_control_interpretation,3,60,48.843282620283986,1.0,12.0,0.0,8
101,high_tight,no_control_interpretation,4,60,54.29364197101798,1.0,14.0,0.0,13
101,high_tight,no_control_interpretation,5,60,51.141778424546395,1.0,14.0,0.0,10
101,high_tight,no_control_interpretation,6,60,52.19235290476577,1.0,13.5,0.0,11
101,high_tight,no_control_interpretation,7,60,53.240477839925845,1.0,13.5,0.0,12
101,high_tight,no_control_interpretation,8,60,49.88994339335215,1.0,12.0,0.0,9
101,high_tight,no_control_interpretation,9,60,56.44376625611829,1.0,15.0,0.0,15
101,high_tight,no_control_interpretation,10,60,53.1930856168488,1.0,14.0,0.0,12
101,high_tight,no_control_interpretation,11,60,53.29177144913475,1.0,15.0,0.0,12
101,high_tight,no_pre_new_only,0,60,11.831840808809927,0.5333333333333333,0,0.0,0
101,high_tight,no_pre_new_only,1,60,10.353801916778592,0.4666666666666667,0,0.0,0
101,high_tight,no_pre_new_only,2,60,9.984504258465371,0.45,0,0.0,0
101,high_tight,no_pre_new_only,3,60,11.832057342228044,0.5333333333333333,0,0.0,0
101,high_tight,no_pre_new_only,4,60,10.723400580465405,0.48333333333333334,0,0.0,0
101,high_tight,no_pre_new_only,5,60,11.834412967671238,0.5333333333333333,0,0.0,0
101,high_tight,no_pre_new_only,6,60,11.463636476603053,0.5166666666666667,0,0.0,0
101,high_tight,no_pre_new_only,7,60,11.095805311270077,0.5,0,0.0,0
101,high_tight,no_pre_new_only,8,60,11.831093404002756,0.5333333333333333,0,0.0,0
101,high_tight,no_pre_new_only,9,60,9.981917428435459,0.45,0,0.0,0
101,high_tight,no_pre_new_only,10,60,11.094363881315822,0.5,0,0.0,0
101,high_tight,no_pre_new_only,11,60,11.09129210538866,0.5,0,0.0,0
101,high_tight,greedy_hard_cap,0,60,37.76683562035867,0.85,13.5,0.0,0
101,high_tight,greedy_hard_cap,1,60,35.918015346731266,0.7666666666666667,16.5,0.0,0
101,high_tight,greedy_hard_cap,2,60,35.54856250628513,0.75,16.5,0.0,0
101,high_tight,greedy_hard_cap,3,60,38.13818354744342,0.8666666666666667,15.0,0.0,0
101,high_tight,greedy_hard_cap,4,60,36.288467893895806,0.7833333333333333,17.0,0.0,0
101,high_tight,greedy_hard_cap,5,60,37.39800941625621,0.8333333333333334,16.5,0.0,0
101,high_tight,greedy_hard_cap,6,60,37.027659365761245,0.8166666666666667,16.5,0.0,0
101,high_tight,greedy_hard_cap,7,60,36.65698420822557,0.8,16.5,0.0,0
101,high_tight,greedy_hard_cap,8,60,37.76714443869534,0.85,15.5,0.0,0
101,high_tight,greedy_hard_cap,9,60,35.54817907604697,0.75,17.5,0.0,0
101,high_tight,greedy_hard_cap,10,60,36.65841777102284,0.8,16.0,0.0,0
101,high_tight,greedy_hard_cap,11,60,36.65698706036115,0.8,16.0,0.0,0
101,high_loose,pd_theta_2,0,60,34.79338405332802,1.0,0,0.0,0
101,high_loose,pd_theta_2,1,60,33.541416836273996,1.0,2.0,0.0,0
101,high_loose,pd_theta_2,2,60,34.190778855394534,1.0,11.5,0.0,0
101,high_loose,pd_theta_2,3,60,34.19205229977703,1.0,14.0,0.0,0
101,high_loose,pd_theta_2,4,60,34.29157787192837,1.0,10.0,0.0,0
101,high_loose,pd_theta_2,5,60,33.692757493037846,1.0,11.0,0.0,0
101,high_loose,pd_theta_2,6,60,34.59251753081128,1.0,14.5,0.0,0
101,high_loose,pd_theta_2,7,60,33.43834534994645,1.0,7.5,0.0,0
101,high_loose,pd_theta_2,8,60,34.79115465998615,1.0,13.0,0.0,0
101,high_loose,pd_theta_2,9,60,34.19054099390562,1.0,12.0,0.0,0
101,high_loose,pd_theta_2,10,60,34.54087205954561,1.0,11.0,0.0,0
101,high_loose,pd_theta_2,11,60,34.338904760165065,1.0,11.0,0.0,0
101,high_loose,pd_theta_4,0,60,34.79338405332802,1.0,0,0.0,0
101,high_loose,pd_theta_4,1,60,33.541416836273996,1.0,2.0,0.0,0
101,high_loose,pd_theta_4,2,60,34.190778855394534,1.0,11.5,0.0,0
101,high_loose,pd_theta_4,3,60,34.19205229977703,1.0,14.0,0.0,0
101,high_loose,pd_theta_4,4,60,34.29259395431854,1.0,17.0,0.0,0
101,high_loose,pd_theta_4,5,60,33.84303052436564,1.0,22.0,0.0,0
101,high_loose,pd_theta_4,6,60,34.591119620127905,1.0,22.0,0.0,0
101,high_loose,pd_theta_4,7,60,33.58938313865517,1.0,18.0,0.0,0
101,high_loose,pd_theta_4,8,60,34.540986296233,1.0,22.0,0.0,0
101,high_loose,pd_theta_4,9,60,34.190110878250735,1.0,18.0,0.0,0
101,high_loose,pd_theta_4,10,60,34.39119988153049,1.0,16.0,0.0,0
101,high_loose,pd_theta_4,11,60,34.33973844008034,1.0,16.0,0.0,0
101,high_loose,pd_theta_8,0,60,34.79338405332802,1.0,0,0.0,0
101,high_loose,pd_theta_8,1,60,33.541416836273996,1.0,2.0,0.0,0
101,high_loose,pd_theta_8,2,60,34.190778855394534,1.0,11.5,0.0,0
101,high_loose,pd_theta_8,3,60,34.19205229977703,1.0,14.0,0.0,0
101,high_loose,pd_theta_8,4,60,34.29259395431854,1.0,17.0,0.0,0
101,high_loose,pd_theta_8,5,60,33.84303052436564,1.0,22.0,0.0,0
101,high_loose,pd_theta_8,6,60,34.49162626280993,1.0,26.0,0.0,0
101,high_loose,pd_theta_8,7,60,33.58787502363976,1.0,26.0,0.0,0
101,high_loose,pd_theta_8,8,60,34.48993363195312,1.0,33.0,0.0,0
101,high_loose,pd_theta_8,9,60,34.190106858012356,1.0,35.0,0.0,0
101,high_loose,pd_theta_8,10,60,34.09027900603506,1.0,34.0,0.0,0
101,high_loose,pd_theta_8,11,60,34.38727472748697,1.0,34.0,0.0,0
101,high_loose,pd_theta_16,0,60,34.79338405332802,1.0,0,0.0,0
101,high_loose,pd_theta_16,1,60,33.541416836273996,1.0,2.0,0.0,0
101,high_loose,pd_theta_16,2,60,34.190778855394534,1.0,11.5,0.0,0
101,high_loose,pd_theta_16,3,60,34.19205229977703,1.0,14.0,0.0,0
101,high_loose,pd_theta_16,4,60,34.29259395431854,1.0,17.0,0.0,0
101,high_loose,pd_theta_16,5,60,33.84303052436564,1.0,22.0,0.0,0
101,high_loose,pd_theta_16,6,60,34.49162626280993,1.0,26.0,0.0,0
101,high_loose,pd_theta_16,7,60,33.58787502363976,1.0,26.0,0.0,0
101,high_loose,pd_theta_16,8,60,34.48993363195312,1.0,33.0,0.0,0
101,high_loose,pd_theta_16,9,60,34.190106858012356,1.0,35.0,0.0,0
101,high_loose,pd_theta_16,10,60,34.23967504539997,1.0,37.0,0.0,0
101,high_loose,pd_theta_16,11,60,34.38794313034336,1.0,40.0,0.0,0
101,high_loose,pd_history,0,60,34.79338405332802,1.0,0,0.0,0
101,high_loose,pd_history,1,60,33.541416836273996,1.0,2.0,0.0,0
101,high_loose,pd_history,2,60,34.190778855394534,1.0,11.5,0.0,0
101,high_loose,pd_history,3,60,34.19205229977703,1.0,14.0,0.0,0
101,high_loose,pd_history,4,60,34.29157787192837,1.0,10.0,0.0,0
101,high_loose,pd_history,5,60,33.692757493037846,1.0,11.0,0.0,0
101,high_loose,pd_history,6,60,34.59251753081128,1.0,14.5,0.0,0
101,high_loose,pd_history,7,60,33.43834534994645,1.0,7.5,0.0,0
101,high_loose,pd_history,8,60,34.79115465998615,1.0,13.0,0.0,0
101,high_loose,pd_history,9,60,34.19054099390562,1.0,12.0,0.0,0
101,high_loose,pd_history,10,60,34.54087205954561,1.0,11.0,0.0,0
101,high_loose,pd_history,11,60,34.338904760165065,1.0,11.0,0.0,0
101,high_loose,no_control_interpretation,0,60,34.79338405332802,1.0,0,0.0,0
101,high_loose,no_control_interpretation,1,60,33.541416836273996,1.0,2.0,0.0,0
101,high_loose,no_control_interpretation,2,60,34.190778855394534,1.0,11.5,0.0,0
101,high_loose,no_control_interpretation,3,60,34.19205229977703,1.0,14.0,0.0,0
101,high_loose,no_control_interpretation,4,60,34.29157787192837,1.0,10.0,0.0,0
101,high_loose,no_control_interpretation,5,60,33.692757493037846,1.0,11.0,0.0,0
101,high_loose,no_control_interpretation,6,60,34.59251753081128,1.0,14.5,0.0,0
101,high_loose,no_control_interpretation,7,60,33.43834534994645,1.0,7.5,0.0,0
101,high_loose,no_control_interpretation,8,60,34.79115465998615,1.0,13.0,0.0,0
101,high_loose,no_control_interpretation,9,60,34.19054099390562,1.0,12.0,0.0,0
101,high_loose,no_control_interpretation,10,60,34.54087205954561,1.0,11.0,0.0,0
101,high_loose,no_control_interpretation,11,60,34.338904760165065,1.0,11.0,0.0,0
101,high_loose,no_pre_new_only,0,60,6.236708160302586,0.2,0,0.0,0
101,high_loose,no_pre_new_only,1,60,6.977045570421999,0.23333333333333334,0,0.0,0
101,high_loose,no_pre_new_only,2,60,6.238373353831274,0.2,0,0.0,0
101,high_loose,no_pre_new_only,3,60,6.976414728757634,0.23333333333333334,0,0.0,0
101,high_loose,no_pre_new_only,4,60,6.237536950646558,0.2,0,0.0,0
101,high_loose,no_pre_new_only,5,60,6.977697760591626,0.23333333333333334,0,0.0,0
101,high_loose,no_pre_new_only,6,60,6.237139348785074,0.2,0,0.0,0
101,high_loose,no_pre_new_only,7,60,6.976772693227037,0.23333333333333334,0,0.0,0
101,high_loose,no_pre_new_only,8,60,6.23698674909863,0.2,0,0.0,0
101,high_loose,no_pre_new_only,9,60,6.236753695791526,0.2,0,0.0,0
101,high_loose,no_pre_new_only,10,60,6.235945283134493,0.2,0,0.0,0
101,high_loose,no_pre_new_only,11,60,6.2359262203702155,0.2,0,0.0,0
101,high_loose,greedy_hard_cap,0,60,35.396591093799785,1.0,9.0,0.0,0
101,high_loose,greedy_hard_cap,1,60,34.39833109696884,1.0,13.0,0.0,0
101,high_loose,greedy_hard_cap,2,60,34.847950689112785,1.0,16.5,0.0,0
101,high_loose,greedy_hard_cap,3,60,35.197773759909616,1.0,17.5,0.0,0
101,high_loose,greedy_hard_cap,4,60,35.297495326439964,1.0,18.0,0.0,0
101,high_loose,greedy_hard_cap,5,60,35.1473857627398,1.0,19.0,0.0,0
101,high_loose,greedy_hard_cap,6,60,35.64796380101332,1.0,18.5,0.0,0
101,high_loose,greedy_hard_cap,7,60,34.99751949045528,1.0,20.0,0.0,0
101,high_loose,greedy_hard_cap,8,60,35.79882522436891,1.0,19.5,0.0,0
101,high_loose,greedy_hard_cap,9,60,35.14929469433299,1.0,20.5,0.0,0
101,high_loose,greedy_hard_cap,10,60,35.44884304727739,1.0,17.0,0.0,0
101,high_loose,greedy_hard_cap,11,60,35.44619121558508,1.0,20.0,0.0,0
101,random,pd_theta_2,0,60,42.31874650954795,0.9833333333333333,0,0.0,2
101,random,pd_theta_2,1,60,41.141141833631394,1.0,5.5,0.0,0
101,random,pd_theta_2,2,60,43.641771976617605,1.0,14.0,0.0,0
101,random,pd_theta_2,3,60,41.790862994091135,1.0,15.5,0.0,0
101,random,pd_theta_2,4,60,48.692512295214684,1.0,16.5,0.0,0
101,random,pd_theta_2,5,60,41.13871836993455,1.0,15.0,0.0,0
101,random,pd_theta_2,6,60,40.63967011638434,1.0,19.0,0.0,0
101,random,pd_theta_2,7,60,42.11819844194108,0.9833333333333333,12.5,0.0,0
101,random,pd_theta_2,8,60,39.88907309159904,1.0,14.5,0.0,0
101,random,pd_theta_2,9,60,44.99342549202592,0.9166666666666666,18.0,0.0,0
101,random,pd_theta_2,10,60,45.74230553059349,1.0,14.5,0.0,0
101,random,pd_theta_2,11,60,39.13734413872551,1.0,13.0,0.0,0
101,random,pd_theta_4,0,60,42.31874650954795,0.9833333333333333,0,0.0,2
101,random,pd_theta_4,1,60,41.141141833631394,1.0,5.5,0.0,0
101,random,pd_theta_4,2,60,43.641771976617605,1.0,14.0,0.0,0
101,random,pd_theta_4,3,60,41.79130526632156,1.0,17.0,0.0,0
101,random,pd_theta_4,4,60,48.17279096635714,0.9833333333333333,25.0,0.0,0
101,random,pd_theta_4,5,60,41.239731549579844,1.0,27.5,0.0,0
101,random,pd_theta_4,6,60,40.789487490033636,1.0,32.0,0.0,0
101,random,pd_theta_4,7,60,43.03598569580218,1.0,28.5,0.0,0
101,random,pd_theta_4,8,60,39.88934272933057,1.0,24.5,0.0,0
101,random,pd_theta_4,9,60,46.03227695768743,0.95,25.5,0.0,0
101,random,pd_theta_4,10,60,45.74058338692308,1.0,20.5,0.0,0
101,random,pd_theta_4,11,60,39.23888660168322,1.0,24.0,0.0,0
101,random,pd_theta_8,0,60,42.31874650954795,0.9833333333333333,0,0.0,2
101,random,pd_theta_8,1,60,41.141141833631394,1.0,5.5,0.0,0
101,random,pd_theta_8,2,60,43.641771976617605,1.0,14.0,0.0,0
101,random,pd_theta_8,3,60,41.79130526632156,1.0,17.0,0.0,0
101,random,pd_theta_8,4,60,48.17279096635714,0.9833333333333333,25.0,0.0,0
101,random,pd_theta_8,5,60,41.33817322338461,1.0,30.0,0.0,0
101,random,pd_theta_8,6,60,40.789912294822386,1.0,36.5,0.0,0
101,random,pd_theta_8,7,60,42.93698406689525,1.0,39.0,0.0,0
101,random,pd_theta_8,8,60,39.94005227667057,1.0,40.0,0.0,0
101,random,pd_theta_8,9,60,47.68962615169178,1.0,44.5,0.0,0
101,random,pd_theta_8,10,60,45.94286665391087,1.0,46.5,0.0,0
101,random,pd_theta_8,11,60,39.43668112059521,1.0,44.0,0.0,0
101,random,pd_theta_16,0,60,42.31874650954795,0.9833333333333333,0,0.0,2
101,random,pd_theta_16,1,60,41.141141833631394,1.0,5.5,0.0,0
101,random,pd_theta_16,2,60,43.641771976617605,1.0,14.0,0.0,0
101,random,pd_theta_16,3,60,41.79130526632156,1.0,17.0,0.0,0
101,random,pd_theta_16,4,60,48.17279096635714,0.9833333333333333,25.0,0.0,0
101,random,pd_theta_16,5,60,41.33817322338461,1.0,30.0,0.0,0
101,random,pd_theta_16,6,60,40.789912294822386,1.0,36.5,0.0,0
101,random,pd_theta_16,7,60,42.93698406689525,1.0,39.0,0.0,0
101,random,pd_theta_16,8,60,39.94005227667057,1.0,40.0,0.0,0
101,random,pd_theta_16,9,60,47.68939710455656,1.0,45.0,0.0,0
101,random,pd_theta_16,10,60,45.94286665391087,1.0,49.0,0.0,0
101,random,pd_theta_16,11,60,39.43752673500469,1.0,51.5,0.0,0
101,random,pd_history,0,60,42.31874650954795,0.9833333333333333,0,0.0,2
101,random,pd_history,1,60,41.141141833631394,1.0,5.5,0.0,0
101,random,pd_history,2,60,43.641771976617605,1.0,14.0,0.0,0
101,random,pd_history,3,60,41.790862994091135,1.0,15.5,0.0,0
101,random,pd_history,4,60,48.692512295214684,1.0,16.5,0.0,0
101,random,pd_history,5,60,41.13871836993455,1.0,15.0,0.0,0
101,random,pd_history,6,60,40.63967011638434,1.0,19.0,0.0,0
101,random,pd_history,7,60,42.11819844194108,0.9833333333333333,12.5,0.0,0
101,random,pd_history,8,60,39.88907309159904,1.0,14.5,0.0,0
101,random,pd_history,9,60,44.99342549202592,0.9166666666666666,18.0,0.0,0
101,random,pd_history,10,60,45.74230553059349,1.0,14.5,0.0,0
101,random,pd_history,11,60,39.13734413872551,1.0,13.0,0.0,0
101,random,no_control_interpretation,0,60,42.8384583754477,1.0,0,0.0,2
101,random,no_control_interpretation,1,60,41.141141833631394,1.0,5.5,0.0,0
101,random,no_control_interpretation,2,60,43.641771976617605,1.0,14.0,0.0,0
101,random,no_control_interpretation,3,60,41.790862994091135,1.0,15.5,0.0,0
101,random,no_control_interpretation,4,60,48.692512295214684,1.0,16.5,0.0,0
101,random,no_control_interpretation,5,60,41.13871836993455,1.0,15.0,0.0,0
101,random,no_control_interpretation,6,60,40.63967011638434,1.0,19.0,0.0,0
101,random,no_control_interpretation,7,60,42.63860927376683,1.0,12.5,0.0,0
101,random,no_control_interpretation,8,60,39.88907309159904,1.0,14.5,0.0,0
101,random,no_control_interpretation,9,60,47.59334410768363,1.0,18.0,0.0,0
101,random,no_control_interpretation,10,60,45.74067649336829,1.0,15.5,0.0,0
101,random,no_control_interpretation,11,60,39.1368074930701,1.0,16.0,0.0,0
101,random,no_pre_new_only,0,60,9.2538196377696,0.38333333333333336,0,0.0,0
101,random,no_pre_new_only,1,60,8.895010616165996,0.3333333333333333,0,0.0,0
101,random,no_pre_new_only,2,60,9.855093732161695,0.38333333333333336,0,0.0,0
101,random,no_pre_new_only,3,60,9.485640127300467,0.36666666666666664,0,0.0,0
101,random,no_pre_new_only,4,60,9.033212552412882,0.36666666666666664,0,0.0,0
101,random,no_pre_new_only,5,60,10.07469196946056,0.4,0,0.0,0
101,random,no_pre_new_only,6,60,10.075958131356304,0.4,0,0.0,0
101,random,no_pre_new_only,7,60,7.484504445821864,0.2833333333333333,0,0.0,0
101,random,no_pre_new_only,8,60,9.854019138048823,0.38333333333333336,0,0.0,0
101,random,no_pre_new_only,9,60,8.376145868500515,0.31666666666666665,0,0.0,0
101,random,no_pre_new_only,10,60,7.705845846138404,0.3,0,0.0,0
101,random,no_pre_new_only,11,60,9.704478509398731,0.38333333333333336,0,0.0,0
101,random,greedy_hard_cap,0,60,39.736281873308414,0.95,11.5,0.0,0
101,random,greedy_hard_cap,1,60,38.037831682277854,0.95,15.5,0.0,0
101,random,greedy_hard_cap,2,60,44.498060811798524,1.0,16.0,0.0,0
101,random,greedy_hard_cap,3,60,43.19914096227813,1.0,18.5,0.0,0
101,random,greedy_hard_cap,4,60,48.22915200514973,0.9833333333333333,20.0,0.0,0
101,random,greedy_hard_cap,5,60,42.24909806803009,1.0,20.5,0.0,0
101,random,greedy_hard_cap,6,60,41.49930192279168,1.0,20.5,0.0,0
101,random,greedy_hard_cap,7,60,43.799375466260564,1.0,23.5,0.0,0
101,random,greedy_hard_cap,8,60,40.947205084829626,1.0,21.0,0.0,0
101,random,greedy_hard_cap,9,60,47.02848596207192,0.9833333333333333,22.5,0.0,0
101,random,greedy_hard_cap,10,60,46.74857954454376,1.0,19.0,0.0,0
101,random,greedy_hard_cap,11,60,40.19719799180704,1.0,22.0,0.0,0
101,switch,pd_theta_2,0,60,43.71180314357,0.9333333333333333,2.0,0.0,5
101,switch,pd_theta_2,1,60,43.98470742473559,0.8666666666666667,12.0,0.0,6
101,switch,pd_theta_2,2,60,46.605582508047014,0.8833333333333333,16.0,0.0,8
101,switch,pd_theta_2,3,60,44.58379902335816,0.95,12.0,0.0,5
101,switch,pd_theta_2,4,60,44.3550387662773,0.8833333333333333,14.0,0.0,6
101,switch,pd_theta_2,5,60,45.4629874214637,0.9333333333333333,14.0,0.0,6
101,switch,pd_theta_2,6,60,34.172102035934174,0.9833333333333333,7.5,0.0,1
101,switch,pd_theta_2,7,60,33.73873317551599,1.0,4.0,0.0,0
101,switch,pd_theta_2,8,60,34.94077357998238,1.0,9.0,0.0,0
101,switch,pd_theta_2,9,60,34.19431342013874,1.0,9.0,0.0,0
101,switch,pd_theta_2,10,60,34.54173492637655,1.0,11.0,0.0,0
101,switch,pd_theta_2,11,60,34.33824126449717,1.0,11.0,0.0,0
101,switch,pd_theta_4,0,60,43.71180314357,0.9333333333333333,2.0,0.0,5
101,switch,pd_theta_4,1,60,43.98470742473559,0.8666666666666667,12.0,0.0,6
101,switch,pd_theta_4,2,60,46.605582508047014,0.8833333333333333,16.0,0.0,8
101,switch,pd_theta_4,3,60,44.58229885663019,0.95,15.0,0.0,5
101,switch,pd_theta_4,4,60,44.405264392989494,0.8833333333333333,20.0,0.0,6
101,switch,pd_theta_4,5,60,45.41353824835415,0.9333333333333333,17.5,0.0,6
101,switch,pd_theta_4,6,60,34.371346708079464,0.9833333333333333,12.5,0.0,1
101,switch,pd_theta_4,7,60,34.038826355104554,1.0,12.5,0.0,0
101,switch,pd_theta_4,8,60,34.941316766129695,1.0,13.0,0.0,0
101,switch,pd_theta_4,9,60,34.292941428372885,1.0,15.0,0.0,0
101,switch,pd_theta_4,10,60,34.392916145187236,1.0,14.0,0.0,0
101,switch,pd_theta_4,11,60,34.33964288338739,1.0,13.0,0.0,0
101,switch,pd_theta_8,0,60,43.71180314357,0.9333333333333333,2.0,0.0,5
101,switch,pd_theta_8,1,60,43.98470742473559,0.8666666666666667,12.0,0.0,6
101,switch,pd_theta_8,2,60,46.605582508047014,0.8833333333333333,16.0,0.0,8
101,switch,pd_theta_8,3,60,44.58229885663019,0.95,15.0,0.0,5
101,switch,pd_theta_8,4,60,44.405264392989494,0.8833333333333333,20.0,0.0,6
101,switch,pd_theta_8,5,60,45.5123757494901,0.9333333333333333,22.0,0.0,6
101,switch,pd_theta_8,6,60,34.47209014671657,0.9833333333333333,18.5,0.0,2
101,switch,pd_theta_8,7,60,34.338069731970855,1.0,21.5,0.0,0
101,switch,pd_theta_8,8,60,35.090887714755475,1.0,20.0,0.0,0
101,switch,pd_theta_8,9,60,33.453584787317176,0.9666666666666667,25.5,0.0,0
101,switch,pd_theta_8,10,60,34.643714559697486,1.0,23.5,0.0,0
101,switch,pd_theta_8,11,60,34.7398732508907,1.0,24.5,0.0,0
101,switch,pd_theta_16,0,60,43.71180314357,0.9333333333333333,2.0,0.0,5
101,switch,pd_theta_16,1,60,43.98470742473559,0.8666666666666667,12.0,0.0,6
101,switch,pd_theta_16,2,60,46.605582508047014,0.8833333333333333,16.0,0.0,8
101,switch,pd_theta_16,3,60,44.58229885663019,0.95,15.0,0.0,5
101,switch,pd_theta_16,4,60,44.405264392989494,0.8833333333333333,20.0,0.0,6
101,switch,pd_theta_16,5,60,45.5123757494901,0.9333333333333333,22.0,0.0,6
101,switch,pd_theta_16,6,60,34.47209014671657,0.9833333333333333,18.5,0.0,2
101,switch,pd_theta_16,7,60,34.338069731970855,1.0,21.5,0.0,0
101,switch,pd_theta_16,8,60,35.090887714755475,1.0,20.0,0.0,0
101,switch,pd_theta_16,9,60,33.453368022110524,0.9666666666666667,27.5,0.0,0
101,switch,pd_theta_16,10,60,34.744289687581166,1.0,28.5,0.0,0
101,switch,pd_theta_16,11,60,34.83919845103923,1.0,31.0,0.0,0
101,switch,pd_history,0,60,43.71180314357,0.9333333333333333,2.0,0.0,5
101,switch,pd_history,1,60,43.98470742473559,0.8666666666666667,12.0,0.0,6
101,switch,pd_history,2,60,46.605582508047014,0.8833333333333333,16.0,0.0,8
101,switch,pd_history,3,60,44.58379902335816,0.95,12.0,0.0,5
101,switch,pd_history,4,60,44.3550387662773,0.8833333333333333,14.0,0.0,6
101,switch,pd_history,5,60,45.4629874214637,0.9333333333333333,14.0,0.0,6
101,switch,pd_history,6,60,34.172102035934174,0.9833333333333333,7.5,0.0,1
101,switch,pd_history,7,60,33.73873317551599,1.0,4.0,0.0,0
101,switch,pd_history,8,60,34.94077357998238,1.0,9.0,0.0,0
101,switch,pd_history,9,60,34.19431342013874,1.0,9.0,0.0,0
101,switch,pd_history,10,60,34.54173492637655,1.0,11.0,0.0,0
101,switch,pd_history,11,60,34.33824126449717,1.0,11.0,0.0,0
101,switch,no_control_interpretation,0,60,49.391580171491825,1.0,2.0,0.0,9
101,switch,no_control_interpretation,1,60,55.34245372795393,1.0,12.0,0.0,14
101,switch,no_control_interpretation,2,60,56.54399310383504,1.0,16.0,0.0,15
101,switch,no_control_interpretation,3,60,48.843282620283986,1.0,12.0,0.0,8
101,switch,no_control_interpretation,4,60,54.29364197101798,1.0,14.0,0.0,13
101,switch,no_control_interpretation,5,60,51.141778424546395,1.0,14.0,0.0,10
101,switch,no_control_interpretation,6,60,34.69209435854815,1.0,7.5,0.0,2
101,switch,no_control_interpretation,7,60,33.73873317551599,1.0,4.0,0.0,0
101,switch,no_control_interpretation,8,60,34.94077357998238,1.0,9.0,0.0,0
101,switch,no_control_interpretation,9,60,34.19431342013874,1.0,9.0,0.0,0
101,switch,no_control_interpretation,10,60,34.54173492637655,1.0,11.0,0.0,0
101,switch,no_control_interpretation,11,60,34.33824126449717,1.0,11.0,0.0,0
101,switch,no_pre_new_only,0,60,11.831840808809927,0.5333333333333333,0,0.0,0
101,switch,no_pre_new_only,1,60,10.353801916778592,0.4666666666666667,0,0.0,0
101,switch,no_pre_new_only,2,60,9.984504258465371,0.45,0,0.0,0
101,switch,no_pre_new_only,3,60,11.832057342228044,0.5333333333333333,0,0.0,0
101,switch,no_pre_new_only,4,60,10.723400580465405,0.48333333333333334,0,0.0,0
101,switch,no_pre_new_only,5,60,11.834412967671238,0.5333333333333333,0,0.0,0
101,switch,no_pre_new_only,6,60,6.237139348785074,0.2,0,0.0,0
101,switch,no_pre_new_only,7,60,6.976772693227037,0.23333333333333334,0,0.0,0
101,switch,no_pre_new_only,8,60,6.23698674909863,0.2,0,0.0,0
101,switch,no_pre_new_only,9,60,6.236753695791526,0.2,0,0.0,0
101,switch,no_pre_new_only,10,60,6.235945283134493,0.2,0,0.0,0
101,switch,no_pre_new_only,11,60,6.2359262203702155,0.2,0,0.0,0
101,switch,greedy_hard_cap,0,60,37.76683562035867,0.85,13.5,0.0,0
101,switch,greedy_hard_cap,1,60,35.918015346731266,0.7666666666666667,16.5,0.0,0
101,switch,greedy_hard_cap,2,60,35.54856250628513,0.75,16.5,0.0,0
101,switch,greedy_hard_cap,3,60,38.13818354744342,0.8666666666666667,15.0,0.0,0
101,switch,greedy_hard_cap,4,60,36.288467893895806,0.7833333333333333,17.0,0.0,0
101,switch,greedy_hard_cap,5,60,37.39800941625621,0.8333333333333334,16.5,0.0,0
101,switch,greedy_hard_cap,6,60,35.84844390485995,1.0,15.5,0.0,0
101,switch,greedy_hard_cap,7,60,35.09957492070455,1.0,20.0,0.0,0
101,switch,greedy_hard_cap,8,60,35.99888566599845,1.0,22.0,0.0,0
101,switch,greedy_hard_cap,9,60,35.24907267578175,1.0,23.0,0.0,0
101,switch,greedy_hard_cap,10,60,35.5986772670052,1.0,18.5,0.0,0
101,switch,greedy_hard_cap,11,60,35.54715831377108,1.0,21.5,0.0,0
102,high_tight,pd_theta_2,0,60,47.16494296673889,0.9333333333333333,5.0,0.0,8
102,high_tight,pd_theta_2,1,60,44.89568398719859,0.9166666666666666,10.5,0.0,6
102,high_tight,pd_theta_2,2,60,44.31230562998147,0.9333333333333333,14.5,0.0,5
102,high_tight,pd_theta_2,3,60,44.083742274592055,0.8666666666666667,15.5,0.0,6
102,high_tight,pd_theta_2,4,60,41.13492212176647,0.95,9.5,0.0,2
102,high_tight,pd_theta_2,5,60,44.12458510927271,0.8166666666666667,16.0,0.0,7
102,high_tight,pd_theta_2,6,60,45.45248610263778,0.8833333333333333,14.5,0.0,7
102,high_tight,pd_theta_2,7,60,42.52491078967283,0.9,13.5,0.0,4
102,high_tight,pd_theta_2,8,60,39.001809901434555,0.8833333333333333,14.0,0.0,5
102,high_tight,pd_theta_2,9,60,37.98466962580731,0.7833333333333333,14.0,0.0,4
102,high_tight,pd_theta_2,10,60,47.56519996896107,0.9333333333333333,13.5,0.0,8
102,high_tight,pd_theta_2,11,60,43.47457000084031,0.9,11.5,0.0,5
102,high_tight,pd_theta_4,0,60,47.16494296673889,0.9333333333333333,5.0,0.0,8
102,high_tight,pd_theta_4,1,60,44.89568398719859,0.9166666666666666,10.5,0.0,6
102,high_tight,pd_theta_4,2,60,44.31230562998147,0.9333333333333333,14.5,0.0,5
102,high_tight,pd_theta_4,3,60,44.03391475478343,0.8666666666666667,18.5,0.0,6
102,high_tight,pd_theta_4,4,60,41.633947326936784,0.95,18.0,0.0,2
102,high_tight,pd_theta_4,5,60,44.12514703991053,0.8166666666666667,21.5,0.0,7
102,high_tight,pd_theta_4,6,60,45.60300542582985,0.8833333333333333,20.5,0.0,7
102,high_tight,pd_theta_4,7,60,42.62343377278461,0.9,18.5,0.0,4
102,high_tight,pd_theta_4,8,60,38.95338377003067,0.8833333333333333,17.5,0.0,5
102,high_tight,pd_theta_4,9,60,37.98368105339562,0.7833333333333333,18.0,0.0,4
102,high_tight,pd_theta_4,10,60,47.664720795272714,0.9333333333333333,19.0,0.0,8
102,high_tight,pd_theta_4,11,60,43.67385524958791,0.9,17.0,0.0,5
102,high_tight,pd_theta_8,0,60,47.16494296673889,0.9333333333333333,5.0,0.0,8
102,high_tight,pd_theta_8,1,60,44.89568398719859,0.9166666666666666,10.5,0.0,6
102,high_tight,pd_theta_8,2,60,44.31230562998147,0.9333333333333333,14.5,0.0,5
102,high_tight,pd_theta_8,3,60,44.03391475478343,0.8666666666666667,18.5,0.0,6
102,high_tight,pd_theta_8,4,60,41.633947326936784,0.95,18.0,0.0,2
102,high_tight,pd_theta_8,5,60,44.17514703991053,0.8166666666666667,24.0,0.0,7
102,high_tight,pd_theta_8,6,60,45.60296401252852,0.8833333333333333,24.5,0.0,7
102,high_tight,pd_theta_8,7,60,42.6245734715935,0.9,24.5,0.0,4
102,high_tight,pd_theta_8,8,60,39.15235320033063,0.8833333333333333,26.5,0.0,5
102,high_tight,pd_theta_8,9,60,38.08357271936116,0.7833333333333333,28.0,0.0,4
102,high_tight,pd_theta_8,10,60,47.613029068489254,0.9333333333333333,25.5,0.0,8
102,high_tight,pd_theta_8,11,60,43.7751340369525,0.9,25.0,0.0,5
102,high_tight,pd_theta_16,0,60,47.16494296673889,0.9333333333333333,5.0,0.0,8
102,high_tight,pd_theta_16,1,60,44.89568398719859,0.9166666666666666,10.5,0.0,6
102,high_tight,pd_theta_16,2,60,44.31230562998147,0.9333333333333333,14.5,0.0,5
102,high_tight,pd_theta_16,3,60,44.03391475478343,0.8666666666666667,18.5,0.0,6
102,high_tight,pd_theta_16,4,60,41.633947326936784,0.95,18.0,0.0,2
102,high_tight,pd_theta_16,5,60,44.17514703991053,0.8166666666666667,24.0,0.0,7
102,high_tight,pd_theta_16,6,60,45.60296401252852,0.8833333333333333,24.5,0.0,7
102,high_tight,pd_theta_16,7,60,42.6245734715935,0.9,24.5,0.0,4
102,high_tight,pd_theta_16,8,60,39.15235320033063,0.8833333333333333,26.5,0.0,5
102,high_tight,pd_theta_16,9,60,38.08357271936116,0.7833333333333333,29.5,0.0,4
102,high_tight,pd_theta_16,10,60,47.61354468871712,0.9333333333333333,29.5,0.0,8
102,high_tight,pd_theta_16,11,60,43.82461663517698,0.9,30.5,0.0,5
102,high_tight,pd_history,0,60,47.16494296673889,0.9333333333333333,5.0,0.0,8
102,high_tight,pd_history,1,60,44.89568398719859,0.9166666666666666,10.5,0.0,6
102,high_tight,pd_history,2,60,44.31230562998147,0.9333333333333333,14.5,0.0,5
102,high_tight,pd_history,3,60,44.083742274592055,0.8666666666666667,15.5,0.0,6
102,high_tight,pd_history,4,60,41.13492212176647,0.95,9.5,0.0,2
102,high_tight,pd_history,5,60,44.12458510927271,0.8166666666666667,16.0,0.0,7
102,high_tight,pd_history,6,60,45.45248610263778,0.8833333333333333,14.5,0.0,7
102,high_tight,pd_history,7,60,42.52491078967283,0.9,13.5,0.0,4
102,high_tight,pd_history,8,60,39.001809901434555,0.8833333333333333,14.0,0.0,5
102,high_tight,pd_history,9,60,37.98466962580731,0.7833333333333333,14.0,0.0,4
102,high_tight,pd_history,10,60,47.56519996896107,0.9333333333333333,13.5,0.0,8
102,high_tight,pd_history,11,60,43.47457000084031,0.9,11.5,0.0,5
102,high_tight,no_control_interpretation,0,60,52.843907079310256,1.0,5.0,0.0,12
102,high_tight,no_control_interpretation,1,60,51.994821119679436,1.0,10.5,0.0,11
102,high_tight,no_control_interpretation,2,60,49.99147011009823,1.0,14.5,0.0,9
102,high_tight,no_control_interpretation,3,60,55.441267329727495,1.0,15.5,0.0,14
102,high_tight,no_control_interpretation,4,60,45.39428839503433,1.0,9.5,0.0,5
102,high_tight,no_control_interpretation,5,60,59.742866239198165,1.0,16.0,0.0,18
102,high_tight,no_control_interpretation,6,60,55.390566191508036,1.0,14.5,0.0,14
102,high_tight,no_control_interpretation,7,60,51.04365250390327,1.0,13.5,0.0,10
102,high_tight,no_control_interpretation,8,60,48.941614564130546,1.0,14.0,0.0,12
102,high_tight,no_control_interpretation,9,60,56.44148287584033,1.0,14.0,0.0,17
102,high_tight,no_control_interpretation,10,60,53.24462346712684,1.0,13.5,0.0,12
102,high_tight,no_control_interpretation,11,60,51.99252017550461,1.0,11.5,0.0,11
102,high_tight,no_pre_new_only,0,60,11.092486250898766,0.5,0,0.0,0
102,high_tight,no_pre_new_only,1,60,11.461035843352485,0.5166666666666667,0,0.0,0
102,high_tight,no_pre_new_only,2,60,11.831889936677316,0.5333333333333333,0,0.0,0
102,high_tight,no_pre_new_only,3,60,10.352287896434191,0.4666666666666667,0,0.0,0
102,high_tight,no_pre_new_only,4,60,11.83282843079458,0.5333333333333333,0,0.0,0
102,high_tight,no_pre_new_only,5,60,8.87629179792845,0.4,0,0.0,0
102,high_tight,no_pre_new_only,6,60,10.35146329705235,0.4666666666666667,0,0.0,0
102,high_tight,no_pre_new_only,7,60,11.833315844738724,0.5333333333333333,0,0.0,0
102,high_tight,no_pre_new_only,8,60,11.829353789201148,0.5333333333333333,0,0.0,0
102,high_tight,no_pre_new_only,9,60,9.982439991220486,0.45,0,0.0,0
102,high_tight,no_pre_new_only,10,60,11.093560384533864,0.5,0,0.0,0
102,high_tight,no_pre_new_only,11,60,11.46195146899839,0.5166666666666667,0,0.0,0
102,high_tight,greedy_hard_cap,0,60,36.6584351431403,0.8,14.0,0.0,0
102,high_tight,greedy_hard_cap,1,60,37.0286719457302,0.8166666666666667,15.0,0.0,0
102,high_tight,greedy_hard_cap,2,60,37.767967814916624,0.85,15.5,0.0,0
102,high_tight,greedy_hard_cap,3,60,35.91795979967749,0.7666666666666667,16.5,0.0,0
102,high_tight,greedy_hard_cap,4,60,39.24847700858499,0.9166666666666666,15.0,0.0,0
102,high_tight,greedy_hard_cap,5,60,34.43930639413189,0.7,18.0,0.0,0
102,high_tight,greedy_hard_cap,6,60,35.91869137046263,0.7666666666666667,18.5,0.0,0
102,high_tight,greedy_hard_cap,7,60,37.398718609068666,0.8333333333333334,15.5,0.0,0
102,high_tight,greedy_hard_cap,8,60,32.45819443122311,0.8,18.0,0.0,0
102,high_tight,greedy_hard_cap,9,60,32.70932016135411,0.7166666666666667,18.0,0.0,0
102,high_tight,greedy_hard_cap,10,60,36.65795596871981,0.8,17.0,0.0,0
102,high_tight,greedy_hard_cap,11,60,37.02784733728433,0.8166666666666667,16.0,0.0,0
102,high_loose,pd_theta_2,0,60,33.825830176028575,0.9833333333333333,0,0.0,2
102,high_loose,pd_theta_2,1,60,33.84376632455769,1.0,1.0,0.0,0
102,high_loose,pd_theta_2,2,60,34.639708163433454,1.0,6.5,0.0,0
102,high_loose,pd_theta_2,3,60,33.53816615069487,1.0,9.5,0.0,0
102,high_loose,pd_theta_2,4,60,34.84212233413539,1.0,11.0,0.0,0
102,high_loose,pd_theta_2,5,60,33.1924537271439,1.0,10.5,0.0,0
102,high_loose,pd_theta_2,6,60,34.34319515670952,1.0,13.0,0.0,0
102,high_loose,pd_theta_2,7,60,34.642975778186944,1.0,11.5,0.0,0
102,high_loose,pd_theta_2,8,60,34.440632947141296,1.0,10.0,0.0,0
102,high_loose,pd_theta_2,9,60,32.35252390117346,0.9666666666666667,12.0,0.0,1
102,high_loose,pd_theta_2,10,60,34.34042482507725,1.0,8.0,0.0,0
102,high_loose,pd_theta_2,11,60,33.74194198701382,1.0,10.0,0.0,0
102,high_loose,pd_theta_4,0,60,33.825830176028575,0.9833333333333333,0,0.0,2
102,high_loose,pd_theta_4,1,60,33.84376632455769,1.0,1.0,0.0,0
102,high_loose,pd_theta_4,2,60,34.639708163433454,1.0,6.5,0.0,0
102,high_loose,pd_theta_4,3,60,33.53816615069487,1.0,9.5,0.0,0
102,high_loose,pd_theta_4,4,60,34.83886133531301,1.0,14.5,0.0,0
102,high_loose,pd_theta_4,5,60,33.19135570755076,1.0,17.0,0.0,0
102,high_loose,pd_theta_4,6,60,34.24164779696014,1.0,22.0,0.0,0
102,high_loose,pd_theta_4,7,60,34.491526164082366,1.0,18.5,0.0,0
102,high_loose,pd_theta_4,8,60,34.28974639538992,1.0,16.5,0.0,0
102,high_loose,pd_theta_4,9,60,33.39105737190465,1.0,16.5,0.0,0
102,high_loose,pd_theta_4,10,60,34.190065749966905,1.0,15.0,0.0,0
102,high_loose,pd_theta_4,11,60,33.74175088868529,1.0,16.0,0.0,0
102,high_loose,pd_theta_8,0,60,33.825830176028575,0.9833333333333333,0,0.0,2
102,high_loose,pd_theta_8,1,60,33.84376632455769,1.0,1.0,0.0,0
102,high_loose,pd_theta_8,2,60,34.639708163433454,1.0,6.5,0.0,0
102,high_loose,pd_theta_8,3,60,33.53816615069487,1.0,9.5,0.0,0
102,high_loose,pd_theta_8,4,60,34.83886133531301,1.0,14.5,0.0,0
102,high_loose,pd_theta_8,5,60,33.19135570755076,1.0,17.0,0.0,0
102,high_loose,pd_theta_8,6,60,34.24135368208157,1.0,23.5,0.0,0
102,high_loose,pd_theta_8,7,60,34.491121808740004,1.0,24.0,0.0,0
102,high_loose,pd_theta_8,8,60,34.28965833923712,1.0,26.0,0.0,0
102,high_loose,pd_theta_8,9,60,33.3915325021942,1.0,29.0,0.0,0
102,high_loose,pd_theta_8,10,60,34.03905276003563,1.0,28.5,0.0,0
102,high_loose,pd_theta_8,11,60,33.59083300187855,1.0,30.5,0.0,0
102,high_loose,pd_theta_16,0,60,33.825830176028575,0.9833333333333333,0,0.0,2
102,high_loose,pd_theta_16,1,60,33.84376632455769,1.0,1.0,0.0,0
102,high_loose,pd_theta_16,2,60,34.639708163433454,1.0,6.5,0.0,0
102,high_loose,pd_theta_16,3,60,33.53816615069487,1.0,9.5,0.0,0
102,high_loose,pd_theta_16,4,60,34.83886133531301,1.0,14.5,0.0,0
102,high_loose,pd_theta_16,5,60,33.19135570755076,1.0,17.0,0.0,0
102,high_loose,pd_theta_16,6,60,34.24135368208157,1.0,23.5,0.0,0
102,high_loose,pd_theta_16,7,60,34.491121808740004,1.0,24.0,0.0,0
102,high_loose,pd_theta_16,8,60,34.28965833923712,1.0,26.0,0.0,0
102,high_loose,pd_theta_16,9,60,33.3915325021942,1.0,29.0,0.0,0
102,high_loose,pd_theta_16,10,60,34.18820840733481,1.0,31.0,0.0,0
102,high_loose,pd_theta_16,11,60,33.59150149683019,1.0,34.0,0.0,0
102,high_loose,pd_history,0,60,33.825830176028575,0.9833333333333333,0,0.0,2
102,high_loose,pd_history,1,60,33.84376632455769,1.0,1.0,0.0,0
102,high_loose,pd_history,2,60,34.639708163433454,1.0,6.5,0.0,0
102,high_loose,pd_history,3,60,33.53816615069487,1.0,9.5,0.0,0
102,high_loose,pd_history,4,60,34.84212233413539,1.0,11.0,0.0,0
102,high_loose,pd_history,5,60,33.1924537271439,1.0,10.5,0.0,0
102,high_loose,pd_history,6,60,34.34319515670952,1.0,13.0,0.0,0
102,high_loose,pd_history,7,60,34.642975778186944,1.0,11.5,0.0,0
102,high_loose,pd_history,8,60,34.440632947141296,1.0,10.0,0.0,0
102,high_loose,pd_history,9,60,32.35252390117346,0.9666666666666667,12.0,0.0,1
102,high_loose,pd_history,10,60,34.34042482507725,1.0,8.0,0.0,0
102,high_loose,pd_history,11,60,33.74194198701382,1.0,10.0,0.0,0
102,high_loose,no_control_interpretation,0,60,34.34582596758502,1.0,0,0.0,3
102,high_loose,no_control_interpretation,1,60,33.84376632455769,1.0,1.0,0.0,0
102,high_loose,no_control_interpretation,2,60,34.639708163433454,1.0,6.5,0.0,0
102,high_loose,no_control_interpretation,3,60,33.53816615069487,1.0,9.5,0.0,0
102,high_loose,no_control_interpretation,4,60,34.84212233413539,1.0,11.0,0.0,0
102,high_loose,no_control_interpretation,5,60,33.1924537271439,1.0,10.5,0.0,0
102,high_loose,no_control_interpretation,6,60,34.34319515670952,1.0,13.0,0.0,0
102,high_loose,no_control_interpretation,7,60,34.642975778186944,1.0,11.5,0.0,0
102,high_loose,no_control_interpretation,8,60,34.440632947141296,1.0,10.0,0.0,0
102,high_loose,no_control_interpretation,9,60,33.39190968224545,1.0,12.0,0.0,2
102,high_loose,no_control_interpretation,10,60,34.34059413838117,1.0,10.0,0.0,0
102,high_loose,no_control_interpretation,11,60,33.741159587412874,1.0,11.0,0.0,0
102,high_loose,no_pre_new_only,0,60,6.237259556559284,0.2,0,0.0,0
102,high_loose,no_pre_new_only,1,60,6.97750971182332,0.23333333333333334,0,0.0,0
102,high_loose,no_pre_new_only,2,60,6.237208157635983,0.2,0,0.0,0
102,high_loose,no_pre_new_only,3,60,6.976257700925022,0.23333333333333334,0,0.0,0
102,high_loose,no_pre_new_only,4,60,6.237710207227385,0.2,0,0.0,0
102,high_loose,no_pre_new_only,5,60,6.97687147929991,0.23333333333333334,0,0.0,0
102,high_loose,no_pre_new_only,6,60,6.2377040908557015,0.2,0,0.0,0
102,high_loose,no_pre_new_only,7,60,6.238615852796177,0.2,0,0.0,0
102,high_loose,no_pre_new_only,8,60,6.237004393125245,0.2,0,0.0,0
102,high_loose,no_pre_new_only,9,60,6.9742933183519416,0.23333333333333334,0,0.0,0
102,high_loose,no_pre_new_only,10,60,6.237148443860605,0.2,0,0.0,0
102,high_loose,no_pre_new_only,11,60,6.976792837777825,0.23333333333333334,0,0.0,0
102,high_loose,greedy_hard_cap,0,60,35.09806498055,1.0,10.0,0.0,0
102,high_loose,greedy_hard_cap,1,60,34.698742009767784,1.0,15.0,0.0,0
102,high_loose,greedy_hard_cap,2,60,35.59663396448585,1.0,16.0,0.0,0
102,high_loose,greedy_hard_cap,3,60,34.5971750379935,1.0,18.0,0.0,0
102,high_loose,greedy_hard_cap,4,60,36.19801644227254,1.0,18.0,0.0,0
102,high_loose,greedy_hard_cap,5,60,34.14905985790565,1.0,18.0,0.0,0
102,high_loose,greedy_hard_cap,6,60,35.24687887919012,1.0,17.0,0.0,0
102,high_loose,greedy_hard_cap,7,60,35.74927892808355,1.0,18.0,0.0,0
102,high_loose,greedy_hard_cap,8,60,35.796229924384946,1.0,17.5,0.0,0
102,high_loose,greedy_hard_cap,9,60,34.64865291770647,1.0,20.5,0.0,0
102,high_loose,greedy_hard_cap,10,60,35.64817023390862,1.0,21.0,0.0,0
102,high_loose,greedy_hard_cap,11,60,35.19745036556724,1.0,22.0,0.0,0
102,random,pd_theta_2,0,60,41.722291529855056,0.9833333333333333,1.0,0.0,4
102,random,pd_theta_2,1,60,45.59141318586594,1.0,5.0,0.0,1
102,random,pd_theta_2,2,60,39.4913087209966,1.0,9.5,0.0,0
102,random,pd_theta_2,3,60,49.13972117710655,1.0,13.5,0.0,0
102,random,pd_theta_2,4,60,37.18996400269837,1.0,13.0,0.0,0
102,random,pd_theta_2,5,60,51.218951979995275,0.9833333333333333,13.0,0.0,1
102,random,pd_theta_2,6,60,47.48993526189533,1.0,14.5,0.0,0
102,random,pd_theta_2,7,60,40.64041291221858,1.0,13.5,0.0,0
102,random,pd_theta_2,8,60,38.78819288231334,1.0,13.5,0.0,0
102,random,pd_theta_2,9,60,45.5520725282098,0.9666666666666667,16.0,0.0,2
102,random,pd_theta_2,10,60,44.74008081040153,1.0,12.5,0.0,0
102,random,pd_theta_2,11,60,43.28924687143027,1.0,17.5,0.0,0
102,random,pd_theta_4,0,60,41.722291529855056,0.9833333333333333,1.0,0.0,4
102,random,pd_theta_4,1,60,45.59141318586594,1.0,5.0,0.0,1
102,random,pd_theta_4,2,60,39.4913087209966,1.0,9.5,0.0,0
102,random,pd_theta_4,3,60,49.23877994807912,1.0,16.5,0.0,0
102,random,pd_theta_4,4,60,37.29073319913202,1.0,19.5,0.0,0
102,random,pd_theta_4,5,60,52.83803192372229,1.0,23.0,0.0,0
102,random,pd_theta_4,6,60,47.5887927672009,1.0,23.5,0.0,0
102,random,pd_theta_4,7,60,40.74277298108145,1.0,21.0,0.0,0
102,random,pd_theta_4,8,60,38.73748105437364,1.0,22.5,0.0,0
102,random,pd_theta_4,9,60,47.350645748936095,0.9666666666666667,24.5,0.0,1
102,random,pd_theta_4,10,60,44.84051347704857,1.0,24.5,0.0,0
102,random,pd_theta_4,11,60,43.38822331471347,1.0,25.0,0.0,0
102,random,pd_theta_8,0,60,41.722291529855056,0.9833333333333333,1.0,0.0,4
102,random,pd_theta_8,1,60,45.59141318586594,1.0,5.0,0.0,1
102,random,pd_theta_8,2,60,39.4913087209966,1.0,9.5,0.0,0
102,random,pd_theta_8,3,60,49.23877994807912,1.0,16.5,0.0,0
102,random,pd_theta_8,4,60,37.29073319913202,1.0,19.5,0.0,0
102,random,pd_theta_8,5,60,52.83902816165098,1.0,25.0,0.0,0
102,random,pd_theta_8,6,60,47.68832319958276,1.0,28.0,0.0,0
102,random,pd_theta_8,7,60,41.14023316456535,1.0,32.0,0.0,0
102,random,pd_theta_8,8,60,39.239135646015754,1.0,35.0,0.0,0
102,random,pd_theta_8,9,60,47.751943279469664,0.9666666666666667,40.0,0.0,0
102,random,pd_theta_8,10,60,45.238447326674255,1.0,41.5,0.0,0
102,random,pd_theta_8,11,60,43.38842640091729,1.0,39.0,0.0,0
102,random,pd_theta_16,0,60,41.722291529855056,0.9833333333333333,1.0,0.0,4
102,random,pd_theta_16,1,60,45.59141318586594,1.0,5.0,0.0,1
102,random,pd_theta_16,2,60,39.4913087209966,1.0,9.5,0.0,0
102,random,pd_theta_16,3,60,49.23877994807912,1.0,16.5,0.0,0
102,random,pd_theta_16,4,60,37.29073319913202,1.0,19.5,0.0,0
102,random,pd_theta_16,5,60,52.83902816165098,1.0,25.0,0.0,0
102,random,pd_theta_16,6,60,47.68832319958276,1.0,28.0,0.0,0
102,random,pd_theta_16,7,60,41.14023316456535,1.0,32.0,0.0,0
102,random,pd_theta_16,8,60,39.239135646015754,1.0,35.0,0.0,0
102,random,pd_theta_16,9,60,47.751943279469664,0.9666666666666667,40.5,0.0,0
102,random,pd_theta_16,10,60,45.239431674706374,1.0,43.0,0.0,0
102,random,pd_theta_16,11,60,43.53829848158172,1.0,45.0,0.0,0
102,random,pd_history,0,60,41.722291529855056,0.9833333333333333,1.0,0.0,4
102,random,pd_history,1,60,45.59141318586594,1.0,5.0,0.0,1
102,random,pd_history,2,60,39.4913087209966,1.0,9.5,0.0,0
102,random,pd_history,3,60,49.13972117710655,1.0,13.5,0.0,0
102,random,pd_history,4,60,37.18996400269837,1.0,13.0,0.0,0
102,random,pd_history,5,60,51.218951979995275,0.9833333333333333,13.0,0.0,1
102,random,pd_history,6,60,47.48993526189533,1.0,14.5,0.0,0
102,random,pd_history,7,60,40.64041291221858,1.0,13.5,0.0,0
102,random,pd_history,8,60,38.78819288231334,1.0,13.5,0.0,0
102,random,pd_history,9,60,45.5520725282098,0.9666666666666667,16.0,0.0,2
102,random,pd_history,10,60,44.74008081040153,1.0,12.5,0.0,0
102,random,pd_history,11,60,43.28924687143027,1.0,17.5,0.0,0
102,random,no_control_interpretation,0,60,42.24202429368957,1.0,1.0,0.0,4
102,random,no_control_interpretation,1,60,45.59141318586594,1.0,5.0,0.0,1
102,random,no_control_interpretation,2,60,39.4913087209966,1.0,9.5,0.0,0
102,random,no_control_interpretation,3,60,49.13972117710655,1.0,13.5,0.0,0
102,random,no_control_interpretation,4,60,37.18996400269837,1.0,13.0,0.0,0
102,random,no_control_interpretation,5,60,52.638819388534095,1.0,13.0,0.0,2
102,random,no_control_interpretation,6,60,47.48993526189533,1.0,14.5,0.0,0
102,random,no_control_interpretation,7,60,40.64041291221858,1.0,13.5,0.0,0
102,random,no_control_interpretation,8,60,38.78819288231334,1.0,13.5,0.0,0
102,random,no_control_interpretation,9,60,48.39193124215596,1.0,16.0,0.0,4
102,random,no_control_interpretation,10,60,44.74008081040153,1.0,12.5,0.0,0
102,random,no_control_interpretation,11,60,43.28924687143027,1.0,17.5,0.0,0
102,random,no_pre_new_only,0,60,10.073011700030738,0.4,0,0.0,0
102,random,no_pre_new_only,1,60,9.18703048423355,0.36666666666666664,0,0.0,0
102,random,no_pre_new_only,2,60,10.515453169080141,0.43333333333333335,0,0.0,0
102,random,no_pre_new_only,3,60,8.814234350536157,0.35,0,0.0,0
102,random,no_pre_new_only,4,60,10.513002073200049,0.43333333333333335,0,0.0,0
102,random,no_pre_new_only,5,60,8.963292425791373,0.35,0,0.0,0
102,random,no_pre_new_only,6,60,9.634324396281805,0.36666666666666664,0,0.0,0
102,random,no_pre_new_only,7,60,10.073104547546706,0.4,0,0.0,0
102,random,no_pre_new_only,8,60,10.294004084843865,0.4166666666666667,0,0.0,0
102,random,no_pre_new_only,9,60,8.965061365779306,0.35,0,0.0,0
102,random,no_pre_new_only,10,60,9.9247985893099,0.4,0,0.0,0
102,random,no_pre_new_only,11,60,9.924008975233873,0.4,0,0.0,0
102,random,greedy_hard_cap,0,60,33.357561789385066,0.8833333333333333,12.0,0.0,0
102,random,greedy_hard_cap,1,60,45.1767504641739,0.9833333333333333,14.0,0.0,0
102,random,greedy_hard_cap,2,60,40.64690546792395,1.0,17.5,0.0,0
102,random,greedy_hard_cap,3,60,50.09800597603101,1.0,19.5,0.0,0
102,random,greedy_hard_cap,4,60,38.5486892772018,1.0,20.0,0.0,0
102,random,greedy_hard_cap,5,60,51.97839679602038,0.9833333333333333,19.5,0.0,0
102,random,greedy_hard_cap,6,60,48.598571169396195,1.0,20.5,0.0,0
102,random,greedy_hard_cap,7,60,41.899178994296946,1.0,18.5,0.0,0
102,random,greedy_hard_cap,8,60,40.198204027486376,1.0,19.5,0.0,0
102,random,greedy_hard_cap,9,60,37.98963564238871,0.8666666666666667,21.5,0.0,0
102,random,greedy_hard_cap,10,60,45.89875426890353,1.0,20.0,0.0,0
102,random,greedy_hard_cap,11,60,44.24884137280524,1.0,19.0,0.0,0
102,switch,pd_theta_2,0,60,47.16494296673889,0.9333333333333333,5.0,0.0,8
102,switch,pd_theta_2,1,60,44.89568398719859,0.9166666666666666,10.5,0.0,6
102,switch,pd_theta_2,2,60,44.31230562998147,0.9333333333333333,14.5,0.0,5
102,switch,pd_theta_2,3,60,44.083742274592055,0.8666666666666667,15.5,0.0,6
102,switch,pd_theta_2,4,60,41.13492212176647,0.95,9.5,0.0,2
102,switch,pd_theta_2,5,60,44.12458510927271,0.8166666666666667,16.0,0.0,7
102,switch,pd_theta_2,6,60,32.83475068579181,0.95,8.0,0.0,2
102,switch,pd_theta_2,7,60,34.742836348027026,1.0,6.5,0.0,0
102,switch,pd_theta_2,8,60,34.43917611288987,1.0,6.5,0.0,0
102,switch,pd_theta_2,9,60,31.83338977721349,0.95,12.0,0.0,2
102,switch,pd_theta_2,10,60,34.34175564159722,1.0,9.0,0.0,0
102,switch,pd_theta_2,11,60,33.74305174688476,1.0,10.0,0.0,0
102,switch,pd_theta_4,0,60,47.16494296673889,0.9333333333333333,5.0,0.0,8
102,switch,pd_theta_4,1,60,44.89568398719859,0.9166666666666666,10.5,0.0,6
102,switch,pd_theta_4,2,60,44.31230562998147,0.9333333333333333,14.5,0.0,5
102,switch,pd_theta_4,3,60,44.03391475478343,0.8666666666666667,18.5,0.0,6
102,switch,pd_theta_4,4,60,41.633947326936784,0.95,18.0,0.0,2
102,switch,pd_theta_4,5,60,44.12514703991053,0.8166666666666667,21.5,0.0,7
102,switch,pd_theta_4,6,60,33.03384514470083,0.95,14.5,0.0,2
102,switch,pd_theta_4,7,60,34.841034291642494,1.0,11.0,0.0,0
102,switch,pd_theta_4,8,60,34.58754507380151,1.0,10.5,0.0,0
102,switch,pd_theta_4,9,60,31.83281213155836,0.95,14.5,0.0,0
102,switch,pd_theta_4,10,60,34.34043951807395,1.0,13.0,0.0,0
102,switch,pd_theta_4,11,60,33.89044838125475,1.0,16.5,0.0,0
102,switch,pd_theta_8,0,60,47.16494296673889,0.9333333333333333,5.0,0.0,8
102,switch,pd_theta_8,1,60,44.89568398719859,0.9166666666666666,10.5,0.0,6
102,switch,pd_theta_8,2,60,44.31230562998147,0.9333333333333333,14.5,0.0,5
102,switch,pd_theta_8,3,60,44.03391475478343,0.8666666666666667,18.5,0.0,6
102,switch,pd_theta_8,4,60,41.633947326936784,0.95,18.0,0.0,2
102,switch,pd_theta_8,5,60,44.17514703991053,0.8166666666666667,24.0,0.0,7
102,switch,pd_theta_8,6,60,33.03264706763763,0.95,19.0,0.0,3
102,switch,pd_theta_8,7,60,35.04214306456194,1.0,19.0,0.0,0
102,switch,pd_theta_8,8,60,35.29000856552751,1.0,23.0,0.0,0
102,switch,pd_theta_8,9,60,32.01157695718077,0.9333333333333333,32.5,0.0,1
102,switch,pd_theta_8,10,60,34.74019961487806,1.0,25.0,0.0,0
102,switch,pd_theta_8,11,60,33.99093398944715,1.0,23.5,0.0,0
102,switch,pd_theta_16,0,60,47.16494296673889,0.9333333333333333,5.0,0.0,8
102,switch,pd_theta_16,1,60,44.89568398719859,0.9166666666666666,10.5,0.0,6
102,switch,pd_theta_16,2,60,44.31230562998147,0.9333333333333333,14.5,0.0,5
102,switch,pd_theta_16,3,60,44.03391475478343,0.8666666666666667,18.5,0.0,6
102,switch,pd_theta_16,4,60,41.633947326936784,0.95,18.0,0.0,2
102,switch,pd_theta_16,5,60,44.17514703991053,0.8166666666666667,24.0,0.0,7
102,switch,pd_theta_16,6,60,33.03264706763763,0.95,19.0,0.0,3
102,switch,pd_theta_16,7,60,35.04214306456194,1.0,19.0,0.0,0
102,switch,pd_theta_16,8,60,35.29000856552751,1.0,23.0,0.0,0
102,switch,pd_theta_16,9,60,32.01221806868002,0.9333333333333333,34.0,0.0,1
102,switch,pd_theta_16,10,60,34.939825274378656,1.0,31.0,0.0,0
102,switch,pd_theta_16,11,60,34.39131014055142,1.0,34.0,0.0,0
102,switch,pd_history,0,60,47.16494296673889,0.9333333333333333,5.0,0.0,8
102,switch,pd_history,1,60,44.89568398719859,0.9166666666666666,10.5,0.0,6
102,switch,pd_history,2,60,44.31230562998147,0.9333333333333333,14.5,0.0,5
102,switch,pd_history,3,60,44.083742274592055,0.8666666666666667,15.5,0.0,6
102,switch,pd_history,4,60,41.13492212176647,0.95,9.5,0.0,2
102,switch,pd_history,5,60,44.12458510927271,0.8166666666666667,16.0,0.0,7
102,switch,pd_history,6,60,32.83475068579181,0.95,8.0,0.0,2
102,switch,pd_history,7,60,34.742836348027026,1.0,6.5,0.0,0
102,switch,pd_history,8,60,34.43917611288987,1.0,6.5,0.0,0
102,switch,pd_history,9,60,31.83338977721349,0.95,12.0,0.0,2
102,switch,pd_history,10,60,34.34175564159722,1.0,9.0,0.0,0
102,switch,pd_history,11,60,33.74305174688476,1.0,10.0,0.0,0
102,switch,no_control_interpretation,0,60,52.843907079310256,1.0,5.0,0.0,12
102,switch,no_control_interpretation,1,60,51.994821119679436,1.0,10.5,0.0,11
102,switch,no_control_interpretation,2,60,49.99147011009823,1.0,14.5,0.0,9
102,switch,no_control_interpretation,3,60,55.441267329727495,1.0,15.5,0.0,14
102,switch,no_control_interpretation,4,60,45.39428839503433,1.0,9.5,0.0,5
102,switch,no_control_interpretation,5,60,59.742866239198165,1.0,16.0,0.0,18
102,switch,no_control_interpretation,6,60,34.393887244805605,1.0,8.0,0.0,5
102,switch,no_control_interpretation,7,60,34.742836348027026,1.0,6.5,0.0,0
102,switch,no_control_interpretation,8,60,34.43917611288987,1.0,6.5,0.0,0
102,switch,no_control_interpretation,9,60,33.392488646645,1.0,12.0,0.0,3
102,switch,no_control_interpretation,10,60,34.34062056413974,1.0,10.0,0.0,0
102,switch,no_control_interpretation,11,60,33.74305174688476,1.0,11.0,0.0,0
102,switch,no_pre_new_only,0,60,11.092486250898766,0.5,0,0.0,0
102,switch,no_pre_new_only,1,60,11.461035843352485,0.5166666666666667,0,0.0,0
102,switch,no_pre_new_only,2,60,11.831889936677316,0.5333333333333333,0,0.0,0
102,switch,no_pre_new_only,3,60,10.352287896434191,0.4666666666666667,0,0.0,0
102,switch,no_pre_new_only,4,60,11.83282843079458,0.5333333333333333,0,0.0,0
102,switch,no_pre_new_only,5,60,8.87629179792845,0.4,0,0.0,0
102,switch,no_pre_new_only,6,60,6.2377040908557015,0.2,0,0.0,0
102,switch,no_pre_new_only,7,60,6.238615852796177,0.2,0,0.0,0
102,switch,no_pre_new_only,8,60,6.237004393125245,0.2,0,0.0,0
102,switch,no_pre_new_only,9,60,6.9742933183519416,0.23333333333333334,0,0.0,0
102,switch,no_pre_new_only,10,60,6.237148443860605,0.2,0,0.0,0
102,switch,no_pre_new_only,11,60,6.976792837777825,0.23333333333333334,0,0.0,0
102,switch,greedy_hard_cap,0,60,36.6584351431403,0.8,14.0,0.0,0
102,switch,greedy_hard_cap,1,60,37.0286719457302,0.8166666666666667,15.0,0.0,0
102,switch,greedy_hard_cap,2,60,37.767967814916624,0.85,15.5,0.0,0
102,switch,greedy_hard_cap,3,60,35.91795979967749,0.7666666666666667,16.5,0.0,0
102,switch,greedy_hard_cap,4,60,39.24847700858499,0.9166666666666666,15.0,0.0,0
102,switch,greedy_hard_cap,5,60,34.43930639413189,0.7,18.0,0.0,0
102,switch,greedy_hard_cap,6,60,35.39781662047621,1.0,17.0,0.0,0
102,switch,greedy_hard_cap,7,60,35.8490817694746,1.0,17.0,0.0,0
102,switch,greedy_hard_cap,8,60,35.79753146175005,1.0,18.5,0.0,0
102,switch,greedy_hard_cap,9,60,34.649455764114414,1.0,21.5,0.0,0
102,switch,greedy_hard_cap,10,60,35.69901097993213,1.0,22.5,0.0,0
102,switch,greedy_hard_cap,11,60,35.19787906343248,1.0,23.5,0.0,0
103,high_tight,pd_theta_2,0,60,42.6341747764138,0.8666666666666667,6.0,0.0,5
103,high_tight,pd_theta_2,1,60,42.22320505311535,0.9,8.0,0.0,4
103,high_tight,pd_theta_2,2,60,40.09591733963954,0.8333333333333334,15.0,0.0,3
103,high_tight,pd_theta_2,3,60,46.31313483703505,0.9333333333333333,11.5,0.0,7
103,high_tight,pd_theta_2,4,60,40.263804682011525,0.85,11.5,0.0,5
103,high_tight,pd_theta_2,5,60,43.67248203435897,0.9,15.0,0.0,5
103,high_tight,pd_theta_2,6,60,46.19302220391721,0.9166666666666666,14.5,0.0,7
103,high_tight,pd_theta_2,7,60,44.89187968066155,0.9166666666666666,12.5,0.0,6
103,high_tight,pd_theta_2,8,60,43.99263934245115,0.9166666666666666,14.5,0.0,5
103,high_tight,pd_theta_2,9,60,44.35397892546798,0.8833333333333333,14.5,0.0,6
103,high_tight,pd_theta_2,10,60,42.563236946382446,0.85,13.5,0.0,5
103,high_tight,pd_theta_2,11,60,45.63197404606152,0.95,11.0,0.0,6
103,high_tight,pd_theta_4,0,60,42.6341747764138,0.8666666666666667,6.0,0.0,5
103,high_tight,pd_theta_4,1,60,42.22320505311535,0.9,8.0,0.0,4
103,high_tight,pd_theta_4,2,60,40.09591733963954,0.8333333333333334,15.0,0.0,3
103,high_tight,pd_theta_4,3,60,46.36290774865458,0.9333333333333333,15.0,0.0,7
103,high_tight,pd_theta_4,4,60,40.51356937951193,0.85,20.0,0.0,5
103,high_tight,pd_theta_4,5,60,43.77434824290683,0.9,20.0,0.0,5
103,high_tight,pd_theta_4,6,60,46.24238924058683,0.9166666666666666,20.0,0.0,7
103,high_tight,pd_theta_4,7,60,45.14241473417989,0.9166666666666666,20.5,0.0,6
103,high_tight,pd_theta_4,8,60,44.04393612133536,0.9166666666666666,18.5,0.0,5
103,high_tight,pd_theta_4,9,60,44.40327808119079,0.8833333333333333,19.5,0.0,6
103,high_tight,pd_theta_4,10,60,42.71461023565436,0.85,19.5,0.0,5
103,high_tight,pd_theta_4,11,60,45.83207375937565,0.95,18.0,0.0,6
103,high_tight,pd_theta_8,0,60,42.6341747764138,0.8666666666666667,6.0,0.0,5
103,high_tight,pd_theta_8,1,60,42.22320505311535,0.9,8.0,0.0,4
103,high_tight,pd_theta_8,2,60,40.09591733963954,0.8333333333333334,15.0,0.0,3
103,high_tight,pd_theta_8,3,60,46.36290774865458,0.9333333333333333,15.0,0.0,7
103,high_tight,pd_theta_8,4,60,40.51356937951193,0.85,20.0,0.0,5
103,high_tight,pd_theta_8,5,60,43.7734086574537,0.9,23.0,0.0,5
103,high_tight,pd_theta_8,6,60,46.241831858974074,0.9166666666666666,24.5,0.0,7
103,high_tight,pd_theta_8,7,60,45.14187701488965,0.9166666666666666,26.0,0.0,6
103,high_tight,pd_theta_8,8,60,44.14351257352518,0.9166666666666666,27.5,0.0,5
103,high_tight,pd_theta_8,9,60,44.55326481396966,0.8833333333333333,29.0,0.0,6
103,high_tight,pd_theta_8,10,60,42.76334693588558,0.85,27.5,0.0,5
103,high_tight,pd_theta_8,11,60,45.88161925996175,0.95,25.0,0.0,6
103,high_tight,pd_theta_16,0,60,42.6341747764138,0.8666666666666667,6.0,0.0,5
103,high_tight,pd_theta_16,1,60,42.22320505311535,0.9,8.0,0.0,4
103,high_tight,pd_theta_16,2,60,40.09591733963954,0.8333333333333334,15.0,0.0,3
103,high_tight,pd_theta_16,3,60,46.36290774865458,0.9333333333333333,15.0,0.0,7
103,high_tight,pd_theta_16,4,60,40.51356937951193,0.85,20.0,0.0,5
103,high_tight,pd_theta_16,5,60,43.7734086574537,0.9,23.0,0.0,5
103,high_tight,pd_theta_16,6,60,46.241831858974074,0.9166666666666666,24.5,0.0,7
103,high_tight,pd_theta_16,7,60,45.14187701488965,0.9166666666666666,26.0,0.0,6
103,high_tight,pd_theta_16,8,60,44.14351257352518,0.9166666666666666,27.5,0.0,5
103,high_tight,pd_theta_16,9,60,44.55290761918366,0.8833333333333333,30.0,0.0,6
103,high_tight,pd_theta_16,10,60,42.81289957148634,0.85,32.0,0.0,5
103,high_tight,pd_theta_16,11,60,45.88204173286719,0.95,31.0,0.0,6
103,high_tight,pd_history,0,60,42.6341747764138,0.8666666666666667,6.0,0.0,5
103,high_tight,pd_history,1,60,42.22320505311535,0.9,8.0,0.0,4
103,high_tight,pd_history,2,60,40.09591733963954,0.8333333333333334,15.0,0.0,3
103,high_tight,pd_history,3,60,46.31313483703505,0.9333333333333333,11.5,0.0,7
103,high_tight,pd_history,4,60,40.263804682011525,0.85,11.5,0.0,5
103,high_tight,pd_history,5,60,43.67248203435897,0.9,15.0,0.0,5
103,high_tight,pd_history,6,60,46.19302220391721,0.9166666666666666,14.5,0.0,7
103,high_tight,pd_history,7,60,44.89187968066155,0.9166666666666666,12.5,0.0,6
103,high_tight,pd_history,8,60,43.99263934245115,0.9166666666666666,14.5,0.0,5
103,high_tight,pd_history,9,60,44.35397892546798,0.8833333333333333,14.5,0.0,6
103,high_tight,pd_history,10,60,42.563236946382446,0.85,13.5,0.0,5
103,high_tight,pd_history,11,60,45.63197404606152,0.95,11.0,0.0,6
103,high_tight,no_control_interpretation,0,60,53.99305775571535,1.0,6.0,0.0,13
103,high_tight,no_control_interpretation,1,60,50.74168918912347,1.0,8.0,0.0,10
103,high_tight,no_control_interpretation,2,60,54.29412054916317,1.0,15.0,0.0,13
103,high_tight,no_control_interpretation,3,60,51.99204364515685,1.0,11.5,0.0,11
103,high_tight,no_control_interpretation,4,60,53.04134327058455,1.0,11.5,0.0,14
103,high_tight,no_control_interpretation,5,60,52.19085084885132,1.0,15.0,0.0,11
103,high_tight,no_control_interpretation,6,60,53.292547893470164,1.0,14.5,0.0,12
103,high_tight,no_control_interpretation,7,60,51.9902130922454,1.0,12.5,0.0,11
103,high_tight,no_control_interpretation,8,60,51.09084046698997,1.0,14.5,0.0,10
103,high_tight,no_control_interpretation,9,60,54.29296992291599,1.0,14.5,0.0,13
103,high_tight,no_control_interpretation,10,60,55.34137638199454,1.0,13.5,0.0,14
103,high_tight,no_control_interpretation,11,60,49.89067596581134,1.0,11.0,0.0,9
103,high_tight,no_pre_new_only,0,60,10.723754455531159,0.48333333333333334,0,0.0,0
103,high_tight,no_pre_new_only,1,60,11.832107667850416,0.5333333333333333,0,0.0,0
103,high_tight,no_pre_new_only,2,60,10.720026660907843,0.48333333333333334,0,0.0,0
103,high_tight,no_pre_new_only,3,60,11.462208857527148,0.5166666666666667,0,0.0,0
103,high_tight,no_pre_new_only,4,60,11.091474749146302,0.5,0,0.0,0
103,high_tight,no_pre_new_only,5,60,11.463476102116326,0.5166666666666667,0,0.0,0
103,high_tight,no_pre_new_only,6,60,11.09266544225278,0.5,0,0.0,0
103,high_tight,no_pre_new_only,7,60,11.46233593829395,0.5166666666666667,0,0.0,0
103,high_tight,no_pre_new_only,8,60,11.8318800226681,0.5333333333333333,0,0.0,0
103,high_tight,no_pre_new_only,9,60,10.724326701832775,0.48333333333333334,0,0.0,0
103,high_tight,no_pre_new_only,10,60,10.354248047768454,0.4666666666666667,0,0.0,0
103,high_tight,no_pre_new_only,11,60,11.831242671976433,0.5333333333333333,0,0.0,0
103,high_tight,greedy_hard_cap,0,60,36.2885989459394,0.7833333333333333,13.5,0.0,0
103,high_tight,greedy_hard_cap,1,60,37.398472981998594,0.8333333333333334,14.5,0.0,0
103,high_tight,greedy_hard_cap,2,60,36.289114366185046,0.7833333333333333,16.0,0.0,0
103,high_tight,greedy_hard_cap,3,60,37.02887965649184,0.8166666666666667,16.5,0.0,0
103,high_tight,greedy_hard_cap,4,60,33.81912925874834,0.7666666666666667,16.5,0.0,0
103,high_tight,greedy_hard_cap,5,60,37.02767942837657,0.8166666666666667,17.5,0.0,0
103,high_tight,greedy_hard_cap,6,60,36.65775511837796,0.8,18.0,0.0,0
103,high_tight,greedy_hard_cap,7,60,37.027051485437624,0.8166666666666667,18.0,0.0,0
103,high_tight,greedy_hard_cap,8,60,37.39880686124189,0.8333333333333334,16.0,0.0,0
103,high_tight,greedy_hard_cap,9,60,36.28840923191582,0.7833333333333333,16.5,0.0,0
103,high_tight,greedy_hard_cap,10,60,35.91803550603703,0.7666666666666667,17.5,0.0,0
103,high_tight,greedy_hard_cap,11,60,37.76792355396934,0.85,17.0,0.0,0
103,high_loose,pd_theta_2,0,60,32.73287484237289,0.95,1.0,0.0,1
103,high_loose,pd_theta_2,1,60,34.091605494521545,1.0,5.0,0.0,0
103,high_loose,pd_theta_2,2,60,34.29398578837977,1.0,7.5,0.0,0
103,high_loose,pd_theta_2,3,60,34.542901196006504,1.0,10.5,0.0,0
103,high_loose,pd_theta_2,4,60,34.3933015322972,1.0,13.0,0.0,0
103,high_loose,pd_theta_2,5,60,33.88956735023117,1.0,12.0,0.0,0
103,high_loose,pd_theta_2,6,60,34.29015974568478,1.0,12.0,0.0,0
103,high_loose,pd_theta_2,7,60,33.99097179099115,1.0,11.0,0.0,0
103,high_loose,pd_theta_2,8,60,34.442591237589184,1.0,11.0,0.0,0
103,high_loose,pd_theta_2,9,60,33.49248569572061,1.0,10.0,0.0,0
103,high_loose,pd_theta_2,10,60,34.143967432641716,1.0,10.5,0.0,0
103,high_loose,pd_theta_2,11,60,33.74237486156956,1.0,13.5,0.0,0
103,high_loose,pd_theta_4,0,60,32.73287484237289,0.95,1.0,0.0,1
103,high_loose,pd_theta_4,1,60,34.091605494521545,1.0,5.0,0.0,0
103,high_loose,pd_theta_4,2,60,34.29398578837977,1.0,7.5,0.0,0
103,high_loose,pd_theta_4,3,60,34.54222732038331,1.0,11.5,0.0,0
103,high_loose,pd_theta_4,4,60,34.39257770506506,1.0,15.5,0.0,0
103,high_loose,pd_theta_4,5,60,33.88839847788243,1.0,20.5,0.0,0
103,high_loose,pd_theta_4,6,60,34.140931409804246,1.0,22.0,0.0,0
103,high_loose,pd_theta_4,7,60,33.99117339937445,1.0,19.0,0.0,0
103,high_loose,pd_theta_4,8,60,34.64151580911708,1.0,20.5,0.0,0
103,high_loose,pd_theta_4,9,60,33.741043319899276,1.0,19.0,0.0,0
103,high_loose,pd_theta_4,10,60,34.192180302329454,1.0,17.0,0.0,0
103,high_loose,pd_theta_4,11,60,34.14030084790293,1.0,18.5,0.0,0
103,high_loose,pd_theta_8,0,60,32.73287484237289,0.95,1.0,0.0,1
103,high_loose,pd_theta_8,1,60,34.091605494521545,1.0,5.0,0.0,0
103,high_loose,pd_theta_8,2,60,34.29398578837977,1.0,7.5,0.0,0
103,high_loose,pd_theta_8,3,60,34.54222732038331,1.0,11.5,0.0,0
103,high_loose,pd_theta_8,4,60,34.39257770506506,1.0,15.5,0.0,0
103,high_loose,pd_theta_8,5,60,33.88839847788243,1.0,21.5,0.0,0
103,high_loose,pd_theta_8,6,60,34.14114186517116,1.0,24.5,0.0,0
103,high_loose,pd_theta_8,7,60,33.99074928684421,1.0,27.5,0.0,0
103,high_loose,pd_theta_8,8,60,34.54333264555048,1.0,33.0,0.0,0
103,high_loose,pd_theta_8,9,60,33.592458865361536,1.0,34.5,0.0,0
103,high_loose,pd_theta_8,10,60,34.190892222839544,1.0,35.5,0.0,0
103,high_loose,pd_theta_8,11,60,33.990283516908114,1.0,33.0,0.0,0
103,high_loose,pd_theta_16,0,60,32.73287484237289,0.95,1.0,0.0,1
103,high_loose,pd_theta_16,1,60,34.091605494521545,1.0,5.0,0.0,0
103,high_loose,pd_theta_16,2,60,34.29398578837977,1.0,7.5,0.0,0
103,high_loose,pd_theta_16,3,60,34.54222732038331,1.0,11.5,0.0,0
103,high_loose,pd_theta_16,4,60,34.39257770506506,1.0,15.5,0.0,0
103,high_loose,pd_theta_16,5,60,33.88839847788243,1.0,21.5,0.0,0
103,high_loose,pd_theta_16,6,60,34.14114186517116,1.0,24.5,0.0,0
103,high_loose,pd_theta_16,7,60,33.99074928684421,1.0,27.5,0.0,0
103,high_loose,pd_theta_16,8,60,34.54333264555048,1.0,33.0,0.0,0
103,high_loose,pd_theta_16,9,60,33.59100825749279,1.0,35.5,0.0,0
103,high_loose,pd_theta_16,10,60,34.19203582004874,1.0,38.0,0.0,0
103,high_loose,pd_theta_16,11,60,33.83945294496503,1.0,41.5,0.0,0
103,high_loose,pd_history,0,60,32.73287484237289,0.95,1.0,0.0,1
103,high_loose,pd_history,1,60,34.091605494521545,1.0,5.0,0.0,0
103,high_loose,pd_history,2,60,34.29398578837977,1.0,7.5,0.0,0
103,high_loose,pd_history,3,60,34.542901196006504,1.0,10.5,0.0,0
103,high_loose,pd_history,4,60,34.3933015322972,1.0,13.0,0.0,0
103,high_loose,pd_history,5,60,33.88956735023117,1.0,12.0,0.0,0
103,high_loose,pd_history,6,60,34.29015974568478,1.0,12.0,0.0,0
103,high_loose,pd_history,7,60,33.99097179099115,1.0,11.0,0.0,0
103,high_loose,pd_history,8,60,34.442591237589184,1.0,11.0,0.0,0
103,high_loose,pd_history,9,60,33.49248569572061,1.0,10.0,0.0,0
103,high_loose,pd_history,10,60,34.143967432641716,1.0,10.5,0.0,0
103,high_loose,pd_history,11,60,33.74237486156956,1.0,13.5,0.0,0
103,high_loose,no_control_interpretation,0,60,34.29228349683852,1.0,1.0,0.0,4
103,high_loose,no_control_interpretation,1,60,34.091605494521545,1.0,5.0,0.0,0
103,high_loose,no_control_interpretation,2,60,34.29398578837977,1.0,7.5,0.0,0
103,high_loose,no_control_interpretation,3,60,34.542901196006504,1.0,10.5,0.0,0
103,high_loose,no_control_interpretation,4,60,34.3933015322972,1.0,13.0,0.0,0
103,high_loose,no_control_interpretation,5,60,33.88956735023117,1.0,12.0,0.0,0
103,high_loose,no_control_interpretation,6,60,34.29015974568478,1.0,12.0,0.0,0
103,high_loose,no_control_interpretation,7,60,33.99097179099115,1.0,11.0,0.0,0
103,high_loose,no_control_interpretation,8,60,34.442591237589184,1.0,11.0,0.0,0
103,high_loose,no_control_interpretation,9,60,33.49248569572061,1.0,10.0,0.0,0
103,high_loose,no_control_interpretation,10,60,34.143967432641716,1.0,10.5,0.0,0
103,high_loose,no_control_interpretation,11,60,33.74237486156956,1.0,13.5,0.0,0
103,high_loose,no_pre_new_only,0,60,6.238130480903376,0.2,0,0.0,0
103,high_loose,no_pre_new_only,1,60,6.977401426519088,0.23333333333333334,0,0.0,0
103,high_loose,no_pre_new_only,2,60,6.2381914212829965,0.2,0,0.0,0
103,high_loose,no_pre_new_only,3,60,6.237759931553416,0.2,0,0.0,0
103,high_loose,no_pre_new_only,4,60,6.235184297669877,0.2,0,0.0,0
103,high_loose,no_pre_new_only,5,60,6.975836601229905,0.23333333333333334,0,0.0,0
103,high_loose,no_pre_new_only,6,60,6.237276432826955,0.2,0,0.0,0
103,high_loose,no_pre_new_only,7,60,6.974905718920641,0.23333333333333334,0,0.0,0
103,high_loose,no_pre_new_only,8,60,6.236758453665615,0.2,0,0.0,0
103,high_loose,no_pre_new_only,9,60,6.977027570619935,0.23333333333333334,0,0.0,0
103,high_loose,no_pre_new_only,10,60,6.238066131358567,0.2,0,0.0,0
103,high_loose,no_pre_new_only,11,60,6.9755037898276875,0.23333333333333334,0,0.0,0
103,high_loose,greedy_hard_cap,0,60,34.997788989775565,1.0,9.5,0.0,0
103,high_loose,greedy_hard_cap,1,60,34.647125755459605,1.0,15.5,0.0,0
103,high_loose,greedy_hard_cap,2,60,35.048086840839616,1.0,18.0,0.0,0
103,high_loose,greedy_hard_cap,3,60,35.346825081960404,1.0,17.5,0.0,0
103,high_loose,greedy_hard_cap,4,60,35.297751893695086,1.0,19.0,0.0,0
103,high_loose,greedy_hard_cap,5,60,34.79629505373556,1.0,17.0,0.0,0
103,high_loose,greedy_hard_cap,6,60,35.397739814080275,1.0,18.5,0.0,0
103,high_loose,greedy_hard_cap,7,60,35.09715024291716,1.0,18.0,0.0,0
103,high_loose,greedy_hard_cap,8,60,35.748073428666856,1.0,20.0,0.0,0
103,high_loose,greedy_hard_cap,9,60,34.84879582012326,1.0,18.5,0.0,0
103,high_loose,greedy_hard_cap,10,60,35.249170453736276,1.0,19.5,0.0,0
103,high_loose,greedy_hard_cap,11,60,35.397871223547035,1.0,19.5,0.0,0
103,random,pd_theta_2,0,60,41.50139429531509,0.9666666666666667,2.0,0.0,3
103,random,pd_theta_2,1,60,40.14363709207097,1.0,8.0,0.0,2
103,random,pd_theta_2,2,60,44.689455482012484,1.0,8.5,0.0,1
103,random,pd_theta_2,3,60,43.88995560576921,1.0,14.5,0.0,0
103,random,pd_theta_2,4,60,41.521879551255495,0.9833333333333333,17.0,0.0,1
103,random,pd_theta_2,5,60,44.14104902932608,1.0,14.0,0.0,0
103,random,pd_theta_2,6,60,45.63999738510319,1.0,14.5,0.0,0
103,random,pd_theta_2,7,60,42.18829103330868,1.0,14.0,0.0,0
103,random,pd_theta_2,8,60,43.237969328023766,1.0,15.5,0.0,0
103,random,pd_theta_2,9,60,41.18870633677605,1.0,13.5,0.0,0
103,random,pd_theta_2,10,60,43.241498010856695,1.0,12.0,0.0,0
103,random,pd_theta_2,11,60,42.08878598068314,1.0,15.5,0.0,0
103,random,pd_theta_4,0,60,41.50139429531509,0.9666666666666667,2.0,0.0,3
103,random,pd_theta_4,1,60,40.14363709207097,1.0,8.0,0.0,2
103,random,pd_theta_4,2,60,44.689455482012484,1.0,8.5,0.0,1
103,random,pd_theta_4,3,60,43.99020168171461,1.0,15.5,0.0,0
103,random,pd_theta_4,4,60,42.24080527345168,1.0,21.0,0.0,1
103,random,pd_theta_4,5,60,44.240295580701016,1.0,25.0,0.0,0
103,random,pd_theta_4,6,60,45.73969271808771,1.0,26.0,0.0,0
103,random,pd_theta_4,7,60,42.389819126706364,1.0,28.5,0.0,0
103,random,pd_theta_4,8,60,43.29070608021977,1.0,26.5,0.0,0
103,random,pd_theta_4,9,60,41.29156029870635,1.0,26.5,0.0,0
103,random,pd_theta_4,10,60,43.44020245885269,1.0,23.5,0.0,0
103,random,pd_theta_4,11,60,42.389073149528556,1.0,27.0,0.0,0
103,random,pd_theta_8,0,60,41.50139429531509,0.9666666666666667,2.0,0.0,3
103,random,pd_theta_8,1,60,40.14363709207097,1.0,8.0,0.0,2
103,random,pd_theta_8,2,60,44.689455482012484,1.0,8.5,0.0,1
103,random,pd_theta_8,3,60,43.99020168171461,1.0,15.5,0.0,0
103,random,pd_theta_8,4,60,42.24080527345168,1.0,21.0,0.0,1
103,random,pd_theta_8,5,60,44.240295580701016,1.0,25.0,0.0,0
103,random,pd_theta_8,6,60,45.84105187481997,1.0,29.5,0.0,0
103,random,pd_theta_8,7,60,42.48956724806581,1.0,34.5,0.0,0
103,random,pd_theta_8,8,60,43.38864052897319,1.0,35.5,0.0,0
103,random,pd_theta_8,9,60,41.38926030532245,1.0,41.0,0.0,0
103,random,pd_theta_8,10,60,43.8402168943352,1.0,43.0,0.0,0
103,random,pd_theta_8,11,60,42.48800723254778,1.0,45.5,0.0,0
103,random,pd_theta_16,0,60,41.50139429531509,0.9666666666666667,2.0,0.0,3
103,random,pd_theta_16,1,60,40.14363709207097,1.0,8.0,0.0,2
103,random,pd_theta_16,2,60,44.689455482012484,1.0,8.5,0.0,1
103,random,pd_theta_16,3,60,43.99020168171461,1.0,15.5,0.0,0
103,random,pd_theta_16,4,60,42.24080527345168,1.0,21.0,0.0,1
103,random,pd_theta_16,5,60,44.240295580701016,1.0,25.0,0.0,0
103,random,pd_theta_16,6,60,45.84105187481997,1.0,29.5,0.0,0
103,random,pd_theta_16,7,60,42.48956724806581,1.0,34.5,0.0,0
103,random,pd_theta_16,8,60,43.38864052897319,1.0,35.5,0.0,0
103,random,pd_theta_16,9,60,41.38926030532245,1.0,41.0,0.0,0
103,random,pd_theta_16,10,60,43.84009320184369,1.0,44.5,0.0,0
103,random,pd_theta_16,11,60,42.58763794999585,1.0,49.0,0.0,0
103,random,pd_history,0,60,41.50139429531509,0.9666666666666667,2.0,0.0,3
103,random,pd_history,1,60,40.14363709207097,1.0,8.0,0.0,2
103,random,pd_history,2,60,44.689455482012484,1.0,8.5,0.0,1
103,random,pd_history,3,60,43.88995560576921,1.0,14.5,0.0,0
103,random,pd_history,4,60,41.521879551255495,0.9833333333333333,17.0,0.0,1
103,random,pd_history,5,60,44.14104902932608,1.0,14.0,0.0,0
103,random,pd_history,6,60,45.63999738510319,1.0,14.5,0.0,0
103,random,pd_history,7,60,42.18829103330868,1.0,14.0,0.0,0
103,random,pd_history,8,60,43.237969328023766,1.0,15.5,0.0,0
103,random,pd_history,9,60,41.18870633677605,1.0,13.5,0.0,0
103,random,pd_history,10,60,43.241498010856695,1.0,12.0,0.0,0
103,random,pd_history,11,60,42.08878598068314,1.0,15.5,0.0,0
103,random,no_control_interpretation,0,60,42.54065384086221,1.0,2.0,0.0,4
103,random,no_control_interpretation,1,60,40.14363709207097,1.0,8.0,0.0,2
103,random,no_control_interpretation,2,60,44.689455482012484,1.0,8.5,0.0,1
103,random,no_control_interpretation,3,60,43.88995560576921,1.0,14.5,0.0,0
103,random,no_control_interpretation,4,60,42.04187639675536,1.0,17.0,0.0,1
103,random,no_control_interpretation,5,60,44.14086505970341,1.0,16.0,0.0,0
103,random,no_control_interpretation,6,60,45.64047825821767,1.0,14.5,0.0,0
103,random,no_control_interpretation,7,60,42.18829103330868,1.0,13.0,0.0,0
103,random,no_control_interpretation,8,60,43.237969328023766,1.0,15.5,0.0,0
103,random,no_control_interpretation,9,60,41.18870633677605,1.0,13.5,0.0,0
103,random,no_control_interpretation,10,60,43.241498010856695,1.0,12.0,0.0,0
103,random,no_control_interpretation,11,60,42.08878598068314,1.0,15.5,0.0,0
103,random,no_pre_new_only,0,60,8.675232918697798,0.31666666666666665,0,0.0,0
103,random,no_pre_new_only,1,60,9.775726779127051,0.4,0,0.0,0
103,random,no_pre_new_only,2,60,9.334012297318134,0.36666666666666664,0,0.0,0
103,random,no_pre_new_only,3,60,10.072730690623983,0.4,0,0.0,0
103,random,no_pre_new_only,4,60,9.334852591315418,0.36666666666666664,0,0.0,0
103,random,no_pre_new_only,5,60,9.924475508048197,0.4,0,0.0,0
103,random,no_pre_new_only,6,60,9.334539672188509,0.36666666666666664,0,0.0,0
103,random,no_pre_new_only,7,60,10.293574032587117,0.4166666666666667,0,0.0,0
103,random,no_pre_new_only,8,60,9.854589934916229,0.38333333333333336,0,0.0,0
103,random,no_pre_new_only,9,60,9.854201482274087,0.38333333333333336,0,0.0,0
103,random,no_pre_new_only,10,60,9.705430895600008,0.38333333333333336,0,0.0,0
103,random,no_pre_new_only,11,60,9.184770280981887,0.36666666666666664,0,0.0,0
103,random,greedy_hard_cap,0,60,36.646973103022525,0.9166666666666666,11.5,0.0,0
103,random,greedy_hard_cap,1,60,38.35903609561807,0.9666666666666667,15.5,0.0,0
103,random,greedy_hard_cap,2,60,42.90898077582218,0.9666666666666667,18.0,0.0,0
103,random,greedy_hard_cap,3,60,44.79772346428997,1.0,18.5,0.0,0
103,random,greedy_hard_cap,4,60,43.198384958869376,1.0,20.5,0.0,0
103,random,greedy_hard_cap,5,60,45.14579354786876,1.0,20.0,0.0,0
103,random,greedy_hard_cap,6,60,46.799572221200144,1.0,21.5,0.0,0
103,random,greedy_hard_cap,7,60,43.3489941678643,1.0,20.5,0.0,0
103,random,greedy_hard_cap,8,60,44.39791523797622,1.0,21.0,0.0,0
103,random,greedy_hard_cap,9,60,42.14803715808271,1.0,18.5,0.0,0
103,random,greedy_hard_cap,10,60,44.39937916576836,1.0,21.0,0.0,0
103,random,greedy_hard_cap,11,60,43.34855756702449,1.0,21.0,0.0,0
103,switch,pd_theta_2,0,60,42.6341747764138,0.8666666666666667,6.0,0.0,5
103,switch,pd_theta_2,1,60,42.22320505311535,0.9,8.0,0.0,4
103,switch,pd_theta_2,2,60,40.09591733963954,0.8333333333333334,15.0,0.0,3
103,switch,pd_theta_2,3,60,46.31313483703505,0.9333333333333333,11.5,0.0,7
103,switch,pd_theta_2,4,60,40.263804682011525,0.85,11.5,0.0,5
103,switch,pd_theta_2,5,60,43.67248203435897,0.9,15.0,0.0,5
103,switch,pd_theta_2,6,60,34.121638972387764,0.9833333333333333,8.0,0.0,2
103,switch,pd_theta_2,7,60,33.98975464196057,1.0,4.0,0.0,0
103,switch,pd_theta_2,8,60,34.592978044521715,1.0,8.0,0.0,0
103,switch,pd_theta_2,9,60,33.493994741889,1.0,9.0,0.0,0
103,switch,pd_theta_2,10,60,34.142800164612524,1.0,8.5,0.0,0
103,switch,pd_theta_2,11,60,33.89261216316901,1.0,12.5,0.0,0
103,switch,pd_theta_4,0,60,42.6341747764138,0.8666666666666667,6.0,0.0,5
103,switch,pd_theta_4,1,60,42.22320505311535,0.9,8.0,0.0,4
103,switch,pd_theta_4,2,60,40.09591733963954,0.8333333333333334,15.0,0.0,3
103,switch,pd_theta_4,3,60,46.36290774865458,0.9333333333333333,15.0,0.0,7
103,switch,pd_theta_4,4,60,40.51356937951193,0.85,20.0,0.0,5
103,switch,pd_theta_4,5,60,43.77434824290683,0.9,20.0,0.0,5
103,switch,pd_theta_4,6,60,34.22247752775594,0.9833333333333333,14.5,0.0,2
103,switch,pd_theta_4,7,60,34.29126167058162,1.0,13.5,0.0,0
103,switch,pd_theta_4,8,60,34.84273536395486,1.0,13.5,0.0,0
103,switch,pd_theta_4,9,60,33.69314867193713,1.0,15.0,0.0,0
103,switch,pd_theta_4,10,60,33.994096719980696,1.0,13.5,0.0,0
103,switch,pd_theta_4,11,60,33.742539762444274,1.0,20.5,0.0,0
103,switch,pd_theta_8,0,60,42.6341747764138,0.8666666666666667,6.0,0.0,5
103,switch,pd_theta_8,1,60,42.22320505311535,0.9,8.0,0.0,4
103,switch,pd_theta_8,2,60,40.09591733963954,0.8333333333333334,15.0,0.0,3
103,switch,pd_theta_8,3,60,46.36290774865458,0.9333333333333333,15.0,0.0,7
103,switch,pd_theta_8,4,60,40.51356937951193,0.85,20.0,0.0,5
103,switch,pd_theta_8,5,60,43.7734086574537,0.9,23.0,0.0,5
103,switch,pd_theta_8,6,60,33.80318692789759,0.9666666666666667,19.5,0.0,2
103,switch,pd_theta_8,7,60,34.29057376099185,1.0,18.5,0.0,0
103,switch,pd_theta_8,8,60,35.141054125741505,1.0,24.5,0.0,0
103,switch,pd_theta_8,9,60,34.191030456093586,1.0,25.5,0.0,0
103,switch,pd_theta_8,10,60,34.642242331930724,1.0,26.0,0.0,0
103,switch,pd_theta_8,11,60,34.4896918360799,1.0,28.0,0.0,0
103,switch,pd_theta_16,0,60,42.6341747764138,0.8666666666666667,6.0,0.0,5
103,switch,pd_theta_16,1,60,42.22320505311535,0.9,8.0,0.0,4
103,switch,pd_theta_16,2,60,40.09591733963954,0.8333333333333334,15.0,0.0,3
103,switch,pd_theta_16,3,60,46.36290774865458,0.9333333333333333,15.0,0.0,7
103,switch,pd_theta_16,4,60,40.51356937951193,0.85,20.0,0.0,5
103,switch,pd_theta_16,5,60,43.7734086574537,0.9,23.0,0.0,5
103,switch,pd_theta_16,6,60,33.80318692789759,0.9666666666666667,19.5,0.0,2
103,switch,pd_theta_16,7,60,34.29057376099185,1.0,18.5,0.0,0
103,switch,pd_theta_16,8,60,35.141054125741505,1.0,24.5,0.0,0
103,switch,pd_theta_16,9,60,34.19008017764093,1.0,26.5,0.0,0
103,switch,pd_theta_16,10,60,34.74126382830061,1.0,30.5,0.0,0
103,switch,pd_theta_16,11,60,34.78916351951718,1.0,36.0,0.0,0
103,switch,pd_history,0,60,42.6341747764138,0.8666666666666667,6.0,0.0,5
103,switch,pd_history,1,60,42.22320505311535,0.9,8.0,0.0,4
103,switch,pd_history,2,60,40.09591733963954,0.8333333333333334,15.0,0.0,3
103,switch,pd_history,3,60,46.31313483703505,0.9333333333333333,11.5,0.0,7
103,switch,pd_history,4,60,40.263804682011525,0.85,11.5,0.0,5
103,switch,pd_history,5,60,43.67248203435897,0.9,15.0,0.0,5
103,switch,pd_history,6,60,34.121638972387764,0.9833333333333333,8.0,0.0,2
103,switch,pd_history,7,60,33.98975464196057,1.0,4.0,0.0,0
103,switch,pd_history,8,60,34.592978044521715,1.0,8.0,0.0,0
103,switch,pd_history,9,60,33.493994741889,1.0,9.0,0.0,0
103,switch,pd_history,10,60,34.142800164612524,1.0,8.5,0.0,0
103,switch,pd_history,11,60,33.89261216316901,1.0,12.5,0.0,0
103,switch,no_control_interpretation,0,60,53.99305775571535,1.0,6.0,0.0,13
103,switch,no_control_interpretation,1,60,50.74168918912347,1.0,8.0,0.0,10
103,switch,no_control_interpretation,2,60,54.29412054916317,1.0,15.0,0.0,13
103,switch,no_control_interpretation,3,60,51.99204364515685,1.0,11.5,0.0,11
103,switch,no_control_interpretation,4,60,53.04134327058455,1.0,11.5,0.0,14
103,switch,no_control_interpretation,5,60,52.19085084885132,1.0,15.0,0.0,11
103,switch,no_control_interpretation,6,60,34.641635655261986,1.0,8.0,0.0,3
103,switch,no_control_interpretation,7,60,33.98975464196057,1.0,4.0,0.0,0
103,switch,no_control_interpretation,8,60,34.592978044521715,1.0,8.0,0.0,0
103,switch,no_control_interpretation,9,60,33.493994741889,1.0,9.0,0.0,0
103,switch,no_control_interpretation,10,60,34.142800164612524,1.0,8.5,0.0,0
103,switch,no_control_interpretation,11,60,33.89261216316901,1.0,12.5,0.0,0
103,switch,no_pre_new_only,0,60,10.723754455531159,0.48333333333333334,0,0.0,0
103,switch,no_pre_new_only,1,60,11.832107667850416,0.5333333333333333,0,0.0,0
103,switch,no_pre_new_only,2,60,10.720026660907843,0.48333333333333334,0,0.0,0
103,switch,no_pre_new_only,3,60,11.462208857527148,0.5166666666666667,0,0.0,0
103,switch,no_pre_new_only,4,60,11.091474749146302,0.5,0,0.0,0
103,switch,no_pre_new_only,5,60,11.463476102116326,0.5166666666666667,0,0.0,0
103,switch,no_pre_new_only,6,60,6.237276432826955,0.2,0,0.0,0
103,switch,no_pre_new_only,7,60,6.974905718920641,0.23333333333333334,0,0.0,0
103,switch,no_pre_new_only,8,60,6.236758453665615,0.2,0,0.0,0
103,switch,no_pre_new_only,9,60,6.977027570619935,0.23333333333333334,0,0.0,0
103,switch,no_pre_new_only,10,60,6.238066131358567,0.2,0,0.0,0
103,switch,no_pre_new_only,11,60,6.9755037898276875,0.23333333333333334,0,0.0,0
103,switch,greedy_hard_cap,0,60,36.2885989459394,0.7833333333333333,13.5,0.0,0
103,switch,greedy_hard_cap,1,60,37.398472981998594,0.8333333333333334,14.5,0.0,0
103,switch,greedy_hard_cap,2,60,36.289114366185046,0.7833333333333333,16.0,0.0,0
103,switch,greedy_hard_cap,3,60,37.02887965649184,0.8166666666666667,16.5,0.0,0
103,switch,greedy_hard_cap,4,60,33.81912925874834,0.7666666666666667,16.5,0.0,0
103,switch,greedy_hard_cap,5,60,37.02767942837657,0.8166666666666667,17.5,0.0,0
103,switch,greedy_hard_cap,6,60,35.69920735329548,1.0,17.0,0.0,0
103,switch,greedy_hard_cap,7,60,35.24810099114121,1.0,20.0,0.0,0
103,switch,greedy_hard_cap,8,60,35.99898203075372,1.0,22.5,0.0,0
103,switch,greedy_hard_cap,9,60,34.9490399377194,1.0,20.5,0.0,0
103,switch,greedy_hard_cap,10,60,35.39931957520269,1.0,21.5,0.0,0
103,switch,greedy_hard_cap,11,60,35.54806912866365,1.0,21.5,0.0,0
104,high_tight,pd_theta_2,0,60,43.27446777576257,0.9,5.0,0.0,5
104,high_tight,pd_theta_2,1,60,44.354769651876786,0.8833333333333333,12.0,0.0,6
104,high_tight,pd_theta_2,2,60,43.98155787174849,0.8666666666666667,15.0,0.0,6
104,high_tight,pd_theta_2,3,60,44.41168406629188,0.9333333333333333,15.0,0.0,5
104,high_tight,pd_theta_2,4,60,41.55360052142373,0.8,16.0,0.0,5
104,high_tight,pd_theta_2,5,60,43.432368568858664,0.95,11.5,0.0,4
104,high_tight,pd_theta_2,6,60,42.1545786917042,0.8833333333333333,13.0,0.0,6
104,high_tight,pd_theta_2,7,60,43.30507701948848,0.8833333333333333,14.5,0.0,5
104,high_tight,pd_theta_2,8,60,45.77132574023156,0.9,13.5,0.0,7
104,high_tight,pd_theta_2,9,60,43.47293414013072,0.9,10.0,0.0,5
104,high_tight,pd_theta_2,10,60,45.020659365742965,0.9833333333333333,8.5,0.0,5
104,high_tight,pd_theta_2,11,60,44.44508132489077,0.8333333333333334,17.0,0.0,7
104,high_tight,pd_theta_4,0,60,43.27446777576257,0.9,5.0,0.0,5
104,high_tight,pd_theta_4,1,60,44.354769651876786,0.8833333333333333,12.0,0.0,6
104,high_tight,pd_theta_4,2,60,43.98155787174849,0.8666666666666667,15.0,0.0,6
104,high_tight,pd_theta_4,3,60,44.31225769688395,0.9333333333333333,17.0,0.0,5
104,high_tight,pd_theta_4,4,60,41.653618445796056,0.8,22.5,0.0,5
104,high_tight,pd_theta_4,5,60,43.73159925394944,0.95,18.0,0.0,4
104,high_tight,pd_theta_4,6,60,42.253975242006845,0.8833333333333333,19.0,0.0,6
104,high_tight,pd_theta_4,7,60,43.30548272893845,0.8833333333333333,19.0,0.0,5
104,high_tight,pd_theta_4,8,60,45.81948064816984,0.9,19.0,0.0,7
104,high_tight,pd_theta_4,9,60,43.67247834613181,0.9,20.0,0.0,5
104,high_tight,pd_theta_4,10,60,45.36982239356346,0.9833333333333333,17.0,0.0,5
104,high_tight,pd_theta_4,11,60,44.44364794924594,0.8333333333333334,22.0,0.0,7
104,high_tight,pd_theta_8,0,60,43.27446777576257,0.9,5.0,0.0,5
104,high_tight,pd_theta_8,1,60,44.354769651876786,0.8833333333333333,12.0,0.0,6
104,high_tight,pd_theta_8,2,60,43.98155787174849,0.8666666666666667,15.0,0.0,6
104,high_tight,pd_theta_8,3,60,44.31225769688395,0.9333333333333333,17.0,0.0,5
104,high_tight,pd_theta_8,4,60,41.653618445796056,0.8,22.5,0.0,5
104,high_tight,pd_theta_8,5,60,43.73176477774395,0.95,21.0,0.0,4
104,high_tight,pd_theta_8,6,60,42.30374614449913,0.8833333333333333,24.5,0.0,6
104,high_tight,pd_theta_8,7,60,43.40304719392518,0.8833333333333333,27.0,0.0,5
104,high_tight,pd_theta_8,8,60,45.920376574327065,0.9,28.5,0.0,7
104,high_tight,pd_theta_8,9,60,43.823774612969984,0.9,28.0,0.0,5
104,high_tight,pd_theta_8,10,60,45.57040134161836,0.9833333333333333,27.0,0.0,5
104,high_tight,pd_theta_8,11,60,44.54461331471688,0.8333333333333334,30.5,0.0,7
104,high_tight,pd_theta_16,0,60,43.27446777576257,0.9,5.0,0.0,5
104,high_tight,pd_theta_16,1,60,44.354769651876786,0.8833333333333333,12.0,0.0,6
104,high_tight,pd_theta_16,2,60,43.98155787174849,0.8666666666666667,15.0,0.0,6
104,high_tight,pd_theta_16,3,60,44.31225769688395,0.9333333333333333,17.0,0.0,5
104,high_tight,pd_theta_16,4,60,41.653618445796056,0.8,22.5,0.0,5
104,high_tight,pd_theta_16,5,60,43.73176477774395,0.95,21.0,0.0,4
104,high_tight,pd_theta_16,6,60,42.30374614449913,0.8833333333333333,24.5,0.0,6
104,high_tight,pd_theta_16,7,60,43.40304719392518,0.8833333333333333,27.0,0.0,5
104,high_tight,pd_theta_16,8,60,45.920376574327065,0.9,28.5,0.0,7
104,high_tight,pd_theta_16,9,60,43.82378109926808,0.9,29.0,0.0,5
104,high_tight,pd_theta_16,10,60,45.62034843909233,0.9833333333333333,29.5,0.0,5
104,high_tight,pd_theta_16,11,60,44.59441018551308,0.8333333333333334,35.5,0.0,7
104,high_tight,pd_history,0,60,43.27446777576257,0.9,5.0,0.0,5
104,high_tight,pd_history,1,60,44.354769651876786,0.8833333333333333,12.0,0.0,6
104,high_tight,pd_history,2,60,43.98155787174849,0.8666666666666667,15.0,0.0,6
104,high_tight,pd_history,3,60,44.41168406629188,0.9333333333333333,15.0,0.0,5
104,high_tight,pd_history,4,60,41.55360052142373,0.8,16.0,0.0,5
104,high_tight,pd_history,5,60,43.432368568858664,0.95,11.5,0.0,4
104,high_tight,pd_history,6,60,42.1545786917042,0.8833333333333333,13.0,0.0,6
104,high_tight,pd_history,7,60,43.30507701948848,0.8833333333333333,14.5,0.0,5
104,high_tight,pd_history,8,60,45.77132574023156,0.9,13.5,0.0,7
104,high_tight,pd_history,9,60,43.47293414013072,0.9,10.0,0.0,5
104,high_tight,pd_history,10,60,45.020659365742965,0.9833333333333333,8.5,0.0,5
104,high_tight,pd_history,11,60,44.44508132489077,0.8333333333333334,17.0,0.0,7
104,high_tight,no_control_interpretation,0,60,51.793489104916176,1.0,5.0,0.0,11
104,high_tight,no_control_interpretation,1,60,54.294164779537844,1.0,12.0,0.0,13
104,high_tight,no_control_interpretation,2,60,55.34016173020977,1.0,15.0,0.0,14
104,high_tight,no_control_interpretation,3,60,50.09106142224892,1.0,15.0,0.0,9
104,high_tight,no_control_interpretation,4,60,58.59082387747308,1.0,16.0,0.0,17
104,high_tight,no_control_interpretation,5,60,47.6918344621121,1.0,11.5,0.0,7
104,high_tight,no_control_interpretation,6,60,52.093715373732024,1.0,13.0,0.0,13
104,high_tight,no_control_interpretation,7,60,53.24424398022726,1.0,14.5,0.0,12
104,high_tight,no_control_interpretation,8,60,54.28972660743241,1.0,13.5,0.0,13
104,high_tight,no_control_interpretation,9,60,51.99161731965401,1.0,10.0,0.0,11
104,high_tight,no_control_interpretation,10,60,46.440654611045474,1.0,8.5,0.0,6
104,high_tight,no_control_interpretation,11,60,58.643455597820356,1.0,17.0,0.0,17
104,high_tight,no_pre_new_only,0,60,11.462988230207907,0.5166666666666667,0,0.0,0
104,high_tight,no_pre_new_only,1,60,10.722230779387333,0.48333333333333334,0,0.0,0
104,high_tight,no_pre_new_only,2,60,10.352770526642129,0.4666666666666667,0,0.0,0
104,high_tight,no_pre_new_only,3,60,11.833123566683737,0.5333333333333333,0,0.0,0
104,high_tight,no_pre_new_only,4,60,9.243124018307878,0.4166666666666667,0,0.0,0
104,high_tight,no_pre_new_only,5,60,11.832432256425948,0.5333333333333333,0,0.0,0
104,high_tight,no_pre_new_only,6,60,11.46088897263559,0.5166666666666667,0,0.0,0
104,high_tight,no_pre_new_only,7,60,11.095039053261686,0.5,0,0.0,0
104,high_tight,no_pre_new_only,8,60,10.723889795489985,0.48333333333333334,0,0.0,0
104,high_tight,no_pre_new_only,9,60,11.462682537344397,0.5166666666666667,0,0.0,0
104,high_tight,no_pre_new_only,10,60,11.831648433824707,0.5333333333333333,0,0.0,0
104,high_tight,no_pre_new_only,11,60,9.244175527428657,0.4166666666666667,0,0.0,0
104,high_tight,greedy_hard_cap,0,60,37.02761003748141,0.8166666666666667,14.0,0.0,0
104,high_tight,greedy_hard_cap,1,60,36.28857716430407,0.7833333333333333,15.5,0.0,0
104,high_tight,greedy_hard_cap,2,60,35.91845852598152,0.7666666666666667,16.0,0.0,0
104,high_tight,greedy_hard_cap,3,60,37.769525048450625,0.85,14.5,0.0,0
104,high_tight,greedy_hard_cap,4,60,34.808178938349165,0.7166666666666667,19.0,0.0,0
104,high_tight,greedy_hard_cap,5,60,38.50814221296588,0.8833333333333333,16.5,0.0,0
104,high_tight,greedy_hard_cap,6,60,34.18869380483429,0.7833333333333333,17.5,0.0,0
104,high_tight,greedy_hard_cap,7,60,36.65830821505963,0.8,17.5,0.0,0
104,high_tight,greedy_hard_cap,8,60,36.28712016854187,0.7833333333333333,16.0,0.0,0
104,high_tight,greedy_hard_cap,9,60,37.026916529840385,0.8166666666666667,16.5,0.0,0
104,high_tight,greedy_hard_cap,10,60,38.87760140275925,0.9,16.5,0.0,0
104,high_tight,greedy_hard_cap,11,60,34.80859947458063,0.7166666666666667,20.0,0.0,0
104,high_loose,pd_theta_2,0,60,34.544019548364794,1.0,3.0,0.0,2
104,high_loose,pd_theta_2,1,60,34.39087593966865,1.0,5.0,0.0,0
104,high_loose,pd_theta_2,2,60,34.24253305452938,1.0,7.0,0.0,0
104,high_loose,pd_theta_2,3,60,34.04246106602376,1.0,11.0,0.0,0
104,high_loose,pd_theta_2,4,60,33.78964125182635,1.0,9.0,0.0,0
104,high_loose,pd_theta_2,5,60,34.74129594041998,1.0,13.0,0.0,0
104,high_loose,pd_theta_2,6,60,34.491387563633985,1.0,10.0,0.0,0
104,high_loose,pd_theta_2,7,60,33.84467756271588,1.0,11.0,0.0,0
104,high_loose,pd_theta_2,8,60,34.442300905427835,1.0,11.0,0.0,0
104,high_loose,pd_theta_2,9,60,34.44192245739304,1.0,11.0,0.0,0
104,high_loose,pd_theta_2,10,60,34.491722915896695,1.0,10.0,0.0,0
104,high_loose,pd_theta_2,11,60,33.39036736409667,1.0,12.0,0.0,0
104,high_loose,pd_theta_4,0,60,34.544019548364794,1.0,3.0,0.0,2
104,high_loose,pd_theta_4,1,60,34.39087593966865,1.0,5.0,0.0,0
104,high_loose,pd_theta_4,2,60,34.24253305452938,1.0,7.0,0.0,0
104,high_loose,pd_theta_4,3,60,34.04246106602376,1.0,11.0,0.0,0
104,high_loose,pd_theta_4,4,60,33.79105687684665,1.0,15.0,0.0,0
104,high_loose,pd_theta_4,5,60,34.74050392701669,1.0,20.0,0.0,0
104,high_loose,pd_theta_4,6,60,34.489072371091574,1.0,16.0,0.0,0
104,high_loose,pd_theta_4,7,60,33.8449055925761,1.0,21.0,0.0,0
104,high_loose,pd_theta_4,8,60,34.43968699316886,1.0,21.0,0.0,0
104,high_loose,pd_theta_4,9,60,34.4405223210738,1.0,18.0,0.0,0
104,high_loose,pd_theta_4,10,60,34.488690302985496,1.0,17.0,0.0,0
104,high_loose,pd_theta_4,11,60,33.08892898391124,1.0,16.0,0.0,0
104,high_loose,pd_theta_8,0,60,34.544019548364794,1.0,3.0,0.0,2
104,high_loose,pd_theta_8,1,60,34.39087593966865,1.0,5.0,0.0,0
104,high_loose,pd_theta_8,2,60,34.24253305452938,1.0,7.0,0.0,0
104,high_loose,pd_theta_8,3,60,34.04246106602376,1.0,11.0,0.0,0
104,high_loose,pd_theta_8,4,60,33.79105687684665,1.0,15.0,0.0,0
104,high_loose,pd_theta_8,5,60,34.74050392701669,1.0,20.0,0.0,0
104,high_loose,pd_theta_8,6,60,34.48880774274937,1.0,21.0,0.0,0
104,high_loose,pd_theta_8,7,60,33.84473014778526,1.0,27.0,0.0,0
104,high_loose,pd_theta_8,8,60,34.44047722519951,1.0,30.0,0.0,0
104,high_loose,pd_theta_8,9,60,34.14090302461429,1.0,31.0,0.0,0
104,high_loose,pd_theta_8,10,60,34.34170971029024,1.0,31.0,0.0,0
104,high_loose,pd_theta_8,11,60,33.241685009428686,1.0,33.0,0.0,0
104,high_loose,pd_theta_16,0,60,34.544019548364794,1.0,3.0,0.0,2
104,high_loose,pd_theta_16,1,60,34.39087593966865,1.0,5.0,0.0,0
104,high_loose,pd_theta_16,2,60,34.24253305452938,1.0,7.0,0.0,0
104,high_loose,pd_theta_16,3,60,34.04246106602376,1.0,11.0,0.0,0
104,high_loose,pd_theta_16,4,60,33.79105687684665,1.0,15.0,0.0,0
104,high_loose,pd_theta_16,5,60,34.74050392701669,1.0,20.0,0.0,0
104,high_loose,pd_theta_16,6,60,34.48880774274937,1.0,21.0,0.0,0
104,high_loose,pd_theta_16,7,60,33.84473014778526,1.0,27.0,0.0,0
104,high_loose,pd_theta_16,8,60,34.44047722519951,1.0,30.0,0.0,0
104,high_loose,pd_theta_16,9,60,34.14090302461429,1.0,31.0,0.0,0
104,high_loose,pd_theta_16,10,60,34.342319147548345,1.0,35.0,0.0,0
104,high_loose,pd_theta_16,11,60,33.09193284601856,1.0,38.0,0.0,0
104,high_loose,pd_history,0,60,34.544019548364794,1.0,3.0,0.0,2
104,high_loose,pd_history,1,60,34.39087593966865,1.0,5.0,0.0,0
104,high_loose,pd_history,2,60,34.24253305452938,1.0,7.0,0.0,0
104,high_loose,pd_history,3,60,34.04246106602376,1.0,11.0,0.0,0
104,high_loose,pd_history,4,60,33.78964125182635,1.0,9.0,0.0,0
104,high_loose,pd_history,5,60,34.74129594041998,1.0,13.0,0.0,0
104,high_loose,pd_history,6,60,34.491387563633985,1.0,10.0,0.0,0
104,high_loose,pd_history,7,60,33.84467756271588,1.0,11.0,0.0,0
104,high_loose,pd_history,8,60,34.442300905427835,1.0,11.0,0.0,0
104,high_loose,pd_history,9,60,34.44192245739304,1.0,11.0,0.0,0
104,high_loose,pd_history,10,60,34.491722915896695,1.0,10.0,0.0,0
104,high_loose,pd_history,11,60,33.39036736409667,1.0,12.0,0.0,0
104,high_loose,no_control_interpretation,0,60,34.544019548364794,1.0,3.0,0.0,2
104,high_loose,no_control_interpretation,1,60,34.39087593966865,1.0,5.0,0.0,0
104,high_loose,no_control_interpretation,2,60,34.24253305452938,1.0,7.0,0.0,0
104,high_loose,no_control_interpretation,3,60,34.04246106602376,1.0,11.0,0.0,0
104,high_loose,no_control_interpretation,4,60,33.78964125182635,1.0,9.0,0.0,0
104,high_loose,no_control_interpretation,5,60,34.74129594041998,1.0,13.0,0.0,0
104,high_loose,no_control_interpretation,6,60,34.491387563633985,1.0,10.0,0.0,0
104,high_loose,no_control_interpretation,7,60,33.84467756271588,1.0,11.0,0.0,0
104,high_loose,no_control_interpretation,8,60,34.442300905427835,1.0,11.0,0.0,0
104,high_loose,no_control_interpretation,9,60,34.44192245739304,1.0,11.0,0.0,0
104,high_loose,no_control_interpretation,10,60,34.491722915896695,1.0,10.0,0.0,0
104,high_loose,no_control_interpretation,11,60,33.39036736409667,1.0,12.0,0.0,0
104,high_loose,no_pre_new_only,0,60,6.238514637327478,0.2,0,0.0,0
104,high_loose,no_pre_new_only,1,60,6.237932275348148,0.2,0,0.0,0
104,high_loose,no_pre_new_only,2,60,6.237136207284932,0.2,0,0.0,0
104,high_loose,no_pre_new_only,3,60,6.976733883769206,0.23333333333333334,0,0.0,0
104,high_loose,no_pre_new_only,4,60,6.236912731132815,0.2,0,0.0,0
104,high_loose,no_pre_new_only,5,60,6.237719220969943,0.2,0,0.0,0
104,high_loose,no_pre_new_only,6,60,6.237133792681878,0.2,0,0.0,0
104,high_loose,no_pre_new_only,7,60,6.975862579174482,0.23333333333333334,0,0.0,0
104,high_loose,no_pre_new_only,8,60,6.237730564985179,0.2,0,0.0,0
104,high_loose,no_pre_new_only,9,60,6.235363334675849,0.2,0,0.0,0
104,high_loose,no_pre_new_only,10,60,6.236413333423121,0.2,0,0.0,0
104,high_loose,no_pre_new_only,11,60,6.978359521802325,0.23333333333333334,0,0.0,0
104,high_loose,greedy_hard_cap,0,60,34.997600810679096,1.0,8.0,0.0,0
104,high_loose,greedy_hard_cap,1,60,34.897873030095475,1.0,13.0,0.0,0
104,high_loose,greedy_hard_cap,2,60,34.896953452065524,1.0,16.5,0.0,0
104,high_loose,greedy_hard_cap,3,60,34.84760727028829,1.0,17.0,0.0,0
104,high_loose,greedy_hard_cap,4,60,34.747403756881084,1.0,14.0,0.0,0
104,high_loose,greedy_hard_cap,5,60,35.7963417288446,1.0,19.0,0.0,0
104,high_loose,greedy_hard_cap,6,60,35.397740700280764,1.0,18.5,0.0,0
104,high_loose,greedy_hard_cap,7,60,34.74800383780556,1.0,17.5,0.0,0
104,high_loose,greedy_hard_cap,8,60,35.29905964911527,1.0,16.0,0.0,0
104,high_loose,greedy_hard_cap,9,60,35.598274014893825,1.0,16.5,0.0,0
104,high_loose,greedy_hard_cap,10,60,36.09506473936086,1.0,17.0,0.0,0
104,high_loose,greedy_hard_cap,11,60,34.29865574550835,1.0,20.0,0.0,0
104,random,pd_theta_2,0,60,44.04150582039498,1.0,4.0,0.0,4
104,random,pd_theta_2,1,60,46.141732914656615,1.0,6.5,0.0,0
104,random,pd_theta_2,2,60,41.920360730018636,0.9833333333333333,12.0,0.0,0
104,random,pd_theta_2,3,60,43.441721333073104,1.0,15.0,0.0,0
104,random,pd_theta_2,4,60,48.69123658364456,1.0,15.0,0.0,0
104,random,pd_theta_2,5,60,41.98941243370388,1.0,15.0,0.0,0
104,random,pd_theta_2,6,60,40.58999960626117,1.0,12.0,0.0,0
104,random,pd_theta_2,7,60,45.54122846900609,1.0,13.0,0.0,0
104,random,pd_theta_2,8,60,43.1864573864028,1.0,13.0,0.0,0
104,random,pd_theta_2,9,60,44.49101451161439,1.0,12.0,0.0,0
104,random,pd_theta_2,10,60,43.13888898804769,1.0,13.0,0.0,0
104,random,pd_theta_2,11,60,43.87123953013953,0.9833333333333333,15.0,0.0,0
104,random,pd_theta_4,0,60,44.04150582039498,1.0,4.0,0.0,4
104,random,pd_theta_4,1,60,46.141732914656615,1.0,6.5,0.0,0
104,random,pd_theta_4,2,60,41.920360730018636,0.9833333333333333,12.0,0.0,0
104,random,pd_theta_4,3,60,43.541039169748544,1.0,17.5,0.0,0
104,random,pd_theta_4,4,60,48.88829319070278,1.0,24.0,0.0,0
104,random,pd_theta_4,5,60,41.990237302508774,1.0,25.0,0.0,0
104,random,pd_theta_4,6,60,40.590630925451194,1.0,21.5,0.0,0
104,random,pd_theta_4,7,60,45.64191699563165,1.0,26.0,0.0,0
104,random,pd_theta_4,8,60,43.1883321018503,1.0,24.0,0.0,0
104,random,pd_theta_4,9,60,44.58957957851246,1.0,22.5,0.0,0
104,random,pd_theta_4,10,60,43.039709935251544,1.0,20.5,0.0,0
104,random,pd_theta_4,11,60,44.53933697483086,1.0,24.0,0.0,0
104,random,pd_theta_8,0,60,44.04150582039498,1.0,4.0,0.0,4
104,random,pd_theta_8,1,60,46.141732914656615,1.0,6.5,0.0,0
104,random,pd_theta_8,2,60,41.920360730018636,0.9833333333333333,12.0,0.0,0
104,random,pd_theta_8,3,60,43.541039169748544,1.0,17.5,0.0,0
104,random,pd_theta_8,4,60,48.88829319070278,1.0,24.0,0.0,0
104,random,pd_theta_8,5,60,42.090003110424824,1.0,27.5,0.0,0
104,random,pd_theta_8,6,60,40.78960069332868,1.0,29.0,0.0,0
104,random,pd_theta_8,7,60,45.641949227248816,1.0,34.0,0.0,0
104,random,pd_theta_8,8,60,43.38793755167674,1.0,38.0,0.0,0
104,random,pd_theta_8,9,60,44.68762658246279,1.0,39.5,0.0,0
104,random,pd_theta_8,10,60,43.08976318554397,1.0,38.5,0.0,0
104,random,pd_theta_8,11,60,44.43825122479559,1.0,38.5,0.0,0
104,random,pd_theta_16,0,60,44.04150582039498,1.0,4.0,0.0,4
104,random,pd_theta_16,1,60,46.141732914656615,1.0,6.5,0.0,0
104,random,pd_theta_16,2,60,41.920360730018636,0.9833333333333333,12.0,0.0,0
104,random,pd_theta_16,3,60,43.541039169748544,1.0,17.5,0.0,0
104,random,pd_theta_16,4,60,48.88829319070278,1.0,24.0,0.0,0
104,random,pd_theta_16,5,60,42.090003110424824,1.0,27.5,0.0,0
104,random,pd_theta_16,6,60,40.78960069332868,1.0,29.0,0.0,0
104,random,pd_theta_16,7,60,45.641949227248816,1.0,34.0,0.0,0
104,random,pd_theta_16,8,60,43.38793755167674,1.0,38.0,0.0,0
104,random,pd_theta_16,9,60,44.788699317719306,1.0,42.0,0.0,0
104,random,pd_theta_16,10,60,43.38986980946283,1.0,46.5,0.0,0
104,random,pd_theta_16,11,60,44.439890727272534,1.0,46.5,0.0,0
104,random,pd_history,0,60,44.04150582039498,1.0,4.0,0.0,4
104,random,pd_history,1,60,46.141732914656615,1.0,6.5,0.0,0
104,random,pd_history,2,60,41.920360730018636,0.9833333333333333,12.0,0.0,0
104,random,pd_history,3,60,43.441721333073104,1.0,15.0,0.0,0
104,random,pd_history,4,60,48.69123658364456,1.0,15.0,0.0,0
104,random,pd_history,5,60,41.98941243370388,1.0,15.0,0.0,0
104,random,pd_history,6,60,40.58999960626117,1.0,12.0,0.0,0
104,random,pd_history,7,60,45.54122846900609,1.0,13.0,0.0,0
104,random,pd_history,8,60,43.1864573864028,1.0,13.0,0.0,0
104,random,pd_history,9,60,44.49101451161439,1.0,12.0,0.0,0
104,random,pd_history,10,60,43.13888898804769,1.0,13.0,0.0,0
104,random,pd_history,11,60,43.87123953013953,0.9833333333333333,15.0,0.0,0
104,random,no_control_interpretation,0,60,44.04150582039498,1.0,4.0,0.0,4
104,random,no_control_interpretation,1,60,46.141732914656615,1.0,6.5,0.0,0
104,random,no_control_interpretation,2,60,42.439755263121626,1.0,12.0,0.0,0
104,random,no_control_interpretation,3,60,43.44236141219771,1.0,16.0,0.0,0
104,random,no_control_interpretation,4,60,48.68969604645332,1.0,15.0,0.0,0
104,random,no_control_interpretation,5,60,41.99091422012575,1.0,18.0,0.0,0
104,random,no_control_interpretation,6,60,40.59018738492236,1.0,14.5,0.0,0
104,random,no_control_interpretation,7,60,45.541245930280645,1.0,12.5,0.0,0
104,random,no_control_interpretation,8,60,43.18727850144874,1.0,13.0,0.0,0
104,random,no_control_interpretation,9,60,44.491511584752985,1.0,12.0,0.0,0
104,random,no_control_interpretation,10,60,43.039029458399376,1.0,11.0,0.0,0
104,random,no_control_interpretation,11,60,44.39125922453503,1.0,15.0,0.0,0
104,random,no_pre_new_only,0,60,10.515364399181511,0.43333333333333335,0,0.0,0
104,random,no_pre_new_only,1,60,9.854665790992485,0.38333333333333336,0,0.0,0
104,random,no_pre_new_only,2,60,9.704797146044376,0.38333333333333336,0,0.0,0
104,random,no_pre_new_only,3,60,9.554374244383217,0.38333333333333336,0,0.0,0
104,random,no_pre_new_only,4,60,9.333236111715252,0.36666666666666664,0,0.0,0
104,random,no_pre_new_only,5,60,10.73589799822394,0.45,0,0.0,0
104,random,no_pre_new_only,6,60,9.853641547037597,0.38333333333333336,0,0.0,0
104,random,no_pre_new_only,7,60,9.704673768809378,0.38333333333333336,0,0.0,0
104,random,no_pre_new_only,8,60,9.636313897640756,0.36666666666666664,0,0.0,0
104,random,no_pre_new_only,9,60,9.854011449344872,0.38333333333333336,0,0.0,0
104,random,no_pre_new_only,10,60,9.62392994316874,0.4,0,0.0,0
104,random,no_pre_new_only,11,60,9.336945974239676,0.36666666666666664,0,0.0,0
104,random,greedy_hard_cap,0,60,39.266683640018584,0.9333333333333333,12.0,0.0,0
104,random,greedy_hard_cap,1,60,44.40748567646834,0.9666666666666667,15.0,0.0,0
104,random,greedy_hard_cap,2,60,43.49814544544214,1.0,16.0,0.0,0
104,random,greedy_hard_cap,3,60,44.798631019432044,1.0,19.5,0.0,0
104,random,greedy_hard_cap,4,60,49.648783494857256,1.0,21.0,0.0,0
104,random,greedy_hard_cap,5,60,43.34865657487269,1.0,24.0,0.0,0
104,random,greedy_hard_cap,6,60,41.84949639804296,1.0,22.5,0.0,0
104,random,greedy_hard_cap,7,60,46.49744706860497,1.0,19.5,0.0,0
104,random,greedy_hard_cap,8,60,44.24778580146113,1.0,20.5,0.0,0
104,random,greedy_hard_cap,9,60,45.74872354399455,1.0,19.5,0.0,0
104,random,greedy_hard_cap,10,60,44.347681140312304,1.0,20.0,0.0,0
104,random,greedy_hard_cap,11,60,45.14879440487674,1.0,21.5,0.0,0
104,switch,pd_theta_2,0,60,43.27446777576257,0.9,5.0,0.0,5
104,switch,pd_theta_2,1,60,44.354769651876786,0.8833333333333333,12.0,0.0,6
104,switch,pd_theta_2,2,60,43.98155787174849,0.8666666666666667,15.0,0.0,6
104,switch,pd_theta_2,3,60,44.41168406629188,0.9333333333333333,15.0,0.0,5
104,switch,pd_theta_2,4,60,41.55360052142373,0.8,16.0,0.0,5
104,switch,pd_theta_2,5,60,43.432368568858664,0.95,11.5,0.0,4
104,switch,pd_theta_2,6,60,32.41128656123982,0.9333333333333333,5.0,0.0,1
104,switch,pd_theta_2,7,60,33.84409254509582,1.0,6.5,0.0,0
104,switch,pd_theta_2,8,60,34.44001773317433,1.0,6.0,0.0,0
104,switch,pd_theta_2,9,60,34.54076704539316,1.0,9.0,0.0,0
104,switch,pd_theta_2,10,60,34.490268937759396,1.0,9.0,0.0,0
104,switch,pd_theta_2,11,60,33.39036736409667,1.0,11.0,0.0,0
104,switch,pd_theta_4,0,60,43.27446777576257,0.9,5.0,0.0,5
104,switch,pd_theta_4,1,60,44.354769651876786,0.8833333333333333,12.0,0.0,6
104,switch,pd_theta_4,2,60,43.98155787174849,0.8666666666666667,15.0,0.0,6
104,switch,pd_theta_4,3,60,44.31225769688395,0.9333333333333333,17.0,0.0,5
104,switch,pd_theta_4,4,60,41.653618445796056,0.8,22.5,0.0,5
104,switch,pd_theta_4,5,60,43.73159925394944,0.95,18.0,0.0,4
104,switch,pd_theta_4,6,60,32.712321506028815,0.9333333333333333,13.0,0.0,1
104,switch,pd_theta_4,7,60,34.14422098395093,1.0,13.5,0.0,0
104,switch,pd_theta_4,8,60,34.488938264767015,1.0,11.0,0.0,0
104,switch,pd_theta_4,9,60,34.63967654909092,1.0,13.5,0.0,0
104,switch,pd_theta_4,10,60,34.4898944892789,1.0,13.5,0.0,0
104,switch,pd_theta_4,11,60,33.08835481337088,1.0,15.5,0.0,0
104,switch,pd_theta_8,0,60,43.27446777576257,0.9,5.0,0.0,5
104,switch,pd_theta_8,1,60,44.354769651876786,0.8833333333333333,12.0,0.0,6
104,switch,pd_theta_8,2,60,43.98155787174849,0.8666666666666667,15.0,0.0,6
104,switch,pd_theta_8,3,60,44.31225769688395,0.9333333333333333,17.0,0.0,5
104,switch,pd_theta_8,4,60,41.653618445796056,0.8,22.5,0.0,5
104,switch,pd_theta_8,5,60,43.73176477774395,0.95,21.0,0.0,4
104,switch,pd_theta_8,6,60,33.01210186641345,0.9333333333333333,20.5,0.0,2
104,switch,pd_theta_8,7,60,34.34246355956588,1.0,22.5,0.0,0
104,switch,pd_theta_8,8,60,34.73855310527219,1.0,23.5,0.0,0
104,switch,pd_theta_8,9,60,35.089875750490734,1.0,27.0,0.0,0
104,switch,pd_theta_8,10,60,35.340118176294155,1.0,25.5,0.0,0
104,switch,pd_theta_8,11,60,33.48956503841849,1.0,24.5,0.0,0
104,switch,pd_theta_16,0,60,43.27446777576257,0.9,5.0,0.0,5
104,switch,pd_theta_16,1,60,44.354769651876786,0.8833333333333333,12.0,0.0,6
104,switch,pd_theta_16,2,60,43.98155787174849,0.8666666666666667,15.0,0.0,6
104,switch,pd_theta_16,3,60,44.31225769688395,0.9333333333333333,17.0,0.0,5
104,switch,pd_theta_16,4,60,41.653618445796056,0.8,22.5,0.0,5
104,switch,pd_theta_16,5,60,43.73176477774395,0.95,21.0,0.0,4
104,switch,pd_theta_16,6,60,33.01210186641345,0.9333333333333333,20.5,0.0,2
104,switch,pd_theta_16,7,60,34.34246355956588,1.0,22.5,0.0,0
104,switch,pd_theta_16,8,60,34.73855310527219,1.0,23.5,0.0,0
104,switch,pd_theta_16,9,60,35.09023331808103,1.0,28.5,0.0,0
104,switch,pd_theta_16,10,60,35.43968042961975,1.0,30.5,0.0,0
104,switch,pd_theta_16,11,60,33.73989859464322,1.0,33.5,0.0,0
104,switch,pd_history,0,60,43.27446777576257,0.9,5.0,0.0,5
104,switch,pd_history,1,60,44.354769651876786,0.8833333333333333,12.0,0.0,6
104,switch,pd_history,2,60,43.98155787174849,0.8666666666666667,15.0,0.0,6
104,switch,pd_history,3,60,44.41168406629188,0.9333333333333333,15.0,0.0,5
104,switch,pd_history,4,60,41.55360052142373,0.8,16.0,0.0,5
104,switch,pd_history,5,60,43.432368568858664,0.95,11.5,0.0,4
104,switch,pd_history,6,60,32.41128656123982,0.9333333333333333,5.0,0.0,1
104,switch,pd_history,7,60,33.84409254509582,1.0,6.5,0.0,0
104,switch,pd_history,8,60,34.44001773317433,1.0,6.0,0.0,0
104,switch,pd_history,9,60,34.54076704539316,1.0,9.0,0.0,0
104,switch,pd_history,10,60,34.490268937759396,1.0,9.0,0.0,0
104,switch,pd_history,11,60,33.39036736409667,1.0,11.0,0.0,0
104,switch,no_control_interpretation,0,60,51.793489104916176,1.0,5.0,0.0,11
104,switch,no_control_interpretation,1,60,54.294164779537844,1.0,12.0,0.0,13
104,switch,no_control_interpretation,2,60,55.34016173020977,1.0,15.0,0.0,14
104,switch,no_control_interpretation,3,60,50.09106142224892,1.0,15.0,0.0,9
104,switch,no_control_interpretation,4,60,58.59082387747308,1.0,16.0,0.0,17
104,switch,no_control_interpretation,5,60,47.6918344621121,1.0,11.5,0.0,7
104,switch,no_control_interpretation,6,60,34.49028190628352,1.0,5.0,0.0,5
104,switch,no_control_interpretation,7,60,33.84409254509582,1.0,6.5,0.0,0
104,switch,no_control_interpretation,8,60,34.44001773317433,1.0,6.0,0.0,0
104,switch,no_control_interpretation,9,60,34.54076704539316,1.0,9.0,0.0,0
104,switch,no_control_interpretation,10,60,34.490268937759396,1.0,9.0,0.0,0
104,switch,no_control_interpretation,11,60,33.39036736409667,1.0,11.0,0.0,0
104,switch,no_pre_new_only,0,60,11.462988230207907,0.5166666666666667,0,0.0,0
104,switch,no_pre_new_only,1,60,10.722230779387333,0.48333333333333334,0,0.0,0
104,switch,no_pre_new_only,2,60,10.352770526642129,0.4666666666666667,0,0.0,0
104,switch,no_pre_new_only,3,60,11.833123566683737,0.5333333333333333,0,0.0,0
104,switch,no_pre_new_only,4,60,9.243124018307878,0.4166666666666667,0,0.0,0
104,switch,no_pre_new_only,5,60,11.832432256425948,0.5333333333333333,0,0.0,0
104,switch,no_pre_new_only,6,60,6.237133792681878,0.2,0,0.0,0
104,switch,no_pre_new_only,7,60,6.975862579174482,0.23333333333333334,0,0.0,0
104,switch,no_pre_new_only,8,60,6.237730564985179,0.2,0,0.0,0
104,switch,no_pre_new_only,9,60,6.235363334675849,0.2,0,0.0,0
104,switch,no_pre_new_only,10,60,6.236413333423121,0.2,0,0.0,0
104,switch,no_pre_new_only,11,60,6.978359521802325,0.23333333333333334,0,0.0,0
104,switch,greedy_hard_cap,0,60,37.02761003748141,0.8166666666666667,14.0,0.0,0
104,switch,greedy_hard_cap,1,60,36.28857716430407,0.7833333333333333,15.5,0.0,0
104,switch,greedy_hard_cap,2,60,35.91845852598152,0.7666666666666667,16.0,0.0,0
104,switch,greedy_hard_cap,3,60,37.769525048450625,0.85,14.5,0.0,0
104,switch,greedy_hard_cap,4,60,34.808178938349165,0.7166666666666667,19.0,0.0,0
104,switch,greedy_hard_cap,5,60,38.50814221296588,0.8833333333333333,16.5,0.0,0
104,switch,greedy_hard_cap,6,60,35.84898642610329,1.0,17.0,0.0,0
104,switch,greedy_hard_cap,7,60,35.098139627259386,1.0,20.5,0.0,0
104,switch,greedy_hard_cap,8,60,35.54725555452602,1.0,19.0,0.0,0
104,switch,greedy_hard_cap,9,60,35.69695698507937,1.0,18.5,0.0,0
104,switch,greedy_hard_cap,10,60,36.29650534168797,1.0,19.0,0.0,0
104,switch,greedy_hard_cap,11,60,34.29903784596021,1.0,21.5,0.0,0
105,high_tight,pd_theta_2,0,60,44.05451087195408,0.8833333333333333,6.0,0.0,6
105,high_tight,pd_theta_2,1,60,43.4769033347902,0.9,10.0,0.0,5
105,high_tight,pd_theta_2,2,60,41.42509379925234,0.9,13.5,0.0,3
105,high_tight,pd_theta_2,3,60,45.13459306509362,0.8666666666666667,15.5,0.0,7
105,high_tight,pd_theta_2,4,60,42.62110547954305,0.9,13.5,0.0,4
105,high_tight,pd_theta_2,5,60,42.88301423075942,0.8666666666666667,13.5,0.0,5
105,high_tight,pd_theta_2,6,60,45.46561689142647,0.9333333333333333,15.0,0.0,6
105,high_tight,pd_theta_2,7,60,39.72472952343665,0.8166666666666667,14.5,0.0,3
105,high_tight,pd_theta_2,8,60,41.29309581811042,0.8333333333333334,15.5,0.0,4
105,high_tight,pd_theta_2,9,60,44.21201129179213,0.9333333333333333,12.5,0.0,5
105,high_tight,pd_theta_2,10,60,41.57326828606028,0.9,15.0,0.0,4
105,high_tight,pd_theta_2,11,60,45.4535157700689,0.8833333333333333,15.0,0.0,7
105,high_tight,pd_theta_4,0,60,44.05451087195408,0.8833333333333333,6.0,0.0,6
105,high_tight,pd_theta_4,1,60,43.4769033347902,0.9,10.0,0.0,5
105,high_tight,pd_theta_4,2,60,41.42509379925234,0.9,13.5,0.0,3
105,high_tight,pd_theta_4,3,60,45.085195938542945,0.8666666666666667,18.0,0.0,7
105,high_tight,pd_theta_4,4,60,42.61960472298271,0.9,18.5,0.0,4
105,high_tight,pd_theta_4,5,60,43.133636330338284,0.8666666666666667,21.0,0.0,5
105,high_tight,pd_theta_4,6,60,45.464586453820935,0.9333333333333333,19.5,0.0,6
105,high_tight,pd_theta_4,7,60,39.874538670645684,0.8166666666666667,21.5,0.0,3
105,high_tight,pd_theta_4,8,60,41.292208246279884,0.8333333333333334,22.0,0.0,4
105,high_tight,pd_theta_4,9,60,44.41356211226847,0.9333333333333333,18.0,0.0,5
105,high_tight,pd_theta_4,10,60,41.473596012898454,0.9,18.5,0.0,4
105,high_tight,pd_theta_4,11,60,45.55220495776478,0.8833333333333333,21.0,0.0,7
105,high_tight,pd_theta_8,0,60,44.05451087195408,0.8833333333333333,6.0,0.0,6
105,high_tight,pd_theta_8,1,60,43.4769033347902,0.9,10.0,0.0,5
105,high_tight,pd_theta_8,2,60,41.42509379925234,0.9,13.5,0.0,3
105,high_tight,pd_theta_8,3,60,45.085195938542945,0.8666666666666667,18.0,0.0,7
105,high_tight,pd_theta_8,4,60,42.61960472298271,0.9,18.5,0.0,4
105,high_tight,pd_theta_8,5,60,43.13299092294337,0.8666666666666667,23.5,0.0,5
105,high_tight,pd_theta_8,6,60,45.46409443359,0.9333333333333333,24.5,0.0,6
105,high_tight,pd_theta_8,7,60,39.872178026808,0.8166666666666667,28.0,0.0,3
105,high_tight,pd_theta_8,8,60,41.291842085423994,0.8333333333333334,29.5,0.0,4
105,high_tight,pd_theta_8,9,60,44.562680379449496,0.9333333333333333,28.5,0.0,5
105,high_tight,pd_theta_8,10,60,41.7222057002625,0.9,28.0,0.0,4
105,high_tight,pd_theta_8,11,60,45.60358176972464,0.8833333333333333,30.0,0.0,7
105,high_tight,pd_theta_16,0,60,44.05451087195408,0.8833333333333333,6.0,0.0,6
105,high_tight,pd_theta_16,1,60,43.4769033347902,0.9,10.0,0.0,5
105,high_tight,pd_theta_16,2,60,41.42509379925234,0.9,13.5,0.0,3
105,high_tight,pd_theta_16,3,60,45.085195938542945,0.8666666666666667,18.0,0.0,7
105,high_tight,pd_theta_16,4,60,42.61960472298271,0.9,18.5,0.0,4
105,high_tight,pd_theta_16,5,60,43.13299092294337,0.8666666666666667,23.5,0.0,5
105,high_tight,pd_theta_16,6,60,45.46409443359,0.9333333333333333,24.5,0.0,6
105,high_tight,pd_theta_16,7,60,39.872178026808,0.8166666666666667,28.0,0.0,3
105,high_tight,pd_theta_16,8,60,41.291842085423994,0.8333333333333334,29.5,0.0,4
105,high_tight,pd_theta_16,9,60,44.5624769637302,0.9333333333333333,29.5,0.0,5
105,high_tight,pd_theta_16,10,60,41.67216869518708,0.9,30.5,0.0,4
105,high_tight,pd_theta_16,11,60,45.604253526715205,0.8833333333333333,34.5,0.0,7
105,high_tight,pd_history,0,60,44.05451087195408,0.8833333333333333,6.0,0.0,6
105,high_tight,pd_history,1,60,43.4769033347902,0.9,10.0,0.0,5
105,high_tight,pd_history,2,60,41.42509379925234,0.9,13.5,0.0,3
105,high_tight,pd_history,3,60,45.13459306509362,0.8666666666666667,15.5,0.0,7
105,high_tight,pd_history,4,60,42.62110547954305,0.9,13.5,0.0,4
105,high_tight,pd_history,5,60,42.88301423075942,0.8666666666666667,13.5,0.0,5
105,high_tight,pd_history,6,60,45.46561689142647,0.9333333333333333,15.0,0.0,6
105,high_tight,pd_history,7,60,39.72472952343665,0.8166666666666667,14.5,0.0,3
105,high_tight,pd_history,8,60,41.29309581811042,0.8333333333333334,15.5,0.0,4
105,high_tight,pd_history,9,60,44.21201129179213,0.9333333333333333,12.5,0.0,5
105,high_tight,pd_history,10,60,41.57326828606028,0.9,15.0,0.0,4
105,high_tight,pd_history,11,60,45.4535157700689,0.8833333333333333,15.0,0.0,7
105,high_tight,no_control_interpretation,0,60,53.994028881580924,1.0,6.0,0.0,13
105,high_tight,no_control_interpretation,1,60,51.99509723960206,1.0,10.0,0.0,11
105,high_tight,no_control_interpretation,2,60,49.94408850470809,1.0,13.5,0.0,9
105,high_tight,no_control_interpretation,3,60,56.49385081079851,1.0,15.5,0.0,15
105,high_tight,no_control_interpretation,4,60,51.13871487043142,1.0,13.5,0.0,10
105,high_tight,no_control_interpretation,5,60,54.24079289633458,1.0,13.5,0.0,13
105,high_tight,no_control_interpretation,6,60,51.14432544231664,1.0,15.0,0.0,10
105,high_tight,no_control_interpretation,7,60,55.34158326534115,1.0,14.5,0.0,14
105,high_tight,no_control_interpretation,8,60,55.49010413951692,1.0,15.5,0.0,14
105,high_tight,no_control_interpretation,9,60,49.89170918678179,1.0,12.5,0.0,9
105,high_tight,no_control_interpretation,10,60,50.09162553371986,1.0,15.0,0.0,10
105,high_tight,no_control_interpretation,11,60,55.39240378486421,1.0,15.0,0.0,14
105,high_tight,no_pre_new_only,0,60,10.72267175359737,0.48333333333333334,0,0.0,0
105,high_tight,no_pre_new_only,1,60,11.461642341230618,0.5166666666666667,0,0.0,0
105,high_tight,no_pre_new_only,2,60,11.83220473070009,0.5333333333333333,0,0.0,0
105,high_tight,no_pre_new_only,3,60,9.984753018179722,0.45,0,0.0,0
105,high_tight,no_pre_new_only,4,60,11.831496407205792,0.5333333333333333,0,0.0,0
105,high_tight,no_pre_new_only,5,60,10.723703852216001,0.48333333333333334,0,0.0,0
105,high_tight,no_pre_new_only,6,60,11.830772262318424,0.5333333333333333,0,0.0,0
105,high_tight,no_pre_new_only,7,60,10.352620526551691,0.4666666666666667,0,0.0,0
105,high_tight,no_pre_new_only,8,60,10.355495780577629,0.4666666666666667,0,0.0,0
105,high_tight,no_pre_new_only,9,60,11.832406475519877,0.5333333333333333,0,0.0,0
105,high_tight,no_pre_new_only,10,60,11.832791044361098,0.5333333333333333,0,0.0,0
105,high_tight,no_pre_new_only,11,60,10.352881597833832,0.4666666666666667,0,0.0,0
105,high_tight,greedy_hard_cap,0,60,36.287833221525084,0.7833333333333333,13.5,0.0,0
105,high_tight,greedy_hard_cap,1,60,37.02854385260181,0.8166666666666667,15.0,0.0,0
105,high_tight,greedy_hard_cap,2,60,37.7686694423794,0.85,16.5,0.0,0
105,high_tight,greedy_hard_cap,3,60,35.54865831269347,0.75,17.0,0.0,0
105,high_tight,greedy_hard_cap,4,60,37.39677370801397,0.8333333333333334,16.0,0.0,0
105,high_tight,greedy_hard_cap,5,60,36.28814410035722,0.7833333333333333,16.0,0.0,0
105,high_tight,greedy_hard_cap,6,60,37.39861690834289,0.8333333333333334,15.0,0.0,0
105,high_tight,greedy_hard_cap,7,60,35.9188603402393,0.7666666666666667,17.0,0.0,0
105,high_tight,greedy_hard_cap,8,60,35.91615486491123,0.7666666666666667,16.5,0.0,0
105,high_tight,greedy_hard_cap,9,60,37.76814610469367,0.85,16.0,0.0,0
105,high_tight,greedy_hard_cap,10,60,36.347613802984526,0.8333333333333334,16.0,0.0,0
105,high_tight,greedy_hard_cap,11,60,35.917911574678456,0.7666666666666667,18.0,0.0,0
105,high_loose,pd_theta_2,0,60,33.773689155068894,0.9833333333333333,1.0,0.0,3
105,high_loose,pd_theta_2,1,60,34.4942978774207,1.0,3.0,0.0,0
105,high_loose,pd_theta_2,2,60,34.242508957641924,1.0,9.0,0.0,0
105,high_loose,pd_theta_2,3,60,34.041670482281596,1.0,13.0,0.0,0
105,high_loose,pd_theta_2,4,60,34.34101466289146,1.0,13.0,0.0,0
105,high_loose,pd_theta_2,5,60,33.69198757481436,1.0,12.0,0.0,0
105,high_loose,pd_theta_2,6,60,34.491396061383334,1.0,8.5,0.0,0
105,high_loose,pd_theta_2,7,60,34.3426145349501,1.0,11.5,0.0,0
105,high_loose,pd_theta_2,8,60,34.09035665519914,1.0,12.0,0.0,0
105,high_loose,pd_theta_2,9,60,33.69004617371156,1.0,12.0,0.0,0
105,high_loose,pd_theta_2,10,60,34.590434088269944,1.0,12.5,0.0,0
105,high_loose,pd_theta_2,11,60,33.638295846054724,1.0,10.5,0.0,0
105,high_loose,pd_theta_4,0,60,33.773689155068894,0.9833333333333333,1.0,0.0,3
105,high_loose,pd_theta_4,1,60,34.4942978774207,1.0,3.0,0.0,0
105,high_loose,pd_theta_4,2,60,34.242508957641924,1.0,9.0,0.0,0
105,high_loose,pd_theta_4,3,60,34.041670482281596,1.0,13.0,0.0,0
105,high_loose,pd_theta_4,4,60,34.34129913019403,1.0,17.0,0.0,0
105,high_loose,pd_theta_4,5,60,33.691825243659316,1.0,21.0,0.0,0
105,high_loose,pd_theta_4,6,60,34.341916111330605,1.0,19.5,0.0,0
105,high_loose,pd_theta_4,7,60,34.19251471336243,1.0,20.5,0.0,0
105,high_loose,pd_theta_4,8,60,34.09056344537384,1.0,17.5,0.0,0
105,high_loose,pd_theta_4,9,60,33.840043258908594,1.0,19.5,0.0,0
105,high_loose,pd_theta_4,10,60,34.590364908917245,1.0,19.5,0.0,0
105,high_loose,pd_theta_4,11,60,33.638977777467424,1.0,21.5,0.0,0
105,high_loose,pd_theta_8,0,60,33.773689155068894,0.9833333333333333,1.0,0.0,3
105,high_loose,pd_theta_8,1,60,34.4942978774207,1.0,3.0,0.0,0
105,high_loose,pd_theta_8,2,60,34.242508957641924,1.0,9.0,0.0,0
105,high_loose,pd_theta_8,3,60,34.041670482281596,1.0,13.0,0.0,0
105,high_loose,pd_theta_8,4,60,34.34129913019403,1.0,17.0,0.0,0
105,high_loose,pd_theta_8,5,60,33.691825243659316,1.0,21.0,0.0,0
105,high_loose,pd_theta_8,6,60,34.3414582734857,1.0,22.5,0.0,0
105,high_loose,pd_theta_8,7,60,34.19288050907293,1.0,27.5,0.0,0
105,high_loose,pd_theta_8,8,60,34.09042650814621,1.0,30.5,0.0,0
105,high_loose,pd_theta_8,9,60,33.84119081267059,1.0,32.5,0.0,0
105,high_loose,pd_theta_8,10,60,34.33896514263377,1.0,33.0,0.0,0
105,high_loose,pd_theta_8,11,60,33.48811683549563,1.0,32.0,0.0,0
105,high_loose,pd_theta_16,0,60,33.773689155068894,0.9833333333333333,1.0,0.0,3
105,high_loose,pd_theta_16,1,60,34.4942978774207,1.0,3.0,0.0,0
105,high_loose,pd_theta_16,2,60,34.242508957641924,1.0,9.0,0.0,0
105,high_loose,pd_theta_16,3,60,34.041670482281596,1.0,13.0,0.0,0
105,high_loose,pd_theta_16,4,60,34.34129913019403,1.0,17.0,0.0,0
105,high_loose,pd_theta_16,5,60,33.691825243659316,1.0,21.0,0.0,0
105,high_loose,pd_theta_16,6,60,34.3414582734857,1.0,22.5,0.0,0
105,high_loose,pd_theta_16,7,60,34.19288050907293,1.0,27.5,0.0,0
105,high_loose,pd_theta_16,8,60,34.09042650814621,1.0,30.5,0.0,0
105,high_loose,pd_theta_16,9,60,33.84119081267059,1.0,32.5,0.0,0
105,high_loose,pd_theta_16,10,60,34.1879706230155,1.0,36.0,0.0,0
105,high_loose,pd_theta_16,11,60,33.48820477083853,1.0,40.0,0.0,0
105,high_loose,pd_history,0,60,33.773689155068894,0.9833333333333333,1.0,0.0,3
105,high_loose,pd_history,1,60,34.4942978774207,1.0,3.0,0.0,0
105,high_loose,pd_history,2,60,34.242508957641924,1.0,9.0,0.0,0
105,high_loose,pd_history,3,60,34.041670482281596,1.0,13.0,0.0,0
105,high_loose,pd_history,4,60,34.34101466289146,1.0,13.0,0.0,0
105,high_loose,pd_history,5,60,33.69198757481436,1.0,12.0,0.0,0
105,high_loose,pd_history,6,60,34.491396061383334,1.0,8.5,0.0,0
105,high_loose,pd_history,7,60,34.3426145349501,1.0,11.5,0.0,0
105,high_loose,pd_history,8,60,34.09035665519914,1.0,12.0,0.0,0
105,high_loose,pd_history,9,60,33.69004617371156,1.0,12.0,0.0,0
105,high_loose,pd_history,10,60,34.590434088269944,1.0,12.5,0.0,0
105,high_loose,pd_history,11,60,33.638295846054724,1.0,10.5,0.0,0
105,high_loose,no_control_interpretation,0,60,34.29336165588074,1.0,1.0,0.0,4
105,high_loose,no_control_interpretation,1,60,34.4942978774207,1.0,3.0,0.0,0
105,high_loose,no_control_interpretation,2,60,34.242508957641924,1.0,9.0,0.0,0
105,high_loose,no_control_interpretation,3,60,34.041670482281596,1.0,13.0,0.0,0
105,high_loose,no_control_interpretation,4,60,34.34101466289146,1.0,13.0,0.0,0
105,high_loose,no_control_interpretation,5,60,33.69198757481436,1.0,12.0,0.0,0
105,high_loose,no_control_interpretation,6,60,34.491396061383334,1.0,8.5,0.0,0
105,high_loose,no_control_interpretation,7,60,34.3426145349501,1.0,11.5,0.0,0
105,high_loose,no_control_interpretation,8,60,34.09035665519914,1.0,12.0,0.0,0
105,high_loose,no_control_interpretation,9,60,33.69004617371156,1.0,12.0,0.0,0
105,high_loose,no_control_interpretation,10,60,34.590434088269944,1.0,12.5,0.0,0
105,high_loose,no_control_interpretation,11,60,33.638295846054724,1.0,10.5,0.0,0
105,high_loose,no_pre_new_only,0,60,6.2373649039753225,0.2,0,0.0,0
105,high_loose,no_pre_new_only,1,60,6.23726265697124,0.2,0,0.0,0
105,high_loose,no_pre_new_only,2,60,6.238132410094179,0.2,0,0.0,0
105,high_loose,no_pre_new_only,3,60,6.238277262807494,0.2,0,0.0,0
105,high_loose,no_pre_new_only,4,60,6.237607764039808,0.2,0,0.0,0
105,high_loose,no_pre_new_only,5,60,6.976438901196902,0.23333333333333334,0,0.0,0
105,high_loose,no_pre_new_only,6,60,6.237483656579687,0.2,0,0.0,0
105,high_loose,no_pre_new_only,7,60,6.238328939478022,0.2,0,0.0,0
105,high_loose,no_pre_new_only,8,60,6.236793675787072,0.2,0,0.0,0
105,high_loose,no_pre_new_only,9,60,6.977000760802736,0.23333333333333334,0,0.0,0
105,high_loose,no_pre_new_only,10,60,6.237201187861221,0.2,0,0.0,0
105,high_loose,no_pre_new_only,11,60,6.975706160348613,0.23333333333333334,0,0.0,0
105,high_loose,greedy_hard_cap,0,60,34.9974023723502,1.0,10.0,0.0,0
105,high_loose,greedy_hard_cap,1,60,35.19723739603177,1.0,13.0,0.0,0
105,high_loose,greedy_hard_cap,2,60,35.29865695461232,1.0,14.0,0.0,0
105,high_loose,greedy_hard_cap,3,60,34.79739544711327,1.0,13.5,0.0,0
105,high_loose,greedy_hard_cap,4,60,35.297876132771364,1.0,18.5,0.0,0
105,high_loose,greedy_hard_cap,5,60,34.49749861108323,1.0,19.5,0.0,0
105,high_loose,greedy_hard_cap,6,60,35.497223239845695,1.0,21.5,0.0,0
105,high_loose,greedy_hard_cap,7,60,34.99746718983657,1.0,19.0,0.0,0
105,high_loose,greedy_hard_cap,8,60,35.048075069575994,1.0,16.5,0.0,0
105,high_loose,greedy_hard_cap,9,60,35.096125836960546,1.0,17.5,0.0,0
105,high_loose,greedy_hard_cap,10,60,35.79562269989658,1.0,20.0,0.0,0
105,high_loose,greedy_hard_cap,11,60,34.69916460520245,1.0,19.0,0.0,0
105,random,pd_theta_2,0,60,42.54975625041816,0.9666666666666667,1.0,0.0,4
105,random,pd_theta_2,1,60,42.843327478788076,1.0,4.5,0.0,0
105,random,pd_theta_2,2,60,42.591890090567965,1.0,13.0,0.0,0
105,random,pd_theta_2,3,60,46.889114804645196,1.0,18.5,0.0,0
105,random,pd_theta_2,4,60,43.04049487726912,1.0,14.0,0.0,0
105,random,pd_theta_2,5,60,41.08895169756625,1.0,14.5,0.0,0
105,random,pd_theta_2,6,60,44.34059715309057,1.0,11.5,0.0,0
105,random,pd_theta_2,7,60,45.73999194576305,1.0,11.0,0.0,0
105,random,pd_theta_2,8,60,45.53825487538587,1.0,15.5,0.0,0
105,random,pd_theta_2,9,60,41.33852697549505,1.0,16.5,0.0,0
105,random,pd_theta_2,10,60,40.43922782377233,1.0,15.5,0.0,0
105,random,pd_theta_2,11,60,43.502231902745095,0.9666666666666667,15.0,0.0,1
105,random,pd_theta_4,0,60,42.54975625041816,0.9666666666666667,1.0,0.0,4
105,random,pd_theta_4,1,60,42.843327478788076,1.0,4.5,0.0,0
105,random,pd_theta_4,2,60,42.591890090567965,1.0,13.0,0.0,0
105,random,pd_theta_4,3,60,46.888448908983456,1.0,20.0,0.0,0
105,random,pd_theta_4,4,60,43.139373777222126,1.0,19.5,0.0,0
105,random,pd_theta_4,5,60,41.238966574501724,1.0,26.0,0.0,0
105,random,pd_theta_4,6,60,44.441418202873045,1.0,25.5,0.0,0
105,random,pd_theta_4,7,60,45.73984739206722,1.0,24.0,0.0,0
105,random,pd_theta_4,8,60,45.540088230467525,1.0,26.0,0.0,0
105,random,pd_theta_4,9,60,41.48788124781797,1.0,26.5,0.0,0
105,random,pd_theta_4,10,60,40.48873506156662,1.0,24.5,0.0,0
105,random,pd_theta_4,11,60,44.54103778373209,1.0,25.5,0.0,0
105,random,pd_theta_8,0,60,42.54975625041816,0.9666666666666667,1.0,0.0,4
105,random,pd_theta_8,1,60,42.843327478788076,1.0,4.5,0.0,0
105,random,pd_theta_8,2,60,42.591890090567965,1.0,13.0,0.0,0
105,random,pd_theta_8,3,60,46.888448908983456,1.0,20.0,0.0,0
105,random,pd_theta_8,4,60,43.139373777222126,1.0,19.5,0.0,0
105,random,pd_theta_8,5,60,41.23829703412629,1.0,26.5,0.0,0
105,random,pd_theta_8,6,60,44.44145581526321,1.0,27.5,0.0,0
105,random,pd_theta_8,7,60,45.84037650979531,1.0,31.0,0.0,0
105,random,pd_theta_8,8,60,45.74162727862311,1.0,38.0,0.0,0
105,random,pd_theta_8,9,60,41.588748463256486,1.0,41.0,0.0,0
105,random,pd_theta_8,10,60,40.68820184615851,1.0,42.5,0.0,0
105,random,pd_theta_8,11,60,44.939649077513316,1.0,41.0,0.0,0
105,random,pd_theta_16,0,60,42.54975625041816,0.9666666666666667,1.0,0.0,4
105,random,pd_theta_16,1,60,42.843327478788076,1.0,4.5,0.0,0
105,random,pd_theta_16,2,60,42.591890090567965,1.0,13.0,0.0,0
105,random,pd_theta_16,3,60,46.888448908983456,1.0,20.0,0.0,0
105,random,pd_theta_16,4,60,43.139373777222126,1.0,19.5,0.0,0
105,random,pd_theta_16,5,60,41.23829703412629,1.0,26.5,0.0,0
105,random,pd_theta_16,6,60,44.44145581526321,1.0,27.5,0.0,0
105,random,pd_theta_16,7,60,45.84037650979531,1.0,31.0,0.0,0
105,random,pd_theta_16,8,60,45.74162727862311,1.0,38.0,0.0,0
105,random,pd_theta_16,9,60,41.588764183832126,1.0,41.5,0.0,0
105,random,pd_theta_16,10,60,40.78923385491065,1.0,46.0,0.0,0
105,random,pd_theta_16,11,60,45.03938324590158,1.0,49.5,0.0,0
105,random,pd_history,0,60,42.54975625041816,0.9666666666666667,1.0,0.0,4
105,random,pd_history,1,60,42.843327478788076,1.0,4.5,0.0,0
105,random,pd_history,2,60,42.591890090567965,1.0,13.0,0.0,0
105,random,pd_history,3,60,46.889114804645196,1.0,18.5,0.0,0
105,random,pd_history,4,60,43.04049487726912,1.0,14.0,0.0,0
105,random,pd_history,5,60,41.08895169756625,1.0,14.5,0.0,0
105,random,pd_history,6,60,44.34059715309057,1.0,11.5,0.0,0
105,random,pd_history,7,60,45.73999194576305,1.0,11.0,0.0,0
105,random,pd_history,8,60,45.53825487538587,1.0,15.5,0.0,0
105,random,pd_history,9,60,41.33852697549505,1.0,16.5,0.0,0
105,random,pd_history,10,60,40.43922782377233,1.0,15.5,0.0,0
105,random,pd_history,11,60,43.502231902745095,0.9666666666666667,15.0,0.0,1
105,random,no_control_interpretation,0,60,44.489425170542816,1.0,1.0,0.0,5
105,random,no_control_interpretation,1,60,42.843327478788076,1.0,4.5,0.0,0
105,random,no_control_interpretation,2,60,42.591890090567965,1.0,13.0,0.0,0
105,random,no_control_interpretation,3,60,46.889114804645196,1.0,18.5,0.0,0
105,random,no_control_interpretation,4,60,43.04049487726912,1.0,14.0,0.0,0
105,random,no_control_interpretation,5,60,41.08895169756625,1.0,14.5,0.0,0
105,random,no_control_interpretation,6,60,44.34059715309057,1.0,11.5,0.0,0
105,random,no_control_interpretation,7,60,45.73999194576305,1.0,11.0,0.0,0
105,random,no_control_interpretation,8,60,45.53825487538587,1.0,15.5,0.0,0
105,random,no_control_interpretation,9,60,41.33852697549505,1.0,16.5,0.0,0
105,random,no_control_interpretation,10,60,40.43922782377233,1.0,15.5,0.0,0
105,random,no_control_interpretation,11,60,44.541716254400306,1.0,14.0,0.0,1
105,random,no_pre_new_only,0,60,9.852361612295645,0.38333333333333336,0,0.0,0
105,random,no_pre_new_only,1,60,9.853830115155816,0.38333333333333336,0,0.0,0
105,random,no_pre_new_only,2,60,9.993373408734044,0.4166666666666667,0,0.0,0
105,random,no_pre_new_only,3,60,8.96448482164469,0.35,0,0.0,0
105,random,no_pre_new_only,4,60,9.854194323638382,0.38333333333333336,0,0.0,0
105,random,no_pre_new_only,5,60,9.335547444907894,0.36666666666666664,0,0.0,0
105,random,no_pre_new_only,6,60,10.144397042608661,0.4166666666666667,0,0.0,0
105,random,no_pre_new_only,7,60,9.855847398778376,0.38333333333333336,0,0.0,0
105,random,no_pre_new_only,8,60,9.263371525757453,0.35,0,0.0,0
105,random,no_pre_new_only,9,60,10.514702765478312,0.43333333333333335,0,0.0,0
105,random,no_pre_new_only,10,60,9.185355444047826,0.36666666666666664,0,0.0,0
105,random,no_pre_new_only,11,60,9.636172835554802,0.36666666666666664,0,0.0,0
105,random,greedy_hard_cap,0,60,37.02745934363539,0.9,11.5,0.0,0
105,random,greedy_hard_cap,1,60,44.19716702841135,1.0,15.0,0.0,0
105,random,greedy_hard_cap,2,60,43.598726924797326,1.0,18.0,0.0,0
105,random,greedy_hard_cap,3,60,47.54891607414948,1.0,18.0,0.0,0
105,random,greedy_hard_cap,4,60,44.3986084439604,1.0,22.0,0.0,0
105,random,greedy_hard_cap,5,60,42.14881986392162,1.0,22.5,0.0,0
105,random,greedy_hard_cap,6,60,45.59728500261921,1.0,21.5,0.0,0
105,random,greedy_hard_cap,7,60,46.79901936051748,1.0,22.5,0.0,0
105,random,greedy_hard_cap,8,60,46.4975463715955,1.0,20.5,0.0,0
105,random,greedy_hard_cap,9,60,42.448297094191176,1.0,22.0,0.0,0
105,random,greedy_hard_cap,10,60,41.5487856717198,1.0,21.0,0.0,0
105,random,greedy_hard_cap,11,60,45.597341708730795,1.0,20.0,0.0,0
105,switch,pd_theta_2,0,60,44.05451087195408,0.8833333333333333,6.0,0.0,6
105,switch,pd_theta_2,1,60,43.4769033347902,0.9,10.0,0.0,5
105,switch,pd_theta_2,2,60,41.42509379925234,0.9,13.5,0.0,3
105,switch,pd_theta_2,3,60,45.13459306509362,0.8666666666666667,15.5,0.0,7
105,switch,pd_theta_2,4,60,42.62110547954305,0.9,13.5,0.0,4
105,switch,pd_theta_2,5,60,42.88301423075942,0.8666666666666667,13.5,0.0,5
105,switch,pd_theta_2,6,60,34.74060754737646,1.0,7.0,0.0,2
105,switch,pd_theta_2,7,60,34.343262822856836,1.0,8.0,0.0,0
105,switch,pd_theta_2,8,60,34.09005798790863,1.0,7.0,0.0,0
105,switch,pd_theta_2,9,60,33.84155399371332,1.0,9.0,0.0,0
105,switch,pd_theta_2,10,60,34.59010435948548,1.0,12.5,0.0,0
105,switch,pd_theta_2,11,60,33.63840037753686,1.0,9.5,0.0,0
105,switch,pd_theta_4,0,60,44.05451087195408,0.8833333333333333,6.0,0.0,6
105,switch,pd_theta_4,1,60,43.4769033347902,0.9,10.0,0.0,5
105,switch,pd_theta_4,2,60,41.42509379925234,0.9,13.5,0.0,3
105,switch,pd_theta_4,3,60,45.085195938542945,0.8666666666666667,18.0,0.0,7
105,switch,pd_theta_4,4,60,42.61960472298271,0.9,18.5,0.0,4
105,switch,pd_theta_4,5,60,43.133636330338284,0.8666666666666667,21.0,0.0,5
105,switch,pd_theta_4,6,60,34.940483160669075,1.0,14.0,0.0,3
105,switch,pd_theta_4,7,60,34.44255941549171,1.0,14.5,0.0,0
105,switch,pd_theta_4,8,60,34.53882118038952,1.0,17.0,0.0,0
105,switch,pd_theta_4,9,60,34.24282422797156,1.0,16.0,0.0,0
105,switch,pd_theta_4,10,60,34.74049271797248,1.0,15.0,0.0,0
105,switch,pd_theta_4,11,60,33.63894119270512,1.0,18.0,0.0,0
105,switch,pd_theta_8,0,60,44.05451087195408,0.8833333333333333,6.0,0.0,6
105,switch,pd_theta_8,1,60,43.4769033347902,0.9,10.0,0.0,5
105,switch,pd_theta_8,2,60,41.42509379925234,0.9,13.5,0.0,3
105,switch,pd_theta_8,3,60,45.085195938542945,0.8666666666666667,18.0,0.0,7
105,switch,pd_theta_8,4,60,42.61960472298271,0.9,18.5,0.0,4
105,switch,pd_theta_8,5,60,43.13299092294337,0.8666666666666667,23.5,0.0,5
105,switch,pd_theta_8,6,60,35.24007728314528,1.0,21.0,0.0,2
105,switch,pd_theta_8,7,60,34.69051118002606,1.0,25.0,0.0,0
105,switch,pd_theta_8,8,60,34.73775230710725,1.0,29.5,0.0,0
105,switch,pd_theta_8,9,60,34.69173655758208,1.0,32.0,0.0,0
105,switch,pd_theta_8,10,60,35.089383052214984,1.0,31.5,0.0,0
105,switch,pd_theta_8,11,60,34.03997569955332,1.0,34.0,0.0,0
105,switch,pd_theta_16,0,60,44.05451087195408,0.8833333333333333,6.0,0.0,6
105,switch,pd_theta_16,1,60,43.4769033347902,0.9,10.0,0.0,5
105,switch,pd_theta_16,2,60,41.42509379925234,0.9,13.5,0.0,3
105,switch,pd_theta_16,3,60,45.085195938542945,0.8666666666666667,18.0,0.0,7
105,switch,pd_theta_16,4,60,42.61960472298271,0.9,18.5,0.0,4
105,switch,pd_theta_16,5,60,43.13299092294337,0.8666666666666667,23.5,0.0,5
105,switch,pd_theta_16,6,60,35.24007728314528,1.0,21.0,0.0,2
105,switch,pd_theta_16,7,60,34.69051118002606,1.0,25.0,0.0,0
105,switch,pd_theta_16,8,60,34.73775230710725,1.0,29.5,0.0,0
105,switch,pd_theta_16,9,60,34.69193803013201,1.0,33.5,0.0,0
105,switch,pd_theta_16,10,60,35.388220061754794,1.0,37.5,0.0,0
105,switch,pd_theta_16,11,60,34.13821837733178,1.0,40.5,0.0,0
105,switch,pd_history,0,60,44.05451087195408,0.8833333333333333,6.0,0.0,6
105,switch,pd_history,1,60,43.4769033347902,0.9,10.0,0.0,5
105,switch,pd_history,2,60,41.42509379925234,0.9,13.5,0.0,3
105,switch,pd_history,3,60,45.13459306509362,0.8666666666666667,15.5,0.0,7
105,switch,pd_history,4,60,42.62110547954305,0.9,13.5,0.0,4
105,switch,pd_history,5,60,42.88301423075942,0.8666666666666667,13.5,0.0,5
105,switch,pd_history,6,60,34.74060754737646,1.0,7.0,0.0,2
105,switch,pd_history,7,60,34.343262822856836,1.0,8.0,0.0,0
105,switch,pd_history,8,60,34.09005798790863,1.0,7.0,0.0,0
105,switch,pd_history,9,60,33.84155399371332,1.0,9.0,0.0,0
105,switch,pd_history,10,60,34.59010435948548,1.0,12.5,0.0,0
105,switch,pd_history,11,60,33.63840037753686,1.0,9.5,0.0,0
105,switch,no_control_interpretation,0,60,53.994028881580924,1.0,6.0,0.0,13
105,switch,no_control_interpretation,1,60,51.99509723960206,1.0,10.0,0.0,11
105,switch,no_control_interpretation,2,60,49.94408850470809,1.0,13.5,0.0,9
105,switch,no_control_interpretation,3,60,56.49385081079851,1.0,15.5,0.0,15
105,switch,no_control_interpretation,4,60,51.13871487043142,1.0,13.5,0.0,10
105,switch,no_control_interpretation,5,60,54.24079289633458,1.0,13.5,0.0,13
105,switch,no_control_interpretation,6,60,34.74060754737646,1.0,7.0,0.0,2
105,switch,no_control_interpretation,7,60,34.343262822856836,1.0,8.0,0.0,0
105,switch,no_control_interpretation,8,60,34.09005798790863,1.0,7.0,0.0,0
105,switch,no_control_interpretation,9,60,33.84155399371332,1.0,9.0,0.0,0
105,switch,no_control_interpretation,10,60,34.59010435948548,1.0,12.5,0.0,0
105,switch,no_control_interpretation,11,60,33.63840037753686,1.0,9.5,0.0,0
105,switch,no_pre_new_only,0,60,10.72267175359737,0.48333333333333334,0,0.0,0
105,switch,no_pre_new_only,1,60,11.461642341230618,0.5166666666666667,0,0.0,0
105,switch,no_pre_new_only,2,60,11.83220473070009,0.5333333333333333,0,0.0,0
105,switch,no_pre_new_only,3,60,9.984753018179722,0.45,0,0.0,0
105,switch,no_pre_new_only,4,60,11.831496407205792,0.5333333333333333,0,0.0,0
105,switch,no_pre_new_only,5,60,10.723703852216001,0.48333333333333334,0,0.0,0
105,switch,no_pre_new_only,6,60,6.237483656579687,0.2,0,0.0,0
105,switch,no_pre_new_only,7,60,6.238328939478022,0.2,0,0.0,0
105,switch,no_pre_new_only,8,60,6.236793675787072,0.2,0,0.0,0
105,switch,no_pre_new_only,9,60,6.977000760802736,0.23333333333333334,0,0.0,0
105,switch,no_pre_new_only,10,60,6.237201187861221,0.2,0,0.0,0
105,switch,no_pre_new_only,11,60,6.975706160348613,0.23333333333333334,0,0.0,0
105,switch,greedy_hard_cap,0,60,36.287833221525084,0.7833333333333333,13.5,0.0,0
105,switch,greedy_hard_cap,1,60,37.02854385260181,0.8166666666666667,15.0,0.0,0
105,switch,greedy_hard_cap,2,60,37.7686694423794,0.85,16.5,0.0,0
105,switch,greedy_hard_cap,3,60,35.54865831269347,0.75,17.0,0.0,0
105,switch,greedy_hard_cap,4,60,37.39677370801397,0.8333333333333334,16.0,0.0,0
105,switch,greedy_hard_cap,5,60,36.28814410035722,0.7833333333333333,16.0,0.0,0
105,switch,greedy_hard_cap,6,60,35.99954737872116,1.0,16.0,0.0,0
105,switch,greedy_hard_cap,7,60,35.39935174733742,1.0,18.5,0.0,0
105,switch,greedy_hard_cap,8,60,35.399297886645414,1.0,20.5,0.0,0
105,switch,greedy_hard_cap,9,60,35.4478324834731,1.0,20.0,0.0,0
105,switch,greedy_hard_cap,10,60,36.09696036779718,1.0,23.0,0.0,0
105,switch,greedy_hard_cap,11,60,34.799154403677,1.0,21.5,0.0,0
106,high_tight,pd_theta_2,0,60,44.0849217629444,0.95,2.0,0.0,5
106,high_tight,pd_theta_2,1,60,45.03426483465846,0.8666666666666667,12.5,0.0,7
106,high_tight,pd_theta_2,2,60,43.99289421151418,0.9166666666666666,14.5,0.0,5
106,high_tight,pd_theta_2,3,60,44.35305642772558,0.8833333333333333,14.5,0.0,6
106,high_tight,pd_theta_2,4,60,45.033934211684866,0.8666666666666667,13.5,0.0,7
106,high_tight,pd_theta_2,5,60,44.11411632120551,0.9333333333333333,9.5,0.0,5
106,high_tight,pd_theta_2,6,60,42.665652573301664,0.85,15.0,0.0,5
106,high_tight,pd_theta_2,7,60,41.37220917617739,0.9,12.5,0.0,5
106,high_tight,pd_theta_2,8,60,45.83109615609869,0.95,14.5,0.0,6
106,high_tight,pd_theta_2,9,60,43.98365950677486,0.8666666666666667,15.0,0.0,6
106,high_tight,pd_theta_2,10,60,46.14313929337389,0.9166666666666666,15.0,0.0,7
106,high_tight,pd_theta_2,11,60,40.784267690775955,0.8666666666666667,14.0,0.0,4
106,high_tight,pd_theta_4,0,60,44.0849217629444,0.95,2.0,0.0,5
106,high_tight,pd_theta_4,1,60,45.03426483465846,0.8666666666666667,12.5,0.0,7
106,high_tight,pd_theta_4,2,60,43.99289421151418,0.9166666666666666,14.5,0.0,5
106,high_tight,pd_theta_4,3,60,44.35260295126881,0.8833333333333333,18.0,0.0,6
106,high_tight,pd_theta_4,4,60,45.13295062223224,0.8666666666666667,21.0,0.0,7
106,high_tight,pd_theta_4,5,60,44.41477415079592,0.9333333333333333,18.0,0.0,5
106,high_tight,pd_theta_4,6,60,42.665169244410315,0.85,18.5,0.0,5
106,high_tight,pd_theta_4,7,60,41.47207442981706,0.9,15.5,0.0,5
106,high_tight,pd_theta_4,8,60,45.83168815567317,0.95,18.0,0.0,6
106,high_tight,pd_theta_4,9,60,44.08376429049336,0.8666666666666667,21.0,0.0,6
106,high_tight,pd_theta_4,10,60,46.29364923699881,0.9166666666666666,21.5,0.0,7
106,high_tight,pd_theta_4,11,60,40.98378141520606,0.8666666666666667,21.0,0.0,4
106,high_tight,pd_theta_8,0,60,44.0849217629444,0.95,2.0,0.0,5
106,high_tight,pd_theta_8,1,60,45.03426483465846,0.8666666666666667,12.5,0.0,7
106,high_tight,pd_theta_8,2,60,43.99289421151418,0.9166666666666666,14.5,0.0,5
106,high_tight,pd_theta_8,3,60,44.35260295126881,0.8833333333333333,18.0,0.0,6
106,high_tight,pd_theta_8,4,60,45.13295062223224,0.8666666666666667,21.0,0.0,7
106,high_tight,pd_theta_8,5,60,44.41399343435138,0.9333333333333333,21.0,0.0,5
106,high_tight,pd_theta_8,6,60,42.7654826506797,0.85,25.5,0.0,5
106,high_tight,pd_theta_8,7,60,41.67170570810728,0.9,25.5,0.0,5
106,high_tight,pd_theta_8,8,60,45.83070232248992,0.95,27.0,0.0,6
106,high_tight,pd_theta_8,9,60,44.23292331952763,0.8666666666666667,29.5,0.0,6
106,high_tight,pd_theta_8,10,60,46.29134660143438,0.9166666666666666,28.5,0.0,7
106,high_tight,pd_theta_8,11,60,40.982287925166965,0.8666666666666667,26.0,0.0,4
106,high_tight,pd_theta_16,0,60,44.0849217629444,0.95,2.0,0.0,5
106,high_tight,pd_theta_16,1,60,45.03426483465846,0.8666666666666667,12.5,0.0,7
106,high_tight,pd_theta_16,2,60,43.99289421151418,0.9166666666666666,14.5,0.0,5
106,high_tight,pd_theta_16,3,60,44.35260295126881,0.8833333333333333,18.0,0.0,6
106,high_tight,pd_theta_16,4,60,45.13295062223224,0.8666666666666667,21.0,0.0,7
106,high_tight,pd_theta_16,5,60,44.41399343435138,0.9333333333333333,21.0,0.0,5
106,high_tight,pd_theta_16,6,60,42.7654826506797,0.85,25.5,0.0,5
106,high_tight,pd_theta_16,7,60,41.67170570810728,0.9,25.5,0.0,5
106,high_tight,pd_theta_16,8,60,45.83070232248992,0.95,27.0,0.0,6
106,high_tight,pd_theta_16,9,60,44.23396731055051,0.8666666666666667,31.0,0.0,6
106,high_tight,pd_theta_16,10,60,46.39253995464734,0.9166666666666666,31.5,0.0,7
106,high_tight,pd_theta_16,11,60,41.0330934534157,0.8666666666666667,32.5,0.0,4
106,high_tight,pd_history,0,60,44.0849217629444,0.95,2.0,0.0,5
106,high_tight,pd_history,1,60,45.03426483465846,0.8666666666666667,12.5,0.0,7
106,high_tight,pd_history,2,60,43.99289421151418,0.9166666666666666,14.5,0.0,5
106,high_tight,pd_history,3,60,44.35305642772558,0.8833333333333333,14.5,0.0,6
106,high_tight,pd_history,4,60,45.033934211684866,0.8666666666666667,13.5,0.0,7
106,high_tight,pd_history,5,60,44.11411632120551,0.9333333333333333,9.5,0.0,5
106,high_tight,pd_history,6,60,42.665652573301664,0.85,15.0,0.0,5
106,high_tight,pd_history,7,60,41.37220917617739,0.9,12.5,0.0,5
106,high_tight,pd_history,8,60,45.83109615609869,0.95,14.5,0.0,6
106,high_tight,pd_history,9,60,43.98365950677486,0.8666666666666667,15.0,0.0,6
106,high_tight,pd_history,10,60,46.14313929337389,0.9166666666666666,15.0,0.0,7
106,high_tight,pd_history,11,60,40.784267690775955,0.8666666666666667,14.0,0.0,4
106,high_tight,no_control_interpretation,0,60,48.3445305698799,1.0,2.0,0.0,8
106,high_tight,no_control_interpretation,1,60,56.39258550046171,1.0,12.5,0.0,15
106,high_tight,no_control_interpretation,2,60,51.09216235284479,1.0,14.5,0.0,10
106,high_tight,no_control_interpretation,3,60,54.29239134279506,1.0,14.5,0.0,13
106,high_tight,no_control_interpretation,4,60,56.3906193838322,1.0,13.5,0.0,15
106,high_tight,no_control_interpretation,5,60,49.79336789385601,1.0,9.5,0.0,9
106,high_tight,no_control_interpretation,6,60,55.44331494947171,1.0,15.0,0.0,14
106,high_tight,no_control_interpretation,7,60,49.89035602240304,1.0,12.5,0.0,11
106,high_tight,no_control_interpretation,8,60,50.089513484877244,1.0,14.5,0.0,9
106,high_tight,no_control_interpretation,9,60,55.34074589806833,1.0,15.0,0.0,14
106,high_tight,no_control_interpretation,10,60,53.2420849713964,1.0,15.0,0.0,12
106,high_tight,no_control_interpretation,11,60,52.142509185138806,1.0,14.0,0.0,12
106,high_tight,no_pre_new_only,0,60,11.832559132769735,0.5333333333333333,0,0.0,0
106,high_tight,no_pre_new_only,1,60,9.98374857952069,0.45,0,0.0,0
106,high_tight,no_pre_new_only,2,60,11.833783198466778,0.5333333333333333,0,0.0,0
106,high_tight,no_pre_new_only,3,60,10.723907132121216,0.48333333333333334,0,0.0,0
106,high_tight,no_pre_new_only,4,60,9.98410514480097,0.45,0,0.0,0
106,high_tight,no_pre_new_only,5,60,11.83201433450839,0.5333333333333333,0,0.0,0
106,high_tight,no_pre_new_only,6,60,10.353696761015565,0.4666666666666667,0,0.0,0
106,high_tight,no_pre_new_only,7,60,11.833334688237137,0.5333333333333333,0,0.0,0
106,high_tight,no_pre_new_only,8,60,11.8299526093941,0.5333333333333333,0,0.0,0
106,high_tight,no_pre_new_only,9,60,10.352924816685588,0.4666666666666667,0,0.0,0
106,high_tight,no_pre_new_only,10,60,11.091475208806026,0.5,0,0.0,0
106,high_tight,no_pre_new_only,11,60,11.463790566185551,0.5166666666666667,0,0.0,0
106,high_tight,greedy_hard_cap,0,60,38.13818186915508,0.8666666666666667,13.5,0.0,0
106,high_tight,greedy_hard_cap,1,60,35.54792260887625,0.75,15.0,0.0,0
106,high_tight,greedy_hard_cap,2,60,37.39846821924516,0.8333333333333334,17.0,0.0,0
106,high_tight,greedy_hard_cap,3,60,36.28763625615536,0.7833333333333333,16.5,0.0,0
106,high_tight,greedy_hard_cap,4,60,35.54888188239671,0.75,16.5,0.0,0
106,high_tight,greedy_hard_cap,5,60,37.76821833472807,0.85,15.0,0.0,0
106,high_tight,greedy_hard_cap,6,60,35.91875556973354,0.7666666666666667,16.0,0.0,0
106,high_tight,greedy_hard_cap,7,60,34.928275070775385,0.8166666666666667,16.5,0.0,0
106,high_tight,greedy_hard_cap,8,60,37.76802784465324,0.85,16.5,0.0,0
106,high_tight,greedy_hard_cap,9,60,35.91845175646315,0.7666666666666667,17.5,0.0,0
106,high_tight,greedy_hard_cap,10,60,36.65760264034237,0.8,17.0,0.0,0
106,high_tight,greedy_hard_cap,11,60,35.60825863036605,0.8,17.5,0.0,0
106,high_loose,pd_theta_2,0,60,34.94370307849963,1.0,1.0,0.0,0
106,high_loose,pd_theta_2,1,60,33.48721232162993,1.0,3.0,0.0,0
106,high_loose,pd_theta_2,2,60,34.54038592840937,1.0,8.5,0.0,0
106,high_loose,pd_theta_2,3,60,33.28870424407241,1.0,10.5,0.0,0
106,high_loose,pd_theta_2,4,60,34.189578814788995,1.0,12.0,0.0,0
106,high_loose,pd_theta_2,5,60,34.59318279078323,1.0,11.0,0.0,0
106,high_loose,pd_theta_2,6,60,34.24207653515437,1.0,10.0,0.0,0
106,high_loose,pd_theta_2,7,60,34.19245544568757,1.0,9.0,0.0,0
106,high_loose,pd_theta_2,8,60,34.79113321327825,1.0,11.0,0.0,0
106,high_loose,pd_theta_2,9,60,33.6430828935849,1.0,9.0,0.0,0
106,high_loose,pd_theta_2,10,60,34.241645154494954,1.0,8.5,0.0,0
106,high_loose,pd_theta_2,11,60,34.09164516910659,1.0,14.5,0.0,0
106,high_loose,pd_theta_4,0,60,34.94370307849963,1.0,1.0,0.0,0
106,high_loose,pd_theta_4,1,60,33.48721232162993,1.0,3.0,0.0,0
106,high_loose,pd_theta_4,2,60,34.54038592840937,1.0,8.5,0.0,0
106,high_loose,pd_theta_4,3,60,33.28870424407241,1.0,10.5,0.0,0
106,high_loose,pd_theta_4,4,60,34.18879101207263,1.0,17.5,0.0,0
106,high_loose,pd_theta_4,5,60,34.59243951503061,1.0,19.5,0.0,0
106,high_loose,pd_theta_4,6,60,34.241999066503936,1.0,18.0,0.0,0
106,high_loose,pd_theta_4,7,60,33.89222951644226,1.0,18.0,0.0,0
106,high_loose,pd_theta_4,8,60,34.64016801146165,1.0,17.0,0.0,0
106,high_loose,pd_theta_4,9,60,33.641228237023356,1.0,17.0,0.0,0
106,high_loose,pd_theta_4,10,60,34.24182080047041,1.0,17.5,0.0,0
106,high_loose,pd_theta_4,11,60,33.94050847017711,1.0,20.5,0.0,0
106,high_loose,pd_theta_8,0,60,34.94370307849963,1.0,1.0,0.0,0
106,high_loose,pd_theta_8,1,60,33.48721232162993,1.0,3.0,0.0,0
106,high_loose,pd_theta_8,2,60,34.54038592840937,1.0,8.5,0.0,0
106,high_loose,pd_theta_8,3,60,33.28870424407241,1.0,10.5,0.0,0
106,high_loose,pd_theta_8,4,60,34.18879101207263,1.0,17.5,0.0,0
106,high_loose,pd_theta_8,5,60,34.59243951503061,1.0,19.5,0.0,0
106,high_loose,pd_theta_8,6,60,33.79203549520418,1.0,22.5,0.0,0
106,high_loose,pd_theta_8,7,60,33.89190652010526,1.0,25.5,0.0,0
106,high_loose,pd_theta_8,8,60,34.189881539169534,1.0,27.0,0.0,0
106,high_loose,pd_theta_8,9,60,33.64197412305121,1.0,33.0,0.0,0
106,high_loose,pd_theta_8,10,60,34.08973572832087,1.0,30.0,0.0,0
106,high_loose,pd_theta_8,11,60,33.94109860891319,1.0,33.0,0.0,0
106,high_loose,pd_theta_16,0,60,34.94370307849963,1.0,1.0,0.0,0
106,high_loose,pd_theta_16,1,60,33.48721232162993,1.0,3.0,0.0,0
106,high_loose,pd_theta_16,2,60,34.54038592840937,1.0,8.5,0.0,0
106,high_loose,pd_theta_16,3,60,33.28870424407241,1.0,10.5,0.0,0
106,high_loose,pd_theta_16,4,60,34.18879101207263,1.0,17.5,0.0,0
106,high_loose,pd_theta_16,5,60,34.59243951503061,1.0,19.5,0.0,0
106,high_loose,pd_theta_16,6,60,33.79203549520418,1.0,22.5,0.0,0
106,high_loose,pd_theta_16,7,60,33.89190652010526,1.0,25.5,0.0,0
106,high_loose,pd_theta_16,8,60,34.189881539169534,1.0,27.0,0.0,0
106,high_loose,pd_theta_16,9,60,33.64197412305121,1.0,33.0,0.0,0
106,high_loose,pd_theta_16,10,60,34.089215985713764,1.0,34.5,0.0,0
106,high_loose,pd_theta_16,11,60,33.94120147619485,1.0,40.5,0.0,0
106,high_loose,pd_history,0,60,34.94370307849963,1.0,1.0,0.0,0
106,high_loose,pd_history,1,60,33.48721232162993,1.0,3.0,0.0,0
106,high_loose,pd_history,2,60,34.54038592840937,1.0,8.5,0.0,0
106,high_loose,pd_history,3,60,33.28870424407241,1.0,10.5,0.0,0
106,high_loose,pd_history,4,60,34.189578814788995,1.0,12.0,0.0,0
106,high_loose,pd_history,5,60,34.59318279078323,1.0,11.0,0.0,0
106,high_loose,pd_history,6,60,34.24207653515437,1.0,10.0,0.0,0
106,high_loose,pd_history,7,60,34.19245544568757,1.0,9.0,0.0,0
106,high_loose,pd_history,8,60,34.79113321327825,1.0,11.0,0.0,0
106,high_loose,pd_history,9,60,33.6430828935849,1.0,9.0,0.0,0
106,high_loose,pd_history,10,60,34.241645154494954,1.0,8.5,0.0,0
106,high_loose,pd_history,11,60,34.09164516910659,1.0,14.5,0.0,0
106,high_loose,no_control_interpretation,0,60,34.94370307849963,1.0,1.0,0.0,0
106,high_loose,no_control_interpretation,1,60,33.48721232162993,1.0,3.0,0.0,0
106,high_loose,no_control_interpretation,2,60,34.54038592840937,1.0,8.5,0.0,0
106,high_loose,no_control_interpretation,3,60,33.28870424407241,1.0,10.5,0.0,0
106,high_loose,no_control_interpretation,4,60,34.189578814788995,1.0,12.0,0.0,0
106,high_loose,no_control_interpretation,5,60,34.59318279078323,1.0,11.0,0.0,0
106,high_loose,no_control_interpretation,6,60,34.24207653515437,1.0,10.0,0.0,0
106,high_loose,no_control_interpretation,7,60,34.19245544568757,1.0,9.0,0.0,0
106,high_loose,no_control_interpretation,8,60,34.79113321327825,1.0,11.0,0.0,0
106,high_loose,no_control_interpretation,9,60,33.6430828935849,1.0,9.0,0.0,0
106,high_loose,no_control_interpretation,10,60,34.241645154494954,1.0,8.5,0.0,0
106,high_loose,no_control_interpretation,11,60,34.09164516910659,1.0,14.5,0.0,0
106,high_loose,no_pre_new_only,0,60,6.2369690213767495,0.2,0,0.0,0
106,high_loose,no_pre_new_only,1,60,6.976729200464087,0.23333333333333334,0,0.0,0
106,high_loose,no_pre_new_only,2,60,6.237103876347255,0.2,0,0.0,0
106,high_loose,no_pre_new_only,3,60,6.9772733523217845,0.23333333333333334,0,0.0,0
106,high_loose,no_pre_new_only,4,60,6.236989739353554,0.2,0,0.0,0
106,high_loose,no_pre_new_only,5,60,6.2370961272449446,0.2,0,0.0,0
106,high_loose,no_pre_new_only,6,60,6.236533930473903,0.2,0,0.0,0
106,high_loose,no_pre_new_only,7,60,6.977668638275646,0.23333333333333334,0,0.0,0
106,high_loose,no_pre_new_only,8,60,6.236221903705852,0.2,0,0.0,0
106,high_loose,no_pre_new_only,9,60,6.977752315046245,0.23333333333333334,0,0.0,0
106,high_loose,no_pre_new_only,10,60,6.238026920059578,0.2,0,0.0,0
106,high_loose,no_pre_new_only,11,60,6.977900654416706,0.23333333333333334,0,0.0,0
106,high_loose,greedy_hard_cap,0,60,35.39708587787106,1.0,7.5,0.0,0
106,high_loose,greedy_hard_cap,1,60,34.29770601104764,1.0,14.5,0.0,0
106,high_loose,greedy_hard_cap,2,60,35.49704654098485,1.0,16.0,0.0,0
106,high_loose,greedy_hard_cap,3,60,34.69745903587185,1.0,17.0,0.0,0
106,high_loose,greedy_hard_cap,4,60,35.0482630143657,1.0,14.5,0.0,0
106,high_loose,greedy_hard_cap,5,60,35.79857206536282,1.0,17.5,0.0,0
106,high_loose,greedy_hard_cap,6,60,35.09844589460661,1.0,16.5,0.0,0
106,high_loose,greedy_hard_cap,7,60,35.249364869318875,1.0,19.0,0.0,0
106,high_loose,greedy_hard_cap,8,60,35.94556408300529,1.0,19.5,0.0,0
106,high_loose,greedy_hard_cap,9,60,34.74823668887191,1.0,17.0,0.0,0
106,high_loose,greedy_hard_cap,10,60,35.5470227740889,1.0,17.5,0.0,0
106,high_loose,greedy_hard_cap,11,60,35.097713614331994,1.0,21.5,0.0,0
106,random,pd_theta_2,0,60,42.13947233569891,1.0,2.0,0.0,4
106,random,pd_theta_2,1,60,42.847498520088806,0.9666666666666667,7.0,0.0,2
106,random,pd_theta_2,2,60,40.590525360602236,1.0,11.0,0.0,0
106,random,pd_theta_2,3,60,44.970313039843006,0.9833333333333333,14.0,0.0,0
106,random,pd_theta_2,4,60,46.29158960146494,1.0,13.0,0.0,0
106,random,pd_theta_2,5,60,40.69152464795884,1.0,14.5,0.0,0
106,random,pd_theta_2,6,60,44.191438236757534,1.0,14.0,0.0,0
106,random,pd_theta_2,7,60,41.09084807319526,1.0,14.0,0.0,0
106,random,pd_theta_2,8,60,39.88829677994387,1.0,12.5,0.0,0
106,random,pd_theta_2,9,60,44.92169984906315,0.9833333333333333,13.0,0.0,0
106,random,pd_theta_2,10,60,45.44152987899038,1.0,16.5,0.0,0
106,random,pd_theta_2,11,60,44.39141431032934,1.0,18.5,0.0,0
106,random,pd_theta_4,0,60,42.13947233569891,1.0,2.0,0.0,4
106,random,pd_theta_4,1,60,42.847498520088806,0.9666666666666667,7.0,0.0,2
106,random,pd_theta_4,2,60,40.590525360602236,1.0,11.0,0.0,0
106,random,pd_theta_4,3,60,45.07055748730457,0.9833333333333333,17.5,0.0,0
106,random,pd_theta_4,4,60,46.58862658807381,1.0,22.0,0.0,0
106,random,pd_theta_4,5,60,40.89014781189271,1.0,23.0,0.0,0
106,random,pd_theta_4,6,60,44.44064221192154,1.0,25.5,0.0,0
106,random,pd_theta_4,7,60,41.19013571214167,1.0,26.0,0.0,0
106,random,pd_theta_4,8,60,39.88899531501495,1.0,22.5,0.0,0
106,random,pd_theta_4,9,60,45.54077397594288,1.0,21.0,0.0,0
106,random,pd_theta_4,10,60,45.54054000261277,1.0,24.0,0.0,0
106,random,pd_theta_4,11,60,44.54163709745672,1.0,25.0,0.0,0
106,random,pd_theta_8,0,60,42.13947233569891,1.0,2.0,0.0,4
106,random,pd_theta_8,1,60,42.847498520088806,0.9666666666666667,7.0,0.0,2
106,random,pd_theta_8,2,60,40.590525360602236,1.0,11.0,0.0,0
106,random,pd_theta_8,3,60,45.07055748730457,0.9833333333333333,17.5,0.0,0
106,random,pd_theta_8,4,60,46.58862658807381,1.0,22.0,0.0,0
106,random,pd_theta_8,5,60,40.98968219962061,1.0,25.5,0.0,0
106,random,pd_theta_8,6,60,44.53900885160937,1.0,31.5,0.0,0
106,random,pd_theta_8,7,60,41.18975242012709,1.0,33.0,0.0,0
106,random,pd_theta_8,8,60,39.989604370969694,1.0,36.5,0.0,0
106,random,pd_theta_8,9,60,45.74125426853218,1.0,39.5,0.0,0
106,random,pd_theta_8,10,60,45.64225443203156,1.0,41.5,0.0,0
106,random,pd_theta_8,11,60,44.591698231443296,1.0,42.5,0.0,0
106,random,pd_theta_16,0,60,42.13947233569891,1.0,2.0,0.0,4
106,random,pd_theta_16,1,60,42.847498520088806,0.9666666666666667,7.0,0.0,2
106,random,pd_theta_16,2,60,40.590525360602236,1.0,11.0,0.0,0
106,random,pd_theta_16,3,60,45.07055748730457,0.9833333333333333,17.5,0.0,0
106,random,pd_theta_16,4,60,46.58862658807381,1.0,22.0,0.0,0
106,random,pd_theta_16,5,60,40.98968219962061,1.0,25.5,0.0,0
106,random,pd_theta_16,6,60,44.53900885160937,1.0,31.5,0.0,0
106,random,pd_theta_16,7,60,41.18975242012709,1.0,33.0,0.0,0
106,random,pd_theta_16,8,60,39.989604370969694,1.0,36.5,0.0,0
106,random,pd_theta_16,9,60,45.7920525568699,1.0,41.5,0.0,0
106,random,pd_theta_16,10,60,45.641602129761665,1.0,44.5,0.0,0
106,random,pd_theta_16,11,60,44.69119463109239,1.0,48.5,0.0,0
106,random,pd_history,0,60,42.13947233569891,1.0,2.0,0.0,4
106,random,pd_history,1,60,42.847498520088806,0.9666666666666667,7.0,0.0,2
106,random,pd_history,2,60,40.590525360602236,1.0,11.0,0.0,0
106,random,pd_history,3,60,44.970313039843006,0.9833333333333333,14.0,0.0,0
106,random,pd_history,4,60,46.29158960146494,1.0,13.0,0.0,0
106,random,pd_history,5,60,40.69152464795884,1.0,14.5,0.0,0
106,random,pd_history,6,60,44.191438236757534,1.0,14.0,0.0,0
106,random,pd_history,7,60,41.09084807319526,1.0,14.0,0.0,0
106,random,pd_history,8,60,39.88829677994387,1.0,12.5,0.0,0
106,random,pd_history,9,60,44.92169984906315,0.9833333333333333,13.0,0.0,0
106,random,pd_history,10,60,45.44152987899038,1.0,16.5,0.0,0
106,random,pd_history,11,60,44.39141431032934,1.0,18.5,0.0,0
106,random,no_control_interpretation,0,60,42.13947233569891,1.0,2.0,0.0,4
106,random,no_control_interpretation,1,60,43.88673532815788,1.0,7.0,0.0,2
106,random,no_control_interpretation,2,60,40.590525360602236,1.0,11.0,0.0,0
106,random,no_control_interpretation,3,60,45.49001787512536,1.0,14.0,0.0,0
106,random,no_control_interpretation,4,60,46.290582460962796,1.0,14.0,0.0,0
106,random,no_control_interpretation,5,60,40.68961222773722,1.0,14.5,0.0,0
106,random,no_control_interpretation,6,60,44.1910061727961,1.0,14.0,0.0,1
106,random,no_control_interpretation,7,60,41.09021621883934,1.0,13.0,0.0,0
106,random,no_control_interpretation,8,60,39.890315722995936,1.0,12.5,0.0,0
106,random,no_control_interpretation,9,60,45.441478914896294,1.0,12.5,0.0,0
106,random,no_control_interpretation,10,60,45.44025085592641,1.0,17.0,0.0,0
106,random,no_control_interpretation,11,60,44.39137570715643,1.0,17.5,0.0,0
106,random,no_pre_new_only,0,60,9.635779787843056,0.36666666666666664,0,0.0,0
106,random,no_pre_new_only,1,60,10.073629810857224,0.4,0,0.0,0
106,random,no_pre_new_only,2,60,9.923961603031639,0.4,0,0.0,0
106,random,no_pre_new_only,3,60,9.334712623793902,0.36666666666666664,0,0.0,0
106,random,no_pre_new_only,4,60,8.815575844109398,0.35,0,0.0,0
106,random,no_pre_new_only,5,60,10.075623033558239,0.4,0,0.0,0
106,random,no_pre_new_only,6,60,9.415592811528127,0.35,0,0.0,0
106,random,no_pre_new_only,7,60,9.704038878636402,0.38333333333333336,0,0.0,0
106,random,no_pre_new_only,8,60,10.073822140235592,0.4,0,0.0,0
106,random,no_pre_new_only,9,60,9.854210298151383,0.38333333333333336,0,0.0,0
106,random,no_pre_new_only,10,60,9.704319309891327,0.38333333333333336,0,0.0,0
106,random,no_pre_new_only,11,60,10.293442743371362,0.4166666666666667,0,0.0,0
106,random,greedy_hard_cap,0,60,38.93600486012749,0.95,11.5,0.0,0
106,random,greedy_hard_cap,1,60,42.00840876276635,0.9666666666666667,15.0,0.0,0
106,random,greedy_hard_cap,2,60,41.69830892184855,1.0,19.0,0.0,0
106,random,greedy_hard_cap,3,60,46.64906775779997,1.0,20.5,0.0,0
106,random,greedy_hard_cap,4,60,47.24976226994609,1.0,18.5,0.0,0
106,random,greedy_hard_cap,5,60,42.14891109327331,1.0,21.5,0.0,0
106,random,greedy_hard_cap,6,60,45.29918047622816,1.0,19.0,0.0,0
106,random,greedy_hard_cap,7,60,42.44887861321494,1.0,22.0,0.0,0
106,random,greedy_hard_cap,8,60,41.248812926905345,1.0,20.5,0.0,0
106,random,greedy_hard_cap,9,60,46.49875291309848,1.0,17.5,0.0,0
106,random,greedy_hard_cap,10,60,46.49899542813195,1.0,19.0,0.0,0
106,random,greedy_hard_cap,11,60,41.188442602667,0.95,22.5,0.0,0
106,switch,pd_theta_2,0,60,44.0849217629444,0.95,2.0,0.0,5
106,switch,pd_theta_2,1,60,45.03426483465846,0.8666666666666667,12.5,0.0,7
106,switch,pd_theta_2,2,60,43.99289421151418,0.9166666666666666,14.5,0.0,5
106,switch,pd_theta_2,3,60,44.35305642772558,0.8833333333333333,14.5,0.0,6
106,switch,pd_theta_2,4,60,45.033934211684866,0.8666666666666667,13.5,0.0,7
106,switch,pd_theta_2,5,60,44.11411632120551,0.9333333333333333,9.5,0.0,5
106,switch,pd_theta_2,6,60,33.40279961327728,0.9666666666666667,9.0,0.0,3
106,switch,pd_theta_2,7,60,34.192501715741365,1.0,7.0,0.0,0
106,switch,pd_theta_2,8,60,34.790009980719745,1.0,6.5,0.0,0
106,switch,pd_theta_2,9,60,33.642678256298254,1.0,6.5,0.0,0
106,switch,pd_theta_2,10,60,34.240449045416554,1.0,9.5,0.0,0
106,switch,pd_theta_2,11,60,34.09118913657456,1.0,15.5,0.0,0
106,switch,pd_theta_4,0,60,44.0849217629444,0.95,2.0,0.0,5
106,switch,pd_theta_4,1,60,45.03426483465846,0.8666666666666667,12.5,0.0,7
106,switch,pd_theta_4,2,60,43.99289421151418,0.9166666666666666,14.5,0.0,5
106,switch,pd_theta_4,3,60,44.35260295126881,0.8833333333333333,18.0,0.0,6
106,switch,pd_theta_4,4,60,45.13295062223224,0.8666666666666667,21.0,0.0,7
106,switch,pd_theta_4,5,60,44.41477415079592,0.9333333333333333,18.0,0.0,5
106,switch,pd_theta_4,6,60,33.60187161548955,0.9666666666666667,14.5,0.0,3
106,switch,pd_theta_4,7,60,34.191124834952504,1.0,9.5,0.0,0
106,switch,pd_theta_4,8,60,34.64041246924115,1.0,9.5,0.0,0
106,switch,pd_theta_4,9,60,33.64134101779592,1.0,11.0,0.0,0
106,switch,pd_theta_4,10,60,34.240795318126374,1.0,14.0,0.0,0
106,switch,pd_theta_4,11,60,34.091217934453915,1.0,21.0,0.0,0
106,switch,pd_theta_8,0,60,44.0849217629444,0.95,2.0,0.0,5
106,switch,pd_theta_8,1,60,45.03426483465846,0.8666666666666667,12.5,0.0,7
106,switch,pd_theta_8,2,60,43.99289421151418,0.9166666666666666,14.5,0.0,5
106,switch,pd_theta_8,3,60,44.35260295126881,0.8833333333333333,18.0,0.0,6
106,switch,pd_theta_8,4,60,45.13295062223224,0.8666666666666667,21.0,0.0,7
106,switch,pd_theta_8,5,60,44.41399343435138,0.9333333333333333,21.0,0.0,5
106,switch,pd_theta_8,6,60,33.083219393662276,0.95,20.5,0.0,3
106,switch,pd_theta_8,7,60,34.59159230475244,1.0,21.0,0.0,1
106,switch,pd_theta_8,8,60,35.19203087780072,1.0,21.0,0.0,0
106,switch,pd_theta_8,9,60,34.14208885135293,1.0,22.0,0.0,0
106,switch,pd_theta_8,10,60,34.74061270432829,1.0,21.5,0.0,0
106,switch,pd_theta_8,11,60,34.19055792964509,1.0,24.0,0.0,0
106,switch,pd_theta_16,0,60,44.0849217629444,0.95,2.0,0.0,5
106,switch,pd_theta_16,1,60,45.03426483465846,0.8666666666666667,12.5,0.0,7
106,switch,pd_theta_16,2,60,43.99289421151418,0.9166666666666666,14.5,0.0,5
106,switch,pd_theta_16,3,60,44.35260295126881,0.8833333333333333,18.0,0.0,6
106,switch,pd_theta_16,4,60,45.13295062223224,0.8666666666666667,21.0,0.0,7
106,switch,pd_theta_16,5,60,44.41399343435138,0.9333333333333333,21.0,0.0,5
106,switch,pd_theta_16,6,60,33.083219393662276,0.95,20.5,0.0,3
106,switch,pd_theta_16,7,60,34.59159230475244,1.0,21.0,0.0,1
106,switch,pd_theta_16,8,60,35.19203087780072,1.0,21.0,0.0,0
106,switch,pd_theta_16,9,60,34.14208885135293,1.0,25.0,0.0,0
106,switch,pd_theta_16,10,60,34.94013603968359,1.0,28.5,0.0,0
106,switch,pd_theta_16,11,60,34.29123271877001,1.0,32.0,0.0,0
106,switch,pd_history,0,60,44.0849217629444,0.95,2.0,0.0,5
106,switch,pd_history,1,60,45.03426483465846,0.8666666666666667,12.5,0.0,7
106,switch,pd_history,2,60,43.99289421151418,0.9166666666666666,14.5,0.0,5
106,switch,pd_history,3,60,44.35305642772558,0.8833333333333333,14.5,0.0,6
106,switch,pd_history,4,60,45.033934211684866,0.8666666666666667,13.5,0.0,7
106,switch,pd_history,5,60,44.11411632120551,0.9333333333333333,9.5,0.0,5
106,switch,pd_history,6,60,33.40279961327728,0.9666666666666667,9.0,0.0,3
106,switch,pd_history,7,60,34.192501715741365,1.0,7.0,0.0,0
106,switch,pd_history,8,60,34.790009980719745,1.0,6.5,0.0,0
106,switch,pd_history,9,60,33.642678256298254,1.0,6.5,0.0,0
106,switch,pd_history,10,60,34.240449045416554,1.0,9.5,0.0,0
106,switch,pd_history,11,60,34.09118913657456,1.0,15.5,0.0,0
106,switch,no_control_interpretation,0,60,48.3445305698799,1.0,2.0,0.0,8
106,switch,no_control_interpretation,1,60,56.39258550046171,1.0,12.5,0.0,15
106,switch,no_control_interpretation,2,60,51.09216235284479,1.0,14.5,0.0,10
106,switch,no_control_interpretation,3,60,54.29239134279506,1.0,14.5,0.0,13
106,switch,no_control_interpretation,4,60,56.3906193838322,1.0,13.5,0.0,15
106,switch,no_control_interpretation,5,60,49.79336789385601,1.0,9.5,0.0,9
106,switch,no_control_interpretation,6,60,34.44251300580557,1.0,9.0,0.0,5
106,switch,no_control_interpretation,7,60,34.192501715741365,1.0,7.0,0.0,0
106,switch,no_control_interpretation,8,60,34.790009980719745,1.0,6.5,0.0,0
106,switch,no_control_interpretation,9,60,33.642678256298254,1.0,6.5,0.0,0
106,switch,no_control_interpretation,10,60,34.240449045416554,1.0,9.5,0.0,0
106,switch,no_control_interpretation,11,60,34.09118913657456,1.0,15.5,0.0,0
106,switch,no_pre_new_only,0,60,11.832559132769735,0.5333333333333333,0,0.0,0
106,switch,no_pre_new_only,1,60,9.98374857952069,0.45,0,0.0,0
106,switch,no_pre_new_only,2,60,11.833783198466778,0.5333333333333333,0,0.0,0
106,switch,no_pre_new_only,3,60,10.723907132121216,0.48333333333333334,0,0.0,0
106,switch,no_pre_new_only,4,60,9.98410514480097,0.45,0,0.0,0
106,switch,no_pre_new_only,5,60,11.83201433450839,0.5333333333333333,0,0.0,0
106,switch,no_pre_new_only,6,60,6.236533930473903,0.2,0,0.0,0
106,switch,no_pre_new_only,7,60,6.977668638275646,0.23333333333333334,0,0.0,0
106,switch,no_pre_new_only,8,60,6.236221903705852,0.2,0,0.0,0
106,switch,no_pre_new_only,9,60,6.977752315046245,0.23333333333333334,0,0.0,0
106,switch,no_pre_new_only,10,60,6.238026920059578,0.2,0,0.0,0
106,switch,no_pre_new_only,11,60,6.977900654416706,0.23333333333333334,0,0.0,0
106,switch,greedy_hard_cap,0,60,38.13818186915508,0.8666666666666667,13.5,0.0,0
106,switch,greedy_hard_cap,1,60,35.54792260887625,0.75,15.0,0.0,0
106,switch,greedy_hard_cap,2,60,37.39846821924516,0.8333333333333334,17.0,0.0,0
106,switch,greedy_hard_cap,3,60,36.28763625615536,0.7833333333333333,16.5,0.0,0
106,switch,greedy_hard_cap,4,60,35.54888188239671,0.75,16.5,0.0,0
106,switch,greedy_hard_cap,5,60,37.76821833472807,0.85,15.0,0.0,0
106,switch,greedy_hard_cap,6,60,35.39926686121319,1.0,16.0,0.0,0
106,switch,greedy_hard_cap,7,60,35.54906958860286,1.0,21.5,0.0,0
106,switch,greedy_hard_cap,8,60,36.14786419720616,1.0,21.0,0.0,0
106,switch,greedy_hard_cap,9,60,34.798975850788956,1.0,18.5,0.0,0
106,switch,greedy_hard_cap,10,60,35.64817524423518,1.0,19.0,0.0,0
106,switch,greedy_hard_cap,11,60,35.24798451511493,1.0,23.0,0.0,0
107,high_tight,pd_theta_2,0,60,41.75432793877983,0.8833333333333333,4.0,0.0,4
107,high_tight,pd_theta_2,1,60,44.62238407511444,0.9,11.5,0.0,6
107,high_tight,pd_theta_2,2,60,40.14382290983484,0.8333333333333334,16.0,0.0,4
107,high_tight,pd_theta_2,3,60,42.620910291423975,0.9,15.0,0.0,4
107,high_tight,pd_theta_2,4,60,43.34303220908199,0.8333333333333334,15.0,0.0,6
107,high_tight,pd_theta_2,5,60,42.01144428804751,0.9333333333333333,10.5,0.0,3
107,high_tight,pd_theta_2,6,60,42.663260748115206,0.85,16.0,0.0,5
107,high_tight,pd_theta_2,7,60,42.991418617391034,0.9166666666666666,15.0,0.0,4
107,high_tight,pd_theta_2,8,60,43.61397182560714,0.85,14.0,0.0,6
107,high_tight,pd_theta_2,9,60,40.053189208827405,0.8833333333333333,13.0,0.0,3
107,high_tight,pd_theta_2,10,60,41.93404811096725,0.8666666666666667,15.5,0.0,4
107,high_tight,pd_theta_2,11,60,43.35373411683072,0.8833333333333333,16.0,0.0,5
107,high_tight,pd_theta_4,0,60,41.75432793877983,0.8833333333333333,4.0,0.0,4
107,high_tight,pd_theta_4,1,60,44.62238407511444,0.9,11.5,0.0,6
107,high_tight,pd_theta_4,2,60,40.14382290983484,0.8333333333333334,16.0,0.0,4
107,high_tight,pd_theta_4,3,60,42.670176471865965,0.9,18.5,0.0,4
107,high_tight,pd_theta_4,4,60,43.44194700871909,0.8333333333333334,22.5,0.0,6
107,high_tight,pd_theta_4,5,60,42.31143850547214,0.9333333333333333,18.0,0.0,3
107,high_tight,pd_theta_4,6,60,42.61329275243451,0.85,20.0,0.0,5
107,high_tight,pd_theta_4,7,60,42.89342441560331,0.9166666666666666,17.0,0.0,4
107,high_tight,pd_theta_4,8,60,43.71499803057028,0.85,19.5,0.0,6
107,high_tight,pd_theta_4,9,60,40.05286493726214,0.8833333333333333,17.0,0.0,3
107,high_tight,pd_theta_4,10,60,41.98308692325829,0.8666666666666667,18.0,0.0,4
107,high_tight,pd_theta_4,11,60,43.15122138047931,0.8833333333333333,17.5,0.0,5
107,high_tight,pd_theta_8,0,60,41.75432793877983,0.8833333333333333,4.0,0.0,4
107,high_tight,pd_theta_8,1,60,44.62238407511444,0.9,11.5,0.0,6
107,high_tight,pd_theta_8,2,60,40.14382290983484,0.8333333333333334,16.0,0.0,4
107,high_tight,pd_theta_8,3,60,42.670176471865965,0.9,18.5,0.0,4
107,high_tight,pd_theta_8,4,60,43.44194700871909,0.8333333333333334,22.5,0.0,6
107,high_tight,pd_theta_8,5,60,42.31143616147897,0.9333333333333333,21.0,0.0,3
107,high_tight,pd_theta_8,6,60,42.762759383589476,0.85,26.0,0.0,5
107,high_tight,pd_theta_8,7,60,43.09209195453065,0.9166666666666666,26.5,0.0,4
107,high_tight,pd_theta_8,8,60,43.81482784157557,0.85,30.0,0.0,6
107,high_tight,pd_theta_8,9,60,40.1531510347032,0.8833333333333333,26.5,0.0,3
107,high_tight,pd_theta_8,10,60,42.033409305810665,0.8666666666666667,27.0,0.0,4
107,high_tight,pd_theta_8,11,60,43.453536432617156,0.8833333333333333,27.0,0.0,5
107,high_tight,pd_theta_16,0,60,41.75432793877983,0.8833333333333333,4.0,0.0,4
107,high_tight,pd_theta_16,1,60,44.62238407511444,0.9,11.5,0.0,6
107,high_tight,pd_theta_16,2,60,40.14382290983484,0.8333333333333334,16.0,0.0,4
107,high_tight,pd_theta_16,3,60,42.670176471865965,0.9,18.5,0.0,4
107,high_tight,pd_theta_16,4,60,43.44194700871909,0.8333333333333334,22.5,0.0,6
107,high_tight,pd_theta_16,5,60,42.31143616147897,0.9333333333333333,21.0,0.0,3
107,high_tight,pd_theta_16,6,60,42.762759383589476,0.85,26.0,0.0,5
107,high_tight,pd_theta_16,7,60,43.09209195453065,0.9166666666666666,26.5,0.0,4
107,high_tight,pd_theta_16,8,60,43.81482784157557,0.85,30.0,0.0,6
107,high_tight,pd_theta_16,9,60,40.15196968716771,0.8833333333333333,28.5,0.0,3
107,high_tight,pd_theta_16,10,60,42.08237183030671,0.8666666666666667,31.5,0.0,4
107,high_tight,pd_theta_16,11,60,43.50334478869824,0.8833333333333333,33.5,0.0,5
107,high_tight,pd_history,0,60,41.75432793877983,0.8833333333333333,4.0,0.0,4
107,high_tight,pd_history,1,60,44.62238407511444,0.9,11.5,0.0,6
107,high_tight,pd_history,2,60,40.14382290983484,0.8333333333333334,16.0,0.0,4
107,high_tight,pd_history,3,60,42.620910291423975,0.9,15.0,0.0,4
107,high_tight,pd_history,4,60,43.34303220908199,0.8333333333333334,15.0,0.0,6
107,high_tight,pd_history,5,60,42.01144428804751,0.9333333333333333,10.5,0.0,3
107,high_tight,pd_history,6,60,42.663260748115206,0.85,16.0,0.0,5
107,high_tight,pd_history,7,60,42.991418617391034,0.9166666666666666,15.0,0.0,4
107,high_tight,pd_history,8,60,43.61397182560714,0.85,14.0,0.0,6
107,high_tight,pd_history,9,60,40.053189208827405,0.8833333333333333,13.0,0.0,3
107,high_tight,pd_history,10,60,41.93404811096725,0.8666666666666667,15.5,0.0,4
107,high_tight,pd_history,11,60,43.35373411683072,0.8833333333333333,16.0,0.0,5
107,high_tight,no_control_interpretation,0,60,51.6932862164757,1.0,4.0,0.0,11
107,high_tight,no_control_interpretation,1,60,53.142135997567934,1.0,11.5,0.0,12
107,high_tight,no_control_interpretation,2,60,54.34220639065387,1.0,16.0,0.0,14
107,high_tight,no_control_interpretation,3,60,51.13954982038746,1.0,15.0,0.0,10
107,high_tight,no_control_interpretation,4,60,57.54077438155297,1.0,15.0,0.0,16
107,high_tight,no_control_interpretation,5,60,47.69044770784006,1.0,10.5,0.0,7
107,high_tight,no_control_interpretation,6,60,55.440700217635765,1.0,16.0,0.0,14
107,high_tight,no_control_interpretation,7,60,50.090265715077706,1.0,15.0,0.0,9
107,high_tight,no_control_interpretation,8,60,56.390524841759756,1.0,14.0,0.0,15
107,high_tight,no_control_interpretation,9,60,49.99183668202771,1.0,13.0,0.0,10
107,high_tight,no_control_interpretation,10,60,53.292905791859454,1.0,15.5,0.0,12
107,high_tight,no_control_interpretation,11,60,53.291215653251065,1.0,16.0,0.0,12
107,high_tight,no_pre_new_only,0,60,11.463211575623198,0.5166666666666667,0,0.0,0
107,high_tight,no_pre_new_only,1,60,11.09473641533231,0.5,0,0.0,0
107,high_tight,no_pre_new_only,2,60,10.72288393552591,0.48333333333333334,0,0.0,0
107,high_tight,no_pre_new_only,3,60,11.831633910151155,0.5333333333333333,0,0.0,0
107,high_tight,no_pre_new_only,4,60,9.614729168958675,0.43333333333333335,0,0.0,0
107,high_tight,no_pre_new_only,5,60,11.831304952448042,0.5333333333333333,0,0.0,0
107,high_tight,no_pre_new_only,6,60,10.352107941657684,0.4666666666666667,0,0.0,0
107,high_tight,no_pre_new_only,7,60,11.831446389534278,0.5333333333333333,0,0.0,0
107,high_tight,no_pre_new_only,8,60,9.985471616990617,0.45,0,0.0,0
107,high_tight,no_pre_new_only,9,60,11.832299937769402,0.5333333333333333,0,0.0,0
107,high_tight,no_pre_new_only,10,60,11.092275743737138,0.5,0,0.0,0
107,high_tight,no_pre_new_only,11,60,11.091355716051769,0.5,0,0.0,0
107,high_tight,greedy_hard_cap,0,60,37.028862233380515,0.8166666666666667,13.5,0.0,0
107,high_tight,greedy_hard_cap,1,60,36.65740240545074,0.8,16.0,0.0,0
107,high_tight,greedy_hard_cap,2,60,34.86928434207953,0.7666666666666667,16.0,0.0,0
107,high_tight,greedy_hard_cap,3,60,37.39790274473239,0.8333333333333334,16.0,0.0,0
107,high_tight,greedy_hard_cap,4,60,35.17893883693789,0.7333333333333333,18.0,0.0,0
107,high_tight,greedy_hard_cap,5,60,38.507704070732906,0.8833333333333333,16.0,0.0,0
107,high_tight,greedy_hard_cap,6,60,35.91807041577836,0.7666666666666667,17.5,0.0,0
107,high_tight,greedy_hard_cap,7,60,37.7679684768059,0.85,16.5,0.0,0
107,high_tight,greedy_hard_cap,8,60,35.548731888485555,0.75,16.5,0.0,0
107,high_tight,greedy_hard_cap,9,60,36.3487694957826,0.8333333333333334,15.0,0.0,0
107,high_tight,greedy_hard_cap,10,60,36.65768610573049,0.8,17.0,0.0,0
107,high_tight,greedy_hard_cap,11,60,36.65780741308271,0.8,17.0,0.0,0
107,high_loose,pd_theta_2,0,60,34.49356808904257,1.0,0,0.0,2
107,high_loose,pd_theta_2,1,60,33.7930577994876,1.0,4.0,0.0,0
107,high_loose,pd_theta_2,2,60,34.140941354144026,1.0,8.0,0.0,0
107,high_loose,pd_theta_2,3,60,33.89060654260333,1.0,13.0,0.0,0
107,high_loose,pd_theta_2,4,60,33.940640995101695,1.0,13.5,0.0,0
107,high_loose,pd_theta_2,5,60,34.04090446794153,1.0,9.5,0.0,0
107,high_loose,pd_theta_2,6,60,34.14206862662236,1.0,9.0,0.0,0
107,high_loose,pd_theta_2,7,60,34.092804113755584,1.0,12.0,0.0,0
107,high_loose,pd_theta_2,8,60,33.843463138715826,1.0,10.5,0.0,0
107,high_loose,pd_theta_2,9,60,34.441681032105365,1.0,15.5,0.0,0
107,high_loose,pd_theta_2,10,60,34.34203343933909,1.0,13.0,0.0,0
107,high_loose,pd_theta_2,11,60,34.340324476420946,1.0,12.0,0.0,0
107,high_loose,pd_theta_4,0,60,34.49356808904257,1.0,0,0.0,2
107,high_loose,pd_theta_4,1,60,33.7930577994876,1.0,4.0,0.0,0
107,high_loose,pd_theta_4,2,60,34.140941354144026,1.0,8.0,0.0,0
107,high_loose,pd_theta_4,3,60,33.89060654260333,1.0,13.0,0.0,0
107,high_loose,pd_theta_4,4,60,33.93982465985009,1.0,15.5,0.0,0
107,high_loose,pd_theta_4,5,60,33.889359589966794,1.0,17.5,0.0,0
107,high_loose,pd_theta_4,6,60,34.14116563309875,1.0,19.0,0.0,0
107,high_loose,pd_theta_4,7,60,34.192362885299,1.0,23.5,0.0,0
107,high_loose,pd_theta_4,8,60,33.94236939877139,1.0,20.0,0.0,0
107,high_loose,pd_theta_4,9,60,34.593095669126775,1.0,19.0,0.0,0
107,high_loose,pd_theta_4,10,60,34.18997121999862,1.0,19.0,0.0,0
107,high_loose,pd_theta_4,11,60,34.04046977567828,1.0,16.5,0.0,0
107,high_loose,pd_theta_8,0,60,34.49356808904257,1.0,0,0.0,2
107,high_loose,pd_theta_8,1,60,33.7930577994876,1.0,4.0,0.0,0
107,high_loose,pd_theta_8,2,60,34.140941354144026,1.0,8.0,0.0,0
107,high_loose,pd_theta_8,3,60,33.89060654260333,1.0,13.0,0.0,0
107,high_loose,pd_theta_8,4,60,33.93982465985009,1.0,15.5,0.0,0
107,high_loose,pd_theta_8,5,60,33.889359589966794,1.0,17.5,0.0,0
107,high_loose,pd_theta_8,6,60,34.142459373736614,1.0,21.0,0.0,0
107,high_loose,pd_theta_8,7,60,33.991459862164675,1.0,28.5,0.0,0
107,high_loose,pd_theta_8,8,60,34.043132754330664,1.0,30.0,0.0,0
107,high_loose,pd_theta_8,9,60,34.64365604249528,1.0,32.5,0.0,0
107,high_loose,pd_theta_8,10,60,34.33977333510979,1.0,35.0,0.0,0
107,high_loose,pd_theta_8,11,60,33.89013352651605,1.0,33.0,0.0,0
107,high_loose,pd_theta_16,0,60,34.49356808904257,1.0,0,0.0,2
107,high_loose,pd_theta_16,1,60,33.7930577994876,1.0,4.0,0.0,0
107,high_loose,pd_theta_16,2,60,34.140941354144026,1.0,8.0,0.0,0
107,high_loose,pd_theta_16,3,60,33.89060654260333,1.0,13.0,0.0,0
107,high_loose,pd_theta_16,4,60,33.93982465985009,1.0,15.5,0.0,0
107,high_loose,pd_theta_16,5,60,33.889359589966794,1.0,17.5,0.0,0
107,high_loose,pd_theta_16,6,60,34.142459373736614,1.0,21.0,0.0,0
107,high_loose,pd_theta_16,7,60,33.991459862164675,1.0,28.5,0.0,0
107,high_loose,pd_theta_16,8,60,34.043132754330664,1.0,30.0,0.0,0
107,high_loose,pd_theta_16,9,60,34.64365604249528,1.0,32.5,0.0,0
107,high_loose,pd_theta_16,10,60,34.339938959169714,1.0,37.0,0.0,0
107,high_loose,pd_theta_16,11,60,33.88970391440498,1.0,38.0,0.0,0
107,high_loose,pd_history,0,60,34.49356808904257,1.0,0,0.0,2
107,high_loose,pd_history,1,60,33.7930577994876,1.0,4.0,0.0,0
107,high_loose,pd_history,2,60,34.140941354144026,1.0,8.0,0.0,0
107,high_loose,pd_history,3,60,33.89060654260333,1.0,13.0,0.0,0
107,high_loose,pd_history,4,60,33.940640995101695,1.0,13.5,0.0,0
107,high_loose,pd_history,5,60,34.04090446794153,1.0,9.5,0.0,0
107,high_loose,pd_history,6,60,34.14206862662236,1.0,9.0,0.0,0
107,high_loose,pd_history,7,60,34.092804113755584,1.0,12.0,0.0,0
107,high_loose,pd_history,8,60,33.843463138715826,1.0,10.5,0.0,0
107,high_loose,pd_history,9,60,34.441681032105365,1.0,15.5,0.0,0
107,high_loose,pd_history,10,60,34.34203343933909,1.0,13.0,0.0,0
107,high_loose,pd_history,11,60,34.340324476420946,1.0,12.0,0.0,0
107,high_loose,no_control_interpretation,0,60,34.49356808904257,1.0,0,0.0,2
107,high_loose,no_control_interpretation,1,60,33.7930577994876,1.0,4.0,0.0,0
107,high_loose,no_control_interpretation,2,60,34.140941354144026,1.0,8.0,0.0,0
107,high_loose,no_control_interpretation,3,60,33.89060654260333,1.0,13.0,0.0,0
107,high_loose,no_control_interpretation,4,60,33.940640995101695,1.0,13.5,0.0,0
107,high_loose,no_control_interpretation,5,60,34.04090446794153,1.0,9.5,0.0,0
107,high_loose,no_control_interpretation,6,60,34.14206862662236,1.0,9.0,0.0,0
107,high_loose,no_control_interpretation,7,60,34.092804113755584,1.0,12.0,0.0,0
107,high_loose,no_control_interpretation,8,60,33.843463138715826,1.0,10.5,0.0,0
107,high_loose,no_control_interpretation,9,60,34.441681032105365,1.0,15.5,0.0,0
107,high_loose,no_control_interpretation,10,60,34.34203343933909,1.0,13.0,0.0,0
107,high_loose,no_control_interpretation,11,60,34.340324476420946,1.0,12.0,0.0,0
107,high_loose,no_pre_new_only,0,60,6.2367244827089525,0.2,0,0.0,0
107,high_loose,no_pre_new_only,1,60,6.977156527090569,0.23333333333333334,0,0.0,0
107,high_loose,no_pre_new_only,2,60,6.237789063560715,0.2,0,0.0,0
107,high_loose,no_pre_new_only,3,60,6.976009594649435,0.23333333333333334,0,0.0,0
107,high_loose,no_pre_new_only,4,60,6.237898742016989,0.2,0,0.0,0
107,high_loose,no_pre_new_only,5,60,6.977548914236814,0.23333333333333334,0,0.0,0
107,high_loose,no_pre_new_only,6,60,6.237721293432772,0.2,0,0.0,0
107,high_loose,no_pre_new_only,7,60,6.9753887990273,0.23333333333333334,0,0.0,0
107,high_loose,no_pre_new_only,8,60,6.237178243937216,0.2,0,0.0,0
107,high_loose,no_pre_new_only,9,60,6.236886947205075,0.2,0,0.0,0
107,high_loose,no_pre_new_only,10,60,6.236616386347955,0.2,0,0.0,0
107,high_loose,no_pre_new_only,11,60,6.237815620842965,0.2,0,0.0,0
107,high_loose,greedy_hard_cap,0,60,35.1986433526341,1.0,9.5,0.0,0
107,high_loose,greedy_hard_cap,1,60,34.547706215263716,1.0,13.5,0.0,0
107,high_loose,greedy_hard_cap,2,60,35.19693924758696,1.0,18.0,0.0,0
107,high_loose,greedy_hard_cap,3,60,34.99731256242205,1.0,19.5,0.0,0
107,high_loose,greedy_hard_cap,4,60,34.9474110897459,1.0,21.5,0.0,0
107,high_loose,greedy_hard_cap,5,60,35.49785982028038,1.0,23.0,0.0,0
107,high_loose,greedy_hard_cap,6,60,35.39629128148049,1.0,18.5,0.0,0
107,high_loose,greedy_hard_cap,7,60,35.29622925102091,1.0,21.0,0.0,0
107,high_loose,greedy_hard_cap,8,60,35.148234757473304,1.0,21.0,0.0,0
107,high_loose,greedy_hard_cap,9,60,35.997176291849854,1.0,21.0,0.0,0
107,high_loose,greedy_hard_cap,10,60,35.599144871136616,1.0,21.0,0.0,0
107,high_loose,greedy_hard_cap,11,60,35.395613642402964,1.0,21.5,0.0,0
107,random,pd_theta_2,0,60,39.85104463327481,0.9666666666666667,1.0,0.0,5
107,random,pd_theta_2,1,60,45.038647671469064,1.0,6.5,0.0,3
107,random,pd_theta_2,2,60,43.690225859276595,1.0,12.0,0.0,0
107,random,pd_theta_2,3,60,42.33947167279813,1.0,16.5,0.0,0
107,random,pd_theta_2,4,60,46.04038196493316,1.0,14.0,0.0,0
107,random,pd_theta_2,5,60,41.639969342032956,1.0,12.0,0.0,0
107,random,pd_theta_2,6,60,45.47171723281654,0.9833333333333333,14.0,0.0,0
107,random,pd_theta_2,7,60,41.88997354201116,1.0,15.5,0.0,0
107,random,pd_theta_2,8,60,41.57309317957225,0.9833333333333333,17.0,0.0,0
107,random,pd_theta_2,9,60,42.48958217267312,1.0,16.0,0.0,0
107,random,pd_theta_2,10,60,44.14030428843713,1.0,14.0,0.0,0
107,random,pd_theta_2,11,60,43.44036492655034,1.0,14.5,0.0,1
107,random,pd_theta_4,0,60,39.85104463327481,0.9666666666666667,1.0,0.0,5
107,random,pd_theta_4,1,60,45.038647671469064,1.0,6.5,0.0,3
107,random,pd_theta_4,2,60,43.690225859276595,1.0,12.0,0.0,0
107,random,pd_theta_4,3,60,42.38924283531391,1.0,18.0,0.0,0
107,random,pd_theta_4,4,60,46.138702048432336,1.0,21.0,0.0,0
107,random,pd_theta_4,5,60,41.68923264298379,1.0,21.0,0.0,0
107,random,pd_theta_4,6,60,46.140563402825315,1.0,23.0,0.0,0
107,random,pd_theta_4,7,60,42.090923660534465,1.0,27.0,0.0,0
107,random,pd_theta_4,8,60,42.289948438148244,1.0,27.0,0.0,0
107,random,pd_theta_4,9,60,42.79065749461876,1.0,24.0,0.0,0
107,random,pd_theta_4,10,60,44.23883401903128,1.0,24.0,0.0,0
107,random,pd_theta_4,11,60,43.54125620916808,1.0,24.0,0.0,0
107,random,pd_theta_8,0,60,39.85104463327481,0.9666666666666667,1.0,0.0,5
107,random,pd_theta_8,1,60,45.038647671469064,1.0,6.5,0.0,3
107,random,pd_theta_8,2,60,43.690225859276595,1.0,12.0,0.0,0
107,random,pd_theta_8,3,60,42.38924283531391,1.0,18.0,0.0,0
107,random,pd_theta_8,4,60,46.138702048432336,1.0,21.0,0.0,0
107,random,pd_theta_8,5,60,41.78905817266745,1.0,23.5,0.0,0
107,random,pd_theta_8,6,60,46.33976520430655,1.0,31.0,0.0,0
107,random,pd_theta_8,7,60,42.19146478865287,1.0,35.5,0.0,0
107,random,pd_theta_8,8,60,42.591819512404086,1.0,41.5,0.0,0
107,random,pd_theta_8,9,60,42.88972397906403,1.0,40.0,0.0,0
107,random,pd_theta_8,10,60,44.28974961500595,1.0,41.0,0.0,0
107,random,pd_theta_8,11,60,43.739429913715206,1.0,40.5,0.0,0
107,random,pd_theta_16,0,60,39.85104463327481,0.9666666666666667,1.0,0.0,5
107,random,pd_theta_16,1,60,45.038647671469064,1.0,6.5,0.0,3
107,random,pd_theta_16,2,60,43.690225859276595,1.0,12.0,0.0,0
107,random,pd_theta_16,3,60,42.38924283531391,1.0,18.0,0.0,0
107,random,pd_theta_16,4,60,46.138702048432336,1.0,21.0,0.0,0
107,random,pd_theta_16,5,60,41.78905817266745,1.0,23.5,0.0,0
107,random,pd_theta_16,6,60,46.33976520430655,1.0,31.0,0.0,0
107,random,pd_theta_16,7,60,42.19146478865287,1.0,35.5,0.0,0
107,random,pd_theta_16,8,60,42.591819512404086,1.0,41.5,0.0,0
107,random,pd_theta_16,9,60,42.890118250354895,1.0,41.0,0.0,0
107,random,pd_theta_16,10,60,44.33913371741457,1.0,43.5,0.0,0
107,random,pd_theta_16,11,60,43.83932517520911,1.0,46.0,0.0,0
107,random,pd_history,0,60,39.85104463327481,0.9666666666666667,1.0,0.0,5
107,random,pd_history,1,60,45.038647671469064,1.0,6.5,0.0,3
107,random,pd_history,2,60,43.690225859276595,1.0,12.0,0.0,0
107,random,pd_history,3,60,42.33947167279813,1.0,16.5,0.0,0
107,random,pd_history,4,60,46.04038196493316,1.0,14.0,0.0,0
107,random,pd_history,5,60,41.639969342032956,1.0,12.0,0.0,0
107,random,pd_history,6,60,45.47171723281654,0.9833333333333333,14.0,0.0,0
107,random,pd_history,7,60,41.88997354201116,1.0,15.5,0.0,0
107,random,pd_history,8,60,41.57309317957225,0.9833333333333333,17.0,0.0,0
107,random,pd_history,9,60,42.48958217267312,1.0,16.0,0.0,0
107,random,pd_history,10,60,44.14030428843713,1.0,14.0,0.0,0
107,random,pd_history,11,60,43.44036492655034,1.0,14.5,0.0,1
107,random,no_control_interpretation,0,60,40.89025242108068,1.0,1.0,0.0,5
107,random,no_control_interpretation,1,60,45.038647671469064,1.0,6.5,0.0,3
107,random,no_control_interpretation,2,60,43.690225859276595,1.0,12.0,0.0,0
107,random,no_control_interpretation,3,60,42.33947167279813,1.0,16.5,0.0,0
107,random,no_control_interpretation,4,60,46.04038196493316,1.0,14.0,0.0,0
107,random,no_control_interpretation,5,60,41.639969342032956,1.0,12.0,0.0,0
107,random,no_control_interpretation,6,60,45.991466587815346,1.0,14.0,0.0,0
107,random,no_control_interpretation,7,60,41.88997354201116,1.0,15.5,0.0,0
107,random,no_control_interpretation,8,60,42.093087583559296,1.0,17.0,0.0,0
107,random,no_control_interpretation,9,60,42.48958217267312,1.0,16.0,0.0,0
107,random,no_control_interpretation,10,60,44.14030428843713,1.0,14.0,0.0,0
107,random,no_control_interpretation,11,60,43.44036492655034,1.0,14.5,0.0,1
107,random,no_pre_new_only,0,60,9.70520486459544,0.38333333333333336,0,0.0,0
107,random,no_pre_new_only,1,60,10.074091328243785,0.4,0,0.0,0
107,random,no_pre_new_only,2,60,9.336132204074673,0.36666666666666664,0,0.0,0
107,random,no_pre_new_only,3,60,9.853024750257935,0.38333333333333336,0,0.0,0
107,random,no_pre_new_only,4,60,8.744794903696283,0.3333333333333333,0,0.0,0
107,random,no_pre_new_only,5,60,10.514165753513309,0.43333333333333335,0,0.0,0
107,random,no_pre_new_only,6,60,9.704742352805118,0.38333333333333336,0,0.0,0
107,random,no_pre_new_only,7,60,10.143237936646049,0.4166666666666667,0,0.0,0
107,random,no_pre_new_only,8,60,9.485657847480509,0.36666666666666664,0,0.0,0
107,random,no_pre_new_only,9,60,9.482762113887215,0.36666666666666664,0,0.0,0
107,random,no_pre_new_only,10,60,10.072538317891013,0.4,0,0.0,0
107,random,no_pre_new_only,11,60,9.70650497831169,0.38333333333333336,0,0.0,0
107,random,greedy_hard_cap,0,60,36.16865301672863,0.9333333333333333,11.5,0.0,0
107,random,greedy_hard_cap,1,60,39.09741111116056,0.9166666666666666,16.5,0.0,0
107,random,greedy_hard_cap,2,60,44.848291106314626,1.0,17.5,0.0,0
107,random,greedy_hard_cap,3,60,40.6580372356826,0.9666666666666667,22.0,0.0,0
107,random,greedy_hard_cap,4,60,47.09827916844827,1.0,22.0,0.0,0
107,random,greedy_hard_cap,5,60,43.04825697808374,1.0,23.5,0.0,0
107,random,greedy_hard_cap,6,60,47.09828648306585,1.0,19.5,0.0,0
107,random,greedy_hard_cap,7,60,43.04864913462839,1.0,21.0,0.0,0
107,random,greedy_hard_cap,8,60,43.04869328348359,1.0,19.0,0.0,0
107,random,greedy_hard_cap,9,60,43.94856095000367,1.0,23.0,0.0,0
107,random,greedy_hard_cap,10,60,45.29747431533382,1.0,23.0,0.0,0
107,random,greedy_hard_cap,11,60,44.69820110152618,1.0,22.5,0.0,0
107,switch,pd_theta_2,0,60,41.75432793877983,0.8833333333333333,4.0,0.0,4
107,switch,pd_theta_2,1,60,44.62238407511444,0.9,11.5,0.0,6
107,switch,pd_theta_2,2,60,40.14382290983484,0.8333333333333334,16.0,0.0,4
107,switch,pd_theta_2,3,60,42.620910291423975,0.9,15.0,0.0,4
107,switch,pd_theta_2,4,60,43.34303220908199,0.8333333333333334,15.0,0.0,6
107,switch,pd_theta_2,5,60,42.01144428804751,0.9333333333333333,10.5,0.0,3
107,switch,pd_theta_2,6,60,33.50356699302858,0.9666666666666667,11.0,0.0,3
107,switch,pd_theta_2,7,60,34.09359888574768,1.0,6.5,0.0,0
107,switch,pd_theta_2,8,60,33.99381816276417,1.0,6.5,0.0,0
107,switch,pd_theta_2,9,60,34.592129292284255,1.0,11.5,0.0,0
107,switch,pd_theta_2,10,60,34.34202061090825,1.0,10.0,0.0,0
107,switch,pd_theta_2,11,60,34.340324476420946,1.0,12.0,0.0,0
107,switch,pd_theta_4,0,60,41.75432793877983,0.8833333333333333,4.0,0.0,4
107,switch,pd_theta_4,1,60,44.62238407511444,0.9,11.5,0.0,6
107,switch,pd_theta_4,2,60,40.14382290983484,0.8333333333333334,16.0,0.0,4
107,switch,pd_theta_4,3,60,42.670176471865965,0.9,18.5,0.0,4
107,switch,pd_theta_4,4,60,43.44194700871909,0.8333333333333334,22.5,0.0,6
107,switch,pd_theta_4,5,60,42.31143850547214,0.9333333333333333,18.0,0.0,3
107,switch,pd_theta_4,6,60,34.022441505637644,0.9833333333333333,15.5,0.0,4
107,switch,pd_theta_4,7,60,34.49249720940315,1.0,12.5,0.0,0
107,switch,pd_theta_4,8,60,34.39283598110704,1.0,17.0,0.0,0
107,switch,pd_theta_4,9,60,34.79123298251984,1.0,16.5,0.0,0
107,switch,pd_theta_4,10,60,34.49130983339338,1.0,15.0,0.0,0
107,switch,pd_theta_4,11,60,34.19197994764969,1.0,20.5,0.0,0
107,switch,pd_theta_8,0,60,41.75432793877983,0.8833333333333333,4.0,0.0,4
107,switch,pd_theta_8,1,60,44.62238407511444,0.9,11.5,0.0,6
107,switch,pd_theta_8,2,60,40.14382290983484,0.8333333333333334,16.0,0.0,4
107,switch,pd_theta_8,3,60,42.670176471865965,0.9,18.5,0.0,4
107,switch,pd_theta_8,4,60,43.44194700871909,0.8333333333333334,22.5,0.0,6
107,switch,pd_theta_8,5,60,42.31143616147897,0.9333333333333333,21.0,0.0,3
107,switch,pd_theta_8,6,60,33.283488923909054,0.95,23.5,0.0,4
107,switch,pd_theta_8,7,60,34.78849119149226,1.0,24.0,0.0,0
107,switch,pd_theta_8,8,60,34.79175759776636,1.0,29.0,0.0,0
107,switch,pd_theta_8,9,60,35.29159445592358,1.0,27.0,0.0,0
107,switch,pd_theta_8,10,60,34.69088820321556,1.0,24.0,0.0,0
107,switch,pd_theta_8,11,60,34.63988975588785,1.0,24.5,0.0,0
107,switch,pd_theta_16,0,60,41.75432793877983,0.8833333333333333,4.0,0.0,4
107,switch,pd_theta_16,1,60,44.62238407511444,0.9,11.5,0.0,6
107,switch,pd_theta_16,2,60,40.14382290983484,0.8333333333333334,16.0,0.0,4
107,switch,pd_theta_16,3,60,42.670176471865965,0.9,18.5,0.0,4
107,switch,pd_theta_16,4,60,43.44194700871909,0.8333333333333334,22.5,0.0,6
107,switch,pd_theta_16,5,60,42.31143616147897,0.9333333333333333,21.0,0.0,3
107,switch,pd_theta_16,6,60,33.283488923909054,0.95,23.5,0.0,4
107,switch,pd_theta_16,7,60,34.78849119149226,1.0,24.0,0.0,0
107,switch,pd_theta_16,8,60,34.79175759776636,1.0,29.0,0.0,0
107,switch,pd_theta_16,9,60,35.39103815834114,1.0,30.0,0.0,0
107,switch,pd_theta_16,10,60,34.891301719526815,1.0,31.0,0.0,0
107,switch,pd_theta_16,11,60,34.987806919643184,1.0,34.5,0.0,0
107,switch,pd_history,0,60,41.75432793877983,0.8833333333333333,4.0,0.0,4
107,switch,pd_history,1,60,44.62238407511444,0.9,11.5,0.0,6
107,switch,pd_history,2,60,40.14382290983484,0.8333333333333334,16.0,0.0,4
107,switch,pd_history,3,60,42.620910291423975,0.9,15.0,0.0,4
107,switch,pd_history,4,60,43.34303220908199,0.8333333333333334,15.0,0.0,6
107,switch,pd_history,5,60,42.01144428804751,0.9333333333333333,10.5,0.0,3
107,switch,pd_history,6,60,33.50356699302858,0.9666666666666667,11.0,0.0,3
107,switch,pd_history,7,60,34.09359888574768,1.0,6.5,0.0,0
107,switch,pd_history,8,60,33.99381816276417,1.0,6.5,0.0,0
107,switch,pd_history,9,60,34.592129292284255,1.0,11.5,0.0,0
107,switch,pd_history,10,60,34.34202061090825,1.0,10.0,0.0,0
107,switch,pd_history,11,60,34.340324476420946,1.0,12.0,0.0,0
107,switch,no_control_interpretation,0,60,51.6932862164757,1.0,4.0,0.0,11
107,switch,no_control_interpretation,1,60,53.142135997567934,1.0,11.5,0.0,12
107,switch,no_control_interpretation,2,60,54.34220639065387,1.0,16.0,0.0,14
107,switch,no_control_interpretation,3,60,51.13954982038746,1.0,15.0,0.0,10
107,switch,no_control_interpretation,4,60,57.54077438155297,1.0,15.0,0.0,16
107,switch,no_control_interpretation,5,60,47.69044770784006,1.0,10.5,0.0,7
107,switch,no_control_interpretation,6,60,34.54318811905445,1.0,11.0,0.0,5
107,switch,no_control_interpretation,7,60,34.09359888574768,1.0,6.5,0.0,0
107,switch,no_control_interpretation,8,60,33.99381816276417,1.0,6.5,0.0,0
107,switch,no_control_interpretation,9,60,34.592129292284255,1.0,11.5,0.0,0
107,switch,no_control_interpretation,10,60,34.34202061090825,1.0,10.0,0.0,0
107,switch,no_control_interpretation,11,60,34.340324476420946,1.0,12.0,0.0,0
107,switch,no_pre_new_only,0,60,11.463211575623198,0.5166666666666667,0,0.0,0
107,switch,no_pre_new_only,1,60,11.09473641533231,0.5,0,0.0,0
107,switch,no_pre_new_only,2,60,10.72288393552591,0.48333333333333334,0,0.0,0
107,switch,no_pre_new_only,3,60,11.831633910151155,0.5333333333333333,0,0.0,0
107,switch,no_pre_new_only,4,60,9.614729168958675,0.43333333333333335,0,0.0,0
107,switch,no_pre_new_only,5,60,11.831304952448042,0.5333333333333333,0,0.0,0
107,switch,no_pre_new_only,6,60,6.237721293432772,0.2,0,0.0,0
107,switch,no_pre_new_only,7,60,6.9753887990273,0.23333333333333334,0,0.0,0
107,switch,no_pre_new_only,8,60,6.237178243937216,0.2,0,0.0,0
107,switch,no_pre_new_only,9,60,6.236886947205075,0.2,0,0.0,0
107,switch,no_pre_new_only,10,60,6.236616386347955,0.2,0,0.0,0
107,switch,no_pre_new_only,11,60,6.237815620842965,0.2,0,0.0,0
107,switch,greedy_hard_cap,0,60,37.028862233380515,0.8166666666666667,13.5,0.0,0
107,switch,greedy_hard_cap,1,60,36.65740240545074,0.8,16.0,0.0,0
107,switch,greedy_hard_cap,2,60,34.86928434207953,0.7666666666666667,16.0,0.0,0
107,switch,greedy_hard_cap,3,60,37.39790274473239,0.8333333333333334,16.0,0.0,0
107,switch,greedy_hard_cap,4,60,35.17893883693789,0.7333333333333333,18.0,0.0,0
107,switch,greedy_hard_cap,5,60,38.507704070732906,0.8833333333333333,16.0,0.0,0
107,switch,greedy_hard_cap,6,60,35.39804261172096,1.0,16.5,0.0,0
107,switch,greedy_hard_cap,7,60,35.44860411231675,1.0,23.0,0.0,0
107,switch,greedy_hard_cap,8,60,35.24890471126294,1.0,22.5,0.0,0
107,switch,greedy_hard_cap,9,60,36.14802539733479,1.0,22.5,0.0,0
107,switch,greedy_hard_cap,10,60,35.6483025574751,1.0,22.5,0.0,0
107,switch,greedy_hard_cap,11,60,35.596105316000454,1.0,22.5,0.0,0
108,high_tight,pd_theta_2,0,60,44.66325174130938,0.85,9.0,0.0,7
108,high_tight,pd_theta_2,1,60,43.131696367067576,0.95,6.0,0.0,4
108,high_tight,pd_theta_2,2,60,44.769594875247506,0.9,15.5,0.0,6
108,high_tight,pd_theta_2,3,60,40.83226326939358,0.8666666666666667,14.0,0.0,3
108,high_tight,pd_theta_2,4,60,47.55306326359047,0.8833333333333333,13.5,0.0,9
108,high_tight,pd_theta_2,5,60,44.75384365914293,0.9666666666666667,10.0,0.0,5
108,high_tight,pd_theta_2,6,60,43.722892289431364,0.9,15.5,0.0,5
108,high_tight,pd_theta_2,7,60,46.193415671578975,0.9166666666666666,15.0,0.0,7
108,high_tight,pd_theta_2,8,60,42.92414914817854,0.8166666666666667,14.5,0.0,6
108,high_tight,pd_theta_2,9,60,44.80331677849394,0.9666666666666667,11.0,0.0,5
108,high_tight,pd_theta_2,10,60,41.46247816667409,0.85,14.0,0.0,4
108,high_tight,pd_theta_2,11,60,45.2645645571039,0.9333333333333333,11.5,0.0,6
108,high_tight,pd_theta_4,0,60,44.66325174130938,0.85,9.0,0.0,7
108,high_tight,pd_theta_4,1,60,43.131696367067576,0.95,6.0,0.0,4
108,high_tight,pd_theta_4,2,60,44.769594875247506,0.9,15.5,0.0,6
108,high_tight,pd_theta_4,3,60,40.83306308167403,0.8666666666666667,17.0,0.0,3
108,high_tight,pd_theta_4,4,60,47.652280877104616,0.8833333333333333,20.5,0.0,9
108,high_tight,pd_theta_4,5,60,44.90469525369731,0.9666666666666667,14.5,0.0,5
108,high_tight,pd_theta_4,6,60,43.72424256474536,0.9,17.0,0.0,5
108,high_tight,pd_theta_4,7,60,46.290686365523996,0.9166666666666666,19.5,0.0,7
108,high_tight,pd_theta_4,8,60,43.075913071318624,0.8166666666666667,21.0,0.0,6
108,high_tight,pd_theta_4,9,60,45.102624896209356,0.9666666666666667,17.5,0.0,5
108,high_tight,pd_theta_4,10,60,41.76325942218431,0.85,22.0,0.0,4
108,high_tight,pd_theta_4,11,60,45.46226504206059,0.9333333333333333,19.0,0.0,6
108,high_tight,pd_theta_8,0,60,44.66325174130938,0.85,9.0,0.0,7
108,high_tight,pd_theta_8,1,60,43.131696367067576,0.95,6.0,0.0,4
108,high_tight,pd_theta_8,2,60,44.769594875247506,0.9,15.5,0.0,6
108,high_tight,pd_theta_8,3,60,40.83306308167403,0.8666666666666667,17.0,0.0,3
108,high_tight,pd_theta_8,4,60,47.652280877104616,0.8833333333333333,20.5,0.0,9
108,high_tight,pd_theta_8,5,60,45.252877402037655,0.9666666666666667,19.5,0.0,5
108,high_tight,pd_theta_8,6,60,43.77321820490947,0.9,23.0,0.0,5
108,high_tight,pd_theta_8,7,60,46.29002114965624,0.9166666666666666,26.0,0.0,7
108,high_tight,pd_theta_8,8,60,43.17330227329756,0.8166666666666667,30.0,0.0,6
108,high_tight,pd_theta_8,9,60,45.25156696749363,0.9666666666666667,27.0,0.0,5
108,high_tight,pd_theta_8,10,60,41.81234321947672,0.85,28.0,0.0,4
108,high_tight,pd_theta_8,11,60,45.56287519053739,0.9333333333333333,26.5,0.0,6
108,high_tight,pd_theta_16,0,60,44.66325174130938,0.85,9.0,0.0,7
108,high_tight,pd_theta_16,1,60,43.131696367067576,0.95,6.0,0.0,4
108,high_tight,pd_theta_16,2,60,44.769594875247506,0.9,15.5,0.0,6
108,high_tight,pd_theta_16,3,60,40.83306308167403,0.8666666666666667,17.0,0.0,3
108,high_tight,pd_theta_16,4,60,47.652280877104616,0.8833333333333333,20.5,0.0,9
108,high_tight,pd_theta_16,5,60,45.252877402037655,0.9666666666666667,19.5,0.0,5
108,high_tight,pd_theta_16,6,60,43.77321820490947,0.9,23.0,0.0,5
108,high_tight,pd_theta_16,7,60,46.29002114965624,0.9166666666666666,26.0,0.0,7
108,high_tight,pd_theta_16,8,60,43.17330227329756,0.8166666666666667,30.0,0.0,6
108,high_tight,pd_theta_16,9,60,45.251766451692696,0.9666666666666667,28.0,0.0,5
108,high_tight,pd_theta_16,10,60,41.812793464513874,0.85,32.0,0.0,4
108,high_tight,pd_theta_16,11,60,45.663124969584324,0.9333333333333333,31.0,0.0,6
108,high_tight,pd_history,0,60,44.66325174130938,0.85,9.0,0.0,7
108,high_tight,pd_history,1,60,43.131696367067576,0.95,6.0,0.0,4
108,high_tight,pd_history,2,60,44.769594875247506,0.9,15.5,0.0,6
108,high_tight,pd_history,3,60,40.83226326939358,0.8666666666666667,14.0,0.0,3
108,high_tight,pd_history,4,60,47.55306326359047,0.8833333333333333,13.5,0.0,9
108,high_tight,pd_history,5,60,44.75384365914293,0.9666666666666667,10.0,0.0,5
108,high_tight,pd_history,6,60,43.722892289431364,0.9,15.5,0.0,5
108,high_tight,pd_history,7,60,46.193415671578975,0.9166666666666666,15.0,0.0,7
108,high_tight,pd_history,8,60,42.92414914817854,0.8166666666666667,14.5,0.0,6
108,high_tight,pd_history,9,60,44.80331677849394,0.9666666666666667,11.0,0.0,5
108,high_tight,pd_history,10,60,41.46247816667409,0.85,14.0,0.0,4
108,high_tight,pd_history,11,60,45.2645645571039,0.9333333333333333,11.5,0.0,6
108,high_tight,no_control_interpretation,0,60,57.441425492901736,1.0,9.0,0.0,16
108,high_tight,no_control_interpretation,1,60,47.39069821844396,1.0,6.0,0.0,7
108,high_tight,no_control_interpretation,2,60,53.28846796073636,1.0,15.5,0.0,12
108,high_tight,no_control_interpretation,3,60,52.19000534672863,1.0,14.0,0.0,11
108,high_tight,no_control_interpretation,4,60,57.490162402592354,1.0,13.5,0.0,16
108,high_tight,no_control_interpretation,5,60,47.59289705200874,1.0,10.0,0.0,7
108,high_tight,no_control_interpretation,6,60,52.241319329692814,1.0,15.5,0.0,11
108,high_tight,no_control_interpretation,7,60,53.29219659809115,1.0,15.0,0.0,12
108,high_tight,no_control_interpretation,8,60,58.54065549377679,1.0,14.5,0.0,17
108,high_tight,no_control_interpretation,9,60,47.64268580840145,1.0,11.0,0.0,7
108,high_tight,no_control_interpretation,10,60,54.24080085347014,1.0,14.0,0.0,13
108,high_tight,no_control_interpretation,11,60,50.944330204917854,1.0,11.5,0.0,10
108,high_tight,no_pre_new_only,0,60,9.614061908145327,0.43333333333333335,0,0.0,0
108,high_tight,no_pre_new_only,1,60,11.832599193068225,0.5333333333333333,0,0.0,0
108,high_tight,no_pre_new_only,2,60,11.0927895483693,0.5,0,0.0,0
108,high_tight,no_pre_new_only,3,60,11.462109240816003,0.5166666666666667,0,0.0,0
108,high_tight,no_pre_new_only,4,60,9.611933840941338,0.43333333333333335,0,0.0,0
108,high_tight,no_pre_new_only,5,60,11.832177485581978,0.5333333333333333,0,0.0,0
108,high_tight,no_pre_new_only,6,60,11.461634313328993,0.5166666666666667,0,0.0,0
108,high_tight,no_pre_new_only,7,60,11.093038820137016,0.5,0,0.0,0
108,high_tight,no_pre_new_only,8,60,9.242359051535988,0.4166666666666667,0,0.0,0
108,high_tight,no_pre_new_only,9,60,11.831969713886904,0.5333333333333333,0,0.0,0
108,high_tight,no_pre_new_only,10,60,10.722505566499734,0.48333333333333334,0,0.0,0
108,high_tight,no_pre_new_only,11,60,11.831949192866144,0.5333333333333333,0,0.0,0
108,high_tight,greedy_hard_cap,0,60,35.17874410166344,0.7333333333333333,13.5,0.0,0
108,high_tight,greedy_hard_cap,1,60,38.50859219900288,0.8833333333333333,15.0,0.0,0
108,high_tight,greedy_hard_cap,2,60,36.65561218145571,0.8,16.5,0.0,0
108,high_tight,greedy_hard_cap,3,60,37.02761447637483,0.8166666666666667,17.5,0.0,0
108,high_tight,greedy_hard_cap,4,60,35.177658281446796,0.7333333333333333,16.5,0.0,0
108,high_tight,greedy_hard_cap,5,60,38.50791245962417,0.8833333333333333,15.0,0.0,0
108,high_tight,greedy_hard_cap,6,60,37.0276011711189,0.8166666666666667,17.5,0.0,0
108,high_tight,greedy_hard_cap,7,60,36.65689694324454,0.8,18.5,0.0,0
108,high_tight,greedy_hard_cap,8,60,34.80796553517404,0.7166666666666667,18.0,0.0,0
108,high_tight,greedy_hard_cap,9,60,38.50856811483617,0.8833333333333333,16.0,0.0,0
108,high_tight,greedy_hard_cap,10,60,36.288028613256486,0.7833333333333333,17.5,0.0,0
108,high_tight,greedy_hard_cap,11,60,37.39915549399025,0.8333333333333334,17.5,0.0,0
108,high_loose,pd_theta_2,0,60,33.42246129602363,0.9833333333333333,2.0,0.0,6
108,high_loose,pd_theta_2,1,60,34.2429483792815,1.0,6.0,0.0,0
108,high_loose,pd_theta_2,2,60,34.49094254525554,1.0,10.0,0.0,0
108,high_loose,pd_theta_2,3,60,33.892697489548155,1.0,10.0,0.0,0
108,high_loose,pd_theta_2,4,60,33.939928973576414,1.0,8.5,0.0,0
108,high_loose,pd_theta_2,5,60,34.24252887779524,1.0,13.5,0.0,0
108,high_loose,pd_theta_2,6,60,34.29221843186735,1.0,11.0,0.0,0
108,high_loose,pd_theta_2,7,60,34.04030257894025,1.0,14.0,0.0,0
108,high_loose,pd_theta_2,8,60,33.79060654400911,1.0,12.0,0.0,0
108,high_loose,pd_theta_2,9,60,34.79076707555328,1.0,11.0,0.0,0
108,high_loose,pd_theta_2,10,60,34.340077794005104,1.0,14.5,0.0,0
108,high_loose,pd_theta_2,11,60,33.741984849584455,1.0,6.0,0.0,0
108,high_loose,pd_theta_4,0,60,33.42246129602363,0.9833333333333333,2.0,0.0,6
108,high_loose,pd_theta_4,1,60,34.2429483792815,1.0,6.0,0.0,0
108,high_loose,pd_theta_4,2,60,34.49094254525554,1.0,10.0,0.0,0
108,high_loose,pd_theta_4,3,60,33.89309055221814,1.0,11.0,0.0,0
108,high_loose,pd_theta_4,4,60,33.94104758159282,1.0,13.5,0.0,0
108,high_loose,pd_theta_4,5,60,34.092129858498886,1.0,19.5,0.0,0
108,high_loose,pd_theta_4,6,60,34.239882267998446,1.0,17.5,0.0,0
108,high_loose,pd_theta_4,7,60,33.89149096281855,1.0,22.0,0.0,0
108,high_loose,pd_theta_4,8,60,33.890251882774045,1.0,20.5,0.0,0
108,high_loose,pd_theta_4,9,60,34.84101243396789,1.0,22.0,0.0,0
108,high_loose,pd_theta_4,10,60,34.28848292580301,1.0,25.0,0.0,0
108,high_loose,pd_theta_4,11,60,33.74200709197705,1.0,16.5,0.0,0
108,high_loose,pd_theta_8,0,60,33.42246129602363,0.9833333333333333,2.0,0.0,6
108,high_loose,pd_theta_8,1,60,34.2429483792815,1.0,6.0,0.0,0
108,high_loose,pd_theta_8,2,60,34.49094254525554,1.0,10.0,0.0,0
108,high_loose,pd_theta_8,3,60,33.89309055221814,1.0,11.0,0.0,0
108,high_loose,pd_theta_8,4,60,33.94104758159282,1.0,13.5,0.0,0
108,high_loose,pd_theta_8,5,60,34.092129858498886,1.0,19.5,0.0,0
108,high_loose,pd_theta_8,6,60,34.390580372507436,1.0,22.5,0.0,0
108,high_loose,pd_theta_8,7,60,33.889776248262876,1.0,27.0,0.0,0
108,high_loose,pd_theta_8,8,60,33.890954348236924,1.0,29.5,0.0,0
108,high_loose,pd_theta_8,9,60,34.69061748400193,1.0,34.0,0.0,0
108,high_loose,pd_theta_8,10,60,34.08861920807114,1.0,35.0,0.0,0
108,high_loose,pd_theta_8,11,60,33.73961054388663,1.0,33.5,0.0,0
108,high_loose,pd_theta_16,0,60,33.42246129602363,0.9833333333333333,2.0,0.0,6
108,high_loose,pd_theta_16,1,60,34.2429483792815,1.0,6.0,0.0,0
108,high_loose,pd_theta_16,2,60,34.49094254525554,1.0,10.0,0.0,0
108,high_loose,pd_theta_16,3,60,33.89309055221814,1.0,11.0,0.0,0
108,high_loose,pd_theta_16,4,60,33.94104758159282,1.0,13.5,0.0,0
108,high_loose,pd_theta_16,5,60,34.092129858498886,1.0,19.5,0.0,0
108,high_loose,pd_theta_16,6,60,34.390580372507436,1.0,22.5,0.0,0
108,high_loose,pd_theta_16,7,60,33.889776248262876,1.0,27.0,0.0,0
108,high_loose,pd_theta_16,8,60,33.890954348236924,1.0,29.5,0.0,0
108,high_loose,pd_theta_16,9,60,34.69061748400193,1.0,34.0,0.0,0
108,high_loose,pd_theta_16,10,60,34.089271307773906,1.0,38.0,0.0,0
108,high_loose,pd_theta_16,11,60,33.89172211652577,1.0,37.5,0.0,0
108,high_loose,pd_history,0,60,33.42246129602363,0.9833333333333333,2.0,0.0,6
108,high_loose,pd_history,1,60,34.2429483792815,1.0,6.0,0.0,0
108,high_loose,pd_history,2,60,34.49094254525554,1.0,10.0,0.0,0
108,high_loose,pd_history,3,60,33.892697489548155,1.0,10.0,0.0,0
108,high_loose,pd_history,4,60,33.939928973576414,1.0,8.5,0.0,0
108,high_loose,pd_history,5,60,34.24252887779524,1.0,13.5,0.0,0
108,high_loose,pd_history,6,60,34.29221843186735,1.0,11.0,0.0,0
108,high_loose,pd_history,7,60,34.04030257894025,1.0,14.0,0.0,0
108,high_loose,pd_history,8,60,33.79060654400911,1.0,12.0,0.0,0
108,high_loose,pd_history,9,60,34.79076707555328,1.0,11.0,0.0,0
108,high_loose,pd_history,10,60,34.340077794005104,1.0,14.5,0.0,0
108,high_loose,pd_history,11,60,33.741984849584455,1.0,6.0,0.0,0
108,high_loose,no_control_interpretation,0,60,33.941793724257295,1.0,2.0,0.0,6
108,high_loose,no_control_interpretation,1,60,34.2429483792815,1.0,6.0,0.0,0
108,high_loose,no_control_interpretation,2,60,34.49094254525554,1.0,10.0,0.0,0
108,high_loose,no_control_interpretation,3,60,33.892697489548155,1.0,10.0,0.0,0
108,high_loose,no_control_interpretation,4,60,33.939928973576414,1.0,8.5,0.0,0
108,high_loose,no_control_interpretation,5,60,34.24252887779524,1.0,13.5,0.0,0
108,high_loose,no_control_interpretation,6,60,34.29221843186735,1.0,11.0,0.0,0
108,high_loose,no_control_interpretation,7,60,34.04030257894025,1.0,14.0,0.0,0
108,high_loose,no_control_interpretation,8,60,33.79060654400911,1.0,12.0,0.0,0
108,high_loose,no_control_interpretation,9,60,34.79076707555328,1.0,11.0,0.0,0
108,high_loose,no_control_interpretation,10,60,34.340077794005104,1.0,14.5,0.0,0
108,high_loose,no_control_interpretation,11,60,33.741984849584455,1.0,6.0,0.0,0
108,high_loose,no_pre_new_only,0,60,6.237923478566047,0.2,0,0.0,0
108,high_loose,no_pre_new_only,1,60,6.976056324967932,0.23333333333333334,0,0.0,0
108,high_loose,no_pre_new_only,2,60,6.238130898764682,0.2,0,0.0,0
108,high_loose,no_pre_new_only,3,60,6.977351881143663,0.23333333333333334,0,0.0,0
108,high_loose,no_pre_new_only,4,60,6.2368696615687735,0.2,0,0.0,0
108,high_loose,no_pre_new_only,5,60,6.977092720698822,0.23333333333333334,0,0.0,0
108,high_loose,no_pre_new_only,6,60,6.237156302505611,0.2,0,0.0,0
108,high_loose,no_pre_new_only,7,60,6.974931046428498,0.23333333333333334,0,0.0,0
108,high_loose,no_pre_new_only,8,60,6.2380052853636725,0.2,0,0.0,0
108,high_loose,no_pre_new_only,9,60,6.2364118389010725,0.2,0,0.0,0
108,high_loose,no_pre_new_only,10,60,6.237467633256694,0.2,0,0.0,0
108,high_loose,no_pre_new_only,11,60,6.976363164075779,0.23333333333333334,0,0.0,0
108,high_loose,greedy_hard_cap,0,60,34.697734571603405,1.0,12.0,0.0,0
108,high_loose,greedy_hard_cap,1,60,34.94695747451398,1.0,14.5,0.0,0
108,high_loose,greedy_hard_cap,2,60,35.24697331229942,1.0,20.5,0.0,0
108,high_loose,greedy_hard_cap,3,60,34.8970784615242,1.0,19.5,0.0,0
108,high_loose,greedy_hard_cap,4,60,34.94797377718344,1.0,20.5,0.0,0
108,high_loose,greedy_hard_cap,5,60,35.447984179261205,1.0,20.0,0.0,0
108,high_loose,greedy_hard_cap,6,60,35.696759219879,1.0,19.5,0.0,0
108,high_loose,greedy_hard_cap,7,60,34.89776068284578,1.0,19.0,0.0,0
108,high_loose,greedy_hard_cap,8,60,34.94911269324268,1.0,20.5,0.0,0
108,high_loose,greedy_hard_cap,9,60,36.14752849689074,1.0,20.0,0.0,0
108,high_loose,greedy_hard_cap,10,60,35.14838842931198,1.0,20.0,0.0,0
108,high_loose,greedy_hard_cap,11,60,35.19761851061897,1.0,17.0,0.0,0
108,random,pd_theta_2,0,60,42.66177637727141,0.9333333333333333,2.0,0.0,3
108,random,pd_theta_2,1,60,39.439878922966315,1.0,9.5,0.0,0
108,random,pd_theta_2,2,60,43.73868703872878,1.0,13.0,0.0,0
108,random,pd_theta_2,3,60,40.39288073648435,1.0,13.0,0.0,0
108,random,pd_theta_2,4,60,44.08892011179433,1.0,10.5,0.0,0
108,random,pd_theta_2,5,60,40.690878327440984,1.0,14.0,0.0,0
108,random,pd_theta_2,6,60,44.8890888006905,1.0,13.5,0.0,0
108,random,pd_theta_2,7,60,40.800912304473385,0.9666666666666667,18.5,0.0,0
108,random,pd_theta_2,8,60,43.75057574303774,0.9666666666666667,16.0,0.0,0
108,random,pd_theta_2,9,60,42.491089336739755,1.0,14.5,0.0,0
108,random,pd_theta_2,10,60,44.64144236755424,1.0,17.0,0.0,0
108,random,pd_theta_2,11,60,41.089461861104716,1.0,13.5,0.0,0
108,random,pd_theta_4,0,60,42.66177637727141,0.9333333333333333,2.0,0.0,3
108,random,pd_theta_4,1,60,39.439878922966315,1.0,9.5,0.0,0
108,random,pd_theta_4,2,60,43.73868703872878,1.0,13.0,0.0,0
108,random,pd_theta_4,3,60,40.39105727569096,1.0,16.5,0.0,0
108,random,pd_theta_4,4,60,44.33960382056344,1.0,21.5,0.0,0
108,random,pd_theta_4,5,60,40.64394598363464,1.0,26.0,0.0,0
108,random,pd_theta_4,6,60,44.889325655406964,1.0,24.5,0.0,0
108,random,pd_theta_4,7,60,41.83935160626107,1.0,24.5,0.0,0
108,random,pd_theta_4,8,60,44.792640289767796,1.0,22.5,0.0,0
108,random,pd_theta_4,9,60,42.48878160195315,1.0,21.0,0.0,0
108,random,pd_theta_4,10,60,44.64079479660571,1.0,22.0,0.0,0
108,random,pd_theta_4,11,60,41.14212587794171,1.0,21.5,0.0,0
108,random,pd_theta_8,0,60,42.66177637727141,0.9333333333333333,2.0,0.0,3
108,random,pd_theta_8,1,60,39.439878922966315,1.0,9.5,0.0,0
108,random,pd_theta_8,2,60,43.73868703872878,1.0,13.0,0.0,0
108,random,pd_theta_8,3,60,40.39105727569096,1.0,16.5,0.0,0
108,random,pd_theta_8,4,60,44.33960382056344,1.0,21.5,0.0,0
108,random,pd_theta_8,5,60,40.693201994265664,1.0,27.0,0.0,0
108,random,pd_theta_8,6,60,44.99017792046011,1.0,32.5,0.0,0
108,random,pd_theta_8,7,60,41.841561949827806,1.0,34.0,0.0,0
108,random,pd_theta_8,8,60,45.189498326766035,1.0,41.0,0.0,0
108,random,pd_theta_8,9,60,42.589496971705834,1.0,41.0,0.0,0
108,random,pd_theta_8,10,60,44.73681914902719,1.0,37.5,0.0,0
108,random,pd_theta_8,11,60,41.43777858618387,1.0,41.5,0.0,0
108,random,pd_theta_16,0,60,42.66177637727141,0.9333333333333333,2.0,0.0,3
108,random,pd_theta_16,1,60,39.439878922966315,1.0,9.5,0.0,0
108,random,pd_theta_16,2,60,43.73868703872878,1.0,13.0,0.0,0
108,random,pd_theta_16,3,60,40.39105727569096,1.0,16.5,0.0,0
108,random,pd_theta_16,4,60,44.33960382056344,1.0,21.5,0.0,0
108,random,pd_theta_16,5,60,40.693201994265664,1.0,27.0,0.0,0
108,random,pd_theta_16,6,60,44.99017792046011,1.0,32.5,0.0,0
108,random,pd_theta_16,7,60,41.841561949827806,1.0,34.0,0.0,0
108,random,pd_theta_16,8,60,45.189498326766035,1.0,41.0,0.0,0
108,random,pd_theta_16,9,60,42.589496971705834,1.0,41.0,0.0,0
108,random,pd_theta_16,10,60,44.73662523241924,1.0,43.5,0.0,0
108,random,pd_theta_16,11,60,41.44029525201611,1.0,45.5,0.0,0
108,random,pd_history,0,60,42.66177637727141,0.9333333333333333,2.0,0.0,3
108,random,pd_history,1,60,39.439878922966315,1.0,9.5,0.0,0
108,random,pd_history,2,60,43.73868703872878,1.0,13.0,0.0,0
108,random,pd_history,3,60,40.39288073648435,1.0,13.0,0.0,0
108,random,pd_history,4,60,44.08892011179433,1.0,10.5,0.0,0
108,random,pd_history,5,60,40.690878327440984,1.0,14.0,0.0,0
108,random,pd_history,6,60,44.8890888006905,1.0,13.5,0.0,0
108,random,pd_history,7,60,40.800912304473385,0.9666666666666667,18.5,0.0,0
108,random,pd_history,8,60,43.75057574303774,0.9666666666666667,16.0,0.0,0
108,random,pd_history,9,60,42.491089336739755,1.0,14.5,0.0,0
108,random,pd_history,10,60,44.64144236755424,1.0,17.0,0.0,0
108,random,pd_history,11,60,41.089461861104716,1.0,13.5,0.0,0
108,random,no_control_interpretation,0,60,46.54094681047404,1.0,2.0,0.0,5
108,random,no_control_interpretation,1,60,39.439878922966315,1.0,9.5,0.0,0
108,random,no_control_interpretation,2,60,43.73868703872878,1.0,13.0,0.0,0
108,random,no_control_interpretation,3,60,40.39288073648435,1.0,13.0,0.0,0
108,random,no_control_interpretation,4,60,44.08892011179433,1.0,10.5,0.0,0
108,random,no_control_interpretation,5,60,40.690878327440984,1.0,14.0,0.0,0
108,random,no_control_interpretation,6,60,44.8890888006905,1.0,13.5,0.0,0
108,random,no_control_interpretation,7,60,41.84077530323414,1.0,18.5,0.0,0
108,random,no_control_interpretation,8,60,44.791703167530734,1.0,17.0,0.0,0
108,random,no_control_interpretation,9,60,42.54036454268746,1.0,17.5,0.0,0
108,random,no_control_interpretation,10,60,44.64131806754393,1.0,16.0,0.0,0
108,random,no_control_interpretation,11,60,41.1891964517433,1.0,16.5,0.0,0
108,random,no_pre_new_only,0,60,9.18420663219228,0.36666666666666664,0,0.0,0
108,random,no_pre_new_only,1,60,10.074150792786401,0.4,0,0.0,0
108,random,no_pre_new_only,2,60,9.334668158807713,0.36666666666666664,0,0.0,0
108,random,no_pre_new_only,3,60,9.855529815209021,0.38333333333333336,0,0.0,0
108,random,no_pre_new_only,4,60,9.194889255061886,0.3333333333333333,0,0.0,0
108,random,no_pre_new_only,5,60,10.074182721819277,0.4,0,0.0,0
108,random,no_pre_new_only,6,60,10.074888861482787,0.4,0,0.0,0
108,random,no_pre_new_only,7,60,9.636885609056126,0.36666666666666664,0,0.0,0
108,random,no_pre_new_only,8,60,9.114258265629598,0.35,0,0.0,0
108,random,no_pre_new_only,9,60,10.074697922993476,0.4,0,0.0,0
108,random,no_pre_new_only,10,60,8.075557072941274,0.31666666666666665,0,0.0,0
108,random,no_pre_new_only,11,60,10.073839807663944,0.4,0,0.0,0
108,random,greedy_hard_cap,0,60,41.91738362086833,0.9333333333333333,12.5,0.0,0
108,random,greedy_hard_cap,1,60,40.39852630674938,1.0,15.0,0.0,0
108,random,greedy_hard_cap,2,60,44.94839949808768,1.0,17.0,0.0,0
108,random,greedy_hard_cap,3,60,41.498220731202714,1.0,22.0,0.0,0
108,random,greedy_hard_cap,4,60,45.29883012782174,1.0,20.0,0.0,0
108,random,greedy_hard_cap,5,60,41.84917620060669,1.0,22.0,0.0,0
108,random,greedy_hard_cap,6,60,46.04796169106716,1.0,22.0,0.0,0
108,random,greedy_hard_cap,7,60,42.89928513831137,1.0,21.0,0.0,0
108,random,greedy_hard_cap,8,60,45.74807567367462,1.0,20.5,0.0,0
108,random,greedy_hard_cap,9,60,43.64806835848369,1.0,22.5,0.0,0
108,random,greedy_hard_cap,10,60,45.39901109401673,1.0,22.5,0.0,0
108,random,greedy_hard_cap,11,60,42.2989548128523,1.0,19.5,0.0,0
108,switch,pd_theta_2,0,60,44.66325174130938,0.85,9.0,0.0,7
108,switch,pd_theta_2,1,60,43.131696367067576,0.95,6.0,0.0,4
108,switch,pd_theta_2,2,60,44.769594875247506,0.9,15.5,0.0,6
108,switch,pd_theta_2,3,60,40.83226326939358,0.8666666666666667,14.0,0.0,3
108,switch,pd_theta_2,4,60,47.55306326359047,0.8833333333333333,13.5,0.0,9
108,switch,pd_theta_2,5,60,44.75384365914293,0.9666666666666667,10.0,0.0,5
108,switch,pd_theta_2,6,60,34.79147666843693,1.0,8.5,0.0,3
108,switch,pd_theta_2,7,60,34.04221095755561,1.0,10.0,0.0,0
108,switch,pd_theta_2,8,60,33.792078370383464,1.0,8.0,0.0,0
108,switch,pd_theta_2,9,60,34.69056761167212,1.0,12.5,0.0,0
108,switch,pd_theta_2,10,60,34.28949961219348,1.0,17.5,0.0,0
108,switch,pd_theta_2,11,60,33.7433245472596,1.0,8.0,0.0,0
108,switch,pd_theta_4,0,60,44.66325174130938,0.85,9.0,0.0,7
108,switch,pd_theta_4,1,60,43.131696367067576,0.95,6.0,0.0,4
108,switch,pd_theta_4,2,60,44.769594875247506,0.9,15.5,0.0,6
108,switch,pd_theta_4,3,60,40.83306308167403,0.8666666666666667,17.0,0.0,3
108,switch,pd_theta_4,4,60,47.652280877104616,0.8833333333333333,20.5,0.0,9
108,switch,pd_theta_4,5,60,44.90469525369731,0.9666666666666667,14.5,0.0,5
108,switch,pd_theta_4,6,60,34.7899441638711,1.0,10.5,0.0,3
108,switch,pd_theta_4,7,60,34.04111462450322,1.0,11.0,0.0,0
108,switch,pd_theta_4,8,60,33.99179836184915,1.0,12.0,0.0,0
108,switch,pd_theta_4,9,60,34.99029321647167,1.0,15.5,0.0,0
108,switch,pd_theta_4,10,60,34.2904435455293,1.0,20.0,0.0,0
108,switch,pd_theta_4,11,60,33.742891522640974,1.0,17.5,0.0,0
108,switch,pd_theta_8,0,60,44.66325174130938,0.85,9.0,0.0,7
108,switch,pd_theta_8,1,60,43.131696367067576,0.95,6.0,0.0,4
108,switch,pd_theta_8,2,60,44.769594875247506,0.9,15.5,0.0,6
108,switch,pd_theta_8,3,60,40.83306308167403,0.8666666666666667,17.0,0.0,3
108,switch,pd_theta_8,4,60,47.652280877104616,0.8833333333333333,20.5,0.0,9
108,switch,pd_theta_8,5,60,45.252877402037655,0.9666666666666667,19.5,0.0,5
108,switch,pd_theta_8,6,60,34.99072700675212,1.0,18.0,0.0,3
108,switch,pd_theta_8,7,60,34.19120268459348,1.0,20.5,0.0,2
108,switch,pd_theta_8,8,60,34.49189581463942,1.0,26.5,0.0,0
108,switch,pd_theta_8,9,60,35.39054918274175,1.0,26.5,0.0,0
108,switch,pd_theta_8,10,60,34.83953117850991,1.0,28.5,0.0,0
108,switch,pd_theta_8,11,60,34.041781745954665,1.0,26.0,0.0,0
108,switch,pd_theta_16,0,60,44.66325174130938,0.85,9.0,0.0,7
108,switch,pd_theta_16,1,60,43.131696367067576,0.95,6.0,0.0,4
108,switch,pd_theta_16,2,60,44.769594875247506,0.9,15.5,0.0,6
108,switch,pd_theta_16,3,60,40.83306308167403,0.8666666666666667,17.0,0.0,3
108,switch,pd_theta_16,4,60,47.652280877104616,0.8833333333333333,20.5,0.0,9
108,switch,pd_theta_16,5,60,45.252877402037655,0.9666666666666667,19.5,0.0,5
108,switch,pd_theta_16,6,60,34.99072700675212,1.0,18.0,0.0,3
108,switch,pd_theta_16,7,60,34.19120268459348,1.0,20.5,0.0,2
108,switch,pd_theta_16,8,60,34.49189581463942,1.0,26.5,0.0,0
108,switch,pd_theta_16,9,60,35.389716552868414,1.0,27.5,0.0,0
108,switch,pd_theta_16,10,60,34.8387500315105,1.0,32.5,0.0,0
108,switch,pd_theta_16,11,60,34.54323876479321,1.0,35.0,0.0,0
108,switch,pd_history,0,60,44.66325174130938,0.85,9.0,0.0,7
108,switch,pd_history,1,60,43.131696367067576,0.95,6.0,0.0,4
108,switch,pd_history,2,60,44.769594875247506,0.9,15.5,0.0,6
108,switch,pd_history,3,60,40.83226326939358,0.8666666666666667,14.0,0.0,3
108,switch,pd_history,4,60,47.55306326359047,0.8833333333333333,13.5,0.0,9
108,switch,pd_history,5,60,44.75384365914293,0.9666666666666667,10.0,0.0,5
108,switch,pd_history,6,60,34.79147666843693,1.0,8.5,0.0,3
108,switch,pd_history,7,60,34.04221095755561,1.0,10.0,0.0,0
108,switch,pd_history,8,60,33.792078370383464,1.0,8.0,0.0,0
108,switch,pd_history,9,60,34.69056761167212,1.0,12.5,0.0,0
108,switch,pd_history,10,60,34.28949961219348,1.0,17.5,0.0,0
108,switch,pd_history,11,60,33.7433245472596,1.0,8.0,0.0,0
108,switch,no_control_interpretation,0,60,57.441425492901736,1.0,9.0,0.0,16
108,switch,no_control_interpretation,1,60,47.39069821844396,1.0,6.0,0.0,7
108,switch,no_control_interpretation,2,60,53.28846796073636,1.0,15.5,0.0,12
108,switch,no_control_interpretation,3,60,52.19000534672863,1.0,14.0,0.0,11
108,switch,no_control_interpretation,4,60,57.490162402592354,1.0,13.5,0.0,16
108,switch,no_control_interpretation,5,60,47.59289705200874,1.0,10.0,0.0,7
108,switch,no_control_interpretation,6,60,34.79147666843693,1.0,8.5,0.0,3
108,switch,no_control_interpretation,7,60,34.04221095755561,1.0,10.0,0.0,0
108,switch,no_control_interpretation,8,60,33.792078370383464,1.0,8.0,0.0,0
108,switch,no_control_interpretation,9,60,34.69056761167212,1.0,12.5,0.0,0
108,switch,no_control_interpretation,10,60,34.28949961219348,1.0,17.5,0.0,0
108,switch,no_control_interpretation,11,60,33.7433245472596,1.0,8.0,0.0,0
108,switch,no_pre_new_only,0,60,9.614061908145327,0.43333333333333335,0,0.0,0
108,switch,no_pre_new_only,1,60,11.832599193068225,0.5333333333333333,0,0.0,0
108,switch,no_pre_new_only,2,60,11.0927895483693,0.5,0,0.0,0
108,switch,no_pre_new_only,3,60,11.462109240816003,0.5166666666666667,0,0.0,0
108,switch,no_pre_new_only,4,60,9.611933840941338,0.43333333333333335,0,0.0,0
108,switch,no_pre_new_only,5,60,11.832177485581978,0.5333333333333333,0,0.0,0
108,switch,no_pre_new_only,6,60,6.237156302505611,0.2,0,0.0,0
108,switch,no_pre_new_only,7,60,6.974931046428498,0.23333333333333334,0,0.0,0
108,switch,no_pre_new_only,8,60,6.2380052853636725,0.2,0,0.0,0
108,switch,no_pre_new_only,9,60,6.2364118389010725,0.2,0,0.0,0
108,switch,no_pre_new_only,10,60,6.237467633256694,0.2,0,0.0,0
108,switch,no_pre_new_only,11,60,6.976363164075779,0.23333333333333334,0,0.0,0
108,switch,greedy_hard_cap,0,60,35.17874410166344,0.7333333333333333,13.5,0.0,0
108,switch,greedy_hard_cap,1,60,38.50859219900288,0.8833333333333333,15.0,0.0,0
108,switch,greedy_hard_cap,2,60,36.65561218145571,0.8,16.5,0.0,0
108,switch,greedy_hard_cap,3,60,37.02761447637483,0.8166666666666667,17.5,0.0,0
108,switch,greedy_hard_cap,4,60,35.177658281446796,0.7333333333333333,16.5,0.0,0
108,switch,greedy_hard_cap,5,60,38.50791245962417,0.8833333333333333,15.0,0.0,0
108,switch,greedy_hard_cap,6,60,35.84796521463908,1.0,16.5,0.0,0
108,switch,greedy_hard_cap,7,60,35.098948848767435,1.0,22.5,0.0,0
108,switch,greedy_hard_cap,8,60,34.949740582334584,1.0,22.0,0.0,0
108,switch,greedy_hard_cap,9,60,36.247554557734134,1.0,22.0,0.0,0
108,switch,greedy_hard_cap,10,60,35.1485136184675,1.0,21.0,0.0,0
108,switch,greedy_hard_cap,11,60,35.19778813291812,1.0,17.0,0.0,0
109,high_tight,pd_theta_2,0,60,41.483868230146484,0.8666666666666667,5.0,0.0,4
109,high_tight,pd_theta_2,1,60,41.683814735668626,0.8666666666666667,10.0,0.0,4
109,high_tight,pd_theta_2,2,60,46.18369079948482,0.8666666666666667,15.5,0.0,8
109,high_tight,pd_theta_2,3,60,43.43266781863364,0.95,11.0,0.0,4
109,high_tight,pd_theta_2,4,60,44.71461326969975,0.85,14.5,0.0,7
109,high_tight,pd_theta_2,5,60,44.95191431280326,0.9666666666666667,12.5,0.0,5
109,high_tight,pd_theta_2,6,60,42.34531049578924,0.8333333333333334,16.0,0.0,5
109,high_tight,pd_theta_2,7,60,44.53386524152664,0.95,11.5,0.0,5
109,high_tight,pd_theta_2,8,60,44.40280114971474,0.8833333333333333,15.0,0.0,6
109,high_tight,pd_theta_2,9,60,43.672274672851245,0.9,14.5,0.0,5
109,high_tight,pd_theta_2,10,60,42.79329110248183,0.9166666666666666,12.0,0.0,4
109,high_tight,pd_theta_2,11,60,42.56360774071787,0.85,14.5,0.0,5
109,high_tight,pd_theta_4,0,60,41.483868230146484,0.8666666666666667,5.0,0.0,4
109,high_tight,pd_theta_4,1,60,41.683814735668626,0.8666666666666667,10.0,0.0,4
109,high_tight,pd_theta_4,2,60,46.18369079948482,0.8666666666666667,15.5,0.0,8
109,high_tight,pd_theta_4,3,60,43.631589587917816,0.95,15.5,0.0,4
109,high_tight,pd_theta_4,4,60,44.81501150353079,0.85,21.0,0.0,7
109,high_tight,pd_theta_4,5,60,45.150528663966305,0.9666666666666667,17.5,0.0,5
109,high_tight,pd_theta_4,6,60,42.29444412394946,0.8333333333333334,19.5,0.0,5
109,high_tight,pd_theta_4,7,60,44.78345475574254,0.95,17.5,0.0,5
109,high_tight,pd_theta_4,8,60,44.40179714984888,0.8833333333333333,19.5,0.0,6
109,high_tight,pd_theta_4,9,60,43.67455954394174,0.9,20.0,0.0,5
109,high_tight,pd_theta_4,10,60,43.093821296175975,0.9166666666666666,20.5,0.0,4
109,high_tight,pd_theta_4,11,60,42.714326898819266,0.85,22.5,0.0,5
109,high_tight,pd_theta_8,0,60,41.483868230146484,0.8666666666666667,5.0,0.0,4
109,high_tight,pd_theta_8,1,60,41.683814735668626,0.8666666666666667,10.0,0.0,4
109,high_tight,pd_theta_8,2,60,46.18369079948482,0.8666666666666667,15.5,0.0,8
109,high_tight,pd_theta_8,3,60,43.631589587917816,0.95,15.5,0.0,4
109,high_tight,pd_theta_8,4,60,44.81501150353079,0.85,21.0,0.0,7
109,high_tight,pd_theta_8,5,60,45.1506497425321,0.9666666666666667,19.5,0.0,5
109,high_tight,pd_theta_8,6,60,42.394306326147415,0.8333333333333334,25.5,0.0,5
109,high_tight,pd_theta_8,7,60,44.883480663095455,0.95,25.0,0.0,5
109,high_tight,pd_theta_8,8,60,44.503197624701826,0.8833333333333333,29.0,0.0,6
109,high_tight,pd_theta_8,9,60,43.77364772166486,0.9,27.5,0.0,5
109,high_tight,pd_theta_8,10,60,43.142172706867015,0.9166666666666666,27.5,0.0,4
109,high_tight,pd_theta_8,11,60,42.81059364851824,0.85,28.5,0.0,5
109,high_tight,pd_theta_16,0,60,41.483868230146484,0.8666666666666667,5.0,0.0,4
109,high_tight,pd_theta_16,1,60,41.683814735668626,0.8666666666666667,10.0,0.0,4
109,high_tight,pd_theta_16,2,60,46.18369079948482,0.8666666666666667,15.5,0.0,8
109,high_tight,pd_theta_16,3,60,43.631589587917816,0.95,15.5,0.0,4
109,high_tight,pd_theta_16,4,60,44.81501150353079,0.85,21.0,0.0,7
109,high_tight,pd_theta_16,5,60,45.1506497425321,0.9666666666666667,19.5,0.0,5
109,high_tight,pd_theta_16,6,60,42.394306326147415,0.8333333333333334,25.5,0.0,5
109,high_tight,pd_theta_16,7,60,44.883480663095455,0.95,25.0,0.0,5
109,high_tight,pd_theta_16,8,60,44.503197624701826,0.8833333333333333,29.0,0.0,6
109,high_tight,pd_theta_16,9,60,43.824834303229906,0.9,29.5,0.0,5
109,high_tight,pd_theta_16,10,60,43.14226863992094,0.9166666666666666,31.0,0.0,4
109,high_tight,pd_theta_16,11,60,42.86133880389498,0.85,34.5,0.0,5
109,high_tight,pd_history,0,60,41.483868230146484,0.8666666666666667,5.0,0.0,4
109,high_tight,pd_history,1,60,41.683814735668626,0.8666666666666667,10.0,0.0,4
109,high_tight,pd_history,2,60,46.18369079948482,0.8666666666666667,15.5,0.0,8
109,high_tight,pd_history,3,60,43.43266781863364,0.95,11.0,0.0,4
109,high_tight,pd_history,4,60,44.71461326969975,0.85,14.5,0.0,7
109,high_tight,pd_history,5,60,44.95191431280326,0.9666666666666667,12.5,0.0,5
109,high_tight,pd_history,6,60,42.34531049578924,0.8333333333333334,16.0,0.0,5
109,high_tight,pd_history,7,60,44.53386524152664,0.95,11.5,0.0,5
109,high_tight,pd_history,8,60,44.40280114971474,0.8833333333333333,15.0,0.0,6
109,high_tight,pd_history,9,60,43.672274672851245,0.9,14.5,0.0,5
109,high_tight,pd_history,10,60,42.79329110248183,0.9166666666666666,12.0,0.0,4
109,high_tight,pd_history,11,60,42.56360774071787,0.85,14.5,0.0,5
109,high_tight,no_control_interpretation,0,60,52.84281452939595,1.0,5.0,0.0,12
109,high_tight,no_control_interpretation,1,60,53.041908959762466,1.0,10.0,0.0,12
109,high_tight,no_control_interpretation,2,60,57.54289925208184,1.0,15.5,0.0,16
109,high_tight,no_control_interpretation,3,60,47.69142859721831,1.0,11.0,0.0,7
109,high_tight,no_control_interpretation,4,60,57.4930573256247,1.0,14.5,0.0,16
109,high_tight,no_control_interpretation,5,60,47.791569378864914,1.0,12.5,0.0,7
109,high_tight,no_control_interpretation,6,60,56.54402108407125,1.0,16.0,0.0,15
109,high_tight,no_control_interpretation,7,60,48.79329628192971,1.0,11.5,0.0,8
109,high_tight,no_control_interpretation,8,60,54.341180228918155,1.0,15.0,0.0,13
109,high_tight,no_control_interpretation,9,60,52.19047891952315,1.0,14.5,0.0,11
109,high_tight,no_control_interpretation,10,60,49.891782663574745,1.0,12.0,0.0,9
109,high_tight,no_control_interpretation,11,60,55.34014177127726,1.0,14.5,0.0,14
109,high_tight,no_pre_new_only,0,60,11.091838072103187,0.5,0,0.0,0
109,high_tight,no_pre_new_only,1,60,11.091137161847744,0.5,0,0.0,0
109,high_tight,no_pre_new_only,2,60,9.615117164203916,0.43333333333333335,0,0.0,0
109,high_tight,no_pre_new_only,3,60,11.83098276100667,0.5333333333333333,0,0.0,0
109,high_tight,no_pre_new_only,4,60,9.613076793971773,0.43333333333333335,0,0.0,0
109,high_tight,no_pre_new_only,5,60,11.833316170691896,0.5333333333333333,0,0.0,0
109,high_tight,no_pre_new_only,6,60,9.98318652168002,0.45,0,0.0,0
109,high_tight,no_pre_new_only,7,60,11.832034835451212,0.5333333333333333,0,0.0,0
109,high_tight,no_pre_new_only,8,60,10.721685045326216,0.48333333333333334,0,0.0,0
109,high_tight,no_pre_new_only,9,60,11.46283828249415,0.5166666666666667,0,0.0,0
109,high_tight,no_pre_new_only,10,60,11.835640480918292,0.5333333333333333,0,0.0,0
109,high_tight,no_pre_new_only,11,60,10.352825571036357,0.4666666666666667,0,0.0,0
109,high_tight,greedy_hard_cap,0,60,36.6585432287033,0.8,13.5,0.0,0
109,high_tight,greedy_hard_cap,1,60,36.657412624761676,0.8,15.5,0.0,0
109,high_tight,greedy_hard_cap,2,60,35.178526766824625,0.7333333333333333,17.5,0.0,0
109,high_tight,greedy_hard_cap,3,60,38.508157632904464,0.8833333333333333,15.0,0.0,0
109,high_tight,greedy_hard_cap,4,60,35.178280614407086,0.7333333333333333,17.0,0.0,0
109,high_tight,greedy_hard_cap,5,60,38.508349434282145,0.8833333333333333,16.5,0.0,0
109,high_tight,greedy_hard_cap,6,60,35.5488908678164,0.75,17.5,0.0,0
109,high_tight,greedy_hard_cap,7,60,38.137688708662125,0.8666666666666667,16.5,0.0,0
109,high_tight,greedy_hard_cap,8,60,36.288020810716,0.7833333333333333,17.0,0.0,0
109,high_tight,greedy_hard_cap,9,60,37.02814369738165,0.8166666666666667,17.5,0.0,0
109,high_tight,greedy_hard_cap,10,60,37.76922697718766,0.85,15.5,0.0,0
109,high_tight,greedy_hard_cap,11,60,35.91794207576733,0.7666666666666667,17.5,0.0,0
109,high_loose,pd_theta_2,0,60,33.302083866742024,0.9666666666666667,0,0.0,1
109,high_loose,pd_theta_2,1,60,34.49314601923831,1.0,6.0,0.0,0
109,high_loose,pd_theta_2,2,60,33.94600013918763,1.0,6.0,0.0,0
109,high_loose,pd_theta_2,3,60,34.34316869757555,1.0,10.0,0.0,0
109,high_loose,pd_theta_2,4,60,33.93706472373644,1.0,11.0,0.0,0
109,high_loose,pd_theta_2,5,60,34.492425719117804,1.0,13.0,0.0,0
109,high_loose,pd_theta_2,6,60,34.18941598852492,1.0,11.5,0.0,0
109,high_loose,pd_theta_2,7,60,34.14225324178302,1.0,12.0,0.0,0
109,high_loose,pd_theta_2,8,60,34.19227895899996,1.0,9.0,0.0,0
109,high_loose,pd_theta_2,9,60,34.49164230872618,1.0,10.0,0.0,0
109,high_loose,pd_theta_2,10,60,34.843907080368524,1.0,12.0,0.0,0
109,high_loose,pd_theta_2,11,60,33.59286587584829,1.0,9.0,0.0,0
109,high_loose,pd_theta_4,0,60,33.302083866742024,0.9666666666666667,0,0.0,1
109,high_loose,pd_theta_4,1,60,34.49314601923831,1.0,6.0,0.0,0
109,high_loose,pd_theta_4,2,60,33.94600013918763,1.0,6.0,0.0,0
109,high_loose,pd_theta_4,3,60,34.34316869757555,1.0,10.0,0.0,0
109,high_loose,pd_theta_4,4,60,33.93706472373644,1.0,14.0,0.0,0
109,high_loose,pd_theta_4,5,60,34.49205305827946,1.0,19.0,0.0,0
109,high_loose,pd_theta_4,6,60,34.19232969158131,1.0,18.5,0.0,0
109,high_loose,pd_theta_4,7,60,34.193204494298605,1.0,19.5,0.0,0
109,high_loose,pd_theta_4,8,60,34.29281180469784,1.0,19.0,0.0,0
109,high_loose,pd_theta_4,9,60,34.492301630295145,1.0,16.5,0.0,0
109,high_loose,pd_theta_4,10,60,34.744238677620515,1.0,17.0,0.0,0
109,high_loose,pd_theta_4,11,60,33.59215991398592,1.0,19.0,0.0,0
109,high_loose,pd_theta_8,0,60,33.302083866742024,0.9666666666666667,0,0.0,1
109,high_loose,pd_theta_8,1,60,34.49314601923831,1.0,6.0,0.0,0
109,high_loose,pd_theta_8,2,60,33.94600013918763,1.0,6.0,0.0,0
109,high_loose,pd_theta_8,3,60,34.34316869757555,1.0,10.0,0.0,0
109,high_loose,pd_theta_8,4,60,33.93706472373644,1.0,14.0,0.0,0
109,high_loose,pd_theta_8,5,60,34.49205305827946,1.0,19.0,0.0,0
109,high_loose,pd_theta_8,6,60,34.19232969158131,1.0,21.5,0.0,0
109,high_loose,pd_theta_8,7,60,33.89335071969882,1.0,23.5,0.0,0
109,high_loose,pd_theta_8,8,60,34.29458222890924,1.0,27.0,0.0,0
109,high_loose,pd_theta_8,9,60,34.34056918407817,1.0,28.5,0.0,0
109,high_loose,pd_theta_8,10,60,34.443845226065065,1.0,28.5,0.0,0
109,high_loose,pd_theta_8,11,60,33.39124789967541,1.0,34.0,0.0,0
109,high_loose,pd_theta_16,0,60,33.302083866742024,0.9666666666666667,0,0.0,1
109,high_loose,pd_theta_16,1,60,34.49314601923831,1.0,6.0,0.0,0
109,high_loose,pd_theta_16,2,60,33.94600013918763,1.0,6.0,0.0,0
109,high_loose,pd_theta_16,3,60,34.34316869757555,1.0,10.0,0.0,0
109,high_loose,pd_theta_16,4,60,33.93706472373644,1.0,14.0,0.0,0
109,high_loose,pd_theta_16,5,60,34.49205305827946,1.0,19.0,0.0,0
109,high_loose,pd_theta_16,6,60,34.19232969158131,1.0,21.5,0.0,0
109,high_loose,pd_theta_16,7,60,33.89335071969882,1.0,23.5,0.0,0
109,high_loose,pd_theta_16,8,60,34.29458222890924,1.0,27.0,0.0,0
109,high_loose,pd_theta_16,9,60,34.34056918407817,1.0,28.5,0.0,0
109,high_loose,pd_theta_16,10,60,34.443845226065065,1.0,31.5,0.0,0
109,high_loose,pd_theta_16,11,60,33.39175073198228,1.0,39.0,0.0,0
109,high_loose,pd_history,0,60,33.302083866742024,0.9666666666666667,0,0.0,1
109,high_loose,pd_history,1,60,34.49314601923831,1.0,6.0,0.0,0
109,high_loose,pd_history,2,60,33.94600013918763,1.0,6.0,0.0,0
109,high_loose,pd_history,3,60,34.34316869757555,1.0,10.0,0.0,0
109,high_loose,pd_history,4,60,33.93706472373644,1.0,11.0,0.0,0
109,high_loose,pd_history,5,60,34.492425719117804,1.0,13.0,0.0,0
109,high_loose,pd_history,6,60,34.18941598852492,1.0,11.5,0.0,0
109,high_loose,pd_history,7,60,34.14225324178302,1.0,12.0,0.0,0
109,high_loose,pd_history,8,60,34.19227895899996,1.0,9.0,0.0,0
109,high_loose,pd_history,9,60,34.49164230872618,1.0,10.0,0.0,0
109,high_loose,pd_history,10,60,34.843907080368524,1.0,12.0,0.0,0
109,high_loose,pd_history,11,60,33.59286587584829,1.0,9.0,0.0,0
109,high_loose,no_control_interpretation,0,60,34.34154726624278,1.0,0,0.0,3
109,high_loose,no_control_interpretation,1,60,34.49314601923831,1.0,6.0,0.0,0
109,high_loose,no_control_interpretation,2,60,33.94600013918763,1.0,6.0,0.0,0
109,high_loose,no_control_interpretation,3,60,34.34316869757555,1.0,10.0,0.0,0
109,high_loose,no_control_interpretation,4,60,33.93706472373644,1.0,11.0,0.0,0
109,high_loose,no_control_interpretation,5,60,34.492425719117804,1.0,13.0,0.0,0
109,high_loose,no_control_interpretation,6,60,34.18941598852492,1.0,11.5,0.0,0
109,high_loose,no_control_interpretation,7,60,34.14225324178302,1.0,12.0,0.0,0
109,high_loose,no_control_interpretation,8,60,34.19227895899996,1.0,9.0,0.0,0
109,high_loose,no_control_interpretation,9,60,34.49164230872618,1.0,10.0,0.0,0
109,high_loose,no_control_interpretation,10,60,34.843907080368524,1.0,12.0,0.0,0
109,high_loose,no_control_interpretation,11,60,33.59286587584829,1.0,9.0,0.0,0
109,high_loose,no_pre_new_only,0,60,6.237254811158275,0.2,0,0.0,0
109,high_loose,no_pre_new_only,1,60,6.23751250707414,0.2,0,0.0,0
109,high_loose,no_pre_new_only,2,60,6.237299688464469,0.2,0,0.0,0
109,high_loose,no_pre_new_only,3,60,6.973616445992725,0.23333333333333334,0,0.0,0
109,high_loose,no_pre_new_only,4,60,6.236907770648298,0.2,0,0.0,0
109,high_loose,no_pre_new_only,5,60,6.976617828746411,0.23333333333333334,0,0.0,0
109,high_loose,no_pre_new_only,6,60,6.237768541759912,0.2,0,0.0,0
109,high_loose,no_pre_new_only,7,60,6.975803944170885,0.23333333333333334,0,0.0,0
109,high_loose,no_pre_new_only,8,60,6.237850824451573,0.2,0,0.0,0
109,high_loose,no_pre_new_only,9,60,6.2375805028684335,0.2,0,0.0,0
109,high_loose,no_pre_new_only,10,60,6.2374322544166,0.2,0,0.0,0
109,high_loose,no_pre_new_only,11,60,6.97716571071088,0.23333333333333334,0,0.0,0
109,high_loose,greedy_hard_cap,0,60,35.09698298773906,1.0,10.0,0.0,0
109,high_loose,greedy_hard_cap,1,60,34.947255809511525,1.0,13.5,0.0,0
109,high_loose,greedy_hard_cap,2,60,34.69732157218716,1.0,15.5,0.0,0
109,high_loose,greedy_hard_cap,3,60,35.047661762529884,1.0,18.5,0.0,0
109,high_loose,greedy_hard_cap,4,60,34.84829743174292,1.0,17.0,0.0,0
109,high_loose,greedy_hard_cap,5,60,35.295445389892095,1.0,19.5,0.0,0
109,high_loose,greedy_hard_cap,6,60,34.94861149329718,1.0,18.5,0.0,0
109,high_loose,greedy_hard_cap,7,60,35.34827975798799,1.0,16.0,0.0,0
109,high_loose,greedy_hard_cap,8,60,35.44784518553995,1.0,14.5,0.0,0
109,high_loose,greedy_hard_cap,9,60,35.69658554780769,1.0,17.0,0.0,0
109,high_loose,greedy_hard_cap,10,60,35.89854062442206,1.0,18.0,0.0,0
109,high_loose,greedy_hard_cap,11,60,34.597263748623625,1.0,18.0,0.0,0
109,random,pd_theta_2,0,60,41.42006147748784,0.9833333333333333,1.0,0.0,3
109,random,pd_theta_2,1,60,43.74140249800372,1.0,5.5,0.0,1
109,random,pd_theta_2,2,60,45.799456566117236,0.9666666666666667,10.5,0.0,0
109,random,pd_theta_2,3,60,40.14168618916115,1.0,16.0,0.0,0
109,random,pd_theta_2,4,60,45.038197346881425,1.0,17.5,0.0,0
109,random,pd_theta_2,5,60,40.38945566521398,1.0,15.0,0.0,0
109,random,pd_theta_2,6,60,44.19025900772691,1.0,14.5,0.0,0
109,random,pd_theta_2,7,60,41.341055917484915,1.0,18.0,0.0,0
109,random,pd_theta_2,8,60,46.140877148906284,1.0,15.5,0.0,0
109,random,pd_theta_2,9,60,41.49126441918229,1.0,13.0,0.0,0
109,random,pd_theta_2,10,60,39.39066092748219,1.0,13.0,0.0,0
109,random,pd_theta_2,11,60,43.238763738488124,1.0,15.0,0.0,0
109,random,pd_theta_4,0,60,41.42006147748784,0.9833333333333333,1.0,0.0,3
109,random,pd_theta_4,1,60,43.74140249800372,1.0,5.5,0.0,1
109,random,pd_theta_4,2,60,45.799456566117236,0.9666666666666667,10.5,0.0,0
109,random,pd_theta_4,3,60,40.14294403377974,1.0,16.0,0.0,0
109,random,pd_theta_4,4,60,45.038466222623796,1.0,21.0,0.0,0
109,random,pd_theta_4,5,60,40.38822622282143,1.0,23.0,0.0,0
109,random,pd_theta_4,6,60,44.439432478572144,1.0,27.0,0.0,0
109,random,pd_theta_4,7,60,41.64035473979215,1.0,26.5,0.0,0
109,random,pd_theta_4,8,60,46.19064754165671,1.0,23.5,0.0,0
109,random,pd_theta_4,9,60,41.68981724340809,1.0,23.0,0.0,0
109,random,pd_theta_4,10,60,39.59032500835473,1.0,24.0,0.0,0
109,random,pd_theta_4,11,60,43.338741412661285,1.0,23.0,0.0,0
109,random,pd_theta_8,0,60,41.42006147748784,0.9833333333333333,1.0,0.0,3
109,random,pd_theta_8,1,60,43.74140249800372,1.0,5.5,0.0,1
109,random,pd_theta_8,2,60,45.799456566117236,0.9666666666666667,10.5,0.0,0
109,random,pd_theta_8,3,60,40.14294403377974,1.0,16.0,0.0,0
109,random,pd_theta_8,4,60,45.038466222623796,1.0,21.0,0.0,0
109,random,pd_theta_8,5,60,40.38822622282143,1.0,23.0,0.0,0
109,random,pd_theta_8,6,60,44.43866864076262,1.0,30.5,0.0,0
109,random,pd_theta_8,7,60,41.7405243405391,1.0,34.0,0.0,0
109,random,pd_theta_8,8,60,46.39007049995084,1.0,36.5,0.0,0
109,random,pd_theta_8,9,60,41.790270385026844,1.0,38.5,0.0,0
109,random,pd_theta_8,10,60,39.59193983789249,1.0,40.0,0.0,0
109,random,pd_theta_8,11,60,43.34011011069571,1.0,38.0,0.0,0
109,random,pd_theta_16,0,60,41.42006147748784,0.9833333333333333,1.0,0.0,3
109,random,pd_theta_16,1,60,43.74140249800372,1.0,5.5,0.0,1
109,random,pd_theta_16,2,60,45.799456566117236,0.9666666666666667,10.5,0.0,0
109,random,pd_theta_16,3,60,40.14294403377974,1.0,16.0,0.0,0
109,random,pd_theta_16,4,60,45.038466222623796,1.0,21.0,0.0,0
109,random,pd_theta_16,5,60,40.38822622282143,1.0,23.0,0.0,0
109,random,pd_theta_16,6,60,44.43866864076262,1.0,30.5,0.0,0
109,random,pd_theta_16,7,60,41.7405243405391,1.0,34.0,0.0,0
109,random,pd_theta_16,8,60,46.39007049995084,1.0,36.5,0.0,0
109,random,pd_theta_16,9,60,41.790270385026844,1.0,38.5,0.0,0
109,random,pd_theta_16,10,60,39.59167642525752,1.0,41.5,0.0,0
109,random,pd_theta_16,11,60,43.53974288980302,1.0,46.0,0.0,0
109,random,pd_history,0,60,41.42006147748784,0.9833333333333333,1.0,0.0,3
109,random,pd_history,1,60,43.74140249800372,1.0,5.5,0.0,1
109,random,pd_history,2,60,45.799456566117236,0.9666666666666667,10.5,0.0,0
109,random,pd_history,3,60,40.14168618916115,1.0,16.0,0.0,0
109,random,pd_history,4,60,45.038197346881425,1.0,17.5,0.0,0
109,random,pd_history,5,60,40.38945566521398,1.0,15.0,0.0,0
109,random,pd_history,6,60,44.19025900772691,1.0,14.5,0.0,0
109,random,pd_history,7,60,41.341055917484915,1.0,18.0,0.0,0
109,random,pd_history,8,60,46.140877148906284,1.0,15.5,0.0,0
109,random,pd_history,9,60,41.49126441918229,1.0,13.0,0.0,0
109,random,pd_history,10,60,39.39066092748219,1.0,13.0,0.0,0
109,random,pd_history,11,60,43.238763738488124,1.0,15.0,0.0,0
109,random,no_control_interpretation,0,60,41.94005926597921,1.0,1.0,0.0,3
109,random,no_control_interpretation,1,60,43.74131035114906,1.0,5.5,0.0,0
109,random,no_control_interpretation,2,60,46.83996457759627,1.0,11.5,0.0,0
109,random,no_control_interpretation,3,60,40.041015528414405,1.0,18.0,0.0,0
109,random,no_control_interpretation,4,60,44.93970482056796,1.0,16.0,0.0,0
109,random,no_control_interpretation,5,60,40.3390649876901,1.0,13.5,0.0,0
109,random,no_control_interpretation,6,60,44.18944206470765,1.0,14.5,0.0,0
109,random,no_control_interpretation,7,60,41.34169490204239,1.0,18.0,0.0,0
109,random,no_control_interpretation,8,60,46.140877148906284,1.0,15.5,0.0,0
109,random,no_control_interpretation,9,60,41.49126441918229,1.0,13.0,0.0,0
109,random,no_control_interpretation,10,60,39.39066092748219,1.0,13.0,0.0,0
109,random,no_control_interpretation,11,60,43.238763738488124,1.0,15.0,0.0,0
109,random,no_pre_new_only,0,60,9.855254626818212,0.38333333333333336,0,0.0,0
109,random,no_pre_new_only,1,60,9.853315508972461,0.38333333333333336,0,0.0,0
109,random,no_pre_new_only,2,60,7.555688337731021,0.3,0,0.0,0
109,random,no_pre_new_only,3,60,10.293100601560718,0.4166666666666667,0,0.0,0
109,random,no_pre_new_only,4,60,9.116544344839584,0.35,0,0.0,0
109,random,no_pre_new_only,5,60,10.292619631599276,0.4166666666666667,0,0.0,0
109,random,no_pre_new_only,6,60,8.595058751571816,0.3333333333333333,0,0.0,0
109,random,no_pre_new_only,7,60,9.772540033081434,0.4,0,0.0,0
109,random,no_pre_new_only,8,60,9.703940550173785,0.38333333333333336,0,0.0,0
109,random,no_pre_new_only,9,60,10.073583968525753,0.4,0,0.0,0
109,random,no_pre_new_only,10,60,9.115164979312443,0.35,0,0.0,0
109,random,no_pre_new_only,11,60,8.965061028849938,0.35,0,0.0,0
109,random,greedy_hard_cap,0,60,34.477569337788516,0.9,12.0,0.0,0
109,random,greedy_hard_cap,1,60,42.059355726956234,0.9666666666666667,17.0,0.0,0
109,random,greedy_hard_cap,2,60,46.27798086922852,0.9833333333333333,19.0,0.0,0
109,random,greedy_hard_cap,3,60,41.24848270502755,1.0,22.5,0.0,0
109,random,greedy_hard_cap,4,60,45.89922391542847,1.0,19.5,0.0,0
109,random,greedy_hard_cap,5,60,41.849374668306375,1.0,22.5,0.0,0
109,random,greedy_hard_cap,6,60,45.148759285125806,1.0,19.5,0.0,0
109,random,greedy_hard_cap,7,60,42.59870716672867,1.0,20.5,0.0,0
109,random,greedy_hard_cap,8,60,47.24923070522484,1.0,17.0,0.0,0
109,random,greedy_hard_cap,9,60,42.74881647053139,1.0,18.5,0.0,0
109,random,greedy_hard_cap,10,60,40.64917262058891,1.0,21.0,0.0,0
109,random,greedy_hard_cap,11,60,44.09862388321913,1.0,20.0,0.0,0
109,switch,pd_theta_2,0,60,41.483868230146484,0.8666666666666667,5.0,0.0,4
109,switch,pd_theta_2,1,60,41.683814735668626,0.8666666666666667,10.0,0.0,4
109,switch,pd_theta_2,2,60,46.18369079948482,0.8666666666666667,15.5,0.0,8
109,switch,pd_theta_2,3,60,43.43266781863364,0.95,11.0,0.0,4
109,switch,pd_theta_2,4,60,44.71461326969975,0.85,14.5,0.0,7
109,switch,pd_theta_2,5,60,44.95191431280326,0.9666666666666667,12.5,0.0,5
109,switch,pd_theta_2,6,60,33.92395780287042,0.9833333333333333,10.5,0.0,5
109,switch,pd_theta_2,7,60,34.24264635604223,1.0,6.0,0.0,0
109,switch,pd_theta_2,8,60,34.191495578099,1.0,7.0,0.0,0
109,switch,pd_theta_2,9,60,34.49320023187772,1.0,10.5,0.0,0
109,switch,pd_theta_2,10,60,34.84336925909588,1.0,13.0,0.0,0
109,switch,pd_theta_2,11,60,33.591938931819,1.0,9.0,0.0,0
109,switch,pd_theta_4,0,60,41.483868230146484,0.8666666666666667,5.0,0.0,4
109,switch,pd_theta_4,1,60,41.683814735668626,0.8666666666666667,10.0,0.0,4
109,switch,pd_theta_4,2,60,46.18369079948482,0.8666666666666667,15.5,0.0,8
109,switch,pd_theta_4,3,60,43.631589587917816,0.95,15.5,0.0,4
109,switch,pd_theta_4,4,60,44.81501150353079,0.85,21.0,0.0,7
109,switch,pd_theta_4,5,60,45.150528663966305,0.9666666666666667,17.5,0.0,5
109,switch,pd_theta_4,6,60,33.92340126071082,0.9833333333333333,15.0,0.0,5
109,switch,pd_theta_4,7,60,34.442915733490175,1.0,11.0,0.0,0
109,switch,pd_theta_4,8,60,34.392003292326734,1.0,11.5,0.0,0
109,switch,pd_theta_4,9,60,34.49195349939761,1.0,12.5,0.0,0
109,switch,pd_theta_4,10,60,34.844095437294165,1.0,15.0,0.0,0
109,switch,pd_theta_4,11,60,33.59227773328224,1.0,19.0,0.0,0
109,switch,pd_theta_8,0,60,41.483868230146484,0.8666666666666667,5.0,0.0,4
109,switch,pd_theta_8,1,60,41.683814735668626,0.8666666666666667,10.0,0.0,4
109,switch,pd_theta_8,2,60,46.18369079948482,0.8666666666666667,15.5,0.0,8
109,switch,pd_theta_8,3,60,43.631589587917816,0.95,15.5,0.0,4
109,switch,pd_theta_8,4,60,44.81501150353079,0.85,21.0,0.0,7
109,switch,pd_theta_8,5,60,45.1506497425321,0.9666666666666667,19.5,0.0,5
109,switch,pd_theta_8,6,60,33.55255866343461,0.9666666666666667,21.5,0.0,5
109,switch,pd_theta_8,7,60,34.84072167536962,1.0,21.5,0.0,0
109,switch,pd_theta_8,8,60,34.9932269865623,1.0,27.5,0.0,0
109,switch,pd_theta_8,9,60,34.99129682575472,1.0,25.5,0.0,0
109,switch,pd_theta_8,10,60,35.09058531082786,1.0,25.5,0.0,0
109,switch,pd_theta_8,11,60,34.038735574603876,1.0,27.5,0.0,0
109,switch,pd_theta_16,0,60,41.483868230146484,0.8666666666666667,5.0,0.0,4
109,switch,pd_theta_16,1,60,41.683814735668626,0.8666666666666667,10.0,0.0,4
109,switch,pd_theta_16,2,60,46.18369079948482,0.8666666666666667,15.5,0.0,8
109,switch,pd_theta_16,3,60,43.631589587917816,0.95,15.5,0.0,4
109,switch,pd_theta_16,4,60,44.81501150353079,0.85,21.0,0.0,7
109,switch,pd_theta_16,5,60,45.1506497425321,0.9666666666666667,19.5,0.0,5
109,switch,pd_theta_16,6,60,33.55255866343461,0.9666666666666667,21.5,0.0,5
109,switch,pd_theta_16,7,60,34.84072167536962,1.0,21.5,0.0,0
109,switch,pd_theta_16,8,60,34.9932269865623,1.0,27.5,0.0,0
109,switch,pd_theta_16,9,60,35.190516339677046,1.0,29.0,0.0,0
109,switch,pd_theta_16,10,60,35.19264504173565,1.0,30.0,0.0,0
109,switch,pd_theta_16,11,60,34.04068388024733,1.0,33.5,0.0,0
109,switch,pd_history,0,60,41.483868230146484,0.8666666666666667,5.0,0.0,4
109,switch,pd_history,1,60,41.683814735668626,0.8666666666666667,10.0,0.0,4
109,switch,pd_history,2,60,46.18369079948482,0.8666666666666667,15.5,0.0,8
109,switch,pd_history,3,60,43.43266781863364,0.95,11.0,0.0,4
109,switch,pd_history,4,60,44.71461326969975,0.85,14.5,0.0,7
109,switch,pd_history,5,60,44.95191431280326,0.9666666666666667,12.5,0.0,5
109,switch,pd_history,6,60,33.92395780287042,0.9833333333333333,10.5,0.0,5
109,switch,pd_history,7,60,34.24264635604223,1.0,6.0,0.0,0
109,switch,pd_history,8,60,34.191495578099,1.0,7.0,0.0,0
109,switch,pd_history,9,60,34.49320023187772,1.0,10.5,0.0,0
109,switch,pd_history,10,60,34.84336925909588,1.0,13.0,0.0,0
109,switch,pd_history,11,60,33.591938931819,1.0,9.0,0.0,0
109,switch,no_control_interpretation,0,60,52.84281452939595,1.0,5.0,0.0,12
109,switch,no_control_interpretation,1,60,53.041908959762466,1.0,10.0,0.0,12
109,switch,no_control_interpretation,2,60,57.54289925208184,1.0,15.5,0.0,16
109,switch,no_control_interpretation,3,60,47.69142859721831,1.0,11.0,0.0,7
109,switch,no_control_interpretation,4,60,57.4930573256247,1.0,14.5,0.0,16
109,switch,no_control_interpretation,5,60,47.791569378864914,1.0,12.5,0.0,7
109,switch,no_control_interpretation,6,60,34.44370046765742,1.0,10.5,0.0,6
109,switch,no_control_interpretation,7,60,34.24264635604223,1.0,6.0,0.0,0
109,switch,no_control_interpretation,8,60,34.191495578099,1.0,7.0,0.0,0
109,switch,no_control_interpretation,9,60,34.49320023187772,1.0,10.5,0.0,0
109,switch,no_control_interpretation,10,60,34.84336925909588,1.0,13.0,0.0,0
109,switch,no_control_interpretation,11,60,33.591938931819,1.0,9.0,0.0,0
109,switch,no_pre_new_only,0,60,11.091838072103187,0.5,0,0.0,0
109,switch,no_pre_new_only,1,60,11.091137161847744,0.5,0,0.0,0
109,switch,no_pre_new_only,2,60,9.615117164203916,0.43333333333333335,0,0.0,0
109,switch,no_pre_new_only,3,60,11.83098276100667,0.5333333333333333,0,0.0,0
109,switch,no_pre_new_only,4,60,9.613076793971773,0.43333333333333335,0,0.0,0
109,switch,no_pre_new_only,5,60,11.833316170691896,0.5333333333333333,0,0.0,0
109,switch,no_pre_new_only,6,60,6.237768541759912,0.2,0,0.0,0
109,switch,no_pre_new_only,7,60,6.975803944170885,0.23333333333333334,0,0.0,0
109,switch,no_pre_new_only,8,60,6.237850824451573,0.2,0,0.0,0
109,switch,no_pre_new_only,9,60,6.2375805028684335,0.2,0,0.0,0
109,switch,no_pre_new_only,10,60,6.2374322544166,0.2,0,0.0,0
109,switch,no_pre_new_only,11,60,6.97716571071088,0.23333333333333334,0,0.0,0
109,switch,greedy_hard_cap,0,60,36.6585432287033,0.8,13.5,0.0,0
109,switch,greedy_hard_cap,1,60,36.657412624761676,0.8,15.5,0.0,0
109,switch,greedy_hard_cap,2,60,35.178526766824625,0.7333333333333333,17.5,0.0,0
109,switch,greedy_hard_cap,3,60,38.508157632904464,0.8833333333333333,15.0,0.0,0
109,switch,greedy_hard_cap,4,60,35.178280614407086,0.7333333333333333,17.0,0.0,0
109,switch,greedy_hard_cap,5,60,38.508349434282145,0.8833333333333333,16.5,0.0,0
109,switch,greedy_hard_cap,6,60,35.19915890547896,1.0,16.5,0.0,0
109,switch,greedy_hard_cap,7,60,35.69804623375783,1.0,20.0,0.0,0
109,switch,greedy_hard_cap,8,60,35.549230705224836,1.0,17.5,0.0,0
109,switch,greedy_hard_cap,9,60,35.84824713735371,1.0,19.5,0.0,0
109,switch,greedy_hard_cap,10,60,36.14840901426767,1.0,21.0,0.0,0
109,switch,greedy_hard_cap,11,60,34.698529605829094,1.0,20.5,0.0,0
110,high_tight,pd_theta_2,0,60,43.17387271690164,0.9,4.0,0.0,5
110,high_tight,pd_theta_2,1,60,44.72364185620208,0.9,12.0,0.0,6
110,high_tight,pd_theta_2,2,60,39.04693061804833,0.8333333333333334,14.5,0.0,2
110,high_tight,pd_theta_2,3,60,44.99325193063594,0.9166666666666666,12.5,0.0,6
110,high_tight,pd_theta_2,4,60,40.416523854982145,0.85,13.5,0.0,3
110,high_tight,pd_theta_2,5,60,43.62395307644312,0.9,14.5,0.0,5
110,high_tight,pd_theta_2,6,60,40.05383823654613,0.8833333333333333,13.0,0.0,3
110,high_tight,pd_theta_2,7,60,46.504100783958485,0.8833333333333333,13.5,0.0,8
110,high_tight,pd_theta_2,8,60,41.60548013714223,0.8,15.0,0.0,5
110,high_tight,pd_theta_2,9,60,43.65251138199512,0.9666666666666667,10.0,0.0,4
110,high_tight,pd_theta_2,10,60,42.38179094727989,0.95,11.0,0.0,3
110,high_tight,pd_theta_2,11,60,42.92597597937678,0.8166666666666667,15.5,0.0,6
110,high_tight,pd_theta_4,0,60,43.17387271690164,0.9,4.0,0.0,5
110,high_tight,pd_theta_4,1,60,44.72364185620208,0.9,12.0,0.0,6
110,high_tight,pd_theta_4,2,60,39.04693061804833,0.8333333333333334,14.5,0.0,2
110,high_tight,pd_theta_4,3,60,45.192729201159665,0.9166666666666666,17.5,0.0,6
110,high_tight,pd_theta_4,4,60,40.56298714421096,0.85,20.5,0.0,3
110,high_tight,pd_theta_4,5,60,43.72398609376012,0.9,19.0,0.0,5
110,high_tight,pd_theta_4,6,60,40.20307092045726,0.8833333333333333,17.5,0.0,3
110,high_tight,pd_theta_4,7,60,46.65374224129174,0.8833333333333333,21.0,0.0,8
110,high_tight,pd_theta_4,8,60,41.655353496266365,0.8,20.5,0.0,5
110,high_tight,pd_theta_4,9,60,43.70251606643689,0.9666666666666667,13.5,0.0,4
110,high_tight,pd_theta_4,10,60,42.68106952599625,0.95,18.0,0.0,3
110,high_tight,pd_theta_4,11,60,43.0757332836116,0.8166666666666667,23.5,0.0,6
110,high_tight,pd_theta_8,0,60,43.17387271690164,0.9,4.0,0.0,5
110,high_tight,pd_theta_8,1,60,44.72364185620208,0.9,12.0,0.0,6
110,high_tight,pd_theta_8,2,60,39.04693061804833,0.8333333333333334,14.5,0.0,2
110,high_tight,pd_theta_8,3,60,45.192729201159665,0.9166666666666666,17.5,0.0,6
110,high_tight,pd_theta_8,4,60,40.56298714421096,0.85,20.5,0.0,3
110,high_tight,pd_theta_8,5,60,43.72413949414256,0.9,22.0,0.0,5
110,high_tight,pd_theta_8,6,60,40.203758933887414,0.8833333333333333,23.5,0.0,3
110,high_tight,pd_theta_8,7,60,46.65374308034087,0.8833333333333333,27.5,0.0,8
110,high_tight,pd_theta_8,8,60,41.75467053371201,0.8,30.0,0.0,5
110,high_tight,pd_theta_8,9,60,44.20108994696695,0.9666666666666667,26.0,0.0,4
110,high_tight,pd_theta_8,10,60,42.68197578051875,0.95,27.0,0.0,3
110,high_tight,pd_theta_8,11,60,43.17433744092694,0.8166666666666667,32.0,0.0,6
110,high_tight,pd_theta_16,0,60,43.17387271690164,0.9,4.0,0.0,5
110,high_tight,pd_theta_16,1,60,44.72364185620208,0.9,12.0,0.0,6
110,high_tight,pd_theta_16,2,60,39.04693061804833,0.8333333333333334,14.5,0.0,2
110,high_tight,pd_theta_16,3,60,45.192729201159665,0.9166666666666666,17.5,0.0,6
110,high_tight,pd_theta_16,4,60,40.56298714421096,0.85,20.5,0.0,3
110,high_tight,pd_theta_16,5,60,43.72413949414256,0.9,22.0,0.0,5
110,high_tight,pd_theta_16,6,60,40.203758933887414,0.8833333333333333,23.5,0.0,3
110,high_tight,pd_theta_16,7,60,46.65374308034087,0.8833333333333333,27.5,0.0,8
110,high_tight,pd_theta_16,8,60,41.75467053371201,0.8,30.0,0.0,5
110,high_tight,pd_theta_16,9,60,44.20230751276805,0.9666666666666667,27.5,0.0,4
110,high_tight,pd_theta_16,10,60,42.68199393278202,0.95,29.0,0.0,3
110,high_tight,pd_theta_16,11,60,43.223991943060476,0.8166666666666667,36.0,0.0,6
110,high_tight,pd_history,0,60,43.17387271690164,0.9,4.0,0.0,5
110,high_tight,pd_history,1,60,44.72364185620208,0.9,12.0,0.0,6
110,high_tight,pd_history,2,60,39.04693061804833,0.8333333333333334,14.5,0.0,2
110,high_tight,pd_history,3,60,44.99325193063594,0.9166666666666666,12.5,0.0,6
110,high_tight,pd_history,4,60,40.416523854982145,0.85,13.5,0.0,3
110,high_tight,pd_history,5,60,43.62395307644312,0.9,14.5,0.0,5
110,high_tight,pd_history,6,60,40.05383823654613,0.8833333333333333,13.0,0.0,3
110,high_tight,pd_history,7,60,46.504100783958485,0.8833333333333333,13.5,0.0,8
110,high_tight,pd_history,8,60,41.60548013714223,0.8,15.0,0.0,5
110,high_tight,pd_history,9,60,43.65251138199512,0.9666666666666667,10.0,0.0,4
110,high_tight,pd_history,10,60,42.38179094727989,0.95,11.0,0.0,3
110,high_tight,pd_history,11,60,42.92597597937678,0.8166666666666667,15.5,0.0,6
110,high_tight,no_control_interpretation,0,60,51.69276722133742,1.0,4.0,0.0,11
110,high_tight,no_control_interpretation,1,60,53.2429553725268,1.0,12.0,0.0,12
110,high_tight,no_control_interpretation,2,60,53.245455388207645,1.0,14.5,0.0,12
110,high_tight,no_control_interpretation,3,60,52.09225868492332,1.0,12.5,0.0,11
110,high_tight,no_control_interpretation,4,60,53.19461013867391,1.0,13.5,0.0,12
110,high_tight,no_control_interpretation,5,60,52.14271365124783,1.0,14.5,0.0,11
110,high_tight,no_control_interpretation,6,60,49.9924857371929,1.0,13.0,0.0,10
110,high_tight,no_control_interpretation,7,60,56.44271105690527,1.0,13.5,0.0,15
110,high_tight,no_control_interpretation,8,60,58.64427490175455,1.0,15.0,0.0,17
110,high_tight,no_control_interpretation,9,60,46.49174140504333,1.0,10.0,0.0,6
110,high_tight,no_control_interpretation,10,60,46.64096383715514,1.0,11.0,0.0,6
110,high_tight,no_control_interpretation,11,60,58.54324225240474,1.0,15.5,0.0,17
110,high_tight,no_pre_new_only,0,60,11.462074067148336,0.5166666666666667,0,0.0,0
110,high_tight,no_pre_new_only,1,60,11.09184160053175,0.5,0,0.0,0
110,high_tight,no_pre_new_only,2,60,11.09056693355735,0.5,0,0.0,0
110,high_tight,no_pre_new_only,3,60,11.461380212041204,0.5166666666666667,0,0.0,0
110,high_tight,no_pre_new_only,4,60,11.093547618049131,0.5,0,0.0,0
110,high_tight,no_pre_new_only,5,60,11.464197613764322,0.5166666666666667,0,0.0,0
110,high_tight,no_pre_new_only,6,60,11.832469645247613,0.5333333333333333,0,0.0,0
110,high_tight,no_pre_new_only,7,60,9.98338345867281,0.45,0,0.0,0
110,high_tight,no_pre_new_only,8,60,9.243303149670837,0.4166666666666667,0,0.0,0
110,high_tight,no_pre_new_only,9,60,11.832404445381945,0.5333333333333333,0,0.0,0
110,high_tight,no_pre_new_only,10,60,11.832699932272892,0.5333333333333333,0,0.0,0
110,high_tight,no_pre_new_only,11,60,9.245182025630982,0.4166666666666667,0,0.0,0
110,high_tight,greedy_hard_cap,0,60,37.02869759863766,0.8166666666666667,13.5,0.0,0
110,high_tight,greedy_hard_cap,1,60,36.65873753551141,0.8,15.0,0.0,0
110,high_tight,greedy_hard_cap,2,60,36.65881791809967,0.8,16.0,0.0,0
110,high_tight,greedy_hard_cap,3,60,37.02830492300944,0.8166666666666667,15.5,0.0,0
110,high_tight,greedy_hard_cap,4,60,36.658830142757864,0.8,16.5,0.0,0
110,high_tight,greedy_hard_cap,5,60,37.028197553708964,0.8166666666666667,16.0,0.0,0
110,high_tight,greedy_hard_cap,6,60,36.34849829654964,0.8333333333333334,18.0,0.0,0
110,high_tight,greedy_hard_cap,7,60,35.54848251621828,0.75,18.0,0.0,0
110,high_tight,greedy_hard_cap,8,60,34.80958680738576,0.7166666666666667,17.0,0.0,0
110,high_tight,greedy_hard_cap,9,60,38.87796765287494,0.9,14.5,0.0,0
110,high_tight,greedy_hard_cap,10,60,38.87868517668782,0.9,16.5,0.0,0
110,high_tight,greedy_hard_cap,11,60,34.808816897822076,0.7166666666666667,19.0,0.0,0
110,high_loose,pd_theta_2,0,60,33.45351912389796,0.9666666666666667,1.0,0.0,0
110,high_loose,pd_theta_2,1,60,33.59280688238537,1.0,1.0,0.0,0
110,high_loose,pd_theta_2,2,60,34.39329725587986,1.0,5.0,0.0,0
110,high_loose,pd_theta_2,3,60,33.891893491528414,1.0,9.0,0.0,0
110,high_loose,pd_theta_2,4,60,34.49364535557378,1.0,12.0,0.0,0
110,high_loose,pd_theta_2,5,60,33.743213282681985,1.0,12.0,0.0,0
110,high_loose,pd_theta_2,6,60,34.643488272399374,1.0,15.5,0.0,0
110,high_loose,pd_theta_2,7,60,34.23933182465891,1.0,13.5,0.0,0
110,high_loose,pd_theta_2,8,60,33.994232159559076,1.0,12.0,0.0,0
110,high_loose,pd_theta_2,9,60,34.19263821023437,1.0,14.0,0.0,0
110,high_loose,pd_theta_2,10,60,34.741451057844195,1.0,13.0,0.0,0
110,high_loose,pd_theta_2,11,60,33.19031283363761,1.0,9.0,0.0,0
110,high_loose,pd_theta_4,0,60,33.45351912389796,0.9666666666666667,1.0,0.0,0
110,high_loose,pd_theta_4,1,60,33.59280688238537,1.0,1.0,0.0,0
110,high_loose,pd_theta_4,2,60,34.39329725587986,1.0,5.0,0.0,0
110,high_loose,pd_theta_4,3,60,33.891893491528414,1.0,9.0,0.0,0
110,high_loose,pd_theta_4,4,60,34.49283537562193,1.0,16.0,0.0,0
110,high_loose,pd_theta_4,5,60,33.74226722547412,1.0,17.0,0.0,0
110,high_loose,pd_theta_4,6,60,34.79299587365245,1.0,20.5,0.0,0
110,high_loose,pd_theta_4,7,60,33.83991280144185,1.0,19.5,0.0,0
110,high_loose,pd_theta_4,8,60,33.99186382990009,1.0,20.5,0.0,0
110,high_loose,pd_theta_4,9,60,34.19289629843744,1.0,20.5,0.0,0
110,high_loose,pd_theta_4,10,60,34.49120862154701,1.0,20.0,0.0,0
110,high_loose,pd_theta_4,11,60,33.190389517029665,1.0,18.0,0.0,0
110,high_loose,pd_theta_8,0,60,33.45351912389796,0.9666666666666667,1.0,0.0,0
110,high_loose,pd_theta_8,1,60,33.59280688238537,1.0,1.0,0.0,0
110,high_loose,pd_theta_8,2,60,34.39329725587986,1.0,5.0,0.0,0
110,high_loose,pd_theta_8,3,60,33.891893491528414,1.0,9.0,0.0,0
110,high_loose,pd_theta_8,4,60,34.49283537562193,1.0,16.0,0.0,0
110,high_loose,pd_theta_8,5,60,33.74226722547412,1.0,17.0,0.0,0
110,high_loose,pd_theta_8,6,60,34.79234974041483,1.0,22.5,0.0,0
110,high_loose,pd_theta_8,7,60,33.83764139537707,1.0,25.5,0.0,0
110,high_loose,pd_theta_8,8,60,33.992182880913695,1.0,27.5,0.0,0
110,high_loose,pd_theta_8,9,60,34.03885410982612,1.0,31.5,0.0,0
110,high_loose,pd_theta_8,10,60,34.342239964553485,1.0,31.0,0.0,0
110,high_loose,pd_theta_8,11,60,33.190654258918954,1.0,31.0,0.0,0
110,high_loose,pd_theta_16,0,60,33.45351912389796,0.9666666666666667,1.0,0.0,0
110,high_loose,pd_theta_16,1,60,33.59280688238537,1.0,1.0,0.0,0
110,high_loose,pd_theta_16,2,60,34.39329725587986,1.0,5.0,0.0,0
110,high_loose,pd_theta_16,3,60,33.891893491528414,1.0,9.0,0.0,0
110,high_loose,pd_theta_16,4,60,34.49283537562193,1.0,16.0,0.0,0
110,high_loose,pd_theta_16,5,60,33.74226722547412,1.0,17.0,0.0,0
110,high_loose,pd_theta_16,6,60,34.79234974041483,1.0,22.5,0.0,0
110,high_loose,pd_theta_16,7,60,33.83764139537707,1.0,25.5,0.0,0
110,high_loose,pd_theta_16,8,60,33.992182880913695,1.0,27.5,0.0,0
110,high_loose,pd_theta_16,9,60,34.03885410982612,1.0,31.5,0.0,0
110,high_loose,pd_theta_16,10,60,34.342140470464585,1.0,33.0,0.0,0
110,high_loose,pd_theta_16,11,60,33.19046570918836,1.0,35.0,0.0,0
110,high_loose,pd_history,0,60,33.45351912389796,0.9666666666666667,1.0,0.0,0
110,high_loose,pd_history,1,60,33.59280688238537,1.0,1.0,0.0,0
110,high_loose,pd_history,2,60,34.39329725587986,1.0,5.0,0.0,0
110,high_loose,pd_history,3,60,33.891893491528414,1.0,9.0,0.0,0
110,high_loose,pd_history,4,60,34.49364535557378,1.0,12.0,0.0,0
110,high_loose,pd_history,5,60,33.743213282681985,1.0,12.0,0.0,0
110,high_loose,pd_history,6,60,34.643488272399374,1.0,15.5,0.0,0
110,high_loose,pd_history,7,60,34.23933182465891,1.0,13.5,0.0,0
110,high_loose,pd_history,8,60,33.994232159559076,1.0,12.0,0.0,0
110,high_loose,pd_history,9,60,34.19263821023437,1.0,14.0,0.0,0
110,high_loose,pd_history,10,60,34.741451057844195,1.0,13.0,0.0,0
110,high_loose,pd_history,11,60,33.19031283363761,1.0,9.0,0.0,0
110,high_loose,no_control_interpretation,0,60,34.49321995893875,1.0,1.0,0.0,2
110,high_loose,no_control_interpretation,1,60,33.59280688238537,1.0,1.0,0.0,0
110,high_loose,no_control_interpretation,2,60,34.39329725587986,1.0,5.0,0.0,0
110,high_loose,no_control_interpretation,3,60,33.891893491528414,1.0,9.0,0.0,0
110,high_loose,no_control_interpretation,4,60,34.49364535557378,1.0,12.0,0.0,0
110,high_loose,no_control_interpretation,5,60,33.743213282681985,1.0,12.0,0.0,0
110,high_loose,no_control_interpretation,6,60,34.643488272399374,1.0,15.5,0.0,0
110,high_loose,no_control_interpretation,7,60,34.23933182465891,1.0,13.5,0.0,0
110,high_loose,no_control_interpretation,8,60,33.994232159559076,1.0,12.0,0.0,0
110,high_loose,no_control_interpretation,9,60,34.19263821023437,1.0,14.0,0.0,0
110,high_loose,no_control_interpretation,10,60,34.741451057844195,1.0,13.0,0.0,0
110,high_loose,no_control_interpretation,11,60,33.19031283363761,1.0,9.0,0.0,0
110,high_loose,no_pre_new_only,0,60,6.237564955634841,0.2,0,0.0,0
110,high_loose,no_pre_new_only,1,60,6.976408415704266,0.23333333333333334,0,0.0,0
110,high_loose,no_pre_new_only,2,60,6.238134293216654,0.2,0,0.0,0
110,high_loose,no_pre_new_only,3,60,6.976784320812124,0.23333333333333334,0,0.0,0
110,high_loose,no_pre_new_only,4,60,6.237501834639464,0.2,0,0.0,0
110,high_loose,no_pre_new_only,5,60,6.97652599229618,0.23333333333333334,0,0.0,0
110,high_loose,no_pre_new_only,6,60,6.236582020534426,0.2,0,0.0,0
110,high_loose,no_pre_new_only,7,60,6.23712174607625,0.2,0,0.0,0
110,high_loose,no_pre_new_only,8,60,6.238071736685603,0.2,0,0.0,0
110,high_loose,no_pre_new_only,9,60,6.977242667208085,0.23333333333333334,0,0.0,0
110,high_loose,no_pre_new_only,10,60,6.237251788451467,0.2,0,0.0,0
110,high_loose,no_pre_new_only,11,60,6.9779464850576085,0.23333333333333334,0,0.0,0
110,high_loose,greedy_hard_cap,0,60,35.09788168563136,1.0,9.0,0.0,0
110,high_loose,greedy_hard_cap,1,60,34.5975703433607,1.0,14.0,0.0,0
110,high_loose,greedy_hard_cap,2,60,35.29616766393008,1.0,16.5,0.0,0
110,high_loose,greedy_hard_cap,3,60,34.89806587878762,1.0,16.0,0.0,0
110,high_loose,greedy_hard_cap,4,60,35.446618414451414,1.0,16.0,0.0,0
110,high_loose,greedy_hard_cap,5,60,35.09633499393399,1.0,16.0,0.0,0
110,high_loose,greedy_hard_cap,6,60,35.84628250694099,1.0,19.5,0.0,0
110,high_loose,greedy_hard_cap,7,60,34.9981004905252,1.0,18.5,0.0,0
110,high_loose,greedy_hard_cap,8,60,34.89864305491096,1.0,18.5,0.0,0
110,high_loose,greedy_hard_cap,9,60,35.59500861180303,1.0,21.0,0.0,0
110,high_loose,greedy_hard_cap,10,60,36.29714597275772,1.0,19.5,0.0,0
110,high_loose,greedy_hard_cap,11,60,34.29902430572093,1.0,17.0,0.0,0
110,random,pd_theta_2,0,60,42.292645139647114,1.0,1.0,0.0,4
110,random,pd_theta_2,1,60,44.64126589234508,1.0,3.0,0.0,2
110,random,pd_theta_2,2,60,43.44225784769368,1.0,10.5,0.0,2
110,random,pd_theta_2,3,60,42.2894710867626,1.0,11.5,0.0,1
110,random,pd_theta_2,4,60,42.742498312559555,1.0,11.5,0.0,0
110,random,pd_theta_2,5,60,44.73949962220951,1.0,14.0,0.0,0
110,random,pd_theta_2,6,60,38.031234827958436,0.95,16.5,0.0,0
110,random,pd_theta_2,7,60,46.19120104219152,1.0,16.5,0.0,0
110,random,pd_theta_2,8,60,42.39136660234998,1.0,19.5,0.0,0
110,random,pd_theta_2,9,60,42.63914298436306,1.0,20.0,0.0,0
110,random,pd_theta_2,10,60,38.93856401165723,1.0,17.0,0.0,0
110,random,pd_theta_2,11,60,46.690411724988415,1.0,12.0,0.0,0
110,random,pd_theta_4,0,60,42.292645139647114,1.0,1.0,0.0,4
110,random,pd_theta_4,1,60,44.64126589234508,1.0,3.0,0.0,2
110,random,pd_theta_4,2,60,43.44225784769368,1.0,10.5,0.0,2
110,random,pd_theta_4,3,60,42.2894710867626,1.0,12.5,0.0,1
110,random,pd_theta_4,4,60,42.79151293731425,1.0,19.5,0.0,0
110,random,pd_theta_4,5,60,44.78829852753804,1.0,23.0,0.0,0
110,random,pd_theta_4,6,60,39.48953069302426,1.0,23.0,0.0,0
110,random,pd_theta_4,7,60,46.090744622189916,1.0,24.0,0.0,0
110,random,pd_theta_4,8,60,42.3908836725915,1.0,30.0,0.0,0
110,random,pd_theta_4,9,60,42.98966344573905,1.0,30.5,0.0,0
110,random,pd_theta_4,10,60,38.93869068286874,1.0,25.5,0.0,0
110,random,pd_theta_4,11,60,46.690439064613564,1.0,22.0,0.0,0
110,random,pd_theta_8,0,60,42.292645139647114,1.0,1.0,0.0,4
110,random,pd_theta_8,1,60,44.64126589234508,1.0,3.0,0.0,2
110,random,pd_theta_8,2,60,43.44225784769368,1.0,10.5,0.0,2
110,random,pd_theta_8,3,60,42.2894710867626,1.0,12.5,0.0,1
110,random,pd_theta_8,4,60,42.79151293731425,1.0,19.5,0.0,0
110,random,pd_theta_8,5,60,44.78829852753804,1.0,23.0,0.0,0
110,random,pd_theta_8,6,60,38.5507105244849,0.9666666666666667,29.5,0.0,0
110,random,pd_theta_8,7,60,46.08964729413904,1.0,31.5,0.0,0
110,random,pd_theta_8,8,60,42.3909567205903,1.0,36.0,0.0,0
110,random,pd_theta_8,9,60,42.88772405682069,1.0,38.5,0.0,0
110,random,pd_theta_8,10,60,39.08932561826381,1.0,37.5,0.0,0
110,random,pd_theta_8,11,60,46.88978753791761,1.0,38.5,0.0,0
110,random,pd_theta_16,0,60,42.292645139647114,1.0,1.0,0.0,4
110,random,pd_theta_16,1,60,44.64126589234508,1.0,3.0,0.0,2
110,random,pd_theta_16,2,60,43.44225784769368,1.0,10.5,0.0,2
110,random,pd_theta_16,3,60,42.2894710867626,1.0,12.5,0.0,1
110,random,pd_theta_16,4,60,42.79151293731425,1.0,19.5,0.0,0
110,random,pd_theta_16,5,60,44.78829852753804,1.0,23.0,0.0,0
110,random,pd_theta_16,6,60,38.5507105244849,0.9666666666666667,29.5,0.0,0
110,random,pd_theta_16,7,60,46.08964729413904,1.0,31.5,0.0,0
110,random,pd_theta_16,8,60,42.3909567205903,1.0,36.0,0.0,0
110,random,pd_theta_16,9,60,42.88772405682069,1.0,38.5,0.0,0
110,random,pd_theta_16,10,60,39.08986387816848,1.0,42.0,0.0,0
110,random,pd_theta_16,11,60,46.98903991290355,1.0,45.0,0.0,0
110,random,pd_history,0,60,42.292645139647114,1.0,1.0,0.0,4
110,random,pd_history,1,60,44.64126589234508,1.0,3.0,0.0,2
110,random,pd_history,2,60,43.44225784769368,1.0,10.5,0.0,2
110,random,pd_history,3,60,42.2894710867626,1.0,11.5,0.0,1
110,random,pd_history,4,60,42.742498312559555,1.0,11.5,0.0,0
110,random,pd_history,5,60,44.73949962220951,1.0,14.0,0.0,0
110,random,pd_history,6,60,38.031234827958436,0.95,16.5,0.0,0
110,random,pd_history,7,60,46.19120104219152,1.0,16.5,0.0,0
110,random,pd_history,8,60,42.39136660234998,1.0,19.5,0.0,0
110,random,pd_history,9,60,42.63914298436306,1.0,20.0,0.0,0
110,random,pd_history,10,60,38.93856401165723,1.0,17.0,0.0,0
110,random,pd_history,11,60,46.690411724988415,1.0,12.0,0.0,0
110,random,no_control_interpretation,0,60,42.292645139647114,1.0,1.0,0.0,4
110,random,no_control_interpretation,1,60,44.64126589234508,1.0,3.0,0.0,2
110,random,no_control_interpretation,2,60,43.44225784769368,1.0,10.5,0.0,2
110,random,no_control_interpretation,3,60,42.2894710867626,1.0,11.5,0.0,1
110,random,no_control_interpretation,4,60,42.742498312559555,1.0,11.5,0.0,0
110,random,no_control_interpretation,5,60,44.73949962220951,1.0,14.0,0.0,0
110,random,no_control_interpretation,6,60,39.59087880798079,1.0,16.5,0.0,0
110,random,no_control_interpretation,7,60,46.19120104219152,1.0,16.5,0.0,0
110,random,no_control_interpretation,8,60,42.39136660234998,1.0,19.5,0.0,0
110,random,no_control_interpretation,9,60,42.63914298436306,1.0,20.0,0.0,0
110,random,no_control_interpretation,10,60,38.93856401165723,1.0,17.0,0.0,0
110,random,no_control_interpretation,11,60,46.690411724988415,1.0,12.0,0.0,0
110,random,no_pre_new_only,0,60,9.853788793480227,0.38333333333333336,0,0.0,0
110,random,no_pre_new_only,1,60,8.885566913808969,0.36666666666666664,0,0.0,0
110,random,no_pre_new_only,2,60,9.63393532962592,0.36666666666666664,0,0.0,0
110,random,no_pre_new_only,3,60,10.075097976964557,0.4,0,0.0,0
110,random,no_pre_new_only,4,60,9.704192715930263,0.38333333333333336,0,0.0,0
110,random,no_pre_new_only,5,60,10.294593069504172,0.4166666666666667,0,0.0,0
110,random,no_pre_new_only,6,60,9.184001788934966,0.36666666666666664,0,0.0,0
110,random,no_pre_new_only,7,60,9.115429538317468,0.35,0,0.0,0
110,random,no_pre_new_only,8,60,9.634976479574608,0.36666666666666664,0,0.0,0
110,random,no_pre_new_only,9,60,10.073520220082266,0.4,0,0.0,0
110,random,no_pre_new_only,10,60,10.293370360717667,0.4166666666666667,0,0.0,0
110,random,no_pre_new_only,11,60,8.525452554537448,0.31666666666666665,0,0.0,0
110,random,greedy_hard_cap,0,60,34.97786704736434,0.9,12.0,0.0,0
110,random,greedy_hard_cap,1,60,45.89754642231126,1.0,14.0,0.0,0
110,random,greedy_hard_cap,2,60,43.27777777540078,0.9833333333333333,18.5,0.0,0
110,random,greedy_hard_cap,3,60,42.228812815341556,0.9833333333333333,19.5,0.0,0
110,random,greedy_hard_cap,4,60,43.79862176720522,1.0,19.0,0.0,0
110,random,greedy_hard_cap,5,60,45.7489036795357,1.0,20.0,0.0,0
110,random,greedy_hard_cap,6,60,40.64793531051079,1.0,24.0,0.0,0
110,random,greedy_hard_cap,7,60,46.949144207447475,1.0,20.5,0.0,0
110,random,greedy_hard_cap,8,60,43.04938207849928,1.0,19.0,0.0,0
110,random,greedy_hard_cap,9,60,44.09974638573883,1.0,23.0,0.0,0
110,random,greedy_hard_cap,10,60,40.1983274554001,1.0,23.5,0.0,0
110,random,greedy_hard_cap,11,60,46.12820818329615,0.9833333333333333,19.0,0.0,0
110,switch,pd_theta_2,0,60,43.17387271690164,0.9,4.0,0.0,5
110,switch,pd_theta_2,1,60,44.72364185620208,0.9,12.0,0.0,6
110,switch,pd_theta_2,2,60,39.04693061804833,0.8333333333333334,14.5,0.0,2
110,switch,pd_theta_2,3,60,44.99325193063594,0.9166666666666666,12.5,0.0,6
110,switch,pd_theta_2,4,60,40.416523854982145,0.85,13.5,0.0,3
110,switch,pd_theta_2,5,60,43.62395307644312,0.9,14.5,0.0,5
110,switch,pd_theta_2,6,60,34.374373348869916,0.9833333333333333,7.0,0.0,2
110,switch,pd_theta_2,7,60,34.24069269539047,1.0,7.0,0.0,0
110,switch,pd_theta_2,8,60,33.992663280212646,1.0,8.0,0.0,0
110,switch,pd_theta_2,9,60,34.34102604958801,1.0,13.0,0.0,0
110,switch,pd_theta_2,10,60,34.64070495937409,1.0,14.0,0.0,0
110,switch,pd_theta_2,11,60,33.19031283363761,1.0,9.0,0.0,0
110,switch,pd_theta_4,0,60,43.17387271690164,0.9,4.0,0.0,5
110,switch,pd_theta_4,1,60,44.72364185620208,0.9,12.0,0.0,6
110,switch,pd_theta_4,2,60,39.04693061804833,0.8333333333333334,14.5,0.0,2
110,switch,pd_theta_4,3,60,45.192729201159665,0.9166666666666666,17.5,0.0,6
110,switch,pd_theta_4,4,60,40.56298714421096,0.85,20.5,0.0,3
110,switch,pd_theta_4,5,60,43.72398609376012,0.9,19.0,0.0,5
110,switch,pd_theta_4,6,60,34.67375445434103,0.9833333333333333,12.0,0.0,2
110,switch,pd_theta_4,7,60,34.390886064697746,1.0,13.5,0.0,0
110,switch,pd_theta_4,8,60,34.19228965860712,1.0,15.0,0.0,0
110,switch,pd_theta_4,9,60,34.34103350479101,1.0,17.0,0.0,0
110,switch,pd_theta_4,10,60,34.74177319093171,1.0,18.0,0.0,0
110,switch,pd_theta_4,11,60,33.19024732763749,1.0,18.5,0.0,0
110,switch,pd_theta_8,0,60,43.17387271690164,0.9,4.0,0.0,5
110,switch,pd_theta_8,1,60,44.72364185620208,0.9,12.0,0.0,6
110,switch,pd_theta_8,2,60,39.04693061804833,0.8333333333333334,14.5,0.0,2
110,switch,pd_theta_8,3,60,45.192729201159665,0.9166666666666666,17.5,0.0,6
110,switch,pd_theta_8,4,60,40.56298714421096,0.85,20.5,0.0,3
110,switch,pd_theta_8,5,60,43.72413949414256,0.9,22.0,0.0,5
110,switch,pd_theta_8,6,60,34.67100683608325,0.9833333333333333,18.0,0.0,2
110,switch,pd_theta_8,7,60,33.44908008051766,0.9666666666666667,22.5,0.0,1
110,switch,pd_theta_8,8,60,34.290732611472194,1.0,26.0,0.0,0
110,switch,pd_theta_8,9,60,34.84057716393882,1.0,27.5,0.0,0
110,switch,pd_theta_8,10,60,35.43985255922057,1.0,30.0,0.0,0
110,switch,pd_theta_8,11,60,33.88931245590085,1.0,31.5,0.0,0
110,switch,pd_theta_16,0,60,43.17387271690164,0.9,4.0,0.0,5
110,switch,pd_theta_16,1,60,44.72364185620208,0.9,12.0,0.0,6
110,switch,pd_theta_16,2,60,39.04693061804833,0.8333333333333334,14.5,0.0,2
110,switch,pd_theta_16,3,60,45.192729201159665,0.9166666666666666,17.5,0.0,6
110,switch,pd_theta_16,4,60,40.56298714421096,0.85,20.5,0.0,3
110,switch,pd_theta_16,5,60,43.72413949414256,0.9,22.0,0.0,5
110,switch,pd_theta_16,6,60,34.67100683608325,0.9833333333333333,18.0,0.0,2
110,switch,pd_theta_16,7,60,33.44908008051766,0.9666666666666667,22.5,0.0,1
110,switch,pd_theta_16,8,60,34.290732611472194,1.0,26.0,0.0,0
110,switch,pd_theta_16,9,60,34.84057716393882,1.0,30.0,0.0,0
110,switch,pd_theta_16,10,60,35.540553394442924,1.0,34.5,0.0,0
110,switch,pd_theta_16,11,60,33.88931245590085,1.0,37.0,0.0,0
110,switch,pd_history,0,60,43.17387271690164,0.9,4.0,0.0,5
110,switch,pd_history,1,60,44.72364185620208,0.9,12.0,0.0,6
110,switch,pd_history,2,60,39.04693061804833,0.8333333333333334,14.5,0.0,2
110,switch,pd_history,3,60,44.99325193063594,0.9166666666666666,12.5,0.0,6
110,switch,pd_history,4,60,40.416523854982145,0.85,13.5,0.0,3
110,switch,pd_history,5,60,43.62395307644312,0.9,14.5,0.0,5
110,switch,pd_history,6,60,34.374373348869916,0.9833333333333333,7.0,0.0,2
110,switch,pd_history,7,60,34.24069269539047,1.0,7.0,0.0,0
110,switch,pd_history,8,60,33.992663280212646,1.0,8.0,0.0,0
110,switch,pd_history,9,60,34.34102604958801,1.0,13.0,0.0,0
110,switch,pd_history,10,60,34.64070495937409,1.0,14.0,0.0,0
110,switch,pd_history,11,60,33.19031283363761,1.0,9.0,0.0,0
110,switch,no_control_interpretation,0,60,51.69276722133742,1.0,4.0,0.0,11
110,switch,no_control_interpretation,1,60,53.2429553725268,1.0,12.0,0.0,12
110,switch,no_control_interpretation,2,60,53.245455388207645,1.0,14.5,0.0,12
110,switch,no_control_interpretation,3,60,52.09225868492332,1.0,12.5,0.0,11
110,switch,no_control_interpretation,4,60,53.19461013867391,1.0,13.5,0.0,12
110,switch,no_control_interpretation,5,60,52.14271365124783,1.0,14.5,0.0,11
110,switch,no_control_interpretation,6,60,34.89436731762287,1.0,7.0,0.0,3
110,switch,no_control_interpretation,7,60,34.24069269539047,1.0,7.0,0.0,0
110,switch,no_control_interpretation,8,60,33.992663280212646,1.0,8.0,0.0,0
110,switch,no_control_interpretation,9,60,34.34102604958801,1.0,13.0,0.0,0
110,switch,no_control_interpretation,10,60,34.64070495937409,1.0,14.0,0.0,0
110,switch,no_control_interpretation,11,60,33.19031283363761,1.0,9.0,0.0,0
110,switch,no_pre_new_only,0,60,11.462074067148336,0.5166666666666667,0,0.0,0
110,switch,no_pre_new_only,1,60,11.09184160053175,0.5,0,0.0,0
110,switch,no_pre_new_only,2,60,11.09056693355735,0.5,0,0.0,0
110,switch,no_pre_new_only,3,60,11.461380212041204,0.5166666666666667,0,0.0,0
110,switch,no_pre_new_only,4,60,11.093547618049131,0.5,0,0.0,0
110,switch,no_pre_new_only,5,60,11.464197613764322,0.5166666666666667,0,0.0,0
110,switch,no_pre_new_only,6,60,6.236582020534426,0.2,0,0.0,0
110,switch,no_pre_new_only,7,60,6.23712174607625,0.2,0,0.0,0
110,switch,no_pre_new_only,8,60,6.238071736685603,0.2,0,0.0,0
110,switch,no_pre_new_only,9,60,6.977242667208085,0.23333333333333334,0,0.0,0
110,switch,no_pre_new_only,10,60,6.237251788451467,0.2,0,0.0,0
110,switch,no_pre_new_only,11,60,6.9779464850576085,0.23333333333333334,0,0.0,0
110,switch,greedy_hard_cap,0,60,37.02869759863766,0.8166666666666667,13.5,0.0,0
110,switch,greedy_hard_cap,1,60,36.65873753551141,0.8,15.0,0.0,0
110,switch,greedy_hard_cap,2,60,36.65881791809967,0.8,16.0,0.0,0
110,switch,greedy_hard_cap,3,60,37.02830492300944,0.8166666666666667,15.5,0.0,0
110,switch,greedy_hard_cap,4,60,36.658830142757864,0.8,16.5,0.0,0
110,switch,greedy_hard_cap,5,60,37.028197553708964,0.8166666666666667,16.0,0.0,0
110,switch,greedy_hard_cap,6,60,36.14750756901507,1.0,16.0,0.0,0
110,switch,greedy_hard_cap,7,60,35.248384862210884,1.0,21.0,0.0,0
110,switch,greedy_hard_cap,8,60,34.94941999076324,1.0,20.5,0.0,0
110,switch,greedy_hard_cap,9,60,35.746710006266774,1.0,22.5,0.0,0
110,switch,greedy_hard_cap,10,60,36.54615004374911,1.0,21.0,0.0,0
110,switch,greedy_hard_cap,11,60,34.349024305720924,1.0,18.5,0.0,0
