phase,seed,scenario,policy,trace_sha256,ledger_sha256,requests,accepted,qualified,admission_ratio,qualified_ratio,intrinsically_feasible,new_branch_requests,cold_blocked_rejections,created_floor,created_extra,released,mean_idle_vcpu,peak_vcpu,resource_violation_slots,peak_resource_violation_vcpu,peak_logical_new_violation,warm_slot_violation_total,concurrency_excess_requests,potential_payment,revenue,upload_cost,link_cost,inference_cost,profit,rejected_accuracy,rejected_deadline,rejected_strict_resource,rejected_nonpositive_residual,rejected_cold_deadline_no_instance,rejected_admission_control,runtime_seconds
development,11,high_tight,pd_theta_2,36d1306e4ce80f55c3b2b6c801762d1b3f42e787444278af43177f8947c8e54d,86e5e3793c486bdf7e10d5cafc75807a7cf916cee685896580f18b890d215580,1440,1287,1287,0.89375,0.89375,1440,164,153,36,132,121,13.5,36.5,0,0.0,0.0,130,130,1430.4,1185.6000000000001,0.00521932807333738,0.14885686504396145,134.96,1050.4859238068827,0,0,0,0,0,153,1.1754555
development,11,high_tight,pd_theta_4,36d1306e4ce80f55c3b2b6c801762d1b3f42e787444278af43177f8947c8e54d,41509bfbe6bb0d17337e9601f041c4bed4d30d5b95ead89bae3a237bbd769032,1440,1287,1287,0.89375,0.89375,1440,144,153,36,120,100,18.645833333333332,41.5,0,0.0,0.0,130,130,1430.4,1185.6000000000001,0.00521932807333738,0.1555319629504688,132.56,1052.8792487089763,0,0,0,0,0,153,2.0782279
development,11,high_tight,pd_theta_8,36d1306e4ce80f55c3b2b6c801762d1b3f42e787444278af43177f8947c8e54d,e72d66dc4cf4f4b7b7835df6de9ac90979e31cf5fccff4b430c06dd1c42b8f13,1440,1287,1287,0.89375,0.89375,1440,117,153,36,101,63,24.5,48.5,0,0.0,0.0,130,130,1430.4,1185.6000000000001,0.00521932807333738,0.1661117835654153,130.81,1054.6186688883613,0,0,0,0,0,153,2.0970902
development,11,high_tight,pd_theta_16,36d1306e4ce80f55c3b2b6c801762d1b3f42e787444278af43177f8947c8e54d,e4b942bc0fa45f1d365a6f1b9c89ef687d457932ee0b352afc6a0a41e851663a,1440,1287,1287,0.89375,0.89375,1440,99,153,36,90,31,31.270833333333332,62.0,0,0.0,0.0,130,130,1430.4,1185.6000000000001,0.00521932807333738,0.16125418524938268,128.76,1056.6735264866775,0,0,0,0,0,153,1.7914713000000004
development,11,high_tight,pd_history,36d1306e4ce80f55c3b2b6c801762d1b3f42e787444278af43177f8947c8e54d,86e5e3793c486bdf7e10d5cafc75807a7cf916cee685896580f18b890d215580,1440,1287,1287,0.89375,0.89375,1440,164,153,36,132,121,13.5,36.5,0,0.0,0.0,130,130,1430.4,1185.6000000000001,0.00521932807333738,0.14885686504396145,134.96,1050.4859238068827,0,0,0,0,0,153,1.4826270000000008
development,11,high_tight,no_control_interpretation,36d1306e4ce80f55c3b2b6c801762d1b3f42e787444278af43177f8947c8e54d,ffb0c948f867d57f21a8368d8c82b55b6d1ca2c0586c38911871b7b84006a36c,1440,1440,1440,1.0,1.0,1440,164,0,36,132,121,13.5,36.5,0,0.0,0.0,283,283,1430.4,1430.4,0.005921007906199443,0.17515471993045018,162.5,1267.7189242721636,0,0,0,0,0,0,1.2624744000000003
development,11,high_tight,no_pre_new_only,36d1306e4ce80f55c3b2b6c801762d1b3f42e787444278af43177f8947c8e54d,ab597882f74170ca7b267f1ea7abae47e2dbcba46b5865083faa0407f3671609,1440,724,724,0.5027777777777778,0.5027777777777778,1440,724,712,0,422,422,0.0,10.0,0,0.0,0.0,0,0,1430.4,289.6,0.0028958071239868267,0.17116578207471628,21.72,267.7059384108013,0,0,0,0,712,4,1.0043159999999993
development,11,high_tight,greedy_hard_cap,36d1306e4ce80f55c3b2b6c801762d1b3f42e787444278af43177f8947c8e54d,32370d747e0c8a61438d171ff37e92c075d98fe674f5a43aa44b8a2da85950ea,1440,1157,1157,0.8034722222222223,0.8034722222222223,1440,118,283,36,75,61,17.0625,36.5,0,0.0,0.0,0,0,1430.4,977.6,0.004719002486954456,0.04232758357927664,99.06,878.4929534139338,0,0,283,0,0,0,1.1508743999999993
development,11,high_loose,pd_theta_2,ef6f21adb7cd6476bfd24493baab6a580a7a5148cea95906f6dab0085e75901e,40d380483cbb463c7c074b8900ff502005c72aa0367783e75fabfaca47c888b6,1440,1439,1439,0.9993055555555556,0.9993055555555556,1440,125,0,36,114,95,10.958333333333334,50.5,0,0.0,0.0,0,0,1003.1999999999999,1002.4999999999999,0.00591721736080321,0.19358478844413196,182.01999999999998,820.280497994195,0,0,0,0,0,1,0.9376594999999988
development,11,high_loose,pd_theta_4,ef6f21adb7cd6476bfd24493baab6a580a7a5148cea95906f6dab0085e75901e,f3fefd438dc65618f5faa6d4ecb3876db55df3b55358ec11b65bde385d14cd47,1440,1439,1439,0.9993055555555556,0.9993055555555556,1440,102,0,36,96,71,16.645833333333332,57.5,0,0.0,0.0,0,0,1003.1999999999999,1002.4999999999999,0.00591721736080321,0.21486229993950373,182.76999999999998,819.5092204826997,0,0,0,0,0,1,0.9397548000000011
development,11,high_loose,pd_theta_8,ef6f21adb7cd6476bfd24493baab6a580a7a5148cea95906f6dab0085e75901e,e41ae18d0a3fae3145799dd81bd7152ef8f3cc9924a54d296cf44ff67788a132,1440,1439,1439,0.9993055555555556,0.9993055555555556,1440,91,0,36,85,48,25.729166666666668,70.5,0,0.0,0.0,0,0,1003.1999999999999,1002.4999999999999,0.00591721736080321,0.21735218458993327,184.01999999999998,818.2567305980492,0,0,0,0,0,1,1.0699176999999995
development,11,high_loose,pd_theta_16,ef6f21adb7cd6476bfd24493baab6a580a7a5148cea95906f6dab0085e75901e,e56af7be19c235b84846b2a7348b02b11d3a26ce0d304365c3431ce87fcf8d45,1440,1439,1439,0.9993055555555556,0.9993055555555556,1440,89,0,36,83,18,36.020833333333336,94.0,0,0.0,0.0,0,0,1003.1999999999999,1002.4999999999999,0.00591721736080321,0.22275697526225188,184.32,817.9513258073769,0,0,0,0,0,1,0.9028433000000007
development,11,high_loose,pd_history,ef6f21adb7cd6476bfd24493baab6a580a7a5148cea95906f6dab0085e75901e,40d380483cbb463c7c074b8900ff502005c72aa0367783e75fabfaca47c888b6,1440,1439,1439,0.9993055555555556,0.9993055555555556,1440,125,0,36,114,95,10.958333333333334,50.5,0,0.0,0.0,0,0,1003.1999999999999,1002.4999999999999,0.00591721736080321,0.19358478844413196,182.01999999999998,820.280497994195,0,0,0,0,0,1,0.9446239999999975
development,11,high_loose,no_control_interpretation,ef6f21adb7cd6476bfd24493baab6a580a7a5148cea95906f6dab0085e75901e,a525fcec0a9447d0bdd801943d7c430a3d271f1043c2f53d3b9951adb7fcc68e,1440,1440,1440,1.0,1.0,1440,125,0,36,114,95,10.958333333333334,50.5,0,0.0,0.0,1,1,1003.1999999999999,1003.1999999999999,0.005921007906199443,0.19358478844413196,182.2,820.8004942036496,0,0,0,0,0,0,0.8603226999999976
development,11,high_loose,no_pre_new_only,ef6f21adb7cd6476bfd24493baab6a580a7a5148cea95906f6dab0085e75901e,e6a0708c6c319c81013900c42667f67087e0d625d221d4f04c761ac42f689571,1440,304,304,0.2111111111111111,0.2111111111111111,1440,304,712,0,211,211,0.0,10.0,0,0.0,0.0,0,0,1003.1999999999999,208.0,0.00130130009659113,0.06725220488561881,52.32,155.6114464950178,0,0,0,0,712,424,0.7904675999999995
development,11,high_loose,greedy_hard_cap,ef6f21adb7cd6476bfd24493baab6a580a7a5148cea95906f6dab0085e75901e,e086943a02f768c001700086af08beac8b3ee7fa3f12e84063ba274f6f17fc86,1440,1440,1440,1.0,1.0,1440,100,0,36,71,53,18.104166666666668,47.5,0,0.0,0.0,0,0,1003.1999999999999,1003.1999999999999,0.005921007906199443,0.050891328587080065,157.65,845.4931876635067,0,0,0,0,0,0,0.9822504999999992
development,11,random,pd_theta_2,8d63d313e36820e4c280cfe8aadfd150d1715d4c9cddc0c6d405185ebd04f458,9aa0b9379b89550fc10b6287a64fc6d2f3ebc8342a3fd7810cb1a0a118796704,1440,1436,1436,0.9972222222222222,0.9972222222222222,1440,180,0,36,149,131,13.979166666666666,51.5,0,0.0,0.0,5,5,1206.0,1203.2,0.0059076542437873055,0.22116370357157364,176.38,1026.5929286421847,0,0,0,0,0,4,0.9542281999999993
development,11,random,pd_theta_4,8d63d313e36820e4c280cfe8aadfd150d1715d4c9cddc0c6d405185ebd04f458,341052c8d98dfd91d062725286d7d5e4ea5d714a5487d01264a0ad6bd7253048,1440,1437,1437,0.9979166666666667,0.9979166666666667,1440,144,0,36,130,96,22.479166666666668,62.0,0,0.0,0.0,4,4,1206.0,1203.9,0.005909153553278601,0.22421671294792037,173.41,1030.259874133499,0,0,0,0,0,3,0.9693986999999993
development,11,random,pd_theta_8,8d63d313e36820e4c280cfe8aadfd150d1715d4c9cddc0c6d405185ebd04f458,bee849467c60cebc52dbeeb1e7afd3523fef55e9bd08ea5a52e1c8a8348b2a5f,1440,1437,1437,0.9979166666666667,0.9979166666666667,1440,119,0,36,114,66,32.270833333333336,74.5,0,0.0,0.0,4,4,1206.0,1203.9,0.005909153553278601,0.22561748466738876,170.51,1033.1584733617794,0,0,0,0,0,3,1.0447282000000016
development,11,random,pd_theta_16,8d63d313e36820e4c280cfe8aadfd150d1715d4c9cddc0c6d405185ebd04f458,85583b262f1d07e05af148368786c68f67baaec8d357c27a1b6d57583cc6e5e5,1440,1437,1437,0.9979166666666667,0.9979166666666667,1440,102,0,36,97,27,41.270833333333336,93.0,1,0.5,0.0,4,4,1206.0,1203.9,0.005909153553278601,0.23403206735333917,168.51,1035.1500587790933,0,0,0,0,0,3,1.0216112000000024
development,11,random,pd_history,8d63d313e36820e4c280cfe8aadfd150d1715d4c9cddc0c6d405185ebd04f458,9aa0b9379b89550fc10b6287a64fc6d2f3ebc8342a3fd7810cb1a0a118796704,1440,1436,1436,0.9972222222222222,0.9972222222222222,1440,180,0,36,149,131,13.979166666666666,51.5,0,0.0,0.0,5,5,1206.0,1203.2,0.0059076542437873055,0.22116370357157364,176.38,1026.5929286421847,0,0,0,0,0,4,1.2597714999999994
development,11,random,no_control_interpretation,8d63d313e36820e4c280cfe8aadfd150d1715d4c9cddc0c6d405185ebd04f458,e830f7388c4afefb4843b3f3fdd2c036a2614f45a1bd362268762e787664f9d5,1440,1440,1440,1.0,1.0,1440,182,0,36,149,131,13.979166666666666,51.5,0,0.0,0.0,5,5,1206.0,1206.0,0.005921007906199443,0.22177881116482792,177.1,1028.672300180929,0,0,0,0,0,0,1.2801729000000002
development,11,random,no_pre_new_only,8d63d313e36820e4c280cfe8aadfd150d1715d4c9cddc0c6d405185ebd04f458,bf8be0800b005c09225420e8e173f7a4adf90ace86bb74b5e401c27274cbf24c,1440,535,535,0.3715277777777778,0.3715277777777778,1440,535,712,0,372,372,0.0,12.5,0,0.0,0.0,0,0,1206.0,271.9,0.0021762981418918526,0.12355924386730963,45.0,226.7742644579908,0,0,0,0,712,193,1.3388642999999973
development,11,random,greedy_hard_cap,8d63d313e36820e4c280cfe8aadfd150d1715d4c9cddc0c6d405185ebd04f458,c97f06b4f58f911ce64a37ace2b28168a94f15c85344ebaad811cdb4d949299a,1440,1431,1431,0.99375,0.99375,1440,112,9,36,86,60,19.916666666666668,48.5,0,0.0,0.0,0,0,1206.0,1191.6,0.005891658363146331,0.033994813040929286,149.38,1042.180113528596,0,0,9,0,0,0,1.1334665999999984
development,11,switch,pd_theta_2,362acba3225c6be32a76fee94b2806a52b7fac4eada4e1fe4acbd273f3f69c2d,44f86d36c976db7816f4c51f5476bf763357ace35e3ff1a6a0adb658d8009eda,1440,1368,1368,0.95,0.95,1440,154,72,36,127,107,11.770833333333334,50.5,0,0.0,0.0,68,68,1216.2,1101.0,0.005598639464057758,0.17077339687842405,160.09,940.7336279636576,0,0,0,0,0,72,1.067562800000001
development,11,switch,pd_theta_4,362acba3225c6be32a76fee94b2806a52b7fac4eada4e1fe4acbd273f3f69c2d,f5ca283f87b4d1510cbb006521f16daf6bb3a8ff1a9cc7de944a0511816dc0f1,1440,1368,1368,0.95,0.95,1440,132,72,36,113,88,17.229166666666668,58.0,0,0.0,0.0,69,69,1216.2,1101.0,0.005598639464057758,0.17900242135480124,158.49,942.3253989391811,0,0,0,0,0,72,1.0215484000000004
development,11,switch,pd_theta_8,362acba3225c6be32a76fee94b2806a52b7fac4eada4e1fe4acbd273f3f69c2d,8f61cedf45cb3546d2fbebcb01de0ed16765f3bbdb667e9b5263cfc303e80807,1440,1368,1368,0.95,0.95,1440,113,72,36,98,60,24.5625,69.5,0,0.0,0.0,69,69,1216.2,1101.0,0.005598639464057758,0.18827232166995708,155.44,945.366129038866,0,0,0,0,0,72,0.9676596000000011
development,11,switch,pd_theta_16,362acba3225c6be32a76fee94b2806a52b7fac4eada4e1fe4acbd273f3f69c2d,488b91edf23f3c34363b785672ead4113fb5d0bf6fb23537a81bb24d48336380,1440,1365,1365,0.9479166666666666,0.9479166666666666,1440,105,72,36,93,31,32.583333333333336,79.5,0,0.0,0.0,69,69,1216.2,1098.9,0.005579944299541785,0.18875417022036817,148.15,950.5556658854802,0,0,0,0,0,75,1.0996735999999956
development,11,switch,pd_history,362acba3225c6be32a76fee94b2806a52b7fac4eada4e1fe4acbd273f3f69c2d,44f86d36c976db7816f4c51f5476bf763357ace35e3ff1a6a0adb658d8009eda,1440,1368,1368,0.95,0.95,1440,154,72,36,127,107,11.770833333333334,50.5,0,0.0,0.0,68,68,1216.2,1101.0,0.005598639464057758,0.17077339687842405,160.09,940.7336279636576,0,0,0,0,0,72,1.4730818000000028
development,11,switch,no_control_interpretation,362acba3225c6be32a76fee94b2806a52b7fac4eada4e1fe4acbd273f3f69c2d,e5e2f546a2e5fc3da7542e9fd3f1c94a2acd6cbd0de32c897f47f32231d079f1,1440,1440,1440,1.0,1.0,1440,154,0,36,127,107,11.770833333333334,50.5,0,0.0,0.0,140,140,1216.2,1216.2,0.005921007906199443,0.18461003154225525,173.04999999999998,1042.9594689605515,0,0,0,0,0,0,0.9540153000000018
development,11,switch,no_pre_new_only,362acba3225c6be32a76fee94b2806a52b7fac4eada4e1fe4acbd273f3f69c2d,7ed6891a6e97c744bd09de3391437884f7e85edee5c2d03935c5ebebcefbfd27,1440,514,514,0.35694444444444445,0.35694444444444445,1440,514,712,0,319,319,0.0,10.0,0,0.0,0.0,0,0,1216.2,248.8,0.002125069043915156,0.11830651161542241,37.019999999999996,211.65956841934067,0,0,0,0,712,214,0.8078113999999985
development,11,switch,greedy_hard_cap,362acba3225c6be32a76fee94b2806a52b7fac4eada4e1fe4acbd273f3f69c2d,60a727c6a85760897e7a0bbd3a281cbdf1161a8b268ef5284c3c64104780a140,1440,1301,1301,0.9034722222222222,0.9034722222222222,1440,119,139,36,78,58,18.208333333333332,48.0,0,0.0,0.0,0,0,1216.2,993.8,0.005329355295547896,0.03933511467819898,125.97999999999999,867.7753355300263,0,0,139,0,0,0,1.0430702000000025
development,12,high_tight,pd_theta_2,9d34148dd3ad99128638a128f9020608cb84b68d6d9bb9fbc6c6bca8420ef349,9e0269bee5a00904fe24cd9a03cb90a6d8353c948012209f92ead46019ea086c,1440,1295,1295,0.8993055555555556,0.8993055555555556,1440,165,145,36,132,122,13.333333333333334,36.5,0,0.0,0.0,134,134,1429.2,1197.2,0.005201206536797207,0.14915776299204664,136.7,1060.3456410304711,0,0,0,0,0,145,1.0018898000000007
development,12,high_tight,pd_theta_4,9d34148dd3ad99128638a128f9020608cb84b68d6d9bb9fbc6c6bca8420ef349,d2936b9a0a892bd480b3bb1f11ed0eee040df7e23e9d771769269fdb50b57bec,1440,1295,1295,0.8993055555555556,0.8993055555555556,1440,142,145,36,118,95,18.5625,40.5,0,0.0,0.0,134,134,1429.2,1197.2,0.005201206536797207,0.1573981358358072,133.7,1063.3374006576275,0,0,0,0,0,145,0.9838357000000002
development,12,high_tight,pd_theta_8,9d34148dd3ad99128638a128f9020608cb84b68d6d9bb9fbc6c6bca8420ef349,d187f57e1b2d9529e026d1c75b3344979af64623ef04c8eaae8d823afbe9f394,1440,1295,1295,0.8993055555555556,0.8993055555555556,1440,117,145,36,97,62,24.208333333333332,48.5,0,0.0,0.0,134,134,1429.2,1197.2,0.005201206536797207,0.15491631541334747,132.45,1064.58988247805,0,0,0,0,0,145,1.0820577
development,12,high_tight,pd_theta_16,9d34148dd3ad99128638a128f9020608cb84b68d6d9bb9fbc6c6bca8420ef349,3e520019ddd567811f53affbed7165a6ec5c8bfb1f25bfc233a64c0921dc7387,1440,1295,1295,0.8993055555555556,0.8993055555555556,1440,99,145,36,88,30,30.6875,61.5,0,0.0,0.0,134,134,1429.2,1197.2,0.005201206536797207,0.15949870119402948,130.54999999999998,1066.4853000922692,0,0,0,0,0,145,1.0829862000000006
development,12,high_tight,pd_history,9d34148dd3ad99128638a128f9020608cb84b68d6d9bb9fbc6c6bca8420ef349,9e0269bee5a00904fe24cd9a03cb90a6d8353c948012209f92ead46019ea086c,1440,1295,1295,0.8993055555555556,0.8993055555555556,1440,165,145,36,132,122,13.333333333333334,36.5,0,0.0,0.0,134,134,1429.2,1197.2,0.005201206536797207,0.14915776299204664,136.7,1060.3456410304711,0,0,0,0,0,145,1.1017664000000025
development,12,high_tight,no_control_interpretation,9d34148dd3ad99128638a128f9020608cb84b68d6d9bb9fbc6c6bca8420ef349,45f644521b05251d84b4e363521ef13adf5f750fd475f300e88c71b2322466da,1440,1440,1440,1.0,1.0,1440,165,0,36,132,122,13.333333333333334,36.5,0,0.0,0.0,279,279,1429.2,1429.2,0.005831855554156914,0.18195945169500397,162.79999999999998,1266.212208692751,0,0,0,0,0,0,1.2391053999999997
development,12,high_tight,no_pre_new_only,9d34148dd3ad99128638a128f9020608cb84b68d6d9bb9fbc6c6bca8420ef349,2f78dcc0bc0b316cff5062a72c1582d51260288653dd28e36b6c64080c24e680,1440,721,721,0.5006944444444444,0.5006944444444444,1440,721,711,0,416,416,0.0,9.5,0,0.0,0.0,0,0,1429.2,288.40000000000003,0.0029253004084392967,0.17041628854918586,21.63,266.59665841104237,0,0,0,0,711,8,1.0567331999999965
development,12,high_tight,greedy_hard_cap,9d34148dd3ad99128638a128f9020608cb84b68d6d9bb9fbc6c6bca8420ef349,76fd49eca38185f99b48d33c0183b1ec59f0f5e6513415a9c18c92868ebc786e,1440,1161,1161,0.80625,0.80625,1440,102,279,36,67,52,16.979166666666668,35.5,0,0.0,0.0,0,0,1429.2,982.8000000000001,0.004715365779264189,0.03587603795254244,99.63,883.1294085962683,0,0,279,0,0,0,1.3230004999999991
development,12,high_loose,pd_theta_2,fe01150e0d44846df72fdbc7a86f43f7df93cec9a467eb470d3c5d18240c0497,ac0c0e0bdd9bef7c7e03a50e0c3be8de6d26a28229c69c9f5fe6a29b585d74b9,1440,1439,1439,0.9993055555555556,0.9993055555555556,1440,127,0,36,109,91,10.208333333333334,51.0,0,0.0,0.0,0,0,1002.5999999999999,1001.9,0.005828612666834118,0.19635166315268152,181.07,820.6278197241804,0,0,0,0,0,1,1.0360846999999964
development,12,high_loose,pd_theta_4,fe01150e0d44846df72fdbc7a86f43f7df93cec9a467eb470d3c5d18240c0497,3cc32d1532c37b1eece3de1c08ca87e9581159271b7832484554f4b0bfe1ce83,1440,1439,1439,0.9993055555555556,0.9993055555555556,1440,99,0,36,93,69,15.208333333333334,56.0,0,0.0,0.0,0,0,1002.5999999999999,1001.9,0.005828612666834118,0.20374636688550193,182.26999999999998,819.4204250204476,0,0,0,0,0,1,1.1669832000000042
development,12,high_loose,pd_theta_8,fe01150e0d44846df72fdbc7a86f43f7df93cec9a467eb470d3c5d18240c0497,e15cc981e02500b74cb45582a3a052fb6388b2e9ac8c532f55ae935b689c42bc,1440,1439,1439,0.9993055555555556,0.9993055555555556,1440,92,0,36,87,49,24.354166666666668,67.0,0,0.0,0.0,0,0,1002.5999999999999,1001.9,0.005828612666834118,0.20387282727557218,181.62,820.0702985600575,0,0,0,0,0,1,1.1301151000000047
development,12,high_loose,pd_theta_16,fe01150e0d44846df72fdbc7a86f43f7df93cec9a467eb470d3c5d18240c0497,ec74108d30c9b9b05d2bcccef43bd4eed884438c5317f6c00e6c8ed341b04839,1440,1439,1439,0.9993055555555556,0.9993055555555556,1440,90,0,36,85,20,35.5625,94.0,0,0.0,0.0,0,0,1002.5999999999999,1001.9,0.005828612666834118,0.2026273631231448,182.37,819.32154402421,0,0,0,0,0,1,1.1744173000000018
development,12,high_loose,pd_history,fe01150e0d44846df72fdbc7a86f43f7df93cec9a467eb470d3c5d18240c0497,ac0c0e0bdd9bef7c7e03a50e0c3be8de6d26a28229c69c9f5fe6a29b585d74b9,1440,1439,1439,0.9993055555555556,0.9993055555555556,1440,127,0,36,109,91,10.208333333333334,51.0,0,0.0,0.0,0,0,1002.5999999999999,1001.9,0.005828612666834118,0.19635166315268152,181.07,820.6278197241804,0,0,0,0,0,1,1.2231444000000025
development,12,high_loose,no_control_interpretation,fe01150e0d44846df72fdbc7a86f43f7df93cec9a467eb470d3c5d18240c0497,bcd94ef0add8259374eaa315408bd7cdac483ff4f3b2907bdbfdad14d0918f31,1440,1440,1440,1.0,1.0,1440,127,0,36,109,91,10.208333333333334,51.0,0,0.0,0.0,1,1,1002.5999999999999,1002.5999999999999,0.005831855554156914,0.19635166315268152,181.25,821.1478164812931,0,0,0,0,0,0,1.3136910999999998
development,12,high_loose,no_pre_new_only,fe01150e0d44846df72fdbc7a86f43f7df93cec9a467eb470d3c5d18240c0497,3601acaee5a9bafcbcfe60dee5143c7c263369779b4fa61abf9e7ba04a889880,1440,306,306,0.2125,0.2125,1440,306,711,0,218,218,0.0,10.0,0,0.0,0.0,0,0,1002.5999999999999,208.79999999999998,0.0012366010627581153,0.06192516675366825,52.379999999999995,156.35683823218355,0,0,0,0,711,423,1.1117005000000049
development,12,high_loose,greedy_hard_cap,fe01150e0d44846df72fdbc7a86f43f7df93cec9a467eb470d3c5d18240c0497,d408b0af54fd0bb7ee6d52729878ff7f008d9239b03a464c3c7d41b9c59ef8fd,1440,1440,1440,1.0,1.0,1440,100,0,36,73,51,18.645833333333332,47.0,0,0.0,0.0,0,0,1002.5999999999999,1002.5999999999999,0.005831855554156914,0.04501386728468849,154.25,848.299154277161,0,0,0,0,0,0,1.469201499999997
development,12,random,pd_theta_2,04f619d506cfc5b934db2454916cded8984ced7f3576b6d8b373e184e651da03,f4277cd481a35958d3384aeaba877bd9f741aa760d8cf4ab0ab79242c3763f8c,1440,1435,1435,0.9965277777777778,0.9965277777777778,1440,179,1,36,146,127,13.541666666666666,52.0,0,0.0,0.0,3,3,1213.2,1208.8,0.005816127651993358,0.2223950704557867,175.54999999999998,1033.0217888018922,0,0,0,0,0,5,1.3871374000000003
development,12,random,pd_theta_4,04f619d506cfc5b934db2454916cded8984ced7f3576b6d8b373e184e651da03,7562b453070fa1b2020c5a78b7c2315467610abac6e36f48e5cdcc5d911a13b2,1440,1436,1436,0.9972222222222222,0.9972222222222222,1440,149,1,36,129,98,21.5,62.5,0,0.0,0.0,1,1,1213.2,1209.5,0.005815127637283015,0.22540524060927972,173.48,1035.7887796317534,0,0,0,0,0,4,1.0748125000000002
development,12,random,pd_theta_8,04f619d506cfc5b934db2454916cded8984ced7f3576b6d8b373e184e651da03,ceb7300c93de7990a8b5bdd332bb06cfbae386be0fa241d39f2a0d2adcffe64d,1440,1437,1437,0.9979166666666667,0.9979166666666667,1440,121,1,36,110,60,31.354166666666668,73.5,0,0.0,0.0,1,1,1213.2,1210.2,0.005820275176082068,0.22710522136746186,171.35999999999999,1038.6070745034565,0,0,0,0,0,3,1.0787722999999971
development,12,random,pd_theta_16,04f619d506cfc5b934db2454916cded8984ced7f3576b6d8b373e184e651da03,37cf59e645fea0f9d0325e7278876733c810d8e9bf5e70a4758316bb71911850,1440,1437,1437,0.9979166666666667,0.9979166666666667,1440,106,1,36,97,26,41.708333333333336,93.5,2,0.5,0.0,1,1,1213.2,1210.2,0.005820275176082068,0.2252387536775551,169.76,1040.2089409711464,0,0,0,0,0,3,0.9633524999999992
development,12,random,pd_history,04f619d506cfc5b934db2454916cded8984ced7f3576b6d8b373e184e651da03,f4277cd481a35958d3384aeaba877bd9f741aa760d8cf4ab0ab79242c3763f8c,1440,1435,1435,0.9965277777777778,0.9965277777777778,1440,179,1,36,146,127,13.541666666666666,52.0,0,0.0,0.0,3,3,1213.2,1208.8,0.005816127651993358,0.2223950704557867,175.54999999999998,1033.0217888018922,0,0,0,0,0,5,1.124190800000001
development,12,random,no_control_interpretation,04f619d506cfc5b934db2454916cded8984ced7f3576b6d8b373e184e651da03,d7e04a3ec8b303665e59ab7a576ce6400c12eaa771d7cf558e2e5944501e9f34,1440,1440,1440,1.0,1.0,1440,181,0,36,147,126,13.541666666666666,52.5,0,0.0,0.0,4,4,1213.2,1213.2,0.005831855554156914,0.22155144949829395,176.45,1036.5226166949476,0,0,0,0,0,0,1.5650584999999992
development,12,random,no_pre_new_only,04f619d506cfc5b934db2454916cded8984ced7f3576b6d8b373e184e651da03,9d6d4ab423a067b79e7fa43c9a94c039a0f3d25667d287cca6af89a49767bb5a,1440,539,539,0.37430555555555556,0.37430555555555556,1440,539,711,0,364,364,0.0,13.0,0,0.0,0.0,0,0,1213.2,272.3,0.0021661212165853838,0.12040563866245382,44.519999999999996,227.65742824012096,0,0,0,0,711,190,1.795954700000003
development,12,random,greedy_hard_cap,04f619d506cfc5b934db2454916cded8984ced7f3576b6d8b373e184e651da03,92976757b843f031105ce581f93b839d4a2424cf82e28ce32d9f1c158bc08354,1440,1433,1433,0.9951388888888889,0.9951388888888889,1440,115,7,36,90,65,20.25,48.5,0,0.0,0.0,0,0,1213.2,1202.0,0.005796502133169374,0.02924724759279516,149.44,1052.524956250274,0,0,7,0,0,0,2.4715259999999972
development,12,switch,pd_theta_2,eb54aff57f382977bee4f91ac3929de0bf392cc0becba6413b4c66c0f022018f,b203e5026225f74b0dd66931dfd605afa2340b53c6516392e9cbd75dfbf53744,1440,1371,1371,0.9520833333333333,0.9520833333333333,1440,146,69,36,124,106,11.854166666666666,51.0,0,0.0,0.0,71,71,1215.6,1105.2,0.005543117481663897,0.1775810413745248,159.82999999999998,945.1868758411439,0,0,0,0,0,69,2.5204602999999963
development,12,switch,pd_theta_4,eb54aff57f382977bee4f91ac3929de0bf392cc0becba6413b4c66c0f022018f,018fe43d71357f2d3928bb25c31745a0116e7a160a426982ab3e0f72e5b30e0e,1440,1370,1370,0.9513888888888888,0.9513888888888888,1440,125,69,36,109,85,16.916666666666668,56.0,0,0.0,0.0,71,71,1215.6,1104.5,0.005536340845763726,0.18745882351008913,158.29999999999998,946.0070048356441,0,0,0,0,0,70,2.305530400000009
development,12,switch,pd_theta_8,eb54aff57f382977bee4f91ac3929de0bf392cc0becba6413b4c66c0f022018f,97d477a2fe2abc0cc6a03e00f17fb546f4660407d516bf2ea546e1eb283d02ee,1440,1370,1370,0.9513888888888888,0.9513888888888888,1440,110,69,36,96,56,23.770833333333332,69.5,0,0.0,0.0,71,71,1215.6,1104.5,0.005536340845763726,0.18965026359026396,155.1,949.204813395564,0,0,0,0,0,70,2.029536699999994
development,12,switch,pd_theta_16,eb54aff57f382977bee4f91ac3929de0bf392cc0becba6413b4c66c0f022018f,22643c8e569ce4da15f4a7fc5b0e8ba0ebf629f42090d44d8daaa92a9b5cecc9,1440,1370,1370,0.9513888888888888,0.9513888888888888,1440,106,69,36,92,30,31.9375,79.5,0,0.0,0.0,74,74,1215.6,1104.5,0.005536340845763726,0.18723695251081726,149.6,954.7072267066434,0,0,0,0,0,70,1.939493799999994
development,12,switch,pd_history,eb54aff57f382977bee4f91ac3929de0bf392cc0becba6413b4c66c0f022018f,b203e5026225f74b0dd66931dfd605afa2340b53c6516392e9cbd75dfbf53744,1440,1371,1371,0.9520833333333333,0.9520833333333333,1440,146,69,36,124,106,11.854166666666666,51.0,0,0.0,0.0,71,71,1215.6,1105.2,0.005543117481663897,0.1775810413745248,159.82999999999998,945.1868758411439,0,0,0,0,0,69,1.210789399999996
development,12,switch,no_control_interpretation,eb54aff57f382977bee4f91ac3929de0bf392cc0becba6413b4c66c0f022018f,f6da59ff0bf36eac5975d1ff3130858006a184911381f3de71a519dc1e21e05c,1440,1440,1440,1.0,1.0,1440,146,0,36,124,106,11.854166666666666,51.0,0,0.0,0.0,140,140,1215.6,1215.6,0.005831855554156914,0.1913630543896492,172.25,1043.1528050900563,0,0,0,0,0,0,1.3700898999999964
development,12,switch,no_pre_new_only,eb54aff57f382977bee4f91ac3929de0bf392cc0becba6413b4c66c0f022018f,ac2c1322491c541d8bbf4b0a0e25e984f19dcfcf430b6be4f367ca03ca50553f,1440,515,515,0.3576388888888889,0.3576388888888889,1440,515,711,0,318,318,0.0,10.0,0,0.0,0.0,0,0,1215.6,249.2,0.002099160868606065,0.11633834031423866,37.05,212.03156249881715,0,0,0,0,711,214,0.9260321000000005
development,12,switch,greedy_hard_cap,eb54aff57f382977bee4f91ac3929de0bf392cc0becba6413b4c66c0f022018f,34252400ad2c237ad2bc512f95aa009aa3d1e6ffec643940f8416e4f004ae9c8,1440,1301,1301,0.9034722222222222,0.9034722222222222,1440,115,139,36,78,55,18.625,47.0,0,0.0,0.0,0,0,1215.6,993.2,0.005294655421088816,0.03578763727722571,125.53,867.6289177073016,0,0,139,0,0,0,1.1199821999999955
development,13,high_tight,pd_theta_2,ffd12ab9f7dfd91a6d82e0112f1400c6f04ea26a743e237531c7e381e82142af,70aa0b88dc8a6f60a17509f4ba552c9f8adf654c6bf513db7ac1f814fcd12649,1440,1277,1277,0.8868055555555555,0.8868055555555555,1440,159,163,36,132,122,13.625,37.0,0,0.0,0.0,118,118,1426.8000000000002,1166.0,0.005255523787074715,0.1439514250908136,132.41,1033.4407930511222,0,0,0,0,0,163,1.2955029999999965
development,13,high_tight,pd_theta_4,ffd12ab9f7dfd91a6d82e0112f1400c6f04ea26a743e237531c7e381e82142af,78731d700855d5e3a09bd8946768e2ccc40f9cc3a5c0af5d1af3ed02f76edf36,1440,1277,1277,0.8868055555555555,0.8868055555555555,1440,140,163,36,115,93,18.333333333333332,40.5,0,0.0,0.0,118,118,1426.8000000000002,1166.0,0.005255523787074715,0.15074007538989057,130.51,1035.3340044008232,0,0,0,0,0,163,1.3761068000000023
development,13,high_tight,pd_theta_8,ffd12ab9f7dfd91a6d82e0112f1400c6f04ea26a743e237531c7e381e82142af,0e48fb35cf23b83cdaf496b719f2f82d055328867ab409025e556d6558890215,1440,1277,1277,0.8868055555555555,0.8868055555555555,1440,110,163,36,100,65,24.208333333333332,50.0,0,0.0,0.0,118,118,1426.8000000000002,1166.0,0.005255523787074715,0.14800109953631982,128.96,1036.8867433766768,0,0,0,0,0,163,1.4811492000000044
development,13,high_tight,pd_theta_16,ffd12ab9f7dfd91a6d82e0112f1400c6f04ea26a743e237531c7e381e82142af,41aea9b29e00e4ac0ec9a6a77636a13b74f0a13c12f540a42038a659298703cf,1440,1277,1277,0.8868055555555555,0.8868055555555555,1440,98,163,36,90,31,31.479166666666668,63.0,0,0.0,0.0,118,118,1426.8000000000002,1166.0,0.005255523787074715,0.15482142331466436,126.21,1039.6299230528984,0,0,0,0,0,163,1.4255310000000065
development,13,high_tight,pd_history,ffd12ab9f7dfd91a6d82e0112f1400c6f04ea26a743e237531c7e381e82142af,70aa0b88dc8a6f60a17509f4ba552c9f8adf654c6bf513db7ac1f814fcd12649,1440,1277,1277,0.8868055555555555,0.8868055555555555,1440,159,163,36,132,122,13.625,37.0,0,0.0,0.0,118,118,1426.8000000000002,1166.0,0.005255523787074715,0.1439514250908136,132.41,1033.4407930511222,0,0,0,0,0,163,1.383670600000002
development,13,high_tight,no_control_interpretation,ffd12ab9f7dfd91a6d82e0112f1400c6f04ea26a743e237531c7e381e82142af,79c54896770968eeb9b4b92d6ab7fd83074bafa94bbef5cec8e8395241957a3b,1440,1440,1440,1.0,1.0,1440,159,0,36,132,122,13.625,37.0,0,0.0,0.0,281,281,1426.8000000000002,1426.8000000000002,0.005971551420217978,0.17447833089400053,161.75,1264.869550117686,0,0,0,0,0,0,1.2957779999999985
development,13,high_tight,no_pre_new_only,ffd12ab9f7dfd91a6d82e0112f1400c6f04ea26a743e237531c7e381e82142af,60a4289f37d50c9d59f413896d14a735215777dd8674fecd459f32382519e817,1440,721,721,0.5006944444444444,0.5006944444444444,1440,721,709,0,411,411,0.0,9.5,0,0.0,0.0,0,0,1426.8000000000002,288.40000000000003,0.0030205427503207614,0.17140494286649746,21.63,266.5955745143832,0,0,0,0,709,10,0.9077814999999987
development,13,high_tight,greedy_hard_cap,ffd12ab9f7dfd91a6d82e0112f1400c6f04ea26a743e237531c7e381e82142af,187578d3095a21c244595de00f173ddf7f00738623bb52be75f22a20771416bf,1440,1159,1159,0.8048611111111111,0.8048611111111111,1440,79,281,36,55,42,16.145833333333332,35.0,0,0.0,0.0,0,0,1426.8000000000002,977.2,0.0048112937612785605,0.035188391550569686,98.97,878.1900003146883,0,0,281,0,0,0,1.3531740000000099
development,13,high_loose,pd_theta_2,57b962a4b5b47cf4c182a2d0f5383d337ecc1d399c3be2b4660a2e5164c63aa0,a83c9a888d707faadd52e038f9ae8d59f3f04f88e4f4d4fb91682fbe9d08b48f,1440,1439,1439,0.9993055555555556,0.9993055555555556,1440,129,0,36,114,95,10.1875,49.5,0,0.0,0.0,3,3,1001.4,1000.6999999999999,0.005966241445419623,0.18409584870625845,181.72,818.7899379098483,0,0,0,0,0,1,1.2808363999999983
development,13,high_loose,pd_theta_4,57b962a4b5b47cf4c182a2d0f5383d337ecc1d399c3be2b4660a2e5164c63aa0,1b60229df62cda43504cc23298483aa2be0a633eb0ef2b2e058237b3b6fe4369,1440,1439,1439,0.9993055555555556,0.9993055555555556,1440,105,0,36,97,73,16.229166666666668,57.0,0,0.0,0.0,3,3,1001.4,1000.6999999999999,0.005966241445419623,0.18841448142187212,182.82,817.6856192771327,0,0,0,0,0,1,1.480396600000006
development,13,high_loose,pd_theta_8,57b962a4b5b47cf4c182a2d0f5383d337ecc1d399c3be2b4660a2e5164c63aa0,7a93b79148ba8fce421ae3ca940fb71935f9bc9825bb619904ad2f48f1abd823,1440,1439,1439,0.9993055555555556,0.9993055555555556,1440,98,0,36,93,51,26.041666666666668,69.5,0,0.0,0.0,3,3,1001.4,1000.6999999999999,0.005966241445419623,0.19347148447563411,183.01999999999998,817.4805622740789,0,0,0,0,0,1,1.5108998000000042
development,13,high_loose,pd_theta_16,57b962a4b5b47cf4c182a2d0f5383d337ecc1d399c3be2b4660a2e5164c63aa0,9f9b36833df2df986923af6984c47de41b2604ef550e7b8fc3dd4f44ade8a939,1440,1439,1439,0.9993055555555556,0.9993055555555556,1440,91,0,36,86,25,36.354166666666664,92.5,3,0.5,0.0,3,3,1001.4,1000.6999999999999,0.005966241445419623,0.2002642942765867,184.12,816.373769464278,0,0,0,0,0,1,1.1661981999999966
development,13,high_loose,pd_history,57b962a4b5b47cf4c182a2d0f5383d337ecc1d399c3be2b4660a2e5164c63aa0,a83c9a888d707faadd52e038f9ae8d59f3f04f88e4f4d4fb91682fbe9d08b48f,1440,1439,1439,0.9993055555555556,0.9993055555555556,1440,129,0,36,114,95,10.1875,49.5,0,0.0,0.0,3,3,1001.4,1000.6999999999999,0.005966241445419623,0.18409584870625845,181.72,818.7899379098483,0,0,0,0,0,1,1.1756507999999997
development,13,high_loose,no_control_interpretation,57b962a4b5b47cf4c182a2d0f5383d337ecc1d399c3be2b4660a2e5164c63aa0,c4e373793bdc927bd989b7f2e46baa50ed50d6ef0c1d78788d2bced598c5a7fd,1440,1440,1440,1.0,1.0,1440,129,0,36,114,95,10.1875,49.5,0,0.0,0.0,4,4,1001.4,1001.4,0.005971551420217978,0.18442772213115563,181.9,819.3096007264486,0,0,0,0,0,0,1.2679277000000013
development,13,high_loose,no_pre_new_only,57b962a4b5b47cf4c182a2d0f5383d337ecc1d399c3be2b4660a2e5164c63aa0,1314683894c8b256abe317a6290c6c8cb9216449e35636a2859f0c355e2e2751,1440,310,310,0.2152777777777778,0.2152777777777778,1440,310,709,0,217,217,0.0,10.0,0,0.0,0.0,0,0,1001.4,210.39999999999998,0.0012732201764066317,0.06194136472693843,52.5,157.83678541509664,0,0,0,0,709,421,1.4032392000000016
development,13,high_loose,greedy_hard_cap,57b962a4b5b47cf4c182a2d0f5383d337ecc1d399c3be2b4660a2e5164c63aa0,e5b30d516ba37bda42ab6616fd5f6354117a32f90fb1ceb031ab40753c2a95b3,1440,1440,1440,1.0,1.0,1440,112,0,36,78,58,19.8125,48.0,0,0.0,0.0,0,0,1001.4,1001.4,0.005971551420217978,0.045017097383792705,153.35,847.9990113511959,0,0,0,0,0,0,1.6752694999999989
development,13,random,pd_theta_2,82270ce277549256a997510128d82c60ecfa85792d5a57db90ceeef9e31122bc,4fa466e4ec5340f929eed4e39b96fca97176b38f63cf58a6deff0808ce11d2fb,1440,1434,1434,0.9958333333333333,0.9958333333333333,1440,176,1,36,151,133,13.979166666666666,53.0,0,0.0,0.0,2,2,1217.4,1212.3,0.005948303792655609,0.22306499493778048,176.47,1035.6009867012697,0,0,0,0,0,6,1.6281264999999934
development,13,random,pd_theta_4,82270ce277549256a997510128d82c60ecfa85792d5a57db90ceeef9e31122bc,45417a1a959afc13822a5b7dea4d9c1479b69a3248225eb8bde0ef45408864b2,1440,1434,1434,0.9958333333333333,0.9958333333333333,1440,147,1,36,128,100,21.125,61.0,0,0.0,0.0,1,1,1217.4,1212.3,0.005948303792655609,0.22971561678130045,174.07,1037.9943360794261,0,0,0,0,0,6,1.2001202999999947
development,13,random,pd_theta_8,82270ce277549256a997510128d82c60ecfa85792d5a57db90ceeef9e31122bc,57d53b23ef8f1bd00f9446fba8b7fd83eb06378d86dc404f2fb1422315198115,1440,1434,1434,0.9958333333333333,0.9958333333333333,1440,120,1,36,108,64,30.8125,73.5,0,0.0,0.0,1,1,1217.4,1212.3,0.005948303792655609,0.23218510445699866,171.32,1040.7418665917503,0,0,0,0,0,6,1.2036244999999894
development,13,random,pd_theta_16,82270ce277549256a997510128d82c60ecfa85792d5a57db90ceeef9e31122bc,8960df48b55557d981a99b452f94a44e7da383d3e8146519ce805b6b193bd53b,1440,1434,1434,0.9958333333333333,0.9958333333333333,1440,108,1,36,98,28,42.8125,93.5,0,0.0,0.0,1,1,1217.4,1212.3,0.005948303792655609,0.23261309986936315,167.82,1044.241438596338,0,0,0,0,0,6,1.0171311000000003
development,13,random,pd_history,82270ce277549256a997510128d82c60ecfa85792d5a57db90ceeef9e31122bc,4fa466e4ec5340f929eed4e39b96fca97176b38f63cf58a6deff0808ce11d2fb,1440,1434,1434,0.9958333333333333,0.9958333333333333,1440,176,1,36,151,133,13.979166666666666,53.0,0,0.0,0.0,2,2,1217.4,1212.3,0.005948303792655609,0.22306499493778048,176.47,1035.6009867012697,0,0,0,0,0,6,1.2601709999999997
development,13,random,no_control_interpretation,82270ce277549256a997510128d82c60ecfa85792d5a57db90ceeef9e31122bc,2b2181041a56eedd1f9d1d1eebfb596b931424d69e4a071c349bf162be152729,1440,1440,1440,1.0,1.0,1440,179,0,36,149,131,13.708333333333334,52.0,0,0.0,0.0,4,4,1217.4,1217.4,0.005971551420217978,0.22597181685028792,177.54999999999998,1039.6180566317296,0,0,0,0,0,0,1.1232424000000094
development,13,random,no_pre_new_only,82270ce277549256a997510128d82c60ecfa85792d5a57db90ceeef9e31122bc,43b8610a73bd1b422cf24384fd8bd9f8857f6d6fb9819cec1165f2fe43a0b7ee,1440,550,550,0.3819444444444444,0.3819444444444444,1440,550,709,0,384,384,0.0,13.0,0,0.0,0.0,0,0,1217.4,277.3,0.0023040501586351673,0.12312763293062122,45.15,232.02456831691075,0,0,0,0,709,181,0.8816889999999944
development,13,random,greedy_hard_cap,82270ce277549256a997510128d82c60ecfa85792d5a57db90ceeef9e31122bc,0ee9526bc2d777a2cc281d66cc7c410a2fbed04d1272574df56bcae49304ad25,1440,1428,1428,0.9916666666666667,0.9916666666666667,1440,109,12,36,86,61,20.229166666666668,49.0,0,0.0,0.0,0,0,1217.4,1198.2,0.005923539201652741,0.025246231945730356,147.73999999999998,1050.4288302288526,0,0,12,0,0,0,1.0880499000000015
development,13,switch,pd_theta_2,75d78fd705a433098aa75b5a84fe995cc310baa8fe9d34a1662fc4460c7b9fa8,19555ee5266868dc0bb28bd1dcbfa35b29cf97fa98c430c4467de0549798ca75,1440,1353,1353,0.9395833333333333,0.9395833333333333,1440,150,86,36,129,110,11.5625,49.5,0,0.0,0.0,53,53,1213.8,1075.5,0.005575007655675487,0.16518377847792254,156.24,919.0892412138664,0,0,0,0,0,87,1.0728584000000012
development,13,switch,pd_theta_4,75d78fd705a433098aa75b5a84fe995cc310baa8fe9d34a1662fc4460c7b9fa8,2a355621818d5f8982f11af1be8482ca3414384fa95d2a4e14dad845fd9791a3,1440,1353,1353,0.9395833333333333,0.9395833333333333,1440,126,86,36,110,86,16.895833333333332,55.5,0,0.0,0.0,53,53,1213.8,1075.5,0.005575007655675487,0.16641792387084267,155.39,919.9380070684736,0,0,0,0,0,87,1.098879299999993
development,13,switch,pd_theta_8,75d78fd705a433098aa75b5a84fe995cc310baa8fe9d34a1662fc4460c7b9fa8,8881ee8ce713ff46763eceb3cb94feff354c1361dc6e64af895120657539b973,1440,1352,1352,0.9388888888888889,0.9388888888888889,1440,115,86,36,103,62,24.729166666666668,69.0,0,0.0,0.0,55,55,1213.8,1074.8,0.00557029898300129,0.17114480056332845,151.46,923.1632849004537,0,0,0,0,0,88,1.0445801000000046
development,13,switch,pd_theta_16,75d78fd705a433098aa75b5a84fe995cc310baa8fe9d34a1662fc4460c7b9fa8,9ed486c7abb63e81a2e1fcf72a49ca73f2f6d4e192b3dd0cf2f76e0ccd5d0de1,1440,1352,1352,0.9388888888888889,0.9388888888888889,1440,104,86,36,94,31,32.875,80.5,0,0.0,0.0,55,55,1213.8,1074.8,0.00557029898300129,0.17708563907549874,145.01,929.6073440619415,0,0,0,0,0,88,1.19867219999999
development,13,switch,pd_history,75d78fd705a433098aa75b5a84fe995cc310baa8fe9d34a1662fc4460c7b9fa8,19555ee5266868dc0bb28bd1dcbfa35b29cf97fa98c430c4467de0549798ca75,1440,1353,1353,0.9395833333333333,0.9395833333333333,1440,150,86,36,129,110,11.5625,49.5,0,0.0,0.0,53,53,1213.8,1075.5,0.005575007655675487,0.16518377847792254,156.24,919.0892412138664,0,0,0,0,0,87,1.0323957000000092
development,13,switch,no_control_interpretation,75d78fd705a433098aa75b5a84fe995cc310baa8fe9d34a1662fc4460c7b9fa8,61147745cfdb4e9efa62f1e3f334d10049abe6b1591c320c54d1f1045f6a19c6,1440,1440,1440,1.0,1.0,1440,150,0,36,129,110,11.5625,49.5,0,0.0,0.0,140,140,1213.8,1213.8,0.005971551420217978,0.18217657947827562,171.9,1041.7118518691016,0,0,0,0,0,0,1.2238132999999891
development,13,switch,no_pre_new_only,75d78fd705a433098aa75b5a84fe995cc310baa8fe9d34a1662fc4460c7b9fa8,d8e71a873ead7c2d52c518943e50566cf7abf307e9bcd9b1dd7e9a25f4c9d46b,1440,516,516,0.35833333333333334,0.35833333333333334,1440,516,709,0,309,309,0.0,9.5,0,0.0,0.0,0,0,1213.8,249.6,0.00215467184889962,0.10906904638734587,37.08,212.40877628176375,0,0,0,0,709,215,0.9266516999999936
development,13,switch,greedy_hard_cap,75d78fd705a433098aa75b5a84fe995cc310baa8fe9d34a1662fc4460c7b9fa8,2fb1d488b3749c5f557619a482f1053a2d272abd209f51e3ec0b490d7d39f9c3,1440,1302,1302,0.9041666666666667,0.9041666666666667,1440,92,138,36,64,44,17.9375,49.0,0,0.0,0.0,0,0,1213.8,993.0,0.005381208650154932,0.037274248850117646,125.11,867.8473445424997,0,0,138,0,0,0,1.246978900000002
test,201,high_tight,pd_theta_2,7d84f04a96b8ed373b4e91e28eb8a24584ce72209f5c9da7c5be936e8ef7d3d8,3ee5c39f76d6697798b20db71136ac315a35927da4cdd0890a64647fbd341701,1440,1298,1298,0.9013888888888889,0.9013888888888889,1440,161,142,36,123,111,12.520833333333334,36.5,0,0.0,0.0,140,140,1430.4,1203.2,0.005280840381794179,0.15864137936244438,138.24,1064.796077780256,0,0,0,0,0,142,1.3285616000000005
test,201,high_tight,pd_theta_4,7d84f04a96b8ed373b4e91e28eb8a24584ce72209f5c9da7c5be936e8ef7d3d8,9eee2100cd2822d8a7856488c0840f765fede14edd10c83fba80bc6d3685b83e,1440,1298,1298,0.9013888888888889,0.9013888888888889,1440,139,142,36,114,88,17.895833333333332,42.5,0,0.0,0.0,140,140,1430.4,1203.2,0.005280840381794179,0.16583918646238138,134.84,1068.188879973156,0,0,0,0,0,142,1.1817060000000055
test,201,high_tight,pd_theta_8,7d84f04a96b8ed373b4e91e28eb8a24584ce72209f5c9da7c5be936e8ef7d3d8,66723eb37573f85eb3a791f13863ef0f9c4a3fa28191247e76a12c697c1e8cc8,1440,1298,1298,0.9013888888888889,0.9013888888888889,1440,115,142,36,100,60,23.791666666666668,48.5,0,0.0,0.0,140,140,1430.4,1203.2,0.005280840381794179,0.16397825488924886,133.39,1069.640740904729,0,0,0,0,0,142,1.2888962000000106
test,201,high_tight,pd_theta_16,7d84f04a96b8ed373b4e91e28eb8a24584ce72209f5c9da7c5be936e8ef7d3d8,30ce4a85855de4961b78b9ac3b3378c66e27f4ec03e680eb75636901aa933489,1440,1298,1298,0.9013888888888889,0.9013888888888889,1440,96,142,36,84,27,29.458333333333332,60.0,0,0.0,0.0,140,140,1430.4,1203.2,0.005280840381794179,0.1577872619090396,131.74,1071.2969318977093,0,0,0,0,0,142,1.136468199999996
test,201,high_tight,pd_dev_selected,7d84f04a96b8ed373b4e91e28eb8a24584ce72209f5c9da7c5be936e8ef7d3d8,30ce4a85855de4961b78b9ac3b3378c66e27f4ec03e680eb75636901aa933489,1440,1298,1298,0.9013888888888889,0.9013888888888889,1440,96,142,36,84,27,29.458333333333332,60.0,0,0.0,0.0,140,140,1430.4,1203.2,0.005280840381794179,0.1577872619090396,131.74,1071.2969318977093,0,0,0,0,0,142,1.136468199999996
test,201,high_tight,pd_history,7d84f04a96b8ed373b4e91e28eb8a24584ce72209f5c9da7c5be936e8ef7d3d8,3ee5c39f76d6697798b20db71136ac315a35927da4cdd0890a64647fbd341701,1440,1298,1298,0.9013888888888889,0.9013888888888889,1440,161,142,36,123,111,12.520833333333334,36.5,0,0.0,0.0,140,140,1430.4,1203.2,0.005280840381794179,0.15864137936244438,138.24,1064.796077780256,0,0,0,0,0,142,0.9948825000000028
test,201,high_tight,no_control_interpretation,7d84f04a96b8ed373b4e91e28eb8a24584ce72209f5c9da7c5be936e8ef7d3d8,daec4c873ae1e54404f3088ea5729c1bd2ecb2de94d36117faccb13d1fada686,1440,1440,1440,1.0,1.0,1440,161,0,36,123,111,12.520833333333334,36.5,0,0.0,0.0,282,282,1430.4,1430.4,0.00589345363585298,0.18922757651355418,163.79999999999998,1266.4048789698506,0,0,0,0,0,0,1.106770900000015
test,201,high_tight,no_pre_new_only,7d84f04a96b8ed373b4e91e28eb8a24584ce72209f5c9da7c5be936e8ef7d3d8,4d4e1447e74913d652b008175f92940f4fcebcc8f04899efbbc5d6fbbf90a918,1440,708,708,0.49166666666666664,0.49166666666666664,1440,708,712,0,406,406,0.0,9.5,0,0.0,0.0,0,0,1430.4,283.2,0.0028936129273988264,0.17754852604897162,21.24,261.77955786102365,0,0,0,0,712,20,0.8646783000000084
test,201,high_tight,greedy_hard_cap,7d84f04a96b8ed373b4e91e28eb8a24584ce72209f5c9da7c5be936e8ef7d3d8,b17adb40b310bdb115288a97dafa491682f58a28e5e2f51b652eb2a8fedabf23,1440,1158,1158,0.8041666666666667,0.8041666666666667,1440,92,282,36,58,44,16.4375,36.5,0,0.0,0.0,0,0,1430.4,979.2,0.0047589114163203985,0.03543670451351877,99.24,879.9198043840703,0,0,282,0,0,0,0.9536893000000077
test,201,high_loose,pd_theta_2,e0bed665b19f45dcf68540c13bb8529f17ca1cf117b09641a9d76e63978babbf,b50c4635992321fb29e6e3b2763cf75a41c01d11d751844db097d495fbfecc1b,1440,1439,1439,0.9993055555555556,0.9993055555555556,1440,122,0,36,110,93,10.729166666666666,51.0,0,0.0,0.0,1,1,1003.1999999999999,1002.4999999999999,0.0058915418705579115,0.18439860873885955,181.47,820.8397098493905,0,0,0,0,0,1,1.0783181000000184
test,201,high_loose,pd_theta_4,e0bed665b19f45dcf68540c13bb8529f17ca1cf117b09641a9d76e63978babbf,e971a3cae81053a8e8e1afb585fca0332b56920a215dbc84e41cdad5122e1b99,1440,1439,1439,0.9993055555555556,0.9993055555555556,1440,103,0,36,97,73,17.3125,58.5,0,0.0,0.0,1,1,1003.1999999999999,1002.4999999999999,0.0058915418705579115,0.1859158783373776,182.76999999999998,819.538192579792,0,0,0,0,0,1,1.2815060000000074
test,201,high_loose,pd_theta_8,e0bed665b19f45dcf68540c13bb8529f17ca1cf117b09641a9d76e63978babbf,9017da74b2ca7bdf7c39131c9439a2e426942ffe9cd81aa1eca85289938790c2,1440,1439,1439,0.9993055555555556,0.9993055555555556,1440,97,0,36,92,50,26.916666666666668,73.5,0,0.0,0.0,1,1,1003.1999999999999,1002.4999999999999,0.0058915418705579115,0.1970746568494857,184.42,817.8770338012799,0,0,0,0,0,1,0.9613318999999763
test,201,high_loose,pd_theta_16,e0bed665b19f45dcf68540c13bb8529f17ca1cf117b09641a9d76e63978babbf,849470b59ad0cf858b15367dd2563d40d186f9688576335e7f50193b6b7c1d4c,1440,1439,1439,0.9993055555555556,0.9993055555555556,1440,93,0,36,88,25,39.020833333333336,97.5,4,1.5,0.0,1,1,1003.1999999999999,1002.4999999999999,0.0058915418705579115,0.20665652491317546,184.72,817.5674519332163,0,0,0,0,0,1,0.8987175999999977
test,201,high_loose,pd_dev_selected,e0bed665b19f45dcf68540c13bb8529f17ca1cf117b09641a9d76e63978babbf,849470b59ad0cf858b15367dd2563d40d186f9688576335e7f50193b6b7c1d4c,1440,1439,1439,0.9993055555555556,0.9993055555555556,1440,93,0,36,88,25,39.020833333333336,97.5,4,1.5,0.0,1,1,1003.1999999999999,1002.4999999999999,0.0058915418705579115,0.20665652491317546,184.72,817.5674519332163,0,0,0,0,0,1,0.8987175999999977
test,201,high_loose,pd_history,e0bed665b19f45dcf68540c13bb8529f17ca1cf117b09641a9d76e63978babbf,b50c4635992321fb29e6e3b2763cf75a41c01d11d751844db097d495fbfecc1b,1440,1439,1439,0.9993055555555556,0.9993055555555556,1440,122,0,36,110,93,10.729166666666666,51.0,0,0.0,0.0,1,1,1003.1999999999999,1002.4999999999999,0.0058915418705579115,0.18439860873885955,181.47,820.8397098493905,0,0,0,0,0,1,0.8580614999999909
test,201,high_loose,no_control_interpretation,e0bed665b19f45dcf68540c13bb8529f17ca1cf117b09641a9d76e63978babbf,048e873584da0da0c42bf9bddc804a0749c0b4bcfca48bc3da065869bb87a538,1440,1440,1440,1.0,1.0,1440,122,0,36,110,93,10.729166666666666,51.0,0,0.0,0.0,2,2,1003.1999999999999,1003.1999999999999,0.00589345363585298,0.18461368233455475,181.65,821.3594928640296,0,0,0,0,0,0,0.9098165999999992
test,201,high_loose,no_pre_new_only,e0bed665b19f45dcf68540c13bb8529f17ca1cf117b09641a9d76e63978babbf,e70aee409a64a5c8496af9de1a881cbd164c05c8e1b43a33fccb3126110bb345,1440,304,304,0.2111111111111111,0.2111111111111111,1440,304,712,0,212,212,0.0,10.0,0,0.0,0.0,0,0,1003.1999999999999,208.0,0.0012644617856239007,0.07067639435344851,52.32,155.6080591438609,0,0,0,0,712,424,0.619247200000018
test,201,high_loose,greedy_hard_cap,e0bed665b19f45dcf68540c13bb8529f17ca1cf117b09641a9d76e63978babbf,10aab7e8313c360a953c579bca24b3d8cd1f8d70cadfa4c36bbfe992fef90ebf,1440,1440,1440,1.0,1.0,1440,90,0,36,68,48,18.5625,48.5,0,0.0,0.0,0,0,1003.1999999999999,1003.1999999999999,0.00589345363585298,0.048824880761206974,154.85,848.2952816656028,0,0,0,0,0,0,0.991013200000026
test,201,random,pd_theta_2,8a9cdd7a0dc39020e133fa2a513d6e768c1fa42d234a6434eb0e8bcbb75af36c,8520f771c27859fbd6b12769cedd4225c63ff94197e20417eece4468f5c74b47,1440,1430,1430,0.9930555555555556,0.9930555555555556,1440,182,1,36,150,127,13.5625,52.0,0,0.0,0.0,2,2,1222.2,1214.3,0.005857104315487248,0.21768527434274457,175.2,1038.8764576213418,0,0,0,0,0,10,0.8401727000000108
test,201,random,pd_theta_4,8a9cdd7a0dc39020e133fa2a513d6e768c1fa42d234a6434eb0e8bcbb75af36c,b7c3b1371dce908c47c3146709ba7411a1dc59bf7e540455121f8d135dd1027d,1440,1435,1435,0.9965277777777778,0.9965277777777778,1440,151,1,36,137,104,23.125,62.5,0,0.0,0.0,2,2,1222.2,1217.8,0.005879663580348903,0.2169864586239377,172.95,1044.6271338777958,0,0,0,0,0,5,0.8980938999999921
test,201,random,pd_theta_8,8a9cdd7a0dc39020e133fa2a513d6e768c1fa42d234a6434eb0e8bcbb75af36c,47c59d16e82d44342cf13296d244956a3b99aa24290e9a8c0bf80b29191863d8,1440,1436,1436,0.9972222222222222,0.9972222222222222,1440,123,1,36,114,66,32.145833333333336,75.5,0,0.0,0.0,2,2,1222.2,1218.5,0.005882911767954704,0.23168766475473257,170.88,1047.3824294234773,0,0,0,0,0,4,0.9738833000000113
test,201,random,pd_theta_16,8a9cdd7a0dc39020e133fa2a513d6e768c1fa42d234a6434eb0e8bcbb75af36c,1e987f3b8e41a5e5c70b17dad87b9cba35927d75523f65f8419e7b08f9256b2d,1440,1436,1436,0.9972222222222222,0.9972222222222222,1440,102,1,36,96,26,42.9375,92.5,6,0.5,0.0,2,2,1222.2,1218.5,0.005882911767954704,0.23567726769085376,168.73,1049.5284398205413,0,0,0,0,0,4,0.8822126000000026
test,201,random,pd_dev_selected,8a9cdd7a0dc39020e133fa2a513d6e768c1fa42d234a6434eb0e8bcbb75af36c,1e987f3b8e41a5e5c70b17dad87b9cba35927d75523f65f8419e7b08f9256b2d,1440,1436,1436,0.9972222222222222,0.9972222222222222,1440,102,1,36,96,26,42.9375,92.5,6,0.5,0.0,2,2,1222.2,1218.5,0.005882911767954704,0.23567726769085376,168.73,1049.5284398205413,0,0,0,0,0,4,0.8822126000000026
test,201,random,pd_history,8a9cdd7a0dc39020e133fa2a513d6e768c1fa42d234a6434eb0e8bcbb75af36c,8520f771c27859fbd6b12769cedd4225c63ff94197e20417eece4468f5c74b47,1440,1430,1430,0.9930555555555556,0.9930555555555556,1440,182,1,36,150,127,13.5625,52.0,0,0.0,0.0,2,2,1222.2,1214.3,0.005857104315487248,0.21768527434274457,175.2,1038.8764576213418,0,0,0,0,0,10,0.9403689999999756
test,201,random,no_control_interpretation,8a9cdd7a0dc39020e133fa2a513d6e768c1fa42d234a6434eb0e8bcbb75af36c,e656bed0032118f21fed35511ea7f27535a55f08267136a3bf46d97e0f401597,1440,1440,1440,1.0,1.0,1440,183,0,36,155,133,14.229166666666666,52.0,0,0.0,0.0,4,4,1222.2,1222.2,0.00589345363585298,0.2221371156376169,176.54999999999998,1045.4219694307264,0,0,0,0,0,0,0.9007868000000201
test,201,random,no_pre_new_only,8a9cdd7a0dc39020e133fa2a513d6e768c1fa42d234a6434eb0e8bcbb75af36c,2a31167ca234546e7463bd5d02a9e9a10e2f465c01f988b43475af97a5334f00,1440,547,547,0.3798611111111111,0.3798611111111111,1440,547,712,0,380,380,0.0,12.5,0,0.0,0.0,0,0,1222.2,276.4,0.0022589159232139873,0.12656756679233985,45.21,231.06117351728446,0,0,0,0,712,181,0.82754970000002
test,201,random,greedy_hard_cap,8a9cdd7a0dc39020e133fa2a513d6e768c1fa42d234a6434eb0e8bcbb75af36c,ff62c5f98cf0a27aef9a82a1bbe5acd9f7e3b0e9df7a1a01352083d0cf6403c4,1440,1431,1431,0.99375,0.99375,1440,100,9,36,82,58,19.770833333333332,49.5,0,0.0,0.0,0,0,1222.2,1207.8,0.0058623930217899705,0.02953639645399722,149.07999999999998,1058.6846012105243,0,0,9,0,0,0,0.9653706
test,201,switch,pd_theta_2,2e4e6fe0abc69244b96b7a7bb158749267e0e3ad56fc8e41edb426fc4491c6ee,4a986683ade388b1fee39c98880ca6572142be0d8925978b7b38a13cb9e5e3f4,1440,1368,1368,0.95,0.95,1440,148,72,36,116,100,11.020833333333334,49.0,0,0.0,0.0,71,71,1216.2,1101.0,0.0055800512387741705,0.17542891814380376,159.44,941.3789910306175,0,0,0,0,0,72,0.8681325999999956
test,201,switch,pd_theta_4,2e4e6fe0abc69244b96b7a7bb158749267e0e3ad56fc8e41edb426fc4491c6ee,44c33e66a35a7714955abe289b9f03e1fd4e85536a8ae109f578bfa4c11bcbc4,1440,1368,1368,0.95,0.95,1440,126,72,36,102,78,16.3125,57.0,0,0.0,0.0,71,71,1216.2,1101.0,0.0055800512387741705,0.17763305559163878,157.49,943.3267868931696,0,0,0,0,0,72,1.1110690000000147
test,201,switch,pd_theta_8,2e4e6fe0abc69244b96b7a7bb158749267e0e3ad56fc8e41edb426fc4491c6ee,1957bfe5c196a304988c2ea0a68015460005f811a03314055f0e65cd452b2da6,1440,1365,1365,0.9479166666666666,0.9479166666666666,1440,110,72,36,96,57,23.604166666666668,67.0,0,0.0,0.0,72,72,1216.2,1098.9,0.005570242682616227,0.17461220407349004,154.4,944.3198175532439,0,0,0,0,0,75,0.9034943999999996
test,201,switch,pd_theta_16,2e4e6fe0abc69244b96b7a7bb158749267e0e3ad56fc8e41edb426fc4491c6ee,f8fea6780da35adce8d3006cd778a8636f33ecf681cfd22e7052612731feb8c7,1440,1365,1365,0.9479166666666666,0.9479166666666666,1440,102,72,36,88,29,30.145833333333332,78.0,0,0.0,0.0,73,73,1216.2,1098.9,0.005570242682616227,0.17262844364716506,150.1,948.6218013136703,0,0,0,0,0,75,0.9982358999999974
test,201,switch,pd_dev_selected,2e4e6fe0abc69244b96b7a7bb158749267e0e3ad56fc8e41edb426fc4491c6ee,f8fea6780da35adce8d3006cd778a8636f33ecf681cfd22e7052612731feb8c7,1440,1365,1365,0.9479166666666666,0.9479166666666666,1440,102,72,36,88,29,30.145833333333332,78.0,0,0.0,0.0,73,73,1216.2,1098.9,0.005570242682616227,0.17262844364716506,150.1,948.6218013136703,0,0,0,0,0,75,0.9982358999999974
test,201,switch,pd_history,2e4e6fe0abc69244b96b7a7bb158749267e0e3ad56fc8e41edb426fc4491c6ee,4a986683ade388b1fee39c98880ca6572142be0d8925978b7b38a13cb9e5e3f4,1440,1368,1368,0.95,0.95,1440,148,72,36,116,100,11.020833333333334,49.0,0,0.0,0.0,71,71,1216.2,1101.0,0.0055800512387741705,0.17542891814380376,159.44,941.3789910306175,0,0,0,0,0,72,1.040202899999997
test,201,switch,no_control_interpretation,2e4e6fe0abc69244b96b7a7bb158749267e0e3ad56fc8e41edb426fc4491c6ee,ec098b714f5a9d1e5004d8f6aa6b81b9fca51fc8ffa936d1f5922cbe1103f081,1440,1440,1440,1.0,1.0,1440,148,0,36,116,100,11.020833333333334,49.0,0,0.0,0.0,143,143,1216.2,1216.2,0.00589345363585298,0.1892251950094605,172.4,1043.6048813513546,0,0,0,0,0,0,1.0543075000000215
test,201,switch,no_pre_new_only,2e4e6fe0abc69244b96b7a7bb158749267e0e3ad56fc8e41edb426fc4491c6ee,34bb55a65d8bb175d1256ab98aed58e3254d6cc9203fc8d477268d0543f62d17,1440,500,500,0.3472222222222222,0.3472222222222222,1440,500,712,0,302,302,0.0,10.0,0,0.0,0.0,0,0,1216.2,243.2,0.002047156873977081,0.12306040928660926,36.6,206.47489243383941,0,0,0,0,712,228,1.2219167000000084
test,201,switch,greedy_hard_cap,2e4e6fe0abc69244b96b7a7bb158749267e0e3ad56fc8e41edb426fc4491c6ee,1ada530545f5d83007bee7cd87550707a1149c83942c78a6c3ca066ad66b5e7a,1440,1299,1299,0.9020833333333333,0.9020833333333333,1440,102,141,36,71,50,18.395833333333332,49.0,0,0.0,0.0,0,0,1216.2,990.6,0.0053206613540484,0.043489472537234564,125.36999999999999,865.1811898661088,0,0,141,0,0,0,1.0851925000000051
test,202,high_tight,pd_theta_2,28a53f8145c1a506679446b36541d2a2acfedb080647fc75aeeac7f6a247b90b,84f75ead9efb38ba75d6155e9df3c557e30ab9d90cdac54bdbf6e77c515d4515,1440,1288,1288,0.8944444444444445,0.8944444444444445,1440,158,152,36,129,118,13.229166666666666,37.0,0,0.0,0.0,131,131,1430.4,1187.2,0.00523519689338188,0.14920728759536545,135.34,1051.7055575155114,0,0,0,0,0,152,1.1852896999999984
test,202,high_tight,pd_theta_4,28a53f8145c1a506679446b36541d2a2acfedb080647fc75aeeac7f6a247b90b,4bce7bc45c5809584631c592c7e732f17bf134014a42a3f5f4e40e9840d3022d,1440,1288,1288,0.8944444444444445,0.8944444444444445,1440,134,152,36,115,93,18.416666666666668,42.0,0,0.0,0.0,131,131,1430.4,1187.2,0.00523519689338188,0.14917710316685084,132.94,1054.1055876999399,0,0,0,0,0,152,1.319965499999995
test,202,high_tight,pd_theta_8,28a53f8145c1a506679446b36541d2a2acfedb080647fc75aeeac7f6a247b90b,643d23fe03c816a9c76c19cbc1305335513f929708288fb06d20ba7953cbd0d1,1440,1288,1288,0.8944444444444445,0.8944444444444445,1440,109,152,36,101,64,24.166666666666668,48.5,0,0.0,0.0,131,131,1430.4,1187.2,0.00523519689338188,0.16126422498105075,131.64,1055.3935005781257,0,0,0,0,0,152,1.3736553999999899
test,202,high_tight,pd_theta_16,28a53f8145c1a506679446b36541d2a2acfedb080647fc75aeeac7f6a247b90b,de795ee1891f292ee3b535c02fe2c379d1682b1ed3bfad590515212194723821,1440,1288,1288,0.8944444444444445,0.8944444444444445,1440,97,152,36,90,29,31.0625,61.5,0,0.0,0.0,131,131,1430.4,1187.2,0.00523519689338188,0.1601154705058255,129.89,1057.144649332601,0,0,0,0,0,152,1.1801837999999805
test,202,high_tight,pd_dev_selected,28a53f8145c1a506679446b36541d2a2acfedb080647fc75aeeac7f6a247b90b,de795ee1891f292ee3b535c02fe2c379d1682b1ed3bfad590515212194723821,1440,1288,1288,0.8944444444444445,0.8944444444444445,1440,97,152,36,90,29,31.0625,61.5,0,0.0,0.0,131,131,1430.4,1187.2,0.00523519689338188,0.1601154705058255,129.89,1057.144649332601,0,0,0,0,0,152,1.1801837999999805
test,202,high_tight,pd_history,28a53f8145c1a506679446b36541d2a2acfedb080647fc75aeeac7f6a247b90b,84f75ead9efb38ba75d6155e9df3c557e30ab9d90cdac54bdbf6e77c515d4515,1440,1288,1288,0.8944444444444445,0.8944444444444445,1440,158,152,36,129,118,13.229166666666666,37.0,0,0.0,0.0,131,131,1430.4,1187.2,0.00523519689338188,0.14920728759536545,135.34,1051.7055575155114,0,0,0,0,0,152,1.0768936999999994
test,202,high_tight,no_control_interpretation,28a53f8145c1a506679446b36541d2a2acfedb080647fc75aeeac7f6a247b90b,85bcec1459a8e6459c6f86ed2c8deba861c0c326c04b740b8d83ad7e120518fd,1440,1440,1440,1.0,1.0,1440,158,0,36,129,118,13.229166666666666,37.0,0,0.0,0.0,283,283,1430.4,1430.4,0.005886735074436385,0.18164854213099935,162.7,1267.5124647227947,0,0,0,0,0,0,1.4143466999999816
test,202,high_tight,no_pre_new_only,28a53f8145c1a506679446b36541d2a2acfedb080647fc75aeeac7f6a247b90b,b87d92e85d822c21d357bfd35496fbb4aeba52c85edec1fd3dd2f0787cd074d4,1440,717,717,0.4979166666666667,0.4979166666666667,1440,717,712,0,411,411,0.0,9.5,0,0.0,0.0,0,0,1430.4,286.8,0.002986680428880418,0.16939126464321363,21.509999999999998,265.1176220549279,0,0,0,0,712,11,1.0314342000000067
test,202,high_tight,greedy_hard_cap,28a53f8145c1a506679446b36541d2a2acfedb080647fc75aeeac7f6a247b90b,bfa92a64cb3eedb140de2371919907a331a3d3a446475706a1d3cbf31f6523d0,1440,1157,1157,0.8034722222222223,0.8034722222222223,1440,72,283,36,49,37,16.125,35.5,0,0.0,0.0,0,0,1430.4,977.6,0.004747591657349072,0.034701000962222506,99.06,878.5005514073805,0,0,283,0,0,0,1.1602747999999963
test,202,high_loose,pd_theta_2,f90322b3045e2bc751ebe55c0b4fd55e70b926a4b809dadf81a728c901db9841,d5edea6442ba9d1ad18701ac01e976991fb5cf0fc6751b0021115b3be46952f4,1440,1440,1440,1.0,1.0,1440,128,0,36,105,87,9.833333333333334,49.5,0,0.0,0.0,1,1,1003.1999999999999,1003.1999999999999,0.005886735074436385,0.19226204543417608,183.1,819.9018512194913,0,0,0,0,0,0,0.8638749000000132
test,202,high_loose,pd_theta_4,f90322b3045e2bc751ebe55c0b4fd55e70b926a4b809dadf81a728c901db9841,136ae1fa3b4ea8c4772ce656542c43ad8b9ea63907ab6a5fcbd4c6ab32dc5107,1440,1440,1440,1.0,1.0,1440,99,0,36,90,63,15.125,57.0,0,0.0,0.0,1,1,1003.1999999999999,1003.1999999999999,0.005886735074436385,0.20415541552598448,183.75,819.2399578493995,0,0,0,0,0,0,0.9901065999999901
test,202,high_loose,pd_theta_8,f90322b3045e2bc751ebe55c0b4fd55e70b926a4b809dadf81a728c901db9841,10ea9506e366d1b46489b7c4bb8f6008a41ac91b2e4bafcb998636d0fdc1d8f0,1440,1440,1440,1.0,1.0,1440,92,0,36,85,43,24.541666666666668,70.5,0,0.0,0.0,1,1,1003.1999999999999,1003.1999999999999,0.005886735074436385,0.2069152719252825,186.0,816.9871979930002,0,0,0,0,0,0,1.0654310999999836
test,202,high_loose,pd_theta_16,f90322b3045e2bc751ebe55c0b4fd55e70b926a4b809dadf81a728c901db9841,4e731b50a1a4a2127b152c3b5fbb26f13faccf5bcba991072e3f8498dd9eab85,1440,1440,1440,1.0,1.0,1440,88,0,36,81,19,33.625,92.5,2,0.5,0.0,1,1,1003.1999999999999,1003.1999999999999,0.005886735074436385,0.20758475057622675,186.29999999999998,816.6865285143493,0,0,0,0,0,0,1.0838146000000108
test,202,high_loose,pd_dev_selected,f90322b3045e2bc751ebe55c0b4fd55e70b926a4b809dadf81a728c901db9841,4e731b50a1a4a2127b152c3b5fbb26f13faccf5bcba991072e3f8498dd9eab85,1440,1440,1440,1.0,1.0,1440,88,0,36,81,19,33.625,92.5,2,0.5,0.0,1,1,1003.1999999999999,1003.1999999999999,0.005886735074436385,0.20758475057622675,186.29999999999998,816.6865285143493,0,0,0,0,0,0,1.0838146000000108
test,202,high_loose,pd_history,f90322b3045e2bc751ebe55c0b4fd55e70b926a4b809dadf81a728c901db9841,d5edea6442ba9d1ad18701ac01e976991fb5cf0fc6751b0021115b3be46952f4,1440,1440,1440,1.0,1.0,1440,128,0,36,105,87,9.833333333333334,49.5,0,0.0,0.0,1,1,1003.1999999999999,1003.1999999999999,0.005886735074436385,0.19226204543417608,183.1,819.9018512194913,0,0,0,0,0,0,0.9174304000000006
test,202,high_loose,no_control_interpretation,f90322b3045e2bc751ebe55c0b4fd55e70b926a4b809dadf81a728c901db9841,d5edea6442ba9d1ad18701ac01e976991fb5cf0fc6751b0021115b3be46952f4,1440,1440,1440,1.0,1.0,1440,128,0,36,105,87,9.833333333333334,49.5,0,0.0,0.0,1,1,1003.1999999999999,1003.1999999999999,0.005886735074436385,0.19226204543417608,183.1,819.9018512194913,0,0,0,0,0,0,0.9733179000000121
test,202,high_loose,no_pre_new_only,f90322b3045e2bc751ebe55c0b4fd55e70b926a4b809dadf81a728c901db9841,a7d4a3f883aea928dbbb4fa664d43f222ed414a5ae536079ef3f915237a3ab1e,1440,304,304,0.2111111111111111,0.2111111111111111,1440,304,712,0,213,213,0.0,10.0,0,0.0,0.0,0,0,1003.1999999999999,208.0,0.0012149699046083286,0.06529191685019937,52.32,155.61349311324517,0,0,0,0,712,424,0.9343992999999955
test,202,high_loose,greedy_hard_cap,f90322b3045e2bc751ebe55c0b4fd55e70b926a4b809dadf81a728c901db9841,0750c9b71fe4ecf6a080dedfd332570eccbc6754812d068aa34b505ea8517e7d,1440,1440,1440,1.0,1.0,1440,99,0,36,70,50,18.458333333333332,48.0,0,0.0,0.0,0,0,1003.1999999999999,1003.1999999999999,0.005886735074436385,0.04099098421707476,155.1,848.0531222807084,0,0,0,0,0,0,1.1330529999999897
test,202,random,pd_theta_2,0b4fe301727b020553af5019f7cf5fcd5eaab622e3fb215f8a0a4a690c2414ee,07262d04f00e7ccccfa19f5d1ceba52ba1848f50985fa686d4bddfef51520e73,1440,1437,1437,0.9979166666666667,0.9979166666666667,1440,171,1,36,142,121,12.770833333333334,52.0,0,0.0,0.0,3,3,1209.6,1206.6,0.005874165821962363,0.21500045781083252,178.56,1027.8191253763673,0,0,0,0,0,3,1.1320041000000174
test,202,random,pd_theta_4,0b4fe301727b020553af5019f7cf5fcd5eaab622e3fb215f8a0a4a690c2414ee,b820799ec35b643c780f267d96a3f36c1de035c019486c77704580d9022e7ebd,1440,1439,1439,0.9993055555555556,0.9993055555555556,1440,142,1,36,126,94,20.604166666666668,60.0,0,0.0,0.0,3,3,1209.6,1208.0,0.005883289436451907,0.21863010321826218,177.17,1030.6054866073453,0,0,0,0,0,1,1.1423426000000063
test,202,random,pd_theta_8,0b4fe301727b020553af5019f7cf5fcd5eaab622e3fb215f8a0a4a690c2414ee,16a9abf29d90d8182ba6162e797697961cd53e4353c18c0125d29631e1f32511,1440,1439,1439,0.9993055555555556,0.9993055555555556,1440,117,1,36,104,60,29.854166666666668,70.5,0,0.0,0.0,3,3,1209.6,1208.0,0.005883289436451907,0.22258086989224754,174.76999999999998,1033.0015358406713,0,0,0,0,0,1,1.1577198999999894
test,202,random,pd_theta_16,0b4fe301727b020553af5019f7cf5fcd5eaab622e3fb215f8a0a4a690c2414ee,7142b69dc8824f3e5c519369252abccfceb2755f5c2526bde844e83dccb0372b,1440,1439,1439,0.9993055555555556,0.9993055555555556,1440,101,1,36,92,25,41.0,92.5,0,0.0,0.0,3,3,1209.6,1208.0,0.005883289436451907,0.22578326554937592,173.22,1034.5483334450141,0,0,0,0,0,1,1.18028129999999
test,202,random,pd_dev_selected,0b4fe301727b020553af5019f7cf5fcd5eaab622e3fb215f8a0a4a690c2414ee,7142b69dc8824f3e5c519369252abccfceb2755f5c2526bde844e83dccb0372b,1440,1439,1439,0.9993055555555556,0.9993055555555556,1440,101,1,36,92,25,41.0,92.5,0,0.0,0.0,3,3,1209.6,1208.0,0.005883289436451907,0.22578326554937592,173.22,1034.5483334450141,0,0,0,0,0,1,1.18028129999999
test,202,random,pd_history,0b4fe301727b020553af5019f7cf5fcd5eaab622e3fb215f8a0a4a690c2414ee,07262d04f00e7ccccfa19f5d1ceba52ba1848f50985fa686d4bddfef51520e73,1440,1437,1437,0.9979166666666667,0.9979166666666667,1440,171,1,36,142,121,12.770833333333334,52.0,0,0.0,0.0,3,3,1209.6,1206.6,0.005874165821962363,0.21500045781083252,178.56,1027.8191253763673,0,0,0,0,0,3,1.3027769000000262
test,202,random,no_control_interpretation,0b4fe301727b020553af5019f7cf5fcd5eaab622e3fb215f8a0a4a690c2414ee,0a5c98ee12ca001d43b120542bb7198c4310c59468d2b7ee221399782f887a67,1440,1440,1440,1.0,1.0,1440,172,0,36,142,121,12.770833333333334,52.0,0,0.0,0.0,4,4,1209.6,1209.6,0.005886735074436385,0.2159510808004679,179.1,1030.2781621841252,0,0,0,0,0,0,1.2150111999999922
test,202,random,no_pre_new_only,0b4fe301727b020553af5019f7cf5fcd5eaab622e3fb215f8a0a4a690c2414ee,8653ac311eb8a914cd44cebbcca7c652c86b775e8033085eb52f0927ed52ff0b,1440,543,543,0.3770833333333333,0.3770833333333333,1440,543,712,0,375,375,0.0,13.5,0,0.0,0.0,0,0,1209.6,278.4,0.0022379685708295302,0.13045266887702026,46.89,231.37730936255215,0,0,0,0,712,185,1.3061909000000185
test,202,random,greedy_hard_cap,0b4fe301727b020553af5019f7cf5fcd5eaab622e3fb215f8a0a4a690c2414ee,4b033d5396d3061e8ddebb4973522d5807b415fc9dfa115c0aa970701edf1a18,1440,1425,1425,0.9895833333333334,0.9895833333333334,1440,103,15,36,72,52,19.416666666666668,48.0,0,0.0,0.0,0,0,1209.6,1185.6,0.005832445623658608,0.023458997838745357,147.7,1037.8707085565377,0,0,15,0,0,0,1.8596483000000035
test,202,switch,pd_theta_2,72597c78509deca0f2a706c35a899b63345627f2a8a71a3ea164ee66d4341097,12867e2836c9451c8a0a2710acc761c29b87b022da7537abf630f70f69d9e680,1440,1361,1361,0.9451388888888889,0.9451388888888889,1440,146,79,36,124,106,11.604166666666666,50.5,0,0.0,0.0,66,66,1217.4,1091.0,0.005531962197244723,0.1701575859841284,158.78,932.0443104518187,0,0,0,0,0,79,1.4793927999999994
test,202,switch,pd_theta_4,72597c78509deca0f2a706c35a899b63345627f2a8a71a3ea164ee66d4341097,3e4bd49eeba3dc5a61fffb81e1806a90bfe903e0a957148f3fa5d17502983a6d,1440,1361,1361,0.9451388888888889,0.9451388888888889,1440,122,79,36,107,80,16.729166666666668,57.0,0,0.0,0.0,67,67,1217.4,1091.0,0.005531962197244723,0.17471167188829329,157.48,933.3397563659145,0,0,0,0,0,79,1.4722858999999744
test,202,switch,pd_theta_8,72597c78509deca0f2a706c35a899b63345627f2a8a71a3ea164ee66d4341097,1af33ee7cffd6248ef416120d781463180a84115a7baebe49b19b4eee9943d7e,1440,1358,1358,0.9430555555555555,0.9430555555555555,1440,109,79,36,96,56,23.8125,68.0,0,0.0,0.0,67,67,1217.4,1088.9,0.005523227797155923,0.18744682117009606,153.99,934.7170299510327,0,0,0,0,0,82,1.4604568000000029
test,202,switch,pd_theta_16,72597c78509deca0f2a706c35a899b63345627f2a8a71a3ea164ee66d4341097,084b5133c06fff8bf75f39c54d548f5f9a7759419ecc0d5329aedd651a79e0fc,1440,1356,1356,0.9416666666666667,0.9416666666666667,1440,105,79,36,93,32,32.208333333333336,79.0,0,0.0,0.0,67,67,1217.4,1087.5,0.005517817855992662,0.18885442414634587,147.78,939.5256277579977,0,0,0,0,0,84,1.3075316999999984
test,202,switch,pd_dev_selected,72597c78509deca0f2a706c35a899b63345627f2a8a71a3ea164ee66d4341097,084b5133c06fff8bf75f39c54d548f5f9a7759419ecc0d5329aedd651a79e0fc,1440,1356,1356,0.9416666666666667,0.9416666666666667,1440,105,79,36,93,32,32.208333333333336,79.0,0,0.0,0.0,67,67,1217.4,1087.5,0.005517817855992662,0.18885442414634587,147.78,939.5256277579977,0,0,0,0,0,84,1.3075316999999984
test,202,switch,pd_history,72597c78509deca0f2a706c35a899b63345627f2a8a71a3ea164ee66d4341097,12867e2836c9451c8a0a2710acc761c29b87b022da7537abf630f70f69d9e680,1440,1361,1361,0.9451388888888889,0.9451388888888889,1440,146,79,36,124,106,11.604166666666666,50.5,0,0.0,0.0,66,66,1217.4,1091.0,0.005531962197244723,0.1701575859841284,158.78,932.0443104518187,0,0,0,0,0,79,1.0679429000000198
test,202,switch,no_control_interpretation,72597c78509deca0f2a706c35a899b63345627f2a8a71a3ea164ee66d4341097,0d433431ee0166e6a04eebb54bdf73ee5be4837fead592c52873f3d69ec8a41c,1440,1440,1440,1.0,1.0,1440,146,0,36,124,106,11.604166666666666,50.5,0,0.0,0.0,145,145,1217.4,1217.4,0.005886735074436385,0.1879701877974668,173.0,1044.2061430771282,0,0,0,0,0,0,1.1789062999999942
test,202,switch,no_pre_new_only,72597c78509deca0f2a706c35a899b63345627f2a8a71a3ea164ee66d4341097,8761b97b68408ee037320933308973eb980db4172935f6ee702655f31df03c90,1440,511,511,0.3548611111111111,0.3548611111111111,1440,511,712,0,313,313,0.0,10.0,0,0.0,0.0,0,0,1217.4,247.6,0.00209171237359886,0.11554553960071225,36.93,210.5523627480257,0,0,0,0,712,217,0.7446326999999826
test,202,switch,greedy_hard_cap,72597c78509deca0f2a706c35a899b63345627f2a8a71a3ea164ee66d4341097,d71fba6c24c1e076f303c241e4e1790beae88e0af714cbadafda614ff8400e1c,1440,1297,1297,0.9006944444444445,0.9006944444444445,1440,104,143,36,65,45,17.958333333333332,49.5,0,0.0,0.0,0,0,1217.4,988.6,0.005301053421038572,0.027192442722602714,124.81,863.7575065038563,0,0,143,0,0,0,1.188746100000003
test,203,high_tight,pd_theta_2,765e88f310b7d49e6a6f50492b9e64b7461328c185e0511ce8049130f50741c0,794841b9232c66217e79e9cb42b3aab19ae9b51e58ba1b6b35f2474a879f467b,1440,1293,1293,0.8979166666666667,0.8979166666666667,1440,161,147,36,124,112,13.083333333333334,36.0,0,0.0,0.0,133,133,1429.2,1194.0,0.0053554367468011945,0.1561525398388978,135.89,1057.9484920234145,0,0,0,0,0,147,1.022059200000001
test,203,high_tight,pd_theta_4,765e88f310b7d49e6a6f50492b9e64b7461328c185e0511ce8049130f50741c0,9477c2cc20b7d73c47c741167617a9727cbc5160aaa0c884542119995d1d0301,1440,1293,1293,0.8979166666666667,0.8979166666666667,1440,134,147,36,111,89,17.604166666666668,41.0,0,0.0,0.0,133,133,1429.2,1194.0,0.0053554367468011945,0.1557053604046029,134.14,1059.6989392028488,0,0,0,0,0,147,0.9482796000000064
test,203,high_tight,pd_theta_8,765e88f310b7d49e6a6f50492b9e64b7461328c185e0511ce8049130f50741c0,c7cd4eccbf00e52224a5742e85ee20cffbc13e18cc41f7cc4ce212f6dd6c7821,1440,1293,1293,0.8979166666666667,0.8979166666666667,1440,109,147,36,95,60,23.375,48.0,0,0.0,0.0,133,133,1429.2,1194.0,0.0053554367468011945,0.15875706558094266,132.74,1061.0958874976723,0,0,0,0,0,147,1.1348093999999946
test,203,high_tight,pd_theta_16,765e88f310b7d49e6a6f50492b9e64b7461328c185e0511ce8049130f50741c0,a8413f914a82531c47143b423a12056353bcd6a2af6aacd98506c63858099826,1440,1293,1293,0.8979166666666667,0.8979166666666667,1440,94,147,36,86,29,30.125,60.5,0,0.0,0.0,133,133,1429.2,1194.0,0.0053554367468011945,0.15638830031728793,130.64,1063.198256262936,0,0,0,0,0,147,0.9035090999999795
test,203,high_tight,pd_dev_selected,765e88f310b7d49e6a6f50492b9e64b7461328c185e0511ce8049130f50741c0,a8413f914a82531c47143b423a12056353bcd6a2af6aacd98506c63858099826,1440,1293,1293,0.8979166666666667,0.8979166666666667,1440,94,147,36,86,29,30.125,60.5,0,0.0,0.0,133,133,1429.2,1194.0,0.0053554367468011945,0.15638830031728793,130.64,1063.198256262936,0,0,0,0,0,147,0.9035090999999795
test,203,high_tight,pd_history,765e88f310b7d49e6a6f50492b9e64b7461328c185e0511ce8049130f50741c0,794841b9232c66217e79e9cb42b3aab19ae9b51e58ba1b6b35f2474a879f467b,1440,1293,1293,0.8979166666666667,0.8979166666666667,1440,161,147,36,124,112,13.083333333333334,36.0,0,0.0,0.0,133,133,1429.2,1194.0,0.0053554367468011945,0.1561525398388978,135.89,1057.9484920234145,0,0,0,0,0,147,0.9529076999999972
test,203,high_tight,no_control_interpretation,765e88f310b7d49e6a6f50492b9e64b7461328c185e0511ce8049130f50741c0,f9df6092336af85c54535eaff10207b8978e3ba6f3e76771ce7d6a122ffa4067,1440,1440,1440,1.0,1.0,1440,161,0,36,124,112,13.083333333333334,36.0,0,0.0,0.0,280,280,1429.2,1429.2,0.0060156361424923265,0.18837636858513201,162.35,1266.6556079952725,0,0,0,0,0,0,0.9704587999999887
test,203,high_tight,no_pre_new_only,765e88f310b7d49e6a6f50492b9e64b7461328c185e0511ce8049130f50741c0,e9fb331ffbc31a59e8d7a7967a223f6232f940e063c1987014eeeb90b718d4ce,1440,711,711,0.49375,0.49375,1440,711,711,0,412,412,0.0,10.0,0,0.0,0.0,0,0,1429.2,284.40000000000003,0.0029671726046912143,0.1790110437734612,21.33,262.88802178362187,0,0,0,0,711,18,0.9433037000000013
test,203,high_tight,greedy_hard_cap,765e88f310b7d49e6a6f50492b9e64b7461328c185e0511ce8049130f50741c0,3c8bf40d36f2ef4e1f8aee45d69be8dd3a1611c7f03d5a0ebd3aaeb3ac5341b0,1440,1160,1160,0.8055555555555556,0.8055555555555556,1440,84,280,36,57,45,16.395833333333332,36.0,0,0.0,0.0,0,0,1429.2,981.2,0.004848929750504803,0.03893871860676094,99.45,881.7062123516428,0,0,280,0,0,0,1.0742356000000086
test,203,high_loose,pd_theta_2,2c1c3fc157109ed8a4daf1ac73f5ff38f57fcd507ca0bf8730f2083741dc1507,d655cbf75950c14d53c69ae96f8459ed676a794d3da960d817b716f2cae25f47,1440,1439,1439,0.9993055555555556,0.9993055555555556,1440,126,0,36,110,94,10.333333333333334,50.0,0,0.0,0.0,2,2,1002.5999999999999,1001.9,0.00600917749695854,0.20814390738572952,182.17,819.5158469151172,0,0,0,0,0,1,1.0595454999999845
test,203,high_loose,pd_theta_4,2c1c3fc157109ed8a4daf1ac73f5ff38f57fcd507ca0bf8730f2083741dc1507,c1d9c23673b30554c71e25c2164d777650225db185a00e629c583f987c5f466f,1440,1439,1439,0.9993055555555556,0.9993055555555556,1440,101,0,36,94,70,15.854166666666666,58.5,0,0.0,0.0,2,2,1002.5999999999999,1001.9,0.00600917749695854,0.21325228819651265,182.26999999999998,819.4107385343065,0,0,0,0,0,1,1.236676200000005
test,203,high_loose,pd_theta_8,2c1c3fc157109ed8a4daf1ac73f5ff38f57fcd507ca0bf8730f2083741dc1507,921e1c709997d719254e83dae3e26500e4932349fe55dcab6e2f6662ef3c5503,1440,1439,1439,0.9993055555555556,0.9993055555555556,1440,96,0,36,91,48,25.270833333333332,71.0,0,0.0,0.0,2,2,1002.5999999999999,1001.9,0.00600917749695854,0.20937028878676717,183.62,818.0646205337163,0,0,0,0,0,1,1.5519247000000007
test,203,high_loose,pd_theta_16,2c1c3fc157109ed8a4daf1ac73f5ff38f57fcd507ca0bf8730f2083741dc1507,b7af1a05018df9c64db1f98ca87738c9e69bc8a5434ad156703bcb322ea421a3,1440,1439,1439,0.9993055555555556,0.9993055555555556,1440,89,0,36,84,20,35.75,93.5,2,0.5,0.0,2,2,1002.5999999999999,1001.9,0.00600917749695854,0.21475872231377438,185.67,816.0092321001893,0,0,0,0,0,1,1.2932836999999893
test,203,high_loose,pd_dev_selected,2c1c3fc157109ed8a4daf1ac73f5ff38f57fcd507ca0bf8730f2083741dc1507,b7af1a05018df9c64db1f98ca87738c9e69bc8a5434ad156703bcb322ea421a3,1440,1439,1439,0.9993055555555556,0.9993055555555556,1440,89,0,36,84,20,35.75,93.5,2,0.5,0.0,2,2,1002.5999999999999,1001.9,0.00600917749695854,0.21475872231377438,185.67,816.0092321001893,0,0,0,0,0,1,1.2932836999999893
test,203,high_loose,pd_history,2c1c3fc157109ed8a4daf1ac73f5ff38f57fcd507ca0bf8730f2083741dc1507,d655cbf75950c14d53c69ae96f8459ed676a794d3da960d817b716f2cae25f47,1440,1439,1439,0.9993055555555556,0.9993055555555556,1440,126,0,36,110,94,10.333333333333334,50.0,0,0.0,0.0,2,2,1002.5999999999999,1001.9,0.00600917749695854,0.20814390738572952,182.17,819.5158469151172,0,0,0,0,0,1,1.3780493999999806
test,203,high_loose,no_control_interpretation,2c1c3fc157109ed8a4daf1ac73f5ff38f57fcd507ca0bf8730f2083741dc1507,dd0afb8955367e3594000d5e055790baa89b80d7299b7da35f3ada5c1458aa14,1440,1440,1440,1.0,1.0,1440,126,0,36,110,94,10.333333333333334,50.0,0,0.0,0.0,3,3,1002.5999999999999,1002.5999999999999,0.0060156361424923265,0.20814390738572952,182.35,820.0358404564718,0,0,0,0,0,0,1.3060081999999795
test,203,high_loose,no_pre_new_only,2c1c3fc157109ed8a4daf1ac73f5ff38f57fcd507ca0bf8730f2083741dc1507,907d5d3d90fe6d81e745538daa559e7fead7af745de4f612e17b530034a15646,1440,306,306,0.2125,0.2125,1440,306,711,0,216,216,0.0,10.0,0,0.0,0.0,0,0,1002.5999999999999,208.79999999999998,0.0012870736352585976,0.0665248354333563,52.379999999999995,156.35218809093138,0,0,0,0,711,423,0.8714569999999924
test,203,high_loose,greedy_hard_cap,2c1c3fc157109ed8a4daf1ac73f5ff38f57fcd507ca0bf8730f2083741dc1507,53c63d9f36c337e83a3337a556a1cf930f0b1fe0988e76951e1aba96595eb96a,1440,1440,1440,1.0,1.0,1440,107,0,36,74,53,18.9375,49.5,0,0.0,0.0,0,0,1002.5999999999999,1002.5999999999999,0.0060156361424923265,0.040981566907193935,154.25,848.3030027969503,0,0,0,0,0,0,0.9395700999999974
test,203,random,pd_theta_2,fbb1cc721153c5fd771b184a40a9f1a95b18ea1af006df6bc6dddfb7c55066eb,e252a88659462b7e5757a32045ca3f59ea12bea877c0470744b107a2e1406c1b,1440,1432,1432,0.9944444444444445,0.9944444444444445,1440,182,0,36,155,132,14.166666666666666,53.5,0,0.0,0.0,7,7,1206.6,1201.0,0.005983913469555352,0.22170473239445973,175.31,1025.462311354136,0,0,0,0,0,8,1.2805965000000015
test,203,random,pd_theta_4,fbb1cc721153c5fd771b184a40a9f1a95b18ea1af006df6bc6dddfb7c55066eb,edfc4be1b81d707c9185bfb636521c49beb046de46f8bf299d1e499ca25b05c0,1440,1434,1434,0.9958333333333333,0.9958333333333333,1440,153,0,36,135,102,21.5,61.5,0,0.0,0.0,7,7,1206.6,1202.4,0.005991591636271491,0.22700435832233026,173.97,1028.1970040500414,0,0,0,0,0,6,1.0462167999999963
test,203,random,pd_theta_8,fbb1cc721153c5fd771b184a40a9f1a95b18ea1af006df6bc6dddfb7c55066eb,3ecfe4977f740fafc7fb83e12144ffb36ad694d41996285b18c430b1ead8da32,1440,1435,1435,0.9965277777777778,0.9965277777777778,1440,126,0,36,113,67,31.229166666666668,72.0,0,0.0,0.0,6,6,1206.6,1203.1,0.005997105674752351,0.23510353704415274,171.15,1031.708899357281,0,0,0,0,0,5,1.1431292000000042
test,203,random,pd_theta_16,fbb1cc721153c5fd771b184a40a9f1a95b18ea1af006df6bc6dddfb7c55066eb,e481f9607308b4145d2a87ea66aecd9c9050ad442a3fff9913fb545356f198e5,1440,1435,1435,0.9965277777777778,0.9965277777777778,1440,108,0,36,97,27,41.625,91.5,0,0.0,0.0,6,6,1206.6,1203.1,0.005997105674752351,0.23068237318296167,168.29999999999998,1034.5633205211423,0,0,0,0,0,5,1.0163940000000196
test,203,random,pd_dev_selected,fbb1cc721153c5fd771b184a40a9f1a95b18ea1af006df6bc6dddfb7c55066eb,e481f9607308b4145d2a87ea66aecd9c9050ad442a3fff9913fb545356f198e5,1440,1435,1435,0.9965277777777778,0.9965277777777778,1440,108,0,36,97,27,41.625,91.5,0,0.0,0.0,6,6,1206.6,1203.1,0.005997105674752351,0.23068237318296167,168.29999999999998,1034.5633205211423,0,0,0,0,0,5,1.0163940000000196
test,203,random,pd_history,fbb1cc721153c5fd771b184a40a9f1a95b18ea1af006df6bc6dddfb7c55066eb,e252a88659462b7e5757a32045ca3f59ea12bea877c0470744b107a2e1406c1b,1440,1432,1432,0.9944444444444445,0.9944444444444445,1440,182,0,36,155,132,14.166666666666666,53.5,0,0.0,0.0,7,7,1206.6,1201.0,0.005983913469555352,0.22170473239445973,175.31,1025.462311354136,0,0,0,0,0,8,1.4420994999999834
test,203,random,no_control_interpretation,fbb1cc721153c5fd771b184a40a9f1a95b18ea1af006df6bc6dddfb7c55066eb,d858c6b5c5eea7d493cd77030d9b700f52645512dfb459277c37fdb66772609f,1440,1440,1440,1.0,1.0,1440,186,0,36,159,137,14.458333333333334,54.5,0,0.0,0.0,6,6,1206.6,1206.6,0.0060156361424923265,0.22768654549703465,176.75,1029.6162978183604,0,0,0,0,0,0,1.1493685000000085
test,203,random,no_pre_new_only,fbb1cc721153c5fd771b184a40a9f1a95b18ea1af006df6bc6dddfb7c55066eb,cea80533ace0ce554a5d432db5ad09c81990ab269c127d54a716df5f42729dd6,1440,534,534,0.37083333333333335,0.37083333333333335,1440,534,711,0,365,365,0.0,12.0,0,0.0,0.0,0,0,1206.6,269.7,0.00224891630191081,0.12647667746694166,44.07,225.50127440623115,0,0,0,0,711,195,0.8703419999999937
test,203,random,greedy_hard_cap,fbb1cc721153c5fd771b184a40a9f1a95b18ea1af006df6bc6dddfb7c55066eb,86fac93387ea77bb16363ae5e9b7e018266360251b67b4909858754908661add,1440,1430,1430,0.9930555555555556,0.9930555555555556,1440,116,10,36,85,63,20.041666666666668,50.0,0,0.0,0.0,0,0,1206.6,1190.6,0.005965109263124164,0.025137649357692488,148.65,1041.9188972413792,0,0,10,0,0,0,1.2034342999999978
test,203,switch,pd_theta_2,e1f2d265cbb86ba277b3da48b26a66ab234a5ff25d4eb1bae2c61877f32c4529,b281dbc93e6232e48fcd4150b6374d276bda31ab0dd607f1dad97eca24ec4035,1440,1372,1372,0.9527777777777777,0.9527777777777777,1440,144,68,36,119,103,11.270833333333334,50.0,0,0.0,0.0,72,72,1216.2,1107.4,0.005713479099450181,0.18424641826198337,160.10999999999999,947.1000401026386,0,0,0,0,0,68,1.3299466999999936
test,203,switch,pd_theta_4,e1f2d265cbb86ba277b3da48b26a66ab234a5ff25d4eb1bae2c61877f32c4529,fe7e1922a737005831acf83e3df1df824b4fd9455a5cec294df38c0c974ef91b,1440,1372,1372,0.9527777777777777,0.9527777777777777,1440,126,68,36,107,82,16.604166666666668,58.0,0,0.0,0.0,72,72,1216.2,1107.4,0.005713479099450181,0.1794740048412705,159.01,948.2048125160593,0,0,0,0,0,68,1.6710021000000097
test,203,switch,pd_theta_8,e1f2d265cbb86ba277b3da48b26a66ab234a5ff25d4eb1bae2c61877f32c4529,909d9f4f41c9bcd399e0d936b4217db8dbed49f7d5f992539b8f7b7036f07523,1440,1372,1372,0.9527777777777777,0.9527777777777777,1440,109,68,36,95,56,23.375,67.5,0,0.0,0.0,74,74,1216.2,1107.4,0.005713479099450181,0.1843046095153216,155.91,951.2999819113852,0,0,0,0,0,68,1.7138161000000025
test,203,switch,pd_theta_16,e1f2d265cbb86ba277b3da48b26a66ab234a5ff25d4eb1bae2c61877f32c4529,e3663c558c2f0358e30745ad0c26b58f7beb1c9497dcd44e0d7457e9b1f91205,1440,1371,1371,0.9520833333333333,0.9520833333333333,1440,103,68,36,90,29,31.333333333333332,79.0,0,0.0,0.0,76,76,1216.2,1106.7,0.005707851679813721,0.18282165529875932,149.68,956.8314704930215,0,0,0,0,0,69,1.7101796000000036
test,203,switch,pd_dev_selected,e1f2d265cbb86ba277b3da48b26a66ab234a5ff25d4eb1bae2c61877f32c4529,e3663c558c2f0358e30745ad0c26b58f7beb1c9497dcd44e0d7457e9b1f91205,1440,1371,1371,0.9520833333333333,0.9520833333333333,1440,103,68,36,90,29,31.333333333333332,79.0,0,0.0,0.0,76,76,1216.2,1106.7,0.005707851679813721,0.18282165529875932,149.68,956.8314704930215,0,0,0,0,0,69,1.7101796000000036
test,203,switch,pd_history,e1f2d265cbb86ba277b3da48b26a66ab234a5ff25d4eb1bae2c61877f32c4529,b281dbc93e6232e48fcd4150b6374d276bda31ab0dd607f1dad97eca24ec4035,1440,1372,1372,0.9527777777777777,0.9527777777777777,1440,144,68,36,119,103,11.270833333333334,50.0,0,0.0,0.0,72,72,1216.2,1107.4,0.005713479099450181,0.18424641826198337,160.10999999999999,947.1000401026386,0,0,0,0,0,68,1.4169286000000056
test,203,switch,no_control_interpretation,e1f2d265cbb86ba277b3da48b26a66ab234a5ff25d4eb1bae2c61877f32c4529,0f8705fb112217b50db6814cb3129bf29dbcf0890e342ebd48b2ffe84b77f251,1440,1440,1440,1.0,1.0,1440,144,0,36,119,103,11.270833333333334,50.0,0,0.0,0.0,140,140,1216.2,1216.2,0.0060156361424923265,0.19988644812827955,172.35,1043.6440979157292,0,0,0,0,0,0,1.3707958999999903
test,203,switch,no_pre_new_only,e1f2d265cbb86ba277b3da48b26a66ab234a5ff25d4eb1bae2c61877f32c4529,7a4761aadbffa771a0614adbe1a750a85a587d15fc4a051956258a0891376353,1440,506,506,0.35138888888888886,0.35138888888888886,1440,506,711,0,311,311,0.0,10.0,0,0.0,0.0,0,0,1216.2,245.6,0.002105809013871431,0.12392597530466631,36.78,208.69396821568145,0,0,0,0,711,223,1.0645549000000187
test,203,switch,greedy_hard_cap,e1f2d265cbb86ba277b3da48b26a66ab234a5ff25d4eb1bae2c61877f32c4529,e8db05d3e2ef1ff31346a0b1bea32c6d2548e074110b886720b56db7a8d3642a,1440,1300,1300,0.9027777777777778,0.9027777777777778,1440,115,140,36,80,59,18.708333333333332,50.5,0,0.0,0.0,0,0,1216.2,992.2,0.005418109452777438,0.03424704654285843,125.3,866.8603348440043,0,0,140,0,0,0,1.0873585000000219
test,204,high_tight,pd_theta_2,702b1a01f099b160786f383155c7b98895865caa8aa1425fea41e5d396da0bd0,cd80444792557403dee9ad8757afe574f2ef1dc2c4442594811527c9ef958b6d,1440,1288,1288,0.8944444444444445,0.8944444444444445,1440,161,152,36,121,111,12.8125,35.5,0,0.0,0.0,129,129,1429.2,1186.0,0.00520881723623768,0.15355826650529722,135.54,1050.3012329162586,0,0,0,0,0,152,1.1446909000000005
test,204,high_tight,pd_theta_4,702b1a01f099b160786f383155c7b98895865caa8aa1425fea41e5d396da0bd0,f96d0f7e75fe105077b53fc628e9cd000824affe2b4333bf0e1413b98204efb6,1440,1288,1288,0.8944444444444445,0.8944444444444445,1440,133,152,36,109,89,17.6875,40.5,0,0.0,0.0,129,129,1429.2,1186.0,0.00520881723623768,0.15784639478749174,133.24,1052.5969447879763,0,0,0,0,0,152,1.541598499999992
test,204,high_tight,pd_theta_8,702b1a01f099b160786f383155c7b98895865caa8aa1425fea41e5d396da0bd0,960ce47948993e8ad9bab475dad5f4532fc1e471870c844ce6f45b5dbbc1e69b,1440,1288,1288,0.8944444444444445,0.8944444444444445,1440,112,152,36,92,56,23.375,47.5,0,0.0,0.0,129,129,1429.2,1186.0,0.00520881723623768,0.1665767238195561,131.19,1054.6382144589443,0,0,0,0,0,152,1.5418506999999977
test,204,high_tight,pd_theta_16,702b1a01f099b160786f383155c7b98895865caa8aa1425fea41e5d396da0bd0,1e3e7e76a1565e6172616f38966d91510af65353e29aa4ecd5f97400d3f26228,1440,1288,1288,0.8944444444444445,0.8944444444444445,1440,94,152,36,85,28,29.791666666666668,61.5,0,0.0,0.0,129,129,1429.2,1186.0,0.00520881723623768,0.1703013790792244,129.39,1056.4344898036845,0,0,0,0,0,152,1.3105761999999856
test,204,high_tight,pd_dev_selected,702b1a01f099b160786f383155c7b98895865caa8aa1425fea41e5d396da0bd0,1e3e7e76a1565e6172616f38966d91510af65353e29aa4ecd5f97400d3f26228,1440,1288,1288,0.8944444444444445,0.8944444444444445,1440,94,152,36,85,28,29.791666666666668,61.5,0,0.0,0.0,129,129,1429.2,1186.0,0.00520881723623768,0.1703013790792244,129.39,1056.4344898036845,0,0,0,0,0,152,1.3105761999999856
test,204,high_tight,pd_history,702b1a01f099b160786f383155c7b98895865caa8aa1425fea41e5d396da0bd0,cd80444792557403dee9ad8757afe574f2ef1dc2c4442594811527c9ef958b6d,1440,1288,1288,0.8944444444444445,0.8944444444444445,1440,161,152,36,121,111,12.8125,35.5,0,0.0,0.0,129,129,1429.2,1186.0,0.00520881723623768,0.15355826650529722,135.54,1050.3012329162586,0,0,0,0,0,152,0.9184602999999925
test,204,high_tight,no_control_interpretation,702b1a01f099b160786f383155c7b98895865caa8aa1425fea41e5d396da0bd0,baccdd29d0b25cbccf814d5e0bcbfe7aa9d408e92f1e1944b58fffa635cda16c,1440,1440,1440,1.0,1.0,1440,161,0,36,121,111,12.8125,35.5,0,0.0,0.0,281,281,1429.2,1429.2,0.005902465118443064,0.18370665207853676,162.9,1266.1103908828031,0,0,0,0,0,0,0.9800907000000052
test,204,high_tight,no_pre_new_only,702b1a01f099b160786f383155c7b98895865caa8aa1425fea41e5d396da0bd0,4f1ff99ba763ac4f5dfcca107a0d037a9f6e16789da36cbe938802af216e31c2,1440,715,715,0.4965277777777778,0.4965277777777778,1440,715,711,0,407,407,0.0,9.5,0,0.0,0.0,0,0,1429.2,286.0,0.0028843991628214292,0.17076931069434154,21.45,264.37634629014286,0,0,0,0,711,14,0.9030879999999968
test,204,high_tight,greedy_hard_cap,702b1a01f099b160786f383155c7b98895865caa8aa1425fea41e5d396da0bd0,c7bfb49c7eb71ec7a8d28fa0a8aa7e040b38b9ba853d498a4293a18a4b45d9f6,1440,1159,1159,0.8048611111111111,0.8048611111111111,1440,98,281,36,65,51,16.770833333333332,37.0,0,0.0,0.0,0,0,1429.2,979.6,0.0047182882357100575,0.03801089562047976,99.27,880.2872708161439,0,0,281,0,0,0,1.0722808000000157
test,204,high_loose,pd_theta_2,7c019ab19fb4597f46cf3d6e4bb44d5a1b77bedece6d1f839ded5d5257b2b73e,74b39eeade1f39712f4c92c29301c0f9be68eab53abf782ea01bd6bac97018ba,1440,1439,1439,0.9993055555555556,0.9993055555555556,1440,126,0,36,113,97,10.666666666666666,52.0,0,0.0,0.0,3,3,1002.5999999999999,1001.9,0.005899151626425744,0.19897695153275152,183.22,818.4751238968407,0,0,0,0,0,1,0.8073226000000204
test,204,high_loose,pd_theta_4,7c019ab19fb4597f46cf3d6e4bb44d5a1b77bedece6d1f839ded5d5257b2b73e,fc02a0e81796cbb353e4ea6ebb5fba218aaa21ca13a520b1fe427aeea663e222,1440,1439,1439,0.9993055555555556,0.9993055555555556,1440,102,0,36,94,68,15.833333333333334,57.0,0,0.0,0.0,3,3,1002.5999999999999,1001.9,0.005899151626425744,0.20546821742202503,184.26999999999998,817.4186326309515,0,0,0,0,0,1,0.9002822999999864
test,204,high_loose,pd_theta_8,7c019ab19fb4597f46cf3d6e4bb44d5a1b77bedece6d1f839ded5d5257b2b73e,3dddc5a22653184c35958032a5bfc4358411426b4bb2270db2d74cd9a7f2fd84,1440,1439,1439,0.9993055555555556,0.9993055555555556,1440,96,0,36,90,47,25.625,71.0,0,0.0,0.0,3,3,1002.5999999999999,1001.9,0.005899151626425744,0.2052690425906193,184.67,817.018831805783,0,0,0,0,0,1,0.8986860999999919
test,204,high_loose,pd_theta_16,7c019ab19fb4597f46cf3d6e4bb44d5a1b77bedece6d1f839ded5d5257b2b73e,a6e69da49470417688c3e2fe3480b837d26a63d672d2e84cd6b85a58c5ff8c0b,1440,1439,1439,0.9993055555555556,0.9993055555555556,1440,88,0,36,83,19,35.208333333333336,93.5,0,0.0,0.0,3,3,1002.5999999999999,1001.9,0.005899151626425744,0.22334392163501762,187.26999999999998,814.4007569267385,0,0,0,0,0,1,0.9370030999999983
test,204,high_loose,pd_dev_selected,7c019ab19fb4597f46cf3d6e4bb44d5a1b77bedece6d1f839ded5d5257b2b73e,a6e69da49470417688c3e2fe3480b837d26a63d672d2e84cd6b85a58c5ff8c0b,1440,1439,1439,0.9993055555555556,0.9993055555555556,1440,88,0,36,83,19,35.208333333333336,93.5,0,0.0,0.0,3,3,1002.5999999999999,1001.9,0.005899151626425744,0.22334392163501762,187.26999999999998,814.4007569267385,0,0,0,0,0,1,0.9370030999999983
test,204,high_loose,pd_history,7c019ab19fb4597f46cf3d6e4bb44d5a1b77bedece6d1f839ded5d5257b2b73e,74b39eeade1f39712f4c92c29301c0f9be68eab53abf782ea01bd6bac97018ba,1440,1439,1439,0.9993055555555556,0.9993055555555556,1440,126,0,36,113,97,10.666666666666666,52.0,0,0.0,0.0,3,3,1002.5999999999999,1001.9,0.005899151626425744,0.19897695153275152,183.22,818.4751238968407,0,0,0,0,0,1,0.9858375000000024
test,204,high_loose,no_control_interpretation,7c019ab19fb4597f46cf3d6e4bb44d5a1b77bedece6d1f839ded5d5257b2b73e,b4779ac3b77e71b5967773f171426dedef6ff98fefe634bddb76d2f17a072fc6,1440,1440,1440,1.0,1.0,1440,126,0,36,113,97,10.666666666666666,52.0,0,0.0,0.0,4,4,1002.5999999999999,1002.5999999999999,0.005902465118443064,0.19918404478383403,183.4,818.9949134900977,0,0,0,0,0,0,0.9776956999999982
test,204,high_loose,no_pre_new_only,7c019ab19fb4597f46cf3d6e4bb44d5a1b77bedece6d1f839ded5d5257b2b73e,a8b4c7b4d3df4b5ce4a067e19feb0a627be666ce537bd16cec3b0fe9bf891f4b,1440,306,306,0.2125,0.2125,1440,306,711,0,210,210,0.0,10.0,0,0.0,0.0,0,0,1002.5999999999999,208.79999999999998,0.0012846490265869034,0.06671386569316397,52.379999999999995,156.35200148528023,0,0,0,0,711,423,0.8040988999999854
test,204,high_loose,greedy_hard_cap,7c019ab19fb4597f46cf3d6e4bb44d5a1b77bedece6d1f839ded5d5257b2b73e,a522bb4cbc43ae18d8ab6817005a2543be081de21a1a035da9101fb08b7e0aee,1440,1440,1440,1.0,1.0,1440,108,0,36,70,48,18.0625,48.5,0,0.0,0.0,0,0,1002.5999999999999,1002.5999999999999,0.005902465118443064,0.05728776126463796,156.29999999999998,846.2368097736169,0,0,0,0,0,0,0.9976357999999834
test,204,random,pd_theta_2,f867b9dff4c98bf41278a6f00dcf838045fe11aa4946a17433685293d2e73fe2,e42dba04fe0df501a5e831beb7b5d1f14d1d7ed2c3a71587e03057e68d840712,1440,1435,1435,0.9965277777777778,0.9965277777777778,1440,181,0,36,153,135,14.041666666666666,52.0,0,0.0,0.0,3,3,1209.6,1206.1,0.0058865998709807495,0.22349303407198484,175.15,1030.7206203660571,0,0,0,0,0,5,1.217433199999988
test,204,random,pd_theta_4,f867b9dff4c98bf41278a6f00dcf838045fe11aa4946a17433685293d2e73fe2,3162f541d936d3fd0d44b247beecef35c9144eb9c1884e2e8f8c48dfaacbb88e,1440,1436,1436,0.9972222222222222,0.9972222222222222,1440,149,0,36,135,106,22.479166666666668,62.5,0,0.0,0.0,2,2,1209.6,1206.8,0.00588880953436368,0.22591946799816992,173.53,1033.0381917224674,0,0,0,0,0,4,1.1736621999999954
test,204,random,pd_theta_8,f867b9dff4c98bf41278a6f00dcf838045fe11aa4946a17433685293d2e73fe2,75e87beeb4ad8dbf8f17717b651917b863e227404a04f0a41ed0140df9a90aab,1440,1436,1436,0.9972222222222222,0.9972222222222222,1440,120,0,36,113,66,33.020833333333336,75.0,0,0.0,0.0,2,2,1209.6,1206.8,0.00588880953436368,0.2430063655093325,169.63,1036.9211048249563,0,0,0,0,0,4,1.2293094999999994
test,204,random,pd_theta_16,f867b9dff4c98bf41278a6f00dcf838045fe11aa4946a17433685293d2e73fe2,6ca334ad14497d63f39b7950983ba62e591117598663ee76c0b20eb931050b4f,1440,1436,1436,0.9972222222222222,0.9972222222222222,1440,108,0,36,101,27,42.979166666666664,94.0,1,0.5,0.0,2,2,1209.6,1206.8,0.00588880953436368,0.2435529006043899,166.63,1039.9205582898612,0,0,0,0,0,4,1.059589399999993
test,204,random,pd_dev_selected,f867b9dff4c98bf41278a6f00dcf838045fe11aa4946a17433685293d2e73fe2,6ca334ad14497d63f39b7950983ba62e591117598663ee76c0b20eb931050b4f,1440,1436,1436,0.9972222222222222,0.9972222222222222,1440,108,0,36,101,27,42.979166666666664,94.0,1,0.5,0.0,2,2,1209.6,1206.8,0.00588880953436368,0.2435529006043899,166.63,1039.9205582898612,0,0,0,0,0,4,1.059589399999993
test,204,random,pd_history,f867b9dff4c98bf41278a6f00dcf838045fe11aa4946a17433685293d2e73fe2,e42dba04fe0df501a5e831beb7b5d1f14d1d7ed2c3a71587e03057e68d840712,1440,1435,1435,0.9965277777777778,0.9965277777777778,1440,181,0,36,153,135,14.041666666666666,52.0,0,0.0,0.0,3,3,1209.6,1206.1,0.0058865998709807495,0.22349303407198484,175.15,1030.7206203660571,0,0,0,0,0,5,1.1615090000000237
test,204,random,no_control_interpretation,f867b9dff4c98bf41278a6f00dcf838045fe11aa4946a17433685293d2e73fe2,00f99fe0d83bf0481e723dfbb6451e6e065589ba8531b0535deb6411fbbb86b3,1440,1440,1440,1.0,1.0,1440,182,0,36,152,134,13.958333333333334,51.5,0,0.0,0.0,5,5,1209.6,1209.6,0.005902465118443064,0.22737074418581776,176.29999999999998,1033.0667267906958,0,0,0,0,0,0,1.0446393999999941
test,204,random,no_pre_new_only,f867b9dff4c98bf41278a6f00dcf838045fe11aa4946a17433685293d2e73fe2,d36474d38c24600328643ebb0283110e3098e9287d4d52663985f7420224b405,1440,541,541,0.37569444444444444,0.37569444444444444,1440,541,711,0,382,382,0.0,13.5,0,0.0,0.0,0,0,1209.6,273.4,0.002216176042097924,0.12553987282468,44.73,228.54224395113323,0,0,0,0,711,188,0.8120518000000061
test,204,random,greedy_hard_cap,f867b9dff4c98bf41278a6f00dcf838045fe11aa4946a17433685293d2e73fe2,c05e067975098982bc39959b6fd2211106d29fd2f398127a82cbe263347c6e15,1440,1429,1429,0.9923611111111111,0.9923611111111111,1440,100,11,36,78,54,19.541666666666668,48.5,0,0.0,0.0,0,0,1209.6,1192.0,0.005858456276374479,0.02982969518509714,148.62,1043.3443118485386,0,0,11,0,0,0,1.0502627000000189
test,204,switch,pd_theta_2,b28d7e5b1d67da65660df6b31f4a344577dda78c5cc8c73b58774bc4eae50a81,214bc940c30ac365f599ec3032d507fa27468707cec9d9b0893b45d5f66398c6,1440,1361,1361,0.9451388888888889,0.9451388888888889,1440,153,76,36,126,110,12.208333333333334,51.0,0,0.0,0.0,69,69,1216.8,1093.1,0.005540824963642788,0.17348910221557293,158.32999999999998,934.5909700728208,0,0,0,0,0,79,0.9267195999999558
test,204,switch,pd_theta_4,b28d7e5b1d67da65660df6b31f4a344577dda78c5cc8c73b58774bc4eae50a81,235b772f18540c156416121ae96eff95cad0e56f0620615ad86be8e4ed1162b6,1440,1362,1362,0.9458333333333333,0.9458333333333333,1440,128,76,36,108,82,16.916666666666668,56.0,0,0.0,0.0,70,70,1216.8,1093.8,0.005546780678472902,0.1801382796869711,157.21,936.4043149396346,0,0,0,0,0,78,1.072139600000014
test,204,switch,pd_theta_8,b28d7e5b1d67da65660df6b31f4a344577dda78c5cc8c73b58774bc4eae50a81,ce263bf32be9528c9e44a7162f27f86e5e685dd33db2870739db7c8e50eaa68c,1440,1361,1361,0.9451388888888889,0.9451388888888889,1440,114,76,36,97,52,24.166666666666668,72.0,0,0.0,0.0,71,71,1216.8,1093.1,0.0055447650191011,0.17671307573656417,153.82999999999998,939.0877421592444,0,0,0,0,0,79,0.9132197999999789
test,204,switch,pd_theta_16,b28d7e5b1d67da65660df6b31f4a344577dda78c5cc8c73b58774bc4eae50a81,9e7ac7c1b2e8e4ed489356ab091f47544af6110bc0e88e86c35721eb3ea39747,1440,1359,1359,0.94375,0.94375,1440,102,76,36,90,30,31.604166666666668,79.5,0,0.0,0.0,72,72,1216.8,1091.7,0.005536442361847247,0.1763595482094841,148.42,943.0981040094287,0,0,0,0,0,81,0.9205248999999753
test,204,switch,pd_dev_selected,b28d7e5b1d67da65660df6b31f4a344577dda78c5cc8c73b58774bc4eae50a81,9e7ac7c1b2e8e4ed489356ab091f47544af6110bc0e88e86c35721eb3ea39747,1440,1359,1359,0.94375,0.94375,1440,102,76,36,90,30,31.604166666666668,79.5,0,0.0,0.0,72,72,1216.8,1091.7,0.005536442361847247,0.1763595482094841,148.42,943.0981040094287,0,0,0,0,0,81,0.9205248999999753
test,204,switch,pd_history,b28d7e5b1d67da65660df6b31f4a344577dda78c5cc8c73b58774bc4eae50a81,214bc940c30ac365f599ec3032d507fa27468707cec9d9b0893b45d5f66398c6,1440,1361,1361,0.9451388888888889,0.9451388888888889,1440,153,76,36,126,110,12.208333333333334,51.0,0,0.0,0.0,69,69,1216.8,1093.1,0.005540824963642788,0.17348910221557293,158.32999999999998,934.5909700728208,0,0,0,0,0,79,1.076766799999973
test,204,switch,no_control_interpretation,b28d7e5b1d67da65660df6b31f4a344577dda78c5cc8c73b58774bc4eae50a81,0302d0e9fbe4dd372cc1fad19a0531ecc7d974f3b99d783de9028c90a3632b28,1440,1440,1440,1.0,1.0,1440,155,0,36,126,110,12.208333333333334,51.0,0,0.0,0.0,146,146,1216.8,1216.8,0.005902465118443064,0.1903485007056609,172.54999999999998,1044.053749034176,0,0,0,0,0,0,0.9686788999999862
test,204,switch,no_pre_new_only,b28d7e5b1d67da65660df6b31f4a344577dda78c5cc8c73b58774bc4eae50a81,7db1a090eb2b6a29217c91b1c5be9b55397b19e68575aae2f911ab08f5d7226d,1440,518,518,0.3597222222222222,0.3597222222222222,1440,518,711,0,318,318,0.0,10.0,0,0.0,0.0,0,0,1216.8,250.4,0.0020936416322646615,0.1208472047862464,37.14,213.1370591535815,0,0,0,0,711,211,0.839207799999997
test,204,switch,greedy_hard_cap,b28d7e5b1d67da65660df6b31f4a344577dda78c5cc8c73b58774bc4eae50a81,e5145685be0db6559f131e6b320bc2c5c6ac4c40c453ef63c0ae4743df5db664,1440,1299,1299,0.9020833333333333,0.9020833333333333,1440,127,141,36,84,63,18.979166666666668,48.5,0,0.0,0.0,0,0,1216.8,991.2,0.00530914608726352,0.04036477780304852,124.86999999999999,866.2843260761097,0,0,141,0,0,0,1.233133500000008
test,205,high_tight,pd_theta_2,e9af2f03e9bf05e53b8e09791e479785e9a841dcc279a94b1df1b46587687249,3db82729a0a85e490dd09fc40f4e0270527b098bec3768ae90209618d6cc76f8,1440,1283,1283,0.8909722222222223,0.8909722222222223,1440,163,157,36,126,117,13.5,36.0,0,0.0,0.0,124,124,1430.4,1179.2,0.005223973168929399,0.15954781165037685,133.64,1045.3952282151809,0,0,0,0,0,157,1.2627716000000078
test,205,high_tight,pd_theta_4,e9af2f03e9bf05e53b8e09791e479785e9a841dcc279a94b1df1b46587687249,9c5a7fcd5a62459506d84d31af5451def8733d0af4cd629e7937cefb08735205,1440,1283,1283,0.8909722222222223,0.8909722222222223,1440,143,157,36,114,95,18.0625,41.5,0,0.0,0.0,124,124,1430.4,1179.2,0.005223973168929399,0.15283109638350684,132.39,1046.6519449304476,0,0,0,0,0,157,1.2725681000000009
test,205,high_tight,pd_theta_8,e9af2f03e9bf05e53b8e09791e479785e9a841dcc279a94b1df1b46587687249,20db9077f2e675d3c9dcd262a82cc88905c164727cfdef63af120f4a5b60ce49,1440,1283,1283,0.8909722222222223,0.8909722222222223,1440,114,157,36,99,59,24.25,49.5,0,0.0,0.0,124,124,1430.4,1179.2,0.005223973168929399,0.1603355748250531,130.69,1048.3444404520062,0,0,0,0,0,157,1.188124499999958
test,205,high_tight,pd_theta_16,e9af2f03e9bf05e53b8e09791e479785e9a841dcc279a94b1df1b46587687249,7f733a120b317ad53d16df72606aac7a0366b84ce3bc51e81427b38838f1807b,1440,1283,1283,0.8909722222222223,0.8909722222222223,1440,96,157,36,87,30,30.583333333333332,61.5,0,0.0,0.0,124,124,1430.4,1179.2,0.005223973168929399,0.16614792741284704,128.59,1050.4386280994183,0,0,0,0,0,157,1.214924300000007
test,205,high_tight,pd_dev_selected,e9af2f03e9bf05e53b8e09791e479785e9a841dcc279a94b1df1b46587687249,7f733a120b317ad53d16df72606aac7a0366b84ce3bc51e81427b38838f1807b,1440,1283,1283,0.8909722222222223,0.8909722222222223,1440,96,157,36,87,30,30.583333333333332,61.5,0,0.0,0.0,124,124,1430.4,1179.2,0.005223973168929399,0.16614792741284704,128.59,1050.4386280994183,0,0,0,0,0,157,1.214924300000007
test,205,high_tight,pd_history,e9af2f03e9bf05e53b8e09791e479785e9a841dcc279a94b1df1b46587687249,3db82729a0a85e490dd09fc40f4e0270527b098bec3768ae90209618d6cc76f8,1440,1283,1283,0.8909722222222223,0.8909722222222223,1440,163,157,36,126,117,13.5,36.0,0,0.0,0.0,124,124,1430.4,1179.2,0.005223973168929399,0.15954781165037685,133.64,1045.3952282151809,0,0,0,0,0,157,1.202805900000044
test,205,high_tight,no_control_interpretation,e9af2f03e9bf05e53b8e09791e479785e9a841dcc279a94b1df1b46587687249,0550f3cc7c777013b4d248607ed39632063474f142c614fd90578963ddc2d9a9,1440,1440,1440,1.0,1.0,1440,163,0,36,126,117,13.5,36.0,0,0.0,0.0,281,281,1430.4,1430.4,0.005910466211915568,0.189092491112822,161.9,1268.3049970426755,0,0,0,0,0,0,1.0835708999999838
test,205,high_tight,no_pre_new_only,e9af2f03e9bf05e53b8e09791e479785e9a841dcc279a94b1df1b46587687249,3bd4d85aa06242ed99a60dee229ee856bb5c120ff696deac68890df43aeb77ae,1440,717,717,0.4979166666666667,0.4979166666666667,1440,717,712,0,416,416,0.0,10.0,0,0.0,0.0,0,0,1430.4,286.8,0.002923016777634293,0.16438365529305446,21.509999999999998,265.1226933279293,0,0,0,0,712,11,0.9279083999999784
test,205,high_tight,greedy_hard_cap,e9af2f03e9bf05e53b8e09791e479785e9a841dcc279a94b1df1b46587687249,0a683b9693bd81a8f41b13764c884511d16906f07bd3f23c7498c103bb60eda9,1440,1159,1159,0.8048611111111111,0.8048611111111111,1440,103,281,36,66,53,16.708333333333332,36.5,0,0.0,0.0,0,0,1430.4,980.8000000000001,0.0047726580850722955,0.03968507005261917,99.42,881.3355422718624,0,0,281,0,0,0,1.032038
test,205,high_loose,pd_theta_2,22d4c87890e964a4d548ee660109db61403ed4c006f5025a35dda0543d68d943,f93b4b28d46eb22e131d57701ca143036f4049df7267ad79e24841f57da49e98,1440,1438,1438,0.9986111111111111,0.9986111111111111,1440,130,0,36,114,93,10.0625,49.5,0,0.0,0.0,2,2,1003.1999999999999,1001.8,0.005898964124647772,0.20065180605065733,181.24,820.3534492298246,0,0,0,0,0,2,0.8861670000000004
test,205,high_loose,pd_theta_4,22d4c87890e964a4d548ee660109db61403ed4c006f5025a35dda0543d68d943,41db521ea282f907d3e45de17ca611e3ddb444e16a3c5152a34ff77f2db823cb,1440,1438,1438,0.9986111111111111,0.9986111111111111,1440,102,0,36,95,71,16.270833333333332,56.5,0,0.0,0.0,2,2,1003.1999999999999,1001.8,0.005898964124647772,0.20226275516613718,181.39,820.2018382807091,0,0,0,0,0,2,1.148300900000038
test,205,high_loose,pd_theta_8,22d4c87890e964a4d548ee660109db61403ed4c006f5025a35dda0543d68d943,89985351515f3ebc3641837c3c534170998dcb6b4fdfd3304f456c5e52b40b69,1440,1438,1438,0.9986111111111111,0.9986111111111111,1440,97,0,36,91,52,25.479166666666668,69.0,0,0.0,0.0,2,2,1003.1999999999999,1001.8,0.005898964124647772,0.2128281222013245,182.29,819.291272913674,0,0,0,0,0,2,1.1330050000000256
test,205,high_loose,pd_theta_16,22d4c87890e964a4d548ee660109db61403ed4c006f5025a35dda0543d68d943,7be596434a52ea107c7b48c68f4a545f917243a8325b583a33ce1a5dcc0fa15d,1440,1438,1438,0.9986111111111111,0.9986111111111111,1440,92,0,36,86,22,37.125,94.5,1,0.5,0.0,2,2,1003.1999999999999,1001.8,0.005898964124647772,0.22213749871325553,184.19,817.381963537162,0,0,0,0,0,2,1.1999475000000075
test,205,high_loose,pd_dev_selected,22d4c87890e964a4d548ee660109db61403ed4c006f5025a35dda0543d68d943,7be596434a52ea107c7b48c68f4a545f917243a8325b583a33ce1a5dcc0fa15d,1440,1438,1438,0.9986111111111111,0.9986111111111111,1440,92,0,36,86,22,37.125,94.5,1,0.5,0.0,2,2,1003.1999999999999,1001.8,0.005898964124647772,0.22213749871325553,184.19,817.381963537162,0,0,0,0,0,2,1.1999475000000075
test,205,high_loose,pd_history,22d4c87890e964a4d548ee660109db61403ed4c006f5025a35dda0543d68d943,f93b4b28d46eb22e131d57701ca143036f4049df7267ad79e24841f57da49e98,1440,1438,1438,0.9986111111111111,0.9986111111111111,1440,130,0,36,114,93,10.0625,49.5,0,0.0,0.0,2,2,1003.1999999999999,1001.8,0.005898964124647772,0.20065180605065733,181.24,820.3534492298246,0,0,0,0,0,2,1.2254452999999899
test,205,high_loose,no_control_interpretation,22d4c87890e964a4d548ee660109db61403ed4c006f5025a35dda0543d68d943,e969c4fbc4a0f41ee736236e40c3d1da16f657e61bf664a52d52c49d01e3a39b,1440,1440,1440,1.0,1.0,1440,130,0,36,114,93,10.0625,49.5,0,0.0,0.0,4,4,1003.1999999999999,1003.1999999999999,0.005910466211915568,0.20065180605065733,181.6,821.3934377277374,0,0,0,0,0,0,1.2025711000000001
test,205,high_loose,no_pre_new_only,22d4c87890e964a4d548ee660109db61403ed4c006f5025a35dda0543d68d943,010fd96362741c29d4627c558fbd5fe26907a296a6670a51a81e45188db3862a,1440,304,304,0.2111111111111111,0.2111111111111111,1440,304,712,0,215,215,0.0,10.0,0,0.0,0.0,0,0,1003.1999999999999,208.0,0.0012790096340253242,0.06718482005908491,52.32,155.6115361703069,0,0,0,0,712,424,0.8440132999999719
test,205,high_loose,greedy_hard_cap,22d4c87890e964a4d548ee660109db61403ed4c006f5025a35dda0543d68d943,32e908290462a569808b05b3424de987ccc6c450a151475992f0809a989008a3,1440,1440,1440,1.0,1.0,1440,102,0,36,71,51,18.4375,48.0,0,0.0,0.0,0,0,1003.1999999999999,1003.1999999999999,0.005910466211915568,0.04635900244112591,155.85,847.2977305313469,0,0,0,0,0,0,0.8800089000000071
test,205,random,pd_theta_2,27915b0b99a464375a8e6eba1849393602d3f443208caf6dfbc4904248e187af,d41c63c975df490623fc8a00b5b0fd2aa32592d6d1cdaa89b5e898669f015900,1440,1438,1438,0.9986111111111111,0.9986111111111111,1440,185,0,36,154,136,13.5625,52.0,0,0.0,0.0,11,11,1207.2,1205.8,0.005899899491634851,0.21997950251771325,176.64,1028.9341205979906,0,0,0,0,0,2,0.9309044999999969
test,205,random,pd_theta_4,27915b0b99a464375a8e6eba1849393602d3f443208caf6dfbc4904248e187af,c85462e0edfe6d79493ba58a361c8d2857350564b9f62aa31ca3a1d05567b60c,1440,1438,1438,0.9986111111111111,0.9986111111111111,1440,151,0,36,131,97,21.458333333333332,60.5,0,0.0,0.0,9,9,1207.2,1205.8,0.0059019863424305576,0.23082865288850818,175.09,1030.473269360769,0,0,0,0,0,2,0.8980285000000094
test,205,random,pd_theta_8,27915b0b99a464375a8e6eba1849393602d3f443208caf6dfbc4904248e187af,a62de195b1adb930f349e133ba4bf7965209c7ea85120d0329fa16a843e205d6,1440,1439,1439,0.9993055555555556,0.9993055555555556,1440,126,0,36,112,60,31.8125,75.5,0,0.0,0.0,9,9,1207.2,1206.5,0.005905163699925045,0.23306256180967255,171.17,1035.0910322744903,0,0,0,0,0,1,1.0382132999999953
test,205,random,pd_theta_16,27915b0b99a464375a8e6eba1849393602d3f443208caf6dfbc4904248e187af,06e25c8358013821b5ce4a0b117e7d9a35cae692409ca9116130e330f3db58e1,1440,1439,1439,0.9993055555555556,0.9993055555555556,1440,106,0,36,96,27,42.229166666666664,92.5,0,0.0,0.0,9,9,1207.2,1206.5,0.005905163699925045,0.22741393047804864,168.92,1037.346680905822,0,0,0,0,0,1,1.0033821000000103
test,205,random,pd_dev_selected,27915b0b99a464375a8e6eba1849393602d3f443208caf6dfbc4904248e187af,06e25c8358013821b5ce4a0b117e7d9a35cae692409ca9116130e330f3db58e1,1440,1439,1439,0.9993055555555556,0.9993055555555556,1440,106,0,36,96,27,42.229166666666664,92.5,0,0.0,0.0,9,9,1207.2,1206.5,0.005905163699925045,0.22741393047804864,168.92,1037.346680905822,0,0,0,0,0,1,1.0033821000000103
test,205,random,pd_history,27915b0b99a464375a8e6eba1849393602d3f443208caf6dfbc4904248e187af,d41c63c975df490623fc8a00b5b0fd2aa32592d6d1cdaa89b5e898669f015900,1440,1438,1438,0.9986111111111111,0.9986111111111111,1440,185,0,36,154,136,13.5625,52.0,0,0.0,0.0,11,11,1207.2,1205.8,0.005899899491634851,0.21997950251771325,176.64,1028.9341205979906,0,0,0,0,0,2,1.0381560999999806
test,205,random,no_control_interpretation,27915b0b99a464375a8e6eba1849393602d3f443208caf6dfbc4904248e187af,69c3a5c0652f34b605012b9ae2f8bc399f0b1c7ac0dfd18083836600f182006d,1440,1440,1440,1.0,1.0,1440,186,0,36,152,134,13.229166666666666,52.5,0,0.0,0.0,10,10,1207.2,1207.2,0.005910466211915568,0.22028753582731173,177.29999999999998,1029.6738019979607,0,0,0,0,0,0,1.0915257999999994
test,205,random,no_pre_new_only,27915b0b99a464375a8e6eba1849393602d3f443208caf6dfbc4904248e187af,52fa654f00ed5fab9c359ee895de2ea471affc00ff4dc08b7f8a106153e44ebc,1440,536,536,0.37222222222222223,0.37222222222222223,1440,536,712,0,373,373,0.0,12.5,0,0.0,0.0,0,0,1207.2,273.2,0.0022814612913709307,0.12332032559999179,45.48,227.59439821310863,0,0,0,0,712,192,1.049031799999966
test,205,random,greedy_hard_cap,27915b0b99a464375a8e6eba1849393602d3f443208caf6dfbc4904248e187af,8e5504b5670384a480747316995e98237c9c1fbe28ca108350caaf5fdb39b5e6,1440,1428,1428,0.9916666666666667,0.9916666666666667,1440,121,12,36,86,64,19.8125,49.0,0,0.0,0.0,0,0,1207.2,1188.0,0.005866102798730246,0.03186903930919345,147.98999999999998,1039.972264857892,0,0,12,0,0,0,1.1469698999999878
test,205,switch,pd_theta_2,fff8d63ee3ef1a28f68fc651bc8707bb91ddaabae2b8dbe99e6e922705a0343e,ead198f2e1c68cfb28d9f9a0ab645c4aaeee04d320f182fe5fc9afb9d7cc53f2,1440,1359,1359,0.94375,0.94375,1440,150,81,36,127,106,11.75,48.5,0,0.0,0.0,62,62,1217.4,1087.8,0.005543298992084156,0.18096347556223263,157.17,930.4434932254456,0,0,0,0,0,81,1.6794464999999832
test,205,switch,pd_theta_4,fff8d63ee3ef1a28f68fc651bc8707bb91ddaabae2b8dbe99e6e922705a0343e,a7e333637423f1ebae49892028d905c8e0202b7179c080e4772483da8564e62e,1440,1359,1359,0.94375,0.94375,1440,128,81,36,110,85,17.0,58.0,0,0.0,0.0,62,62,1217.4,1087.8,0.005543298992084156,0.1822437869518715,155.77,931.8422129140561,0,0,0,0,0,81,1.094787800000006
test,205,switch,pd_theta_8,fff8d63ee3ef1a28f68fc651bc8707bb91ddaabae2b8dbe99e6e922705a0343e,cde8c02e436945911f56faa8552c24e0a2ba5630a101e1944bdf9b8f5518f1d2,1440,1359,1359,0.94375,0.94375,1440,111,81,36,97,55,24.520833333333332,69.0,0,0.0,0.0,64,64,1217.4,1087.8,0.005543298992084156,0.19126639201839615,153.37,934.2331903089895,0,0,0,0,0,81,1.2243563000000108
test,205,switch,pd_theta_16,fff8d63ee3ef1a28f68fc651bc8707bb91ddaabae2b8dbe99e6e922705a0343e,929e88808be877c833e707ab99faa108e571060f7e1dd9da8b504fc798f0df00,1440,1357,1357,0.9423611111111111,0.9423611111111111,1440,104,81,36,92,31,32.125,81.0,0,0.0,0.0,64,64,1217.4,1086.4,0.005531472005666485,0.19104652697152202,147.81,938.3934220010228,0,0,0,0,0,83,1.5441560999999524
test,205,switch,pd_dev_selected,fff8d63ee3ef1a28f68fc651bc8707bb91ddaabae2b8dbe99e6e922705a0343e,929e88808be877c833e707ab99faa108e571060f7e1dd9da8b504fc798f0df00,1440,1357,1357,0.9423611111111111,0.9423611111111111,1440,104,81,36,92,31,32.125,81.0,0,0.0,0.0,64,64,1217.4,1086.4,0.005531472005666485,0.19104652697152202,147.81,938.3934220010228,0,0,0,0,0,83,1.5441560999999524
test,205,switch,pd_history,fff8d63ee3ef1a28f68fc651bc8707bb91ddaabae2b8dbe99e6e922705a0343e,ead198f2e1c68cfb28d9f9a0ab645c4aaeee04d320f182fe5fc9afb9d7cc53f2,1440,1359,1359,0.94375,0.94375,1440,150,81,36,127,106,11.75,48.5,0,0.0,0.0,62,62,1217.4,1087.8,0.005543298992084156,0.18096347556223263,157.17,930.4434932254456,0,0,0,0,0,81,1.0468252000000007
test,205,switch,no_control_interpretation,fff8d63ee3ef1a28f68fc651bc8707bb91ddaabae2b8dbe99e6e922705a0343e,470a0ff9041f18601f34c9dbbd3f6029a2373f63a698df157edf5f6a8849be90,1440,1440,1440,1.0,1.0,1440,150,0,36,127,106,11.75,48.5,0,0.0,0.0,143,143,1217.4,1217.4,0.005910466211915568,0.19836311346496865,171.75,1045.4457264203231,0,0,0,0,0,0,1.0721793999999818
test,205,switch,no_pre_new_only,fff8d63ee3ef1a28f68fc651bc8707bb91ddaabae2b8dbe99e6e922705a0343e,e1256023be57f63611abfdb8991787e5d1465d56c947435481ab42132e8fc7a1,1440,511,511,0.3548611111111111,0.3548611111111111,1440,511,712,0,315,315,0.0,10.0,0,0.0,0.0,0,0,1217.4,247.6,0.002084692230811265,0.11710388283902266,36.93,210.55081142493017,0,0,0,0,712,217,0.9377137000000175
test,205,switch,greedy_hard_cap,fff8d63ee3ef1a28f68fc651bc8707bb91ddaabae2b8dbe99e6e922705a0343e,9b53a7abea7c4b45379d88b599d6be937f5bde3af581efbe7ba8421a768046a9,1440,1298,1298,0.9013888888888889,0.9013888888888889,1440,125,142,36,82,62,18.979166666666668,49.0,0,0.0,0.0,0,0,1217.4,990.2,0.0053294257567620415,0.038224776394634306,124.89,865.2664457978486,0,0,142,0,0,0,1.006238699999983
test,206,high_tight,pd_theta_2,f36911f784b255b9fd028b9c027c19c443302e7e46561ecd4781114c6d706ca8,d7d9543370a775aec6918b29ca1d371b6be24b975b45c5b8e1622557d62f46bb,1440,1274,1274,0.8847222222222222,0.8847222222222222,1440,167,166,36,129,117,13.041666666666666,35.5,0,0.0,0.0,117,117,1425.6000000000001,1160.0,0.005189355245259995,0.1491910487455261,132.67,1027.1756195960093,0,0,0,0,0,166,1.4636122999999657
test,206,high_tight,pd_theta_4,f36911f784b255b9fd028b9c027c19c443302e7e46561ecd4781114c6d706ca8,3d9c132b9ade9db9fc467a959b5fea1cdea3a1b78b553744bc4d3a902a3a6a00,1440,1274,1274,0.8847222222222222,0.8847222222222222,1440,147,166,36,120,95,18.458333333333332,42.0,0,0.0,0.0,117,117,1425.6000000000001,1160.0,0.005189355245259995,0.14528995050177748,129.92,1029.9295206942531,0,0,0,0,0,166,1.2383461999999668
test,206,high_tight,pd_theta_8,f36911f784b255b9fd028b9c027c19c443302e7e46561ecd4781114c6d706ca8,ab4cb57a64bd894a3af319b820f6ee8062eb2a940995f5613ac78afc55198637,1440,1274,1274,0.8847222222222222,0.8847222222222222,1440,116,166,36,100,62,24.395833333333332,48.5,0,0.0,0.0,117,117,1425.6000000000001,1160.0,0.005189355245259995,0.1588222174264171,128.37,1031.4659884273285,0,0,0,0,0,166,1.3290661000000341
test,206,high_tight,pd_theta_16,f36911f784b255b9fd028b9c027c19c443302e7e46561ecd4781114c6d706ca8,5c2d2010e593acd66a9c26f9143530f05cce084044dd580c845fcc4fdba3a0ea,1440,1274,1274,0.8847222222222222,0.8847222222222222,1440,100,166,36,88,30,30.854166666666668,61.5,0,0.0,0.0,117,117,1425.6000000000001,1160.0,0.005189355245259995,0.16280316361228137,126.61999999999999,1033.2120074811426,0,0,0,0,0,166,1.3943699000000151
test,206,high_tight,pd_dev_selected,f36911f784b255b9fd028b9c027c19c443302e7e46561ecd4781114c6d706ca8,5c2d2010e593acd66a9c26f9143530f05cce084044dd580c845fcc4fdba3a0ea,1440,1274,1274,0.8847222222222222,0.8847222222222222,1440,100,166,36,88,30,30.854166666666668,61.5,0,0.0,0.0,117,117,1425.6000000000001,1160.0,0.005189355245259995,0.16280316361228137,126.61999999999999,1033.2120074811426,0,0,0,0,0,166,1.3943699000000151
test,206,high_tight,pd_history,f36911f784b255b9fd028b9c027c19c443302e7e46561ecd4781114c6d706ca8,ef1cdf4ac1048cce6450bd3b1b379a2f1202ac14cb32dec878211eeed2515394,1440,1274,1274,0.8847222222222222,0.8847222222222222,1440,167,166,36,129,116,13.041666666666666,35.5,0,0.0,0.0,117,117,1425.6000000000001,1160.0,0.005189355245259995,0.1491910487455261,132.67,1027.1756195960093,0,0,0,0,0,166,1.0787743000000205
test,206,high_tight,no_control_interpretation,f36911f784b255b9fd028b9c027c19c443302e7e46561ecd4781114c6d706ca8,037d8035f0769e06874e9ea582078e1f2a053440c6f92855c38740ed99350b2f,1440,1440,1440,1.0,1.0,1440,167,0,36,129,117,13.041666666666666,35.5,0,0.0,0.0,283,283,1425.6000000000001,1425.6000000000001,0.00594020076506993,0.18843409297040867,162.54999999999998,1262.8556257062646,0,0,0,0,0,0,1.337586500000043
test,206,high_tight,no_pre_new_only,f36911f784b255b9fd028b9c027c19c443302e7e46561ecd4781114c6d706ca8,0f1601dd203493c80581a8b001b06e722bb2b545748ab0e2d3899ee7f22f5b54,1440,717,717,0.4979166666666667,0.4979166666666667,1440,717,708,0,409,409,0.0,9.5,0,0.0,0.0,0,0,1425.6000000000001,286.8,0.0029380591175076306,0.1737818345206132,21.509999999999998,265.1132801063619,0,0,0,0,708,15,1.123728999999969
test,206,high_tight,greedy_hard_cap,f36911f784b255b9fd028b9c027c19c443302e7e46561ecd4781114c6d706ca8,68441713d244efa5f76c8314ccd05190d66c7e4101dd2d93354c10a1eb28bef3,1440,1157,1157,0.8034722222222223,0.8034722222222223,1440,89,283,36,59,44,16.708333333333332,36.5,0,0.0,0.0,0,0,1425.6000000000001,972.8000000000001,0.0047709299140491065,0.03906821302539456,98.46,874.2961608570606,0,0,283,0,0,0,1.4020445999999538
test,206,high_loose,pd_theta_2,740b17caac6fd5176415ba6c6d594e6a83aeb82b66fd891c1189b0ed1c5dbbf7,d293a223c535ce6b097e32035538981cff56936edb46a12f78e6be390ba31d9d,1440,1440,1440,1.0,1.0,1440,134,0,36,115,99,10.958333333333334,50.5,0,0.0,0.0,1,1,1000.8,1000.8,0.00594020076506993,0.18098631400055828,180.4,820.2130734852343,0,0,0,0,0,0,0.9064458999999943
test,206,high_loose,pd_theta_4,740b17caac6fd5176415ba6c6d594e6a83aeb82b66fd891c1189b0ed1c5dbbf7,138d76cae468cf6cd96f35f78b39a6ad8d15b6d9bece50687c676c2a76ae8b7e,1440,1440,1440,1.0,1.0,1440,106,0,36,96,70,16.666666666666668,56.5,0,0.0,0.0,0,0,1000.8,1000.8,0.00594020076506993,0.19351484157569884,181.75,818.8505449576592,0,0,0,0,0,0,0.9756125000000111
test,206,high_loose,pd_theta_8,740b17caac6fd5176415ba6c6d594e6a83aeb82b66fd891c1189b0ed1c5dbbf7,394732a60ab79f2733a567d274e259e999407e4566707a7d711ad130686fb043,1440,1440,1440,1.0,1.0,1440,95,0,36,88,47,26.125,71.5,0,0.0,0.0,0,0,1000.8,1000.8,0.00594020076506993,0.19947728919539984,182.2,818.3945825100395,0,0,0,0,0,0,0.81035159999999
test,206,high_loose,pd_theta_16,740b17caac6fd5176415ba6c6d594e6a83aeb82b66fd891c1189b0ed1c5dbbf7,0db251130b66101c619723abd92b89ea9b570d880649b39852483e8ec2140567,1440,1440,1440,1.0,1.0,1440,90,0,36,83,18,35.458333333333336,93.5,0,0.0,0.0,0,0,1000.8,1000.8,0.00594020076506993,0.204057799524497,183.54999999999998,817.0400019997104,0,0,0,0,0,0,0.9875956999999858
test,206,high_loose,pd_dev_selected,740b17caac6fd5176415ba6c6d594e6a83aeb82b66fd891c1189b0ed1c5dbbf7,0db251130b66101c619723abd92b89ea9b570d880649b39852483e8ec2140567,1440,1440,1440,1.0,1.0,1440,90,0,36,83,18,35.458333333333336,93.5,0,0.0,0.0,0,0,1000.8,1000.8,0.00594020076506993,0.204057799524497,183.54999999999998,817.0400019997104,0,0,0,0,0,0,0.9875956999999858
test,206,high_loose,pd_history,740b17caac6fd5176415ba6c6d594e6a83aeb82b66fd891c1189b0ed1c5dbbf7,d293a223c535ce6b097e32035538981cff56936edb46a12f78e6be390ba31d9d,1440,1440,1440,1.0,1.0,1440,134,0,36,115,99,10.958333333333334,50.5,0,0.0,0.0,1,1,1000.8,1000.8,0.00594020076506993,0.18098631400055828,180.4,820.2130734852343,0,0,0,0,0,0,0.8901520999999661
test,206,high_loose,no_control_interpretation,740b17caac6fd5176415ba6c6d594e6a83aeb82b66fd891c1189b0ed1c5dbbf7,d293a223c535ce6b097e32035538981cff56936edb46a12f78e6be390ba31d9d,1440,1440,1440,1.0,1.0,1440,134,0,36,115,99,10.958333333333334,50.5,0,0.0,0.0,1,1,1000.8,1000.8,0.00594020076506993,0.18098631400055828,180.4,820.2130734852343,0,0,0,0,0,0,0.8547499000000016
test,206,high_loose,no_pre_new_only,740b17caac6fd5176415ba6c6d594e6a83aeb82b66fd891c1189b0ed1c5dbbf7,7bc132a8be770b5d0f040b1f5ba8cdb3c7b2d6722ecc45ec870e1a09688b4902,1440,312,312,0.21666666666666667,0.21666666666666667,1440,312,708,0,224,224,0.0,10.0,0,0.0,0.0,0,0,1000.8,211.2,0.0012881005369851585,0.06198437858063607,52.559999999999995,158.57672752088237,0,0,0,0,708,420,0.8673135999999886
test,206,high_loose,greedy_hard_cap,740b17caac6fd5176415ba6c6d594e6a83aeb82b66fd891c1189b0ed1c5dbbf7,1c9376ce15f397047bafcf424c095a30f29420796c48ea3925c4c1a4a08af544,1440,1440,1440,1.0,1.0,1440,121,0,36,84,61,19.270833333333332,48.0,0,0.0,0.0,0,0,1000.8,1000.8,0.00594020076506993,0.039284398066877634,154.85,845.904775401168,0,0,0,0,0,0,0.9417040999999813
test,206,random,pd_theta_2,7b2643062aa73303b5ffceac04dbcbcf8c1fe9f05ae2af9b72fd41f1e4308f6e,4e5569ed98f7207ff8f8650f6024b0227989861ad34adae49fd730865c6e866e,1440,1432,1432,0.9944444444444445,0.9944444444444445,1440,178,0,36,152,133,13.833333333333334,52.5,0,0.0,0.0,1,1,1218.0,1212.4,0.005909867569970315,0.2223132337415134,175.81,1036.3617768986885,0,0,0,0,0,8,1.156051199999979
test,206,random,pd_theta_4,7b2643062aa73303b5ffceac04dbcbcf8c1fe9f05ae2af9b72fd41f1e4308f6e,a2f849f082313ad76e576a9c0dc0e21e4e3c8b97937383166c8189e9d9333e7d,1440,1436,1436,0.9972222222222222,0.9972222222222222,1440,150,0,36,134,104,22.354166666666668,63.0,0,0.0,0.0,2,2,1218.0,1215.2,0.005923480169859334,0.22661421575870982,174.28,1040.6874623040715,0,0,0,0,0,4,1.0342339000000038
test,206,random,pd_theta_8,7b2643062aa73303b5ffceac04dbcbcf8c1fe9f05ae2af9b72fd41f1e4308f6e,13df89f79b8ed20aa68e3f93e7cc707218338bfcb921ab525713b6a9ee1f70e5,1440,1437,1437,0.9979166666666667,0.9979166666666667,1440,123,0,36,117,67,32.958333333333336,76.0,0,0.0,0.0,1,1,1218.0,1215.9,0.005927787588669496,0.22973853167114863,171.16,1044.5043336807403,0,0,0,0,0,3,1.397295100000008
test,206,random,pd_theta_16,7b2643062aa73303b5ffceac04dbcbcf8c1fe9f05ae2af9b72fd41f1e4308f6e,65b7a828ead511e8c757d14906c7501437794d0c2854e1d65d8a06e3d23bc4ce,1440,1437,1437,0.9979166666666667,0.9979166666666667,1440,103,0,36,98,28,44.416666666666664,95.0,4,0.5,0.0,1,1,1218.0,1215.9,0.005927787588669496,0.23955822567317678,169.31,1046.344513986738,0,0,0,0,0,3,1.3900633000000084
test,206,random,pd_dev_selected,7b2643062aa73303b5ffceac04dbcbcf8c1fe9f05ae2af9b72fd41f1e4308f6e,65b7a828ead511e8c757d14906c7501437794d0c2854e1d65d8a06e3d23bc4ce,1440,1437,1437,0.9979166666666667,0.9979166666666667,1440,103,0,36,98,28,44.416666666666664,95.0,4,0.5,0.0,1,1,1218.0,1215.9,0.005927787588669496,0.23955822567317678,169.31,1046.344513986738,0,0,0,0,0,3,1.3900633000000084
test,206,random,pd_history,7b2643062aa73303b5ffceac04dbcbcf8c1fe9f05ae2af9b72fd41f1e4308f6e,4e5569ed98f7207ff8f8650f6024b0227989861ad34adae49fd730865c6e866e,1440,1432,1432,0.9944444444444445,0.9944444444444445,1440,178,0,36,152,133,13.833333333333334,52.5,0,0.0,0.0,1,1,1218.0,1212.4,0.005909867569970315,0.2223132337415134,175.81,1036.3617768986885,0,0,0,0,0,8,1.6236360999999988
test,206,random,no_control_interpretation,7b2643062aa73303b5ffceac04dbcbcf8c1fe9f05ae2af9b72fd41f1e4308f6e,5e1f9a9f1529650827ec8fc6a043da8d2a16e1ad3f3429f8c9d52402e43e6db5,1440,1440,1440,1.0,1.0,1440,183,0,36,155,135,13.916666666666666,54.5,0,0.0,0.0,2,2,1218.0,1218.0,0.00594020076506993,0.22512916140062056,177.2,1040.5689306378342,0,0,0,0,0,0,1.2456505000000107
test,206,random,no_pre_new_only,7b2643062aa73303b5ffceac04dbcbcf8c1fe9f05ae2af9b72fd41f1e4308f6e,50c2fadd4f6fe16cba2ff1b8886e9a1603a0d10d66eae3cbc8f7a3ac88e92880,1440,548,548,0.38055555555555554,0.38055555555555554,1440,548,708,0,372,372,0.0,12.5,0,0.0,0.0,0,0,1218.0,275.0,0.0022605318509971153,0.13411266845521488,44.339999999999996,230.5236267996938,0,0,0,0,708,184,1.0810408000000393
test,206,random,greedy_hard_cap,7b2643062aa73303b5ffceac04dbcbcf8c1fe9f05ae2af9b72fd41f1e4308f6e,ad575a2839cadc4d2092e3e4d4f7ab8bbef86fc84c775608bc8e24ed37f9ca2e,1440,1423,1423,0.9881944444444445,0.9881944444444445,1440,116,17,36,88,64,20.541666666666668,48.5,0,0.0,0.0,0,0,1218.0,1190.8,0.005867831405476779,0.027868668302783065,146.98999999999998,1043.7762635002919,0,0,17,0,0,0,1.1275090000000318
test,206,switch,pd_theta_2,54041dd5f186162292f2137623574203a330f454c377aabff74d97f948ced228,d5a1364d95a8b6196b530c7d016926df13ecac5da506551926ac932304b8393f,1440,1356,1356,0.9416666666666667,0.9416666666666667,1440,161,82,36,124,109,11.6875,51.0,0,0.0,0.0,64,64,1213.2,1080.6,0.005567374566740049,0.16708944296802078,156.28,924.1473431824653,0,0,0,0,0,84,1.04133539999998
test,206,switch,pd_theta_4,54041dd5f186162292f2137623574203a330f454c377aabff74d97f948ced228,5164c55051ee790e19da6cb4666ac80fd593682cbd86b5dd256963cdef8a6bea,1440,1356,1356,0.9416666666666667,0.9416666666666667,1440,136,82,36,111,84,17.1875,56.5,0,0.0,0.0,65,65,1213.2,1080.6,0.005568145021881829,0.17392485489531942,155.13,925.2905070000828,0,0,0,0,0,84,0.9551920000000109
test,206,switch,pd_theta_8,54041dd5f186162292f2137623574203a330f454c377aabff74d97f948ced228,2d3796480e700bb06a0878bce08664177bee58169b49804d9ea210d789b4297b,1440,1352,1352,0.9388888888888889,0.9388888888888889,1440,116,82,36,100,58,24.458333333333332,71.0,0,0.0,0.0,65,65,1213.2,1077.8,0.005547228774587128,0.17054614834462012,151.66,925.9639066228808,0,0,0,0,0,88,0.9799553999999944
test,206,switch,pd_theta_16,54041dd5f186162292f2137623574203a330f454c377aabff74d97f948ced228,9e84c378894d580ad743edd7187a0ebec1bf1556bbfaed863bc28d5bd1cde091,1440,1350,1350,0.9375,0.9375,1440,108,82,36,93,31,32.583333333333336,80.0,0,0.0,0.0,66,66,1213.2,1076.4,0.0055382797419421355,0.1682831911091718,146.15,930.0761785291489,0,0,0,0,0,90,1.0337367999999856
test,206,switch,pd_dev_selected,54041dd5f186162292f2137623574203a330f454c377aabff74d97f948ced228,9e84c378894d580ad743edd7187a0ebec1bf1556bbfaed863bc28d5bd1cde091,1440,1350,1350,0.9375,0.9375,1440,108,82,36,93,31,32.583333333333336,80.0,0,0.0,0.0,66,66,1213.2,1076.4,0.0055382797419421355,0.1682831911091718,146.15,930.0761785291489,0,0,0,0,0,90,1.0337367999999856
test,206,switch,pd_history,54041dd5f186162292f2137623574203a330f454c377aabff74d97f948ced228,d5a1364d95a8b6196b530c7d016926df13ecac5da506551926ac932304b8393f,1440,1356,1356,0.9416666666666667,0.9416666666666667,1440,161,82,36,124,109,11.6875,51.0,0,0.0,0.0,64,64,1213.2,1080.6,0.005567374566740049,0.16708944296802078,156.28,924.1473431824653,0,0,0,0,0,84,1.1134915000000092
test,206,switch,no_control_interpretation,54041dd5f186162292f2137623574203a330f454c377aabff74d97f948ced228,a8383f116cea74ed49c7d14b0f7a3f78765ef89ac7c17520071ff128581224a4,1440,1440,1440,1.0,1.0,1440,161,0,36,124,109,11.6875,51.0,0,0.0,0.0,148,148,1213.2,1213.2,0.00594020076506993,0.18642373675695417,171.4,1041.607636062478,0,0,0,0,0,0,0.9211095
test,206,switch,no_pre_new_only,54041dd5f186162292f2137623574203a330f454c377aabff74d97f948ced228,f5c1d0bb71c1455bfae1a820553d4ee064989af5b98ef5b9c8a3839c1a53b2c5,1440,515,515,0.3576388888888889,0.3576388888888889,1440,515,708,0,318,318,0.0,10.0,0,0.0,0.0,0,0,1213.2,249.2,0.002080850214102643,0.11941145945666072,37.05,212.02850769032923,0,0,0,0,708,217,0.8354107999999769
test,206,switch,greedy_hard_cap,54041dd5f186162292f2137623574203a330f454c377aabff74d97f948ced228,e00b82686dff7ad554dc46549e01355d90f0d12fcfb4229dd8edd1f0bccc558c,1440,1296,1296,0.9,0.9,1440,118,144,36,80,57,18.6875,48.5,0,0.0,0.0,0,0,1213.2,982.8,0.0053469339101215145,0.039678116173923306,124.08,858.674974949916,0,0,144,0,0,0,1.0204881999999884
test,207,high_tight,pd_theta_2,21ff4b69e93fba75398bd7227165f25f4a58e88afa19c354c41a5584f03e8d5b,0a4781504a71d1d59edd2a6797122ace0d4c7b57d83e25a73d9a5ceeae562b73,1440,1284,1284,0.8916666666666667,0.8916666666666667,1440,160,156,36,132,121,13.229166666666666,36.0,0,0.0,0.0,124,124,1428.0,1178.4,0.005243991451085707,0.1446679595374169,134.77,1043.4800880490116,0,0,0,0,0,156,0.9248930999999629
test,207,high_tight,pd_theta_4,21ff4b69e93fba75398bd7227165f25f4a58e88afa19c354c41a5584f03e8d5b,cb2cc080bb3db0cf5a0bb317b3193a87120ed670fe23c544c1dfdf3cd1dbbfdd,1440,1284,1284,0.8916666666666667,0.8916666666666667,1440,137,156,36,117,94,18.0,41.5,0,0.0,0.0,124,124,1428.0,1178.4,0.005243991451085707,0.1436373050923328,132.42,1045.8311187034567,0,0,0,0,0,156,0.9708724999999845
test,207,high_tight,pd_theta_8,21ff4b69e93fba75398bd7227165f25f4a58e88afa19c354c41a5584f03e8d5b,de14bc40b6d0fafa0522b1ebf6d6aafd5a036c6ca830b46fb34de62f38582f78,1440,1284,1284,0.8916666666666667,0.8916666666666667,1440,114,156,36,101,61,24.770833333333332,49.5,0,0.0,0.0,124,124,1428.0,1178.4,0.005243991451085707,0.15368337232691748,130.26999999999998,1047.971072636222,0,0,0,0,0,156,0.9749520000000302
test,207,high_tight,pd_theta_16,21ff4b69e93fba75398bd7227165f25f4a58e88afa19c354c41a5584f03e8d5b,8cee650726e04396157ec70b53cd054db4aeca0e3101efcdabf3d40a6e47fd5c,1440,1284,1284,0.8916666666666667,0.8916666666666667,1440,97,156,36,89,31,31.0,62.5,0,0.0,0.0,124,124,1428.0,1178.4,0.005243991451085707,0.1575459596715128,128.72,1049.5172100488776,0,0,0,0,0,156,0.9702254999999695
test,207,high_tight,pd_dev_selected,21ff4b69e93fba75398bd7227165f25f4a58e88afa19c354c41a5584f03e8d5b,8cee650726e04396157ec70b53cd054db4aeca0e3101efcdabf3d40a6e47fd5c,1440,1284,1284,0.8916666666666667,0.8916666666666667,1440,97,156,36,89,31,31.0,62.5,0,0.0,0.0,124,124,1428.0,1178.4,0.005243991451085707,0.1575459596715128,128.72,1049.5172100488776,0,0,0,0,0,156,0.9702254999999695
test,207,high_tight,pd_history,21ff4b69e93fba75398bd7227165f25f4a58e88afa19c354c41a5584f03e8d5b,4ad950aec62fecccd8d00748e7a71e5163aff21c36c9b529b1c14a29a334a04b,1440,1284,1284,0.8916666666666667,0.8916666666666667,1440,160,156,36,132,121,13.291666666666666,36.0,0,0.0,0.0,124,124,1428.0,1178.4,0.005243991451085707,0.1452393067698256,134.67,1043.579516701779,0,0,0,0,0,156,1.0459580000000415
test,207,high_tight,no_control_interpretation,21ff4b69e93fba75398bd7227165f25f4a58e88afa19c354c41a5584f03e8d5b,fec94d24fc766553515adb35993dbe7adcff58771dea51346c97641183bdc32e,1440,1440,1440,1.0,1.0,1440,160,0,36,132,121,13.229166666666666,36.0,0,0.0,0.0,280,280,1428.0,1428.0,0.005955487271105931,0.17078941263255834,162.85,1264.9732551000964,0,0,0,0,0,0,1.1707063000000062
test,207,high_tight,no_pre_new_only,21ff4b69e93fba75398bd7227165f25f4a58e88afa19c354c41a5584f03e8d5b,7bd5d969e8b071d23691631e2f885714144ae8e2bf55b021c34637a18f5aa303,1440,718,718,0.4986111111111111,0.4986111111111111,1440,718,710,0,415,415,0.0,10.0,0,0.0,0.0,0,0,1428.0,287.2,0.0029916514238248226,0.16601680988764397,21.54,265.49099153868855,0,0,0,0,710,12,1.1910620999999537
test,207,high_tight,greedy_hard_cap,21ff4b69e93fba75398bd7227165f25f4a58e88afa19c354c41a5584f03e8d5b,429de6a91abb234a3fda48941249f9cad627b23899809dee58a947bb974ca083,1440,1160,1160,0.8055555555555556,0.8055555555555556,1440,83,280,36,54,41,16.4375,35.5,0,0.0,0.0,0,0,1428.0,980.0,0.004788660275548743,0.034956229871817,99.3,880.6602551098528,0,0,280,0,0,0,1.6094818999999916
test,207,high_loose,pd_theta_2,3e75234d54b7bdb480806d88d9b119fbb7704613aba720f07658fd195c1c32ad,5ffd56ed53efa641c7c81d4721a802c91fbc1bf421f3ac4735bebec5cf7800af,1440,1440,1440,1.0,1.0,1440,126,0,36,106,88,9.666666666666666,49.5,0,0.0,0.0,2,2,1001.9999999999999,1001.9999999999999,0.005955487271105931,0.19176607834005371,182.45,819.3522784343888,0,0,0,0,0,0,0.9336412000000109
test,207,high_loose,pd_theta_4,3e75234d54b7bdb480806d88d9b119fbb7704613aba720f07658fd195c1c32ad,a8b4694b9d3c228634ffa0a2e5e7a3440afc84e88242916a087e4e2ffe8ffe39,1440,1440,1440,1.0,1.0,1440,99,0,36,91,67,14.791666666666666,55.0,0,0.0,0.0,2,2,1001.9999999999999,1001.9999999999999,0.005955487271105931,0.20422590092453544,183.4,818.3898186118043,0,0,0,0,0,0,0.8453475000000026
test,207,high_loose,pd_theta_8,3e75234d54b7bdb480806d88d9b119fbb7704613aba720f07658fd195c1c32ad,4a4bae8b495d5e0e33c4e51c0b1d02fc60808dfd1c8a50d4db02f5abe22a9389,1440,1440,1440,1.0,1.0,1440,96,0,36,90,48,25.166666666666668,69.5,0,0.0,0.0,2,2,1001.9999999999999,1001.9999999999999,0.005955487271105931,0.21469510394400246,183.04999999999998,818.7293494087849,0,0,0,0,0,0,0.9041080000000079
test,207,high_loose,pd_theta_16,3e75234d54b7bdb480806d88d9b119fbb7704613aba720f07658fd195c1c32ad,b3fffe7b67650387b53d4f26005a0ebcd56379800e4a2281e20471b8e0f1899c,1440,1440,1440,1.0,1.0,1440,91,0,36,85,20,35.6875,94.0,2,0.5,0.0,2,2,1001.9999999999999,1001.9999999999999,0.005955487271105931,0.21419713828656098,183.35,818.4298473744423,0,0,0,0,0,0,0.9138188000000014
test,207,high_loose,pd_dev_selected,3e75234d54b7bdb480806d88d9b119fbb7704613aba720f07658fd195c1c32ad,b3fffe7b67650387b53d4f26005a0ebcd56379800e4a2281e20471b8e0f1899c,1440,1440,1440,1.0,1.0,1440,91,0,36,85,20,35.6875,94.0,2,0.5,0.0,2,2,1001.9999999999999,1001.9999999999999,0.005955487271105931,0.21419713828656098,183.35,818.4298473744423,0,0,0,0,0,0,0.9138188000000014
test,207,high_loose,pd_history,3e75234d54b7bdb480806d88d9b119fbb7704613aba720f07658fd195c1c32ad,5ffd56ed53efa641c7c81d4721a802c91fbc1bf421f3ac4735bebec5cf7800af,1440,1440,1440,1.0,1.0,1440,126,0,36,106,88,9.666666666666666,49.5,0,0.0,0.0,2,2,1001.9999999999999,1001.9999999999999,0.005955487271105931,0.19176607834005371,182.45,819.3522784343888,0,0,0,0,0,0,0.8508156999999983
test,207,high_loose,no_control_interpretation,3e75234d54b7bdb480806d88d9b119fbb7704613aba720f07658fd195c1c32ad,5ffd56ed53efa641c7c81d4721a802c91fbc1bf421f3ac4735bebec5cf7800af,1440,1440,1440,1.0,1.0,1440,126,0,36,106,88,9.666666666666666,49.5,0,0.0,0.0,2,2,1001.9999999999999,1001.9999999999999,0.005955487271105931,0.19176607834005371,182.45,819.3522784343888,0,0,0,0,0,0,0.8605805999999916
test,207,high_loose,no_pre_new_only,3e75234d54b7bdb480806d88d9b119fbb7704613aba720f07658fd195c1c32ad,c8c4d29f2e43ec44d06b9d2bf1f0e7e687d2ac35b078f1403d0fea34e865b542,1440,308,308,0.21388888888888888,0.21388888888888888,1440,308,710,0,221,221,0.0,10.0,0,0.0,0.0,0,0,1001.9999999999999,209.6,0.001243347838771786,0.07080674232161394,52.44,157.0879499098396,0,0,0,0,710,422,0.7997431000000006
test,207,high_loose,greedy_hard_cap,3e75234d54b7bdb480806d88d9b119fbb7704613aba720f07658fd195c1c32ad,9fdd09958461dfc38fab4abf2cbd7ee3df3fdd814bba2f40559a0d1671562b58,1440,1440,1440,1.0,1.0,1440,100,0,36,68,45,18.166666666666668,47.5,0,0.0,0.0,0,0,1001.9999999999999,1001.9999999999999,0.005955487271105931,0.046299167192633474,154.4,847.5477453455362,0,0,0,0,0,0,0.9646738000000141
test,207,random,pd_theta_2,613f9fb3504e9d44423a8d6b64758bf17f264207f26db8a0c8fbc1a50d627bef,f445f82d09510e2259ac036f956707f40880a25145dd752d80604651a58740f0,1440,1435,1435,0.9965277777777778,0.9965277777777778,1440,186,2,36,158,137,14.208333333333334,53.0,0,0.0,0.0,4,4,1219.8,1214.5,0.005934103859901882,0.22159296550977534,175.95,1038.3224729306303,0,0,0,0,0,5,1.2673904999999763
test,207,random,pd_theta_4,613f9fb3504e9d44423a8d6b64758bf17f264207f26db8a0c8fbc1a50d627bef,3db6e52b450ca988bb06513f29f3bb397d680e68c72dfd445e359c821b4a8196,1440,1438,1438,0.9986111111111111,0.9986111111111111,1440,154,2,36,135,103,22.541666666666668,61.0,0,0.0,0.0,4,4,1219.8,1216.6,0.005947322261149322,0.23738664100874862,172.69,1043.6666660367302,0,0,0,0,0,2,1.070971400000019
test,207,random,pd_theta_8,613f9fb3504e9d44423a8d6b64758bf17f264207f26db8a0c8fbc1a50d627bef,378d9af790867f768eb80e1a58982e6f2ccd96ba9042ece418aa933166a1b318,1440,1438,1438,0.9986111111111111,0.9986111111111111,1440,124,2,36,113,64,31.583333333333332,73.5,0,0.0,0.0,4,4,1219.8,1216.6,0.005947322261149322,0.22665155754715244,171.39,1044.9774011201916,0,0,0,0,0,2,0.9898340999999959
test,207,random,pd_theta_16,613f9fb3504e9d44423a8d6b64758bf17f264207f26db8a0c8fbc1a50d627bef,51b4c51e19204fa1e98e718b21aaaf99ca786d2ce586f3b65bafc641875eec5c,1440,1438,1438,0.9986111111111111,0.9986111111111111,1440,109,2,36,99,28,42.3125,94.0,0,0.0,0.0,4,4,1219.8,1216.6,0.005947322261149322,0.2333335879604535,168.59,1047.7707190897784,0,0,0,0,0,2,1.0125657000000388
test,207,random,pd_dev_selected,613f9fb3504e9d44423a8d6b64758bf17f264207f26db8a0c8fbc1a50d627bef,51b4c51e19204fa1e98e718b21aaaf99ca786d2ce586f3b65bafc641875eec5c,1440,1438,1438,0.9986111111111111,0.9986111111111111,1440,109,2,36,99,28,42.3125,94.0,0,0.0,0.0,4,4,1219.8,1216.6,0.005947322261149322,0.2333335879604535,168.59,1047.7707190897784,0,0,0,0,0,2,1.0125657000000388
test,207,random,pd_history,613f9fb3504e9d44423a8d6b64758bf17f264207f26db8a0c8fbc1a50d627bef,f445f82d09510e2259ac036f956707f40880a25145dd752d80604651a58740f0,1440,1435,1435,0.9965277777777778,0.9965277777777778,1440,186,2,36,158,137,14.208333333333334,53.0,0,0.0,0.0,4,4,1219.8,1214.5,0.005934103859901882,0.22159296550977534,175.95,1038.3224729306303,0,0,0,0,0,5,1.2113410000000044
test,207,random,no_control_interpretation,613f9fb3504e9d44423a8d6b64758bf17f264207f26db8a0c8fbc1a50d627bef,1f47c7c17759ce1061918fd1c44af0be3f894c441700e055ebdaf340a7742012,1440,1440,1440,1.0,1.0,1440,186,0,36,158,137,14.25,54.0,0,0.0,0.0,6,6,1219.8,1219.8,0.005955487271105931,0.22294942404429263,176.85,1042.7210950886847,0,0,0,0,0,0,1.1134332000000313
test,207,random,no_pre_new_only,613f9fb3504e9d44423a8d6b64758bf17f264207f26db8a0c8fbc1a50d627bef,f66b14e3ae0cd95e3605dfdaf501833da5b7ef3f3b9487bc914fd1bddbd12b93,1440,551,551,0.38263888888888886,0.38263888888888886,1440,551,710,0,392,392,0.0,13.0,0,0.0,0.0,0,0,1219.8,276.8,0.0023150627611227105,0.13535706172537407,44.73,231.9323278755135,0,0,0,0,710,179,1.0263390000000072
test,207,random,greedy_hard_cap,613f9fb3504e9d44423a8d6b64758bf17f264207f26db8a0c8fbc1a50d627bef,6953863d12926a31306fae6b1e15f355de38e5596f81817743f382a2464c56c8,1440,1425,1425,0.9895833333333334,0.9895833333333334,1440,102,15,36,80,57,19.854166666666668,49.5,0,0.0,0.0,0,0,1219.8,1195.8,0.005888816510199083,0.026096137660166874,147.45,1048.3180150458297,0,0,15,0,0,0,1.167573300000015
test,207,switch,pd_theta_2,333398154da5c6af78f2c59a2c3ddd9423627701c600a6519a8f558870618a6d,d9daaa0195dd067097a6235c7de622f2f409cc6bcfc63343080daae47a703913,1440,1369,1369,0.9506944444444444,0.9506944444444444,1440,145,71,36,119,101,10.75,48.5,0,0.0,0.0,68,68,1214.4,1100.8,0.005634313683546572,0.17434770761993298,159.92,940.7000179786966,0,0,0,0,0,71,1.0871170000000347
test,207,switch,pd_theta_4,333398154da5c6af78f2c59a2c3ddd9423627701c600a6519a8f558870618a6d,dc81f32b9186d1f6ab6e7e630c7435c718be68a93c96719b37ae8170f19aff0b,1440,1369,1369,0.9506944444444444,0.9506944444444444,1440,126,71,36,105,82,15.5625,53.0,0,0.0,0.0,68,68,1214.4,1100.8,0.005634313683546572,0.18098447331982304,158.76999999999998,941.8433812129966,0,0,0,0,0,71,1.096236499999975
test,207,switch,pd_theta_8,333398154da5c6af78f2c59a2c3ddd9423627701c600a6519a8f558870618a6d,2c9cbd177dfd35a281ca96e9375bd334dbde07435bf0ed55a7cc62ca08891a97,1440,1368,1368,0.95,0.95,1440,113,71,36,100,60,24.0625,66.5,0,0.0,0.0,69,69,1214.4,1100.1,0.005627248794340319,0.18047940318168393,155.04,944.873893348024,0,0,0,0,0,72,1.3893117000000075
test,207,switch,pd_theta_16,333398154da5c6af78f2c59a2c3ddd9423627701c600a6519a8f558870618a6d,b58286f0a177c627f10dfac859af1ba55c8bc724580f8203c0312c03f303cb21,1440,1366,1366,0.9486111111111111,0.9486111111111111,1440,104,71,36,93,31,32.4375,80.0,0,0.0,0.0,70,70,1214.4,1098.7,0.005616409107428265,0.18772156091154302,148.63,949.876662029981,0,0,0,0,0,74,1.0485299000000055
test,207,switch,pd_dev_selected,333398154da5c6af78f2c59a2c3ddd9423627701c600a6519a8f558870618a6d,b58286f0a177c627f10dfac859af1ba55c8bc724580f8203c0312c03f303cb21,1440,1366,1366,0.9486111111111111,0.9486111111111111,1440,104,71,36,93,31,32.4375,80.0,0,0.0,0.0,70,70,1214.4,1098.7,0.005616409107428265,0.18772156091154302,148.63,949.876662029981,0,0,0,0,0,74,1.0485299000000055
test,207,switch,pd_history,333398154da5c6af78f2c59a2c3ddd9423627701c600a6519a8f558870618a6d,d9daaa0195dd067097a6235c7de622f2f409cc6bcfc63343080daae47a703913,1440,1369,1369,0.9506944444444444,0.9506944444444444,1440,145,71,36,119,101,10.75,48.5,0,0.0,0.0,68,68,1214.4,1100.8,0.005634313683546572,0.17434770761993298,159.92,940.7000179786966,0,0,0,0,0,71,1.162122399999987
test,207,switch,no_control_interpretation,333398154da5c6af78f2c59a2c3ddd9423627701c600a6519a8f558870618a6d,e5e5007458076d0a1138f79403f6cce6aad505451f4d7c7f0eb84185a6e03baa,1440,1440,1440,1.0,1.0,1440,145,0,36,119,101,10.75,48.5,0,0.0,0.0,139,139,1214.4,1214.4,0.005955487271105931,0.18630359628315496,172.7,1041.5077409164458,0,0,0,0,0,0,1.0102476999999794
test,207,switch,no_pre_new_only,333398154da5c6af78f2c59a2c3ddd9423627701c600a6519a8f558870618a6d,4bd6a9b29b9addfa6a78d1f4afe8520a963cd9d7e23b5bbb37365a4444ab7061,1440,509,509,0.35347222222222224,0.35347222222222224,1440,509,710,0,317,317,0.0,10.0,0,0.0,0.0,0,0,1214.4,246.8,0.00215431469161608,0.12430044277892005,36.87,209.80354524252948,0,0,0,0,710,221,0.9251168000000121
test,207,switch,greedy_hard_cap,333398154da5c6af78f2c59a2c3ddd9423627701c600a6519a8f558870618a6d,366d50b0b2416cd3defac49c50bc50a803838694a21e5ef10399a22088c04bca,1440,1301,1301,0.9034722222222222,0.9034722222222222,1440,109,139,36,70,47,18.354166666666668,50.0,0,0.0,0.0,0,0,1214.4,992.0,0.00537999951417,0.03551289249466139,125.13,866.8291071079911,0,0,139,0,0,0,1.0805238000000372
test,208,high_tight,pd_theta_2,c81034ba25dc31a4d9e502a28502e9e431694bf041508be2da688f6f319256c1,bd5b409a80f5f72aef32addfd78b50a38f00bfd7e21c8e58ddf836b460f415b2,1440,1283,1283,0.8909722222222223,0.8909722222222223,1440,158,157,36,125,112,12.75,35.5,0,0.0,0.0,124,124,1426.8000000000002,1175.6000000000001,0.005228819253291076,0.14841879740838929,134.64,1040.8063523833384,0,0,0,0,0,157,1.543213900000012
test,208,high_tight,pd_theta_4,c81034ba25dc31a4d9e502a28502e9e431694bf041508be2da688f6f319256c1,67a044f4be957cb123ca2dce77a8be68c931765d5c855eff29aa36ebb0fb67f9,1440,1283,1283,0.8909722222222223,0.8909722222222223,1440,133,157,36,108,88,17.395833333333332,40.5,0,0.0,0.0,124,124,1426.8000000000002,1175.6000000000001,0.005228819253291076,0.15489528548738576,132.39,1043.0498758952594,0,0,0,0,0,157,1.0820100999999909
test,208,high_tight,pd_theta_8,c81034ba25dc31a4d9e502a28502e9e431694bf041508be2da688f6f319256c1,bc23643c761a56991e63c9d6c176543b6100a46c436d797522f3e8b8d7c795e9,1440,1283,1283,0.8909722222222223,0.8909722222222223,1440,109,157,36,93,60,23.333333333333332,48.0,0,0.0,0.0,124,124,1426.8000000000002,1175.6000000000001,0.005228819253291076,0.15814452505218268,130.49,1044.9466266556947,0,0,0,0,0,157,1.0966637999999875
test,208,high_tight,pd_theta_16,c81034ba25dc31a4d9e502a28502e9e431694bf041508be2da688f6f319256c1,f9a57e0b13e6adaf5f656663a14edd5a8de7edf7b89370f38f74579a3f5bde26,1440,1283,1283,0.8909722222222223,0.8909722222222223,1440,96,157,36,88,30,30.854166666666668,62.5,0,0.0,0.0,124,124,1426.8000000000002,1175.6000000000001,0.005228819253291076,0.15630792759042214,127.83999999999999,1047.5984632531563,0,0,0,0,0,157,0.997581700000012
test,208,high_tight,pd_dev_selected,c81034ba25dc31a4d9e502a28502e9e431694bf041508be2da688f6f319256c1,f9a57e0b13e6adaf5f656663a14edd5a8de7edf7b89370f38f74579a3f5bde26,1440,1283,1283,0.8909722222222223,0.8909722222222223,1440,96,157,36,88,30,30.854166666666668,62.5,0,0.0,0.0,124,124,1426.8000000000002,1175.6000000000001,0.005228819253291076,0.15630792759042214,127.83999999999999,1047.5984632531563,0,0,0,0,0,157,0.997581700000012
test,208,high_tight,pd_history,c81034ba25dc31a4d9e502a28502e9e431694bf041508be2da688f6f319256c1,bd5b409a80f5f72aef32addfd78b50a38f00bfd7e21c8e58ddf836b460f415b2,1440,1283,1283,0.8909722222222223,0.8909722222222223,1440,158,157,36,125,112,12.75,35.5,0,0.0,0.0,124,124,1426.8000000000002,1175.6000000000001,0.005228819253291076,0.14841879740838929,134.64,1040.8063523833384,0,0,0,0,0,157,1.0027858999999921
test,208,high_tight,no_control_interpretation,c81034ba25dc31a4d9e502a28502e9e431694bf041508be2da688f6f319256c1,7cb119361754000b8139e33130d141bbb4d7cc75e5f0713bef21c928123e81e9,1440,1440,1440,1.0,1.0,1440,158,0,36,125,112,12.75,35.5,0,0.0,0.0,281,281,1426.8000000000002,1426.8000000000002,0.005934367074878812,0.1809450141283099,162.9,1263.713120618797,0,0,0,0,0,0,0.9754242000000204
test,208,high_tight,no_pre_new_only,c81034ba25dc31a4d9e502a28502e9e431694bf041508be2da688f6f319256c1,9857ad6f805b69d9e2a3cd1f5c23ba0391844c17bbff98b1a525392b333d3687,1440,712,712,0.49444444444444446,0.49444444444444446,1440,712,709,0,411,411,0.0,9.5,0,0.0,0.0,0,0,1426.8000000000002,284.8,0.002955202737304767,0.17056748403727953,21.36,263.26647731322544,0,0,0,0,709,19,0.7619358000000034
test,208,high_tight,greedy_hard_cap,c81034ba25dc31a4d9e502a28502e9e431694bf041508be2da688f6f319256c1,2d8b60e70bcb1a96f8651fdb08f47b5d96a06748749e0dd86d01413e8b2c4be6,1440,1159,1159,0.8048611111111111,0.8048611111111111,1440,90,281,36,64,51,16.541666666666668,37.0,0,0.0,0.0,0,0,1426.8000000000002,977.2,0.004781887613230388,0.03615747232812224,98.97,878.1890606400588,0,0,281,0,0,0,0.9553068999999823
test,208,high_loose,pd_theta_2,25b15bdfa53f7d3c21dd3bcc6a3b88893bb7794c5f6374f8ec3a7982ff84c6b0,610667a8c862991a95abccb94dfe1e138d01d0e2b589264cb866d2c45171ac52,1440,1439,1439,0.9993055555555556,0.9993055555555556,1440,136,0,36,117,100,10.729166666666666,51.0,0,0.0,0.0,3,3,1001.4,1000.6999999999999,0.005926391744903472,0.19491964053925812,182.01999999999998,818.4791539677158,0,0,0,0,0,1,0.8684114999999792
test,208,high_loose,pd_theta_4,25b15bdfa53f7d3c21dd3bcc6a3b88893bb7794c5f6374f8ec3a7982ff84c6b0,f2b29dca4fa8731db9acc9e97a1b3e9ef3c6d850eef26f8d35b9463785236fbf,1440,1439,1439,0.9993055555555556,0.9993055555555556,1440,108,0,36,96,72,16.729166666666668,57.0,0,0.0,0.0,3,3,1001.4,1000.6999999999999,0.005926391744903472,0.20229303102594517,182.62,817.8717805772291,0,0,0,0,0,1,1.1828450999999518
test,208,high_loose,pd_theta_8,25b15bdfa53f7d3c21dd3bcc6a3b88893bb7794c5f6374f8ec3a7982ff84c6b0,92463c3684b05404920716ba8de88bde529de5c258a27f5027e63a31f3e4591a,1440,1439,1439,0.9993055555555556,0.9993055555555556,1440,98,0,36,91,52,26.291666666666668,70.0,0,0.0,0.0,3,3,1001.4,1000.6999999999999,0.005926391744903472,0.2145267151460397,183.12,817.359546893109,0,0,0,0,0,1,0.9700045000000159
test,208,high_loose,pd_theta_16,25b15bdfa53f7d3c21dd3bcc6a3b88893bb7794c5f6374f8ec3a7982ff84c6b0,dab9599ba68f0ea4fa4a3f0b197f6c0d9ad0586f27e7544fcea9da36586e5baa,1440,1439,1439,0.9993055555555556,0.9993055555555556,1440,93,0,36,86,22,37.125,95.0,0,0.0,0.0,3,3,1001.4,1000.6999999999999,0.005926391744903472,0.20452946307809602,184.37,816.119544145177,0,0,0,0,0,1,1.1042760999999928
test,208,high_loose,pd_dev_selected,25b15bdfa53f7d3c21dd3bcc6a3b88893bb7794c5f6374f8ec3a7982ff84c6b0,dab9599ba68f0ea4fa4a3f0b197f6c0d9ad0586f27e7544fcea9da36586e5baa,1440,1439,1439,0.9993055555555556,0.9993055555555556,1440,93,0,36,86,22,37.125,95.0,0,0.0,0.0,3,3,1001.4,1000.6999999999999,0.005926391744903472,0.20452946307809602,184.37,816.119544145177,0,0,0,0,0,1,1.1042760999999928
test,208,high_loose,pd_history,25b15bdfa53f7d3c21dd3bcc6a3b88893bb7794c5f6374f8ec3a7982ff84c6b0,610667a8c862991a95abccb94dfe1e138d01d0e2b589264cb866d2c45171ac52,1440,1439,1439,0.9993055555555556,0.9993055555555556,1440,136,0,36,117,100,10.729166666666666,51.0,0,0.0,0.0,3,3,1001.4,1000.6999999999999,0.005926391744903472,0.19491964053925812,182.01999999999998,818.4791539677158,0,0,0,0,0,1,0.9134516000000303
test,208,high_loose,no_control_interpretation,25b15bdfa53f7d3c21dd3bcc6a3b88893bb7794c5f6374f8ec3a7982ff84c6b0,b346c726c8c6c18657ac87fe75bdd997c5f014b748d13447c9085097f0310dc7,1440,1440,1440,1.0,1.0,1440,136,0,36,117,100,10.729166666666666,51.0,0,0.0,0.0,4,4,1001.4,1001.4,0.005934367074878812,0.19491964053925812,182.2,818.9991459923858,0,0,0,0,0,0,1.1773111999999628
test,208,high_loose,no_pre_new_only,25b15bdfa53f7d3c21dd3bcc6a3b88893bb7794c5f6374f8ec3a7982ff84c6b0,d1d23ecfa359da7ae8abe663e4e44ad452970fe0dcd182e14ec533fa34213cd9,1440,310,310,0.2152777777777778,0.2152777777777778,1440,310,709,0,223,223,0.0,10.0,0,0.0,0.0,0,0,1001.4,210.39999999999998,0.001248461342120813,0.07171886271403402,52.5,157.82703267594383,0,0,0,0,709,421,0.9147954999999683
test,208,high_loose,greedy_hard_cap,25b15bdfa53f7d3c21dd3bcc6a3b88893bb7794c5f6374f8ec3a7982ff84c6b0,c002cd8c230644ff22404c2a954c69670c5bb0271e1bdd1e4664d27a04c1d082,1440,1440,1440,1.0,1.0,1440,126,0,36,88,67,19.541666666666668,51.5,0,0.0,0.0,0,0,1001.4,1001.4,0.005934367074878812,0.04573193427587527,155.25,846.0983336986492,0,0,0,0,0,0,1.0769956999999977
test,208,random,pd_theta_2,1461c1ba60e27499aac08d18d00165843e313f451d0cf1b45d6504e07e1eddcd,8a47c5a804aedb7f7b5e12969fcc6577ccb30d46f0c0ec573dfc877aa0a0a0c9,1440,1426,1426,0.9902777777777778,0.9902777777777778,1440,189,2,36,159,139,14.145833333333334,52.5,0,0.0,0.0,7,7,1210.2,1198.6,0.005872978036731996,0.22060632007846095,173.43,1024.9435207018848,0,0,0,0,0,14,1.0666453000000047
test,208,random,pd_theta_4,1461c1ba60e27499aac08d18d00165843e313f451d0cf1b45d6504e07e1eddcd,75d6f906f7b1be90d52653a34ed28cd0725bb0ada33fd8e61e3c29b6da6ac16d,1440,1430,1430,0.9930555555555556,0.9930555555555556,1440,153,1,36,135,106,22.4375,61.0,0,0.0,0.0,4,4,1210.2,1202.3,0.005888261928083069,0.2317072413725766,171.15,1030.9124044966993,0,0,0,0,0,10,1.0353686000000266
test,208,random,pd_theta_8,1461c1ba60e27499aac08d18d00165843e313f451d0cf1b45d6504e07e1eddcd,d7ace39c9da6de093ce5ed090ca48611fa4ea83dc54936d7d8c5ebd598210a49,1440,1432,1432,0.9944444444444445,0.9944444444444445,1440,127,1,36,117,70,32.979166666666664,73.5,0,0.0,0.0,4,4,1210.2,1203.7,0.0058949866575772145,0.24037681578437073,168.66,1034.793728197558,0,0,0,0,0,8,0.925293599999975
test,208,random,pd_theta_16,1461c1ba60e27499aac08d18d00165843e313f451d0cf1b45d6504e07e1eddcd,ae717138034cee70a03590bd7044f0cf05367e940c7947677f78c243a7f93892,1440,1432,1432,0.9944444444444445,0.9944444444444445,1440,110,1,36,101,30,43.25,93.0,0,0.0,0.0,4,4,1210.2,1203.7,0.0058949866575772145,0.2360455834029277,164.85999999999999,1038.5980594299394,0,0,0,0,0,8,1.0594202999999993
test,208,random,pd_dev_selected,1461c1ba60e27499aac08d18d00165843e313f451d0cf1b45d6504e07e1eddcd,ae717138034cee70a03590bd7044f0cf05367e940c7947677f78c243a7f93892,1440,1432,1432,0.9944444444444445,0.9944444444444445,1440,110,1,36,101,30,43.25,93.0,0,0.0,0.0,4,4,1210.2,1203.7,0.0058949866575772145,0.2360455834029277,164.85999999999999,1038.5980594299394,0,0,0,0,0,8,1.0594202999999993
test,208,random,pd_history,1461c1ba60e27499aac08d18d00165843e313f451d0cf1b45d6504e07e1eddcd,8a47c5a804aedb7f7b5e12969fcc6577ccb30d46f0c0ec573dfc877aa0a0a0c9,1440,1426,1426,0.9902777777777778,0.9902777777777778,1440,189,2,36,159,139,14.145833333333334,52.5,0,0.0,0.0,7,7,1210.2,1198.6,0.005872978036731996,0.22060632007846095,173.43,1024.9435207018848,0,0,0,0,0,14,1.2296466000000237
test,208,random,no_control_interpretation,1461c1ba60e27499aac08d18d00165843e313f451d0cf1b45d6504e07e1eddcd,67c2066a6c5b282c492301769ba156c3a916742f704929e16869f0dc658bc7ac,1440,1440,1440,1.0,1.0,1440,194,0,36,159,137,13.979166666666666,52.0,0,0.0,0.0,7,7,1210.2,1210.2,0.005934367074878812,0.22609279698814375,176.25,1033.717972835937,0,0,0,0,0,0,1.0356034999999792
test,208,random,no_pre_new_only,1461c1ba60e27499aac08d18d00165843e313f451d0cf1b45d6504e07e1eddcd,4d923c9152b9a4db81df8baed094644ccec5dffafe1a555d722e5bf64aeb1aa9,1440,542,542,0.3763888888888889,0.3763888888888889,1440,542,709,0,375,375,0.0,12.5,0,0.0,0.0,0,0,1210.2,272.3,0.002206060749475283,0.12594584756557586,44.01,228.16184809168496,0,0,0,0,709,189,0.8982043999999973
test,208,random,greedy_hard_cap,1461c1ba60e27499aac08d18d00165843e313f451d0cf1b45d6504e07e1eddcd,8a0860df0f69746e403bbe41891a77d4291113573ea43786480cbd9fe928c8a0,1440,1428,1428,0.9916666666666667,0.9916666666666667,1440,139,12,36,98,75,20.75,50.0,0,0.0,0.0,0,0,1210.2,1191.0,0.005886989693214701,0.025060552798241594,147.79,1043.1790524575085,0,0,12,0,0,0,1.3230772000000002
test,208,switch,pd_theta_2,8a60143f02d98cef8a043b62dd5871166282c50bba85da25963cee41ac1efb01,ae0fd214728c488ed0323b28c8f679f27f5efb032ab4d733c9d408d127853be9,1440,1362,1362,0.9458333333333333,0.9458333333333333,1440,154,78,36,124,107,11.4375,49.0,0,0.0,0.0,64,64,1214.4,1089.6,0.005562422565140602,0.1675589582599926,158.10999999999999,931.3168786191749,0,0,0,0,0,78,1.160349999999994
test,208,switch,pd_theta_4,8a60143f02d98cef8a043b62dd5871166282c50bba85da25963cee41ac1efb01,4755ad0b4208056790ed52e6ad51ce832a9dc91c6d39b3e4bb75d865b164de04,1440,1361,1361,0.9451388888888889,0.9451388888888889,1440,130,78,36,110,85,17.270833333333332,56.5,0,0.0,0.0,63,63,1214.4,1088.9,0.005558978703187115,0.18265792131607528,155.68,933.0317830999808,0,0,0,0,0,79,1.2210049000000254
test,208,switch,pd_theta_8,8a60143f02d98cef8a043b62dd5871166282c50bba85da25963cee41ac1efb01,9ef8677a2a5a9025478658307caef93b96e8ed3ea2225d8bac8b2994d1e47b36,1440,1360,1360,0.9444444444444444,0.9444444444444444,1440,114,78,36,97,57,23.708333333333332,70.0,0,0.0,0.0,65,65,1214.4,1088.2,0.005555697835646457,0.18006752340282978,153.5,934.5143767787615,0,0,0,0,0,80,1.286576700000012
test,208,switch,pd_theta_16,8a60143f02d98cef8a043b62dd5871166282c50bba85da25963cee41ac1efb01,2a216c3a57d360bca816a6d44f39796ae02d05c4b04e3dfc09a8b3f0a48f01e3,1440,1356,1356,0.9416666666666667,0.9416666666666667,1440,107,78,36,91,31,32.0625,79.0,0,0.0,0.0,68,68,1214.4,1085.4,0.0055369628195783074,0.1837240241916747,146.32999999999998,938.8807390129888,0,0,0,0,0,84,1.1706227999999896
test,208,switch,pd_dev_selected,8a60143f02d98cef8a043b62dd5871166282c50bba85da25963cee41ac1efb01,2a216c3a57d360bca816a6d44f39796ae02d05c4b04e3dfc09a8b3f0a48f01e3,1440,1356,1356,0.9416666666666667,0.9416666666666667,1440,107,78,36,91,31,32.0625,79.0,0,0.0,0.0,68,68,1214.4,1085.4,0.0055369628195783074,0.1837240241916747,146.32999999999998,938.8807390129888,0,0,0,0,0,84,1.1706227999999896
test,208,switch,pd_history,8a60143f02d98cef8a043b62dd5871166282c50bba85da25963cee41ac1efb01,ae0fd214728c488ed0323b28c8f679f27f5efb032ab4d733c9d408d127853be9,1440,1362,1362,0.9458333333333333,0.9458333333333333,1440,154,78,36,124,107,11.4375,49.0,0,0.0,0.0,64,64,1214.4,1089.6,0.005562422565140602,0.1675589582599926,158.10999999999999,931.3168786191749,0,0,0,0,0,78,1.5660464999999704
test,208,switch,no_control_interpretation,8a60143f02d98cef8a043b62dd5871166282c50bba85da25963cee41ac1efb01,33852eade18154946d0715532670c57776dbb74bb9c09f24cf700beae40d21e0,1440,1440,1440,1.0,1.0,1440,154,0,36,124,107,11.4375,49.0,0,0.0,0.0,142,142,1214.4,1214.4,0.005934367074878812,0.1824948502480788,172.15,1042.061570782677,0,0,0,0,0,0,1.0715397999999823
test,208,switch,no_pre_new_only,8a60143f02d98cef8a043b62dd5871166282c50bba85da25963cee41ac1efb01,74477c43423c69dd9ccfce4d740d524b8fc44411d1ac9865338b65e8ce62701d,1440,514,514,0.35694444444444445,0.35694444444444445,1440,514,709,0,319,319,0.0,10.0,0,0.0,0.0,0,0,1214.4,248.8,0.0021117613350812624,0.12276576975093967,37.019999999999996,211.655122468914,0,0,0,0,709,217,0.9284465000000068
test,208,switch,greedy_hard_cap,8a60143f02d98cef8a043b62dd5871166282c50bba85da25963cee41ac1efb01,c3ff020adfc3348f37cdea2ebed6be9420b6c3829456b96e04feace8a525e00a,1440,1301,1301,0.9034722222222222,0.9034722222222222,1440,133,139,36,90,69,19.3125,51.5,0,0.0,0.0,0,0,1214.4,992.0,0.005338308637294579,0.033031694945084136,125.33,866.6316299964176,0,0,139,0,0,0,1.028462300000001
test,209,high_tight,pd_theta_2,99b9c313669014ddd34f79e84563f69e13a9703da5666db7e6be21694bafddb4,a04a2c26e1523c86109fbd01ef68f61829abfe20d726d05ab7054f7f65ea0d7e,1440,1284,1284,0.8916666666666667,0.8916666666666667,1440,159,156,36,129,118,13.041666666666666,36.0,0,0.0,0.0,131,131,1434.0,1184.4,0.005259084516695879,0.16082006556547726,135.57,1048.663920849918,0,0,0,0,0,156,1.0347376999999938
test,209,high_tight,pd_theta_4,99b9c313669014ddd34f79e84563f69e13a9703da5666db7e6be21694bafddb4,092a727796c9712d48d79e72d2785b37795971f515beef92d52d2d99c05ce937,1440,1284,1284,0.8916666666666667,0.8916666666666667,1440,131,156,36,115,94,18.145833333333332,41.0,0,0.0,0.0,131,131,1434.0,1184.4,0.005259084516695879,0.1595455013612209,132.92,1051.3151954141222,0,0,0,0,0,156,1.0243785999999773
test,209,high_tight,pd_theta_8,99b9c313669014ddd34f79e84563f69e13a9703da5666db7e6be21694bafddb4,ae05ea78922808eb6722a5b9acf4257cd6eff2ee801b1025a856e6aa2fbb52c7,1440,1284,1284,0.8916666666666667,0.8916666666666667,1440,112,156,36,99,62,24.583333333333332,48.5,0,0.0,0.0,131,131,1434.0,1184.4,0.005259084516695879,0.15614828939865255,130.72,1053.5185926260847,0,0,0,0,0,156,1.1563122999999678
test,209,high_tight,pd_theta_16,99b9c313669014ddd34f79e84563f69e13a9703da5666db7e6be21694bafddb4,fd425f73bca1d4ba4f0b98b6663aa3365afa35b0a6171d96191130dd55276634,1440,1284,1284,0.8916666666666667,0.8916666666666667,1440,94,156,36,88,31,31.104166666666668,62.0,0,0.0,0.0,131,131,1434.0,1184.4,0.005259084516695879,0.1650225655102554,129.17,1055.059718349973,0,0,0,0,0,156,1.0368998000000147
test,209,high_tight,pd_dev_selected,99b9c313669014ddd34f79e84563f69e13a9703da5666db7e6be21694bafddb4,fd425f73bca1d4ba4f0b98b6663aa3365afa35b0a6171d96191130dd55276634,1440,1284,1284,0.8916666666666667,0.8916666666666667,1440,94,156,36,88,31,31.104166666666668,62.0,0,0.0,0.0,131,131,1434.0,1184.4,0.005259084516695879,0.1650225655102554,129.17,1055.059718349973,0,0,0,0,0,156,1.0368998000000147
test,209,high_tight,pd_history,99b9c313669014ddd34f79e84563f69e13a9703da5666db7e6be21694bafddb4,a04a2c26e1523c86109fbd01ef68f61829abfe20d726d05ab7054f7f65ea0d7e,1440,1284,1284,0.8916666666666667,0.8916666666666667,1440,159,156,36,129,118,13.041666666666666,36.0,0,0.0,0.0,131,131,1434.0,1184.4,0.005259084516695879,0.16082006556547726,135.57,1048.663920849918,0,0,0,0,0,156,1.283628599999986
test,209,high_tight,no_control_interpretation,99b9c313669014ddd34f79e84563f69e13a9703da5666db7e6be21694bafddb4,c23f59ae64a9f8f768d33dd95c64a8e1bef2c03de1d9857f5577ae3002297e2d,1440,1440,1440,1.0,1.0,1440,159,0,36,129,118,13.041666666666666,36.0,0,0.0,0.0,287,287,1434.0,1434.0,0.005916609921579629,0.19054918805372467,163.65,1270.1535342020247,0,0,0,0,0,0,1.0761471000000142
test,209,high_tight,no_pre_new_only,99b9c313669014ddd34f79e84563f69e13a9703da5666db7e6be21694bafddb4,3321b6b0f4301e124577db1b787bb1c32835d08ccccb5c95b21ad9be636b5c5e,1440,710,710,0.4930555555555556,0.4930555555555556,1440,710,715,0,410,410,0.0,9.5,0,0.0,0.0,0,0,1434.0,284.0,0.0029218053950965167,0.16687132231592677,21.3,262.530206872289,0,0,0,0,715,15,0.9156648999999675
test,209,high_tight,greedy_hard_cap,99b9c313669014ddd34f79e84563f69e13a9703da5666db7e6be21694bafddb4,72bcf0871f8ac50e15c19647600aad2cf9ea6749835a914ad8c696018b8f8dd7,1440,1153,1153,0.8006944444444445,0.8006944444444445,1440,86,287,36,56,41,16.645833333333332,35.5,0,0.0,0.0,0,0,1434.0,974.8000000000001,0.0047663550599987585,0.04127290406846304,98.78999999999999,875.9639607408716,0,0,287,0,0,0,1.123605399999974
test,209,high_loose,pd_theta_2,f47749e7f756324c1b1778c93288d360f2eaaf736dafed252ed3900d9521b1bd,2e3ccce172fb9c337aff1ddca1d113378046d272c26e185628186633a79cbee1,1440,1439,1439,0.9993055555555556,0.9993055555555556,1440,127,0,36,104,88,10.479166666666666,50.0,0,0.0,0.0,2,2,1004.9999999999999,1004.3,0.005913958115896915,0.18708941716140637,182.47,821.6369966247227,0,0,0,0,0,1,0.920358100000044
test,209,high_loose,pd_theta_4,f47749e7f756324c1b1778c93288d360f2eaaf736dafed252ed3900d9521b1bd,815e14f682ec3738746016459819e533eb3adf1c91d8d269118e11269b9238bc,1440,1439,1439,0.9993055555555556,0.9993055555555556,1440,98,0,36,89,65,15.4375,57.0,0,0.0,0.0,2,2,1004.9999999999999,1004.3,0.005913958115896915,0.19227993478518376,183.47,820.6318061070989,0,0,0,0,0,1,0.9201067000000194
test,209,high_loose,pd_theta_8,f47749e7f756324c1b1778c93288d360f2eaaf736dafed252ed3900d9521b1bd,c14b9af7a5e9d74d18858a3b903b26549a3e245e22957e26aa20c26c5a433160,1440,1439,1439,0.9993055555555556,0.9993055555555556,1440,94,0,36,86,47,24.8125,70.0,0,0.0,0.0,2,2,1004.9999999999999,1004.3,0.005913958115896915,0.195612742087006,184.26999999999998,819.828473299797,0,0,0,0,0,1,0.9409259999999904
test,209,high_loose,pd_theta_16,f47749e7f756324c1b1778c93288d360f2eaaf736dafed252ed3900d9521b1bd,b645ed21d754fa51816dc09db198b7ae617508468c04193d2fba07872ad2e9df,1440,1439,1439,0.9993055555555556,0.9993055555555556,1440,93,0,36,85,19,36.0625,95.0,0,0.0,0.0,2,2,1004.9999999999999,1004.3,0.005913958115896915,0.1946383510045386,184.62,819.4794476908795,0,0,0,0,0,1,0.9585951999999907
test,209,high_loose,pd_dev_selected,f47749e7f756324c1b1778c93288d360f2eaaf736dafed252ed3900d9521b1bd,b645ed21d754fa51816dc09db198b7ae617508468c04193d2fba07872ad2e9df,1440,1439,1439,0.9993055555555556,0.9993055555555556,1440,93,0,36,85,19,36.0625,95.0,0,0.0,0.0,2,2,1004.9999999999999,1004.3,0.005913958115896915,0.1946383510045386,184.62,819.4794476908795,0,0,0,0,0,1,0.9585951999999907
test,209,high_loose,pd_history,f47749e7f756324c1b1778c93288d360f2eaaf736dafed252ed3900d9521b1bd,2e3ccce172fb9c337aff1ddca1d113378046d272c26e185628186633a79cbee1,1440,1439,1439,0.9993055555555556,0.9993055555555556,1440,127,0,36,104,88,10.479166666666666,50.0,0,0.0,0.0,2,2,1004.9999999999999,1004.3,0.005913958115896915,0.18708941716140637,182.47,821.6369966247227,0,0,0,0,0,1,0.8024112999999602
test,209,high_loose,no_control_interpretation,f47749e7f756324c1b1778c93288d360f2eaaf736dafed252ed3900d9521b1bd,8884cda166de8c465fdb07fe837ccc9fd09e198a9d5e598e34c75a195bf5ad25,1440,1440,1440,1.0,1.0,1440,127,0,36,104,88,10.479166666666666,50.0,0,0.0,0.0,3,3,1004.9999999999999,1004.9999999999999,0.005916609921579629,0.18725515501657602,182.65,822.1568282350618,0,0,0,0,0,0,1.080826399999978
test,209,high_loose,no_pre_new_only,f47749e7f756324c1b1778c93288d360f2eaaf736dafed252ed3900d9521b1bd,2bf46b571c519aed689e1c4c6696b7c68fc130f1c19d31eb18a3a05bea26e552,1440,298,298,0.20694444444444443,0.20694444444444443,1440,298,715,0,210,210,0.0,10.0,0,0.0,0.0,0,0,1004.9999999999999,205.6,0.0012322418329799082,0.06803581183160418,52.14,153.3907319463354,0,0,0,0,715,427,0.7329433000000449
test,209,high_loose,greedy_hard_cap,f47749e7f756324c1b1778c93288d360f2eaaf736dafed252ed3900d9521b1bd,c7403cd49fd583d71ea4373970196335ab7dd43ed515e62347e0e0653cb9dc70,1440,1440,1440,1.0,1.0,1440,102,0,36,73,53,18.25,48.0,0,0.0,0.0,0,0,1004.9999999999999,1004.9999999999999,0.005916609921579629,0.05939315624135791,159.79999999999998,845.134690233837,0,0,0,0,0,0,0.8449224999999956
test,209,random,pd_theta_2,adf4581276c7c6eeb88a1fbf6e97ef4266f5ebb73c9c24a08fe4f5d3be145d7b,65c30cbf367bc2108511200c2a87adb3694f1016306adbee4bb87002c3861fb7,1440,1435,1435,0.9965277777777778,0.9965277777777778,1440,171,0,36,144,124,13.145833333333334,53.0,0,0.0,0.0,8,8,1221.0,1217.5,0.0058884820570003936,0.22843269884891096,177.35,1039.9156788190942,0,0,0,0,0,5,0.941928799999971
test,209,random,pd_theta_4,adf4581276c7c6eeb88a1fbf6e97ef4266f5ebb73c9c24a08fe4f5d3be145d7b,d090637782653d3b7f42425f4adf8155aeb84f6e11e9b21ab5c017f7091ec023,1440,1439,1439,0.9993055555555556,0.9993055555555556,1440,148,0,36,130,97,21.479166666666668,62.5,0,0.0,0.0,6,6,1221.0,1220.3,0.005910681409298638,0.22847891103673315,175.26999999999998,1044.795610407554,0,0,0,0,0,1,0.8661359000000175
test,209,random,pd_theta_8,adf4581276c7c6eeb88a1fbf6e97ef4266f5ebb73c9c24a08fe4f5d3be145d7b,71eb1d4697687f654e0e5b755181751bed10c0f72743076952598889f606e086,1440,1439,1439,0.9993055555555556,0.9993055555555556,1440,118,0,36,109,59,31.083333333333332,72.5,0,0.0,0.0,6,6,1221.0,1220.3,0.005910681409298638,0.23664144248704747,172.87,1047.1874478761038,0,0,0,0,0,1,1.0076376000000096
test,209,random,pd_theta_16,adf4581276c7c6eeb88a1fbf6e97ef4266f5ebb73c9c24a08fe4f5d3be145d7b,8219f60753ed91391e7f146dff06bcddd6f2e07a6578303cae8b76a31ee801cb,1440,1439,1439,0.9993055555555556,0.9993055555555556,1440,103,0,36,98,30,42.125,93.5,0,0.0,0.0,6,6,1221.0,1220.3,0.005910681409298638,0.24961176980842548,170.17,1049.8744775487824,0,0,0,0,0,1,0.8630223000000115
test,209,random,pd_dev_selected,adf4581276c7c6eeb88a1fbf6e97ef4266f5ebb73c9c24a08fe4f5d3be145d7b,8219f60753ed91391e7f146dff06bcddd6f2e07a6578303cae8b76a31ee801cb,1440,1439,1439,0.9993055555555556,0.9993055555555556,1440,103,0,36,98,30,42.125,93.5,0,0.0,0.0,6,6,1221.0,1220.3,0.005910681409298638,0.24961176980842548,170.17,1049.8744775487824,0,0,0,0,0,1,0.8630223000000115
test,209,random,pd_history,adf4581276c7c6eeb88a1fbf6e97ef4266f5ebb73c9c24a08fe4f5d3be145d7b,65c30cbf367bc2108511200c2a87adb3694f1016306adbee4bb87002c3861fb7,1440,1435,1435,0.9965277777777778,0.9965277777777778,1440,171,0,36,144,124,13.145833333333334,53.0,0,0.0,0.0,8,8,1221.0,1217.5,0.0058884820570003936,0.22843269884891096,177.35,1039.9156788190942,0,0,0,0,0,5,0.9085278000000017
test,209,random,no_control_interpretation,adf4581276c7c6eeb88a1fbf6e97ef4266f5ebb73c9c24a08fe4f5d3be145d7b,e6f8caa4f63630079340562e437f6df20bab3fb72b88cb29610e07c32eb25439,1440,1440,1440,1.0,1.0,1440,176,0,36,146,126,13.3125,53.0,0,0.0,0.0,8,8,1221.0,1221.0,0.005916609921579629,0.23071108976038465,178.25,1042.513372300318,0,0,0,0,0,0,0.9924220000000332
test,209,random,no_pre_new_only,adf4581276c7c6eeb88a1fbf6e97ef4266f5ebb73c9c24a08fe4f5d3be145d7b,000a0ba9030045f1e1e060bb34b5fbf9b066d83d133e225d0ecbcc50050d134b,1440,545,545,0.3784722222222222,0.3784722222222222,1440,545,715,0,371,371,0.0,12.5,0,0.0,0.0,0,0,1221.0,273.8,0.002219117673197835,0.13420001258854225,44.25,229.41358086973827,0,0,0,0,715,180,0.7170454000000177
test,209,random,greedy_hard_cap,adf4581276c7c6eeb88a1fbf6e97ef4266f5ebb73c9c24a08fe4f5d3be145d7b,6ae264168f9a4504c57880e9da47913e68d357becef62e899efc83ed5972b391,1440,1428,1428,0.9916666666666667,0.9916666666666667,1440,117,12,36,90,63,20.520833333333332,50.0,0,0.0,0.0,0,0,1221.0,1201.8,0.005871802282917226,0.03174521182856525,148.98999999999998,1052.7723829858885,0,0,12,0,0,0,1.1951288000000204
test,209,switch,pd_theta_2,6e73f670febdeb5c86ae4ad0a615f25df12ab0e8f31730d2d9f02a01c5745287,3dee95d37dfa8adde85a3c88a28d248687933a8bd809c7c6f5fdaf4d35c2f6e9,1440,1362,1362,0.9458333333333333,0.9458333333333333,1440,149,78,36,121,105,11.854166666666666,50.0,0,0.0,0.0,65,65,1219.2,1094.4,0.005572891702126762,0.17306284442697709,158.31,935.911364263871,0,0,0,0,0,78,0.9345539000000258
test,209,switch,pd_theta_4,6e73f670febdeb5c86ae4ad0a615f25df12ab0e8f31730d2d9f02a01c5745287,f6ad0c3a6627bf41159c878a403bff0fde9e9ddaabf5e270837820149ee94582,1440,1361,1361,0.9451388888888889,0.9451388888888889,1440,122,78,36,106,81,16.541666666666668,55.5,0,0.0,0.0,66,66,1219.2,1093.7,0.00556883513870944,0.18414189879367066,157.57999999999998,935.9302892660677,0,0,0,0,0,79,0.9399755999999684
test,209,switch,pd_theta_8,6e73f670febdeb5c86ae4ad0a615f25df12ab0e8f31730d2d9f02a01c5745287,83725f27b02dbd6befebbf5505510a100e88e993271d9dd87949df01d2e6aa03,1440,1359,1359,0.94375,0.94375,1440,109,78,36,97,55,24.5625,70.0,0,0.0,0.0,68,68,1219.2,1092.3,0.005559404883511655,0.18138691932655465,153.42,938.69305367579,0,0,0,0,0,81,1.0286084999999616
test,209,switch,pd_theta_16,6e73f670febdeb5c86ae4ad0a615f25df12ab0e8f31730d2d9f02a01c5745287,f9efed986b8ec33a43dc42574004fcf31924156e1ce397dca26f09bdbefa1103,1440,1359,1359,0.94375,0.94375,1440,104,78,36,93,31,32.604166666666664,80.0,0,0.0,0.0,71,71,1219.2,1092.3,0.005560006703817637,0.1903750175869981,148.22,943.8840649757092,0,0,0,0,0,81,1.0200187999999457
test,209,switch,pd_dev_selected,6e73f670febdeb5c86ae4ad0a615f25df12ab0e8f31730d2d9f02a01c5745287,f9efed986b8ec33a43dc42574004fcf31924156e1ce397dca26f09bdbefa1103,1440,1359,1359,0.94375,0.94375,1440,104,78,36,93,31,32.604166666666664,80.0,0,0.0,0.0,71,71,1219.2,1092.3,0.005560006703817637,0.1903750175869981,148.22,943.8840649757092,0,0,0,0,0,81,1.0200187999999457
test,209,switch,pd_history,6e73f670febdeb5c86ae4ad0a615f25df12ab0e8f31730d2d9f02a01c5745287,3dee95d37dfa8adde85a3c88a28d248687933a8bd809c7c6f5fdaf4d35c2f6e9,1440,1362,1362,0.9458333333333333,0.9458333333333333,1440,149,78,36,121,105,11.854166666666666,50.0,0,0.0,0.0,65,65,1219.2,1094.4,0.005572891702126762,0.17306284442697709,158.31,935.911364263871,0,0,0,0,0,78,1.3063313999999764
test,209,switch,no_control_interpretation,6e73f670febdeb5c86ae4ad0a615f25df12ab0e8f31730d2d9f02a01c5745287,07187f2641e909e15037e7fc4c085f138e50e85d7f696b5a742cf4f942413533,1440,1440,1440,1.0,1.0,1440,149,0,36,121,105,11.854166666666666,50.0,0,0.0,0.0,143,143,1219.2,1219.2,0.005916609921579629,0.18697665310278683,172.35,1046.6571067369757,0,0,0,0,0,0,0.9707394999999792
test,209,switch,no_pre_new_only,6e73f670febdeb5c86ae4ad0a615f25df12ab0e8f31730d2d9f02a01c5745287,96f3e62c5cdabbbdd2e29abba4ce2a4e291acd79469c087fb01334dce326c1f5,1440,506,506,0.35138888888888886,0.35138888888888886,1440,506,715,0,315,315,0.0,9.5,0,0.0,0.0,0,0,1219.2,245.6,0.0020288919684804496,0.11547494898629683,36.78,208.7024961590452,0,0,0,0,715,219,0.7816416000000004
test,209,switch,greedy_hard_cap,6e73f670febdeb5c86ae4ad0a615f25df12ab0e8f31730d2d9f02a01c5745287,1e93af0961fb615a618ec17fa34f0c5b3fea7507cdb3484b3659b4fd70cfedad,1440,1297,1297,0.9006944444444445,0.9006944444444445,1440,120,143,36,79,55,18.75,49.5,0,0.0,0.0,0,0,1219.2,990.4,0.005351397043413618,0.04471676787537406,125.86,864.4899318350812,0,0,143,0,0,0,1.0454186999999706
test,210,high_tight,pd_theta_2,6837c46fd1b49b0c2d5c99507efb7c8ebdd332313055ed8f16aaed8a2ced4472,b5dcebd31a990077cd6da64f7618a33d6f9560933159bf37e412e23ab43d4859,1440,1287,1287,0.89375,0.89375,1440,161,153,36,121,111,12.791666666666666,36.0,0,0.0,0.0,127,127,1429.2,1184.4,0.005216688167049433,0.15172585372368375,135.46,1048.7830574581094,0,0,0,0,0,153,0.9640559000000053
test,210,high_tight,pd_theta_4,6837c46fd1b49b0c2d5c99507efb7c8ebdd332313055ed8f16aaed8a2ced4472,5e8936974591032cdb2ed7d8af39c9786eb27ad90c25fa780d7d54e8e85e399c,1440,1287,1287,0.89375,0.89375,1440,140,153,36,111,91,17.916666666666668,41.5,0,0.0,0.0,127,127,1429.2,1184.4,0.005216688167049433,0.15210962753441473,132.60999999999999,1051.6326736842987,0,0,0,0,0,153,1.086223700000005
test,210,high_tight,pd_theta_8,6837c46fd1b49b0c2d5c99507efb7c8ebdd332313055ed8f16aaed8a2ced4472,bfc704cb65fa9a3489b190bf5d5c97d64129b1213393e7cd45cad397cd4bb394,1440,1287,1287,0.89375,0.89375,1440,112,153,36,95,59,23.625,47.5,0,0.0,0.0,127,127,1429.2,1184.4,0.005216688167049433,0.15708088208719523,131.51,1052.727702429746,0,0,0,0,0,153,0.9663069000000064
test,210,high_tight,pd_theta_16,6837c46fd1b49b0c2d5c99507efb7c8ebdd332313055ed8f16aaed8a2ced4472,4e3489b3af5ec11f2db4d69d039e8ec3239b7cce057d837764f09bcaa1ff8330,1440,1287,1287,0.89375,0.89375,1440,98,153,36,87,30,30.208333333333332,61.0,0,0.0,0.0,127,127,1429.2,1184.4,0.005216688167049433,0.16671595151380678,129.31,1054.9180673603194,0,0,0,0,0,153,0.9528318999999783
test,210,high_tight,pd_dev_selected,6837c46fd1b49b0c2d5c99507efb7c8ebdd332313055ed8f16aaed8a2ced4472,4e3489b3af5ec11f2db4d69d039e8ec3239b7cce057d837764f09bcaa1ff8330,1440,1287,1287,0.89375,0.89375,1440,98,153,36,87,30,30.208333333333332,61.0,0,0.0,0.0,127,127,1429.2,1184.4,0.005216688167049433,0.16671595151380678,129.31,1054.9180673603194,0,0,0,0,0,153,0.9528318999999783
test,210,high_tight,pd_history,6837c46fd1b49b0c2d5c99507efb7c8ebdd332313055ed8f16aaed8a2ced4472,b5dcebd31a990077cd6da64f7618a33d6f9560933159bf37e412e23ab43d4859,1440,1287,1287,0.89375,0.89375,1440,161,153,36,121,111,12.791666666666666,36.0,0,0.0,0.0,127,127,1429.2,1184.4,0.005216688167049433,0.15172585372368375,135.46,1048.7830574581094,0,0,0,0,0,153,0.9929555999999593
test,210,high_tight,no_control_interpretation,6837c46fd1b49b0c2d5c99507efb7c8ebdd332313055ed8f16aaed8a2ced4472,632a54beeada9937e75da6013cdb345711b6823468643d2e933f04d66b5fdf8e,1440,1440,1440,1.0,1.0,1440,161,0,36,121,111,12.791666666666666,36.0,0,0.0,0.0,280,280,1429.2,1429.2,0.005903890563111701,0.18648877254672894,163.0,1266.0076073368903,0,0,0,0,0,0,0.9947291999999948
test,210,high_tight,no_pre_new_only,6837c46fd1b49b0c2d5c99507efb7c8ebdd332313055ed8f16aaed8a2ced4472,c4c9b5be5942aaa8e27cd2dff77e6b5d787dbe6e491aad408d30250fa0f54caa,1440,717,717,0.4979166666666667,0.4979166666666667,1440,717,711,0,413,413,0.0,9.5,0,0.0,0.0,0,0,1429.2,286.8,0.00295231636487035,0.17611778519607374,21.509999999999998,265.11092989843905,0,0,0,0,711,12,1.0016290000000367
test,210,high_tight,greedy_hard_cap,6837c46fd1b49b0c2d5c99507efb7c8ebdd332313055ed8f16aaed8a2ced4472,ae862f41a36719bdd18579a7b746849272aad3a40f0403907c1b0c9479d1af2c,1440,1160,1160,0.8055555555555556,0.8055555555555556,1440,102,280,36,63,49,16.458333333333332,36.0,0,0.0,0.0,0,0,1429.2,981.2,0.004731002188757752,0.03876875056533799,99.45,881.706500247246,0,0,280,0,0,0,1.0917809000000034
test,210,high_loose,pd_theta_2,c0b30a676100a43741955ba3c1db2fef74f022b31f5eea93e767531aa9fe02f9,3608977da17196fed7130140ed418c49aa847fb9ac63def57c569047a72dd662,1440,1439,1439,0.9993055555555556,0.9993055555555556,1440,124,0,36,107,90,10.0625,49.0,0,0.0,0.0,3,3,1002.5999999999999,1001.9,0.0058989886490090895,0.21185293648280712,181.72,819.9622480748682,0,0,0,0,0,1,1.1481596000000422
test,210,high_loose,pd_theta_4,c0b30a676100a43741955ba3c1db2fef74f022b31f5eea93e767531aa9fe02f9,5fbe7643447e0074f2960a3dac9338fd6e438ecbc6a5e8afa612d81e19cfc570,1440,1439,1439,0.9993055555555556,0.9993055555555556,1440,103,0,36,95,71,16.270833333333332,56.5,0,0.0,0.0,3,3,1002.5999999999999,1001.9,0.0058989886490090895,0.2210649150436015,182.62,819.0530360963073,0,0,0,0,0,1,1.028736600000002
test,210,high_loose,pd_theta_8,c0b30a676100a43741955ba3c1db2fef74f022b31f5eea93e767531aa9fe02f9,326898efdbb91ad701f14da6e50a7e7637472115920a82cee8d084474580ea74,1440,1439,1439,0.9993055555555556,0.9993055555555556,1440,96,0,36,90,51,26.770833333333332,71.0,0,0.0,0.0,3,3,1002.5999999999999,1001.9,0.0058989886490090895,0.21962178446340969,183.01999999999998,818.6544792268875,0,0,0,0,0,1,1.1855453000000011
test,210,high_loose,pd_theta_16,c0b30a676100a43741955ba3c1db2fef74f022b31f5eea93e767531aa9fe02f9,d30cb21186be9db34c350dc42ac400ad4004f4b9f8a1c49ed39b639f0e426fed,1440,1439,1439,0.9993055555555556,0.9993055555555556,1440,93,0,36,87,24,37.520833333333336,95.0,1,0.5,0.0,3,3,1002.5999999999999,1001.9,0.0058989886490090895,0.22645522323950526,184.26999999999998,817.3976457881114,0,0,0,0,0,1,1.0843123999999875
test,210,high_loose,pd_dev_selected,c0b30a676100a43741955ba3c1db2fef74f022b31f5eea93e767531aa9fe02f9,d30cb21186be9db34c350dc42ac400ad4004f4b9f8a1c49ed39b639f0e426fed,1440,1439,1439,0.9993055555555556,0.9993055555555556,1440,93,0,36,87,24,37.520833333333336,95.0,1,0.5,0.0,3,3,1002.5999999999999,1001.9,0.0058989886490090895,0.22645522323950526,184.26999999999998,817.3976457881114,0,0,0,0,0,1,1.0843123999999875
test,210,high_loose,pd_history,c0b30a676100a43741955ba3c1db2fef74f022b31f5eea93e767531aa9fe02f9,3608977da17196fed7130140ed418c49aa847fb9ac63def57c569047a72dd662,1440,1439,1439,0.9993055555555556,0.9993055555555556,1440,124,0,36,107,90,10.0625,49.0,0,0.0,0.0,3,3,1002.5999999999999,1001.9,0.0058989886490090895,0.21185293648280712,181.72,819.9622480748682,0,0,0,0,0,1,1.2640896999999995
test,210,high_loose,no_control_interpretation,c0b30a676100a43741955ba3c1db2fef74f022b31f5eea93e767531aa9fe02f9,89c9b4bc03b6e2f529a25c0d423187a26b444a4cbf8d34c94e1cf3edac6133d5,1440,1440,1440,1.0,1.0,1440,124,0,36,107,90,10.0625,49.0,0,0.0,0.0,4,4,1002.5999999999999,1002.5999999999999,0.005903890563111701,0.21240440181935083,181.9,820.4816917076175,0,0,0,0,0,0,1.2522883999999976
test,210,high_loose,no_pre_new_only,c0b30a676100a43741955ba3c1db2fef74f022b31f5eea93e767531aa9fe02f9,9ef5fa89379c695ac4919ff32b10fbbde84deb95c6eb5f71f6cf37775eedaeb2,1440,306,306,0.2125,0.2125,1440,306,711,0,219,219,0.0,10.0,0,0.0,0.0,0,0,1002.5999999999999,208.79999999999998,0.0012258245645597767,0.06810063544326278,52.379999999999995,156.35067353999216,0,0,0,0,711,423,1.002753499999983
test,210,high_loose,greedy_hard_cap,c0b30a676100a43741955ba3c1db2fef74f022b31f5eea93e767531aa9fe02f9,50ce3e11e36d94e607a6332a660c199504f6e1f9e253f3721d7d9180a581b9f8,1440,1440,1440,1.0,1.0,1440,122,0,36,83,62,19.270833333333332,48.5,0,0.0,0.0,0,0,1002.5999999999999,1002.5999999999999,0.005903890563111701,0.043623037224537545,155.25,847.3004730722123,0,0,0,0,0,0,1.0035096000000294
test,210,random,pd_theta_2,284e7b16fa02f1903d10240a34ae38da948fdc605f3f3f6d2d73b33e7e7dc655,64ad6b5a6a1acf4d607f2d7f7c8d7f503880328a8ecd1945682552525ed3e2a8,1440,1434,1434,0.9958333333333333,0.9958333333333333,1440,183,0,36,162,140,14.395833333333334,53.0,0,0.0,0.0,2,2,1209.0,1204.8,0.005883681037687926,0.22922568484995717,175.01999999999998,1029.5448906341123,0,0,0,0,0,6,1.3149898000000348
test,210,random,pd_theta_4,284e7b16fa02f1903d10240a34ae38da948fdc605f3f3f6d2d73b33e7e7dc655,d976f25dc4b7576a46206eb17a779a5e09f6f0a77b2a896bd21395987014a033,1440,1436,1436,0.9972222222222222,0.9972222222222222,1440,152,0,36,134,103,22.041666666666668,61.5,0,0.0,0.0,2,2,1209.0,1206.2,0.0058919792061109,0.2381914699722632,172.38,1033.5759165508216,0,0,0,0,0,4,1.1070649000000117
test,210,random,pd_theta_8,284e7b16fa02f1903d10240a34ae38da948fdc605f3f3f6d2d73b33e7e7dc655,dd5bf5aa2c93de9c0dcf1b37288266bdfe9a24b36ae4473b2f4bc6c41080b12f,1440,1436,1436,0.9972222222222222,0.9972222222222222,1440,127,0,36,116,67,32.604166666666664,74.0,0,0.0,0.0,2,2,1209.0,1206.2,0.0058919792061109,0.24187813520895107,169.07999999999998,1036.872229885585,0,0,0,0,0,4,1.2259242000000086
test,210,random,pd_theta_16,284e7b16fa02f1903d10240a34ae38da948fdc605f3f3f6d2d73b33e7e7dc655,964cc196536d6a161d461805cc1c596af7e0e1e4c678d56d1dd32136874b17b8,1440,1436,1436,0.9972222222222222,0.9972222222222222,1440,111,0,36,101,23,42.625,92.5,0,0.0,0.0,2,2,1209.0,1206.2,0.0058919792061109,0.24860954317374728,166.32999999999998,1039.6154984776201,0,0,0,0,0,4,0.9767529000000081
test,210,random,pd_dev_selected,284e7b16fa02f1903d10240a34ae38da948fdc605f3f3f6d2d73b33e7e7dc655,964cc196536d6a161d461805cc1c596af7e0e1e4c678d56d1dd32136874b17b8,1440,1436,1436,0.9972222222222222,0.9972222222222222,1440,111,0,36,101,23,42.625,92.5,0,0.0,0.0,2,2,1209.0,1206.2,0.0058919792061109,0.24860954317374728,166.32999999999998,1039.6154984776201,0,0,0,0,0,4,0.9767529000000081
test,210,random,pd_history,284e7b16fa02f1903d10240a34ae38da948fdc605f3f3f6d2d73b33e7e7dc655,64ad6b5a6a1acf4d607f2d7f7c8d7f503880328a8ecd1945682552525ed3e2a8,1440,1434,1434,0.9958333333333333,0.9958333333333333,1440,183,0,36,162,140,14.395833333333334,53.0,0,0.0,0.0,2,2,1209.0,1204.8,0.005883681037687926,0.22922568484995717,175.01999999999998,1029.5448906341123,0,0,0,0,0,6,1.0957493000000227
test,210,random,no_control_interpretation,284e7b16fa02f1903d10240a34ae38da948fdc605f3f3f6d2d73b33e7e7dc655,1ff02741311ee0b1fb88e55b76cb2d824651d72fc81c0c47af0a70282db9ade9,1440,1440,1440,1.0,1.0,1440,187,0,36,164,142,14.604166666666666,53.0,0,0.0,0.0,3,3,1209.0,1209.0,0.005903890563111701,0.2329688138237437,176.2,1032.5611272956132,0,0,0,0,0,0,1.1250577999999791
test,210,random,no_pre_new_only,284e7b16fa02f1903d10240a34ae38da948fdc605f3f3f6d2d73b33e7e7dc655,5ef078bf8bafab2ad53278da4c441b6f1bdbe3183de0789f10b0e4baf24930de,1440,542,542,0.3763888888888889,0.3763888888888889,1440,542,711,0,372,372,0.0,12.0,0,0.0,0.0,0,0,1209.0,274.1,0.0022062366530183255,0.11983292242777206,44.91,229.0679608409192,0,0,0,0,711,187,0.9474335000000451
test,210,random,greedy_hard_cap,284e7b16fa02f1903d10240a34ae38da948fdc605f3f3f6d2d73b33e7e7dc655,5f65fa12d4e5a75af2a723cb52b6fb388961ef4b949b73dbb8f69bc8799510d2,1440,1432,1432,0.9944444444444445,0.9944444444444445,1440,129,8,36,93,69,20.625,49.0,0,0.0,0.0,0,0,1209.0,1196.2,0.005870674536262446,0.02595725351066319,148.51,1047.658172071953,0,0,8,0,0,0,1.0673448000000008
test,210,switch,pd_theta_2,4d23319b41ec6a340cdbc046a3eb99ae605774eb833d311ef703ba221227c983,8b169ab36b04cc7d21101f03820a761de50b3ff860024e99666144f757710f53,1440,1360,1360,0.9444444444444444,0.9444444444444444,1440,147,79,36,113,96,11.229166666666666,49.5,0,0.0,0.0,62,62,1216.2,1089.1,0.005564601116427286,0.17980998440104679,158.15,930.7646254144826,0,0,0,0,0,80,1.0878227000000038
test,210,switch,pd_theta_4,4d23319b41ec6a340cdbc046a3eb99ae605774eb833d311ef703ba221227c983,402f8a3c4d8280f194e7f67aea9cad5d8b9b7659026bfe0a3671c6a99f24e719,1440,1361,1361,0.9451388888888889,0.9451388888888889,1440,129,79,36,102,78,16.166666666666668,56.5,0,0.0,0.0,63,63,1216.2,1089.8,0.005568932900424627,0.18524911980189587,157.43,932.1791819472977,0,0,0,0,0,79,1.2249826000000326
test,210,switch,pd_theta_8,4d23319b41ec6a340cdbc046a3eb99ae605774eb833d311ef703ba221227c983,dafd756ef0478988d046a138b9ac112a1045128ab3ba10299a8d8052feb29631,1440,1359,1359,0.94375,0.94375,1440,113,79,36,97,59,23.895833333333332,69.0,0,0.0,0.0,64,64,1216.2,1088.4,0.005557920788465445,0.2012259496142533,154.12,934.0732161295973,0,0,0,0,0,81,1.3161028999999758
test,210,switch,pd_theta_16,4d23319b41ec6a340cdbc046a3eb99ae605774eb833d311ef703ba221227c983,9e1cb77dade04d8a0bab4f4816cdbe6e0f225379ea3f19f6e657f97064ca52bb,1440,1358,1358,0.9430555555555555,0.9430555555555555,1440,106,79,36,90,30,30.854166666666668,78.0,0,0.0,0.0,64,64,1216.2,1087.7,0.005550959989376488,0.19919475938169573,148.19,939.3052542806289,0,0,0,0,0,82,1.2928706999999804
test,210,switch,pd_dev_selected,4d23319b41ec6a340cdbc046a3eb99ae605774eb833d311ef703ba221227c983,9e1cb77dade04d8a0bab4f4816cdbe6e0f225379ea3f19f6e657f97064ca52bb,1440,1358,1358,0.9430555555555555,0.9430555555555555,1440,106,79,36,90,30,30.854166666666668,78.0,0,0.0,0.0,64,64,1216.2,1087.7,0.005550959989376488,0.19919475938169573,148.19,939.3052542806289,0,0,0,0,0,82,1.2928706999999804
test,210,switch,pd_history,4d23319b41ec6a340cdbc046a3eb99ae605774eb833d311ef703ba221227c983,8b169ab36b04cc7d21101f03820a761de50b3ff860024e99666144f757710f53,1440,1360,1360,0.9444444444444444,0.9444444444444444,1440,147,79,36,113,96,11.229166666666666,49.5,0,0.0,0.0,62,62,1216.2,1089.1,0.005564601116427286,0.17980998440104679,158.15,930.7646254144826,0,0,0,0,0,80,1.7045265999999515
test,210,switch,no_control_interpretation,4d23319b41ec6a340cdbc046a3eb99ae605774eb833d311ef703ba221227c983,2b70e8a5e1657ab7fedcd1c21b04304fab7b90a275cbd74f174c59fc349ae1f6,1440,1440,1440,1.0,1.0,1440,147,0,36,113,96,11.229166666666666,49.5,0,0.0,0.0,142,142,1216.2,1216.2,0.005903890563111701,0.19757305787546747,172.54999999999998,1043.4465230515614,0,0,0,0,0,0,2.0145140999999853
test,210,switch,no_pre_new_only,4d23319b41ec6a340cdbc046a3eb99ae605774eb833d311ef703ba221227c983,9432bc08630d18fb7424a2fb82cefb81536507f220636eb581fd143860df48a1,1440,517,517,0.3590277777777778,0.3590277777777778,1440,517,711,0,318,318,0.0,10.0,0,0.0,0.0,0,0,1216.2,250.0,0.002133696035836473,0.12566123819469563,37.11,212.76220506576948,0,0,0,0,711,212,1.7711893999999688
test,210,switch,greedy_hard_cap,4d23319b41ec6a340cdbc046a3eb99ae605774eb833d311ef703ba221227c983,69caf9a67f58062a0ed03cac1884e1f45b99bb8eaec619a823a7c1bfb4d43fe9,1440,1300,1300,0.9027777777777778,0.9027777777777778,1440,123,140,36,77,55,18.291666666666668,48.0,0,0.0,0.0,0,0,1216.2,992.2,0.005336102657131544,0.03528206831183477,125.35,866.809381829031,0,0,140,0,0,0,1.5683319000000324
