seed,scenario,policy,slot,requests,profit,qualified_ratio,idle_vcpu,resource_violation_vcpu,warm_slot_violation
201,high_tight,pd_theta_2,0,60,43.17569456028058,0.9,4.0,0.0,5
201,high_tight,pd_theta_2,1,60,43.00543108708194,0.8833333333333333,9.0,0.0,5
201,high_tight,pd_theta_2,2,60,44.80365703441763,0.9666666666666667,11.5,0.0,5
201,high_tight,pd_theta_2,3,60,46.183513349417005,0.8666666666666667,16.5,0.0,8
201,high_tight,pd_theta_2,4,60,46.22327454742291,0.8166666666666667,17.0,0.0,9
201,high_tight,pd_theta_2,5,60,41.671893937133255,0.9833333333333333,6.0,0.0,4
201,high_tight,pd_theta_2,6,60,41.64375918728983,0.9166666666666666,9.5,0.0,3
201,high_tight,pd_theta_2,7,60,47.87233035420999,0.9,13.0,0.0,9
201,high_tight,pd_theta_2,8,60,40.83225473677238,0.8666666666666667,13.0,0.0,3
201,high_tight,pd_theta_2,9,60,44.62059015546729,0.9,12.5,0.0,6
201,high_tight,pd_theta_2,10,60,42.01138331312849,0.9333333333333333,11.5,0.0,3
201,high_tight,pd_theta_2,11,60,47.2340609724275,0.8666666666666667,15.0,0.0,9
201,high_tight,pd_theta_2,12,60,41.594146329708174,0.9166666666666666,10.5,0.0,3
201,high_tight,pd_theta_2,13,60,43.39338899610673,0.8333333333333334,15.5,0.0,6
201,high_tight,pd_theta_2,14,60,44.6215267773041,0.9,12.5,0.0,6
201,high_tight,pd_theta_2,15,60,47.61137781003302,0.9333333333333333,14.5,0.0,8
201,high_tight,pd_theta_2,16,60,46.133360175520785,0.8666666666666667,15.5,0.0,8
201,high_tight,pd_theta_2,17,60,43.2603057825168,0.9333333333333333,14.0,0.0,4
201,high_tight,pd_theta_2,18,60,42.99347866390281,0.9166666666666666,14.5,0.0,4
201,high_tight,pd_theta_2,19,60,41.24405609841294,0.8333333333333334,15.5,0.0,4
201,high_tight,pd_theta_2,20,60,44.72386561633405,0.9,14.0,0.0,6
201,high_tight,pd_theta_2,21,60,43.3739063448706,0.9,10.0,0.0,5
201,high_tight,pd_theta_2,22,60,47.414706737159015,0.9333333333333333,12.5,0.0,8
201,high_tight,pd_theta_2,23,60,49.154115213338024,0.9666666666666667,13.0,0.0,9
201,high_tight,pd_theta_4,0,60,43.17569456028058,0.9,4.0,0.0,5
201,high_tight,pd_theta_4,1,60,43.00543108708194,0.8833333333333333,9.0,0.0,5
201,high_tight,pd_theta_4,2,60,44.80365703441763,0.9666666666666667,11.5,0.0,5
201,high_tight,pd_theta_4,3,60,46.233898059121714,0.8666666666666667,20.0,0.0,8
201,high_tight,pd_theta_4,4,60,46.37368890094676,0.8166666666666667,23.5,0.0,9
201,high_tight,pd_theta_4,5,60,42.171191625591185,0.9833333333333333,14.5,0.0,4
201,high_tight,pd_theta_4,6,60,42.04201285249318,0.9166666666666666,20.0,0.0,3
201,high_tight,pd_theta_4,7,60,48.072896165508176,0.9,20.5,0.0,9
201,high_tight,pd_theta_4,8,60,40.83350634998038,0.8666666666666667,18.5,0.0,3
201,high_tight,pd_theta_4,9,60,44.82059456226608,0.9,20.5,0.0,6
201,high_tight,pd_theta_4,10,60,42.110523144425336,0.9333333333333333,16.0,0.0,3
201,high_tight,pd_theta_4,11,60,47.234711408213855,0.8666666666666667,18.0,0.0,9
201,high_tight,pd_theta_4,12,60,41.794988244587444,0.9166666666666666,15.5,0.0,3
201,high_tight,pd_theta_4,13,60,43.49301299699534,0.8333333333333334,20.5,0.0,6
201,high_tight,pd_theta_4,14,60,44.72170706954184,0.9,18.0,0.0,6
201,high_tight,pd_theta_4,15,60,47.66054079171095,0.9333333333333333,19.0,0.0,8
201,high_tight,pd_theta_4,16,60,46.284068846751985,0.8666666666666667,21.0,0.0,8
201,high_tight,pd_theta_4,17,60,43.36043167066009,0.9333333333333333,17.5,0.0,4
201,high_tight,pd_theta_4,18,60,42.991846955049695,0.9166666666666666,17.5,0.0,4
201,high_tight,pd_theta_4,19,60,41.24474257320282,0.8333333333333334,19.5,0.0,4
201,high_tight,pd_theta_4,20,60,44.72327680188678,0.9,19.0,0.0,6
201,high_tight,pd_theta_4,21,60,43.721076598072834,0.9,20.5,0.0,5
201,high_tight,pd_theta_4,22,60,47.81311375030546,0.9333333333333333,23.0,0.0,8
201,high_tight,pd_theta_4,23,60,49.502267924063844,0.9666666666666667,22.5,0.0,9
201,high_tight,pd_theta_8,0,60,43.17569456028058,0.9,4.0,0.0,5
201,high_tight,pd_theta_8,1,60,43.00543108708194,0.8833333333333333,9.0,0.0,5
201,high_tight,pd_theta_8,2,60,44.80365703441763,0.9666666666666667,11.5,0.0,5
201,high_tight,pd_theta_8,3,60,46.233898059121714,0.8666666666666667,20.0,0.0,8
201,high_tight,pd_theta_8,4,60,46.37368890094676,0.8166666666666667,23.5,0.0,9
201,high_tight,pd_theta_8,5,60,42.27084076263108,0.9833333333333333,18.0,0.0,4
201,high_tight,pd_theta_8,6,60,42.04370801034941,0.9166666666666666,23.0,0.0,3
201,high_tight,pd_theta_8,7,60,48.12328867765078,0.9,28.0,0.0,9
201,high_tight,pd_theta_8,8,60,40.83340951827566,0.8666666666666667,27.0,0.0,3
201,high_tight,pd_theta_8,9,60,44.871146318851174,0.9,27.5,0.0,6
201,high_tight,pd_theta_8,10,60,42.361023713202066,0.9333333333333333,25.0,0.0,3
201,high_tight,pd_theta_8,11,60,47.43446821376172,0.8666666666666667,29.0,0.0,9
201,high_tight,pd_theta_8,12,60,42.04500908089793,0.9166666666666666,26.5,0.0,3
201,high_tight,pd_theta_8,13,60,43.543065335358285,0.8333333333333334,29.0,0.0,6
201,high_tight,pd_theta_8,14,60,44.771228747370095,0.9,27.0,0.0,6
201,high_tight,pd_theta_8,15,60,47.70953961288046,0.9333333333333333,27.0,0.0,8
201,high_tight,pd_theta_8,16,60,46.33275850314792,0.8666666666666667,28.0,0.0,8
201,high_tight,pd_theta_8,17,60,43.35941846212365,0.9333333333333333,25.0,0.0,4
201,high_tight,pd_theta_8,18,60,43.04445830536947,0.9166666666666666,26.0,0.0,4
201,high_tight,pd_theta_8,19,60,41.2951194604273,0.8333333333333334,27.5,0.0,4
201,high_tight,pd_theta_8,20,60,44.82242724683574,0.9,27.0,0.0,6
201,high_tight,pd_theta_8,21,60,43.82304107134426,0.9,26.0,0.0,5
201,high_tight,pd_theta_8,22,60,47.812999269922216,0.9333333333333333,28.0,0.0,8
201,high_tight,pd_theta_8,23,60,49.551420952481216,0.9666666666666667,28.5,0.0,9
201,high_tight,pd_theta_16,0,60,43.17569456028058,0.9,4.0,0.0,5
201,high_tight,pd_theta_16,1,60,43.00543108708194,0.8833333333333333,9.0,0.0,5
201,high_tight,pd_theta_16,2,60,44.80365703441763,0.9666666666666667,11.5,0.0,5
201,high_tight,pd_theta_16,3,60,46.233898059121714,0.8666666666666667,20.0,0.0,8
201,high_tight,pd_theta_16,4,60,46.37368890094676,0.8166666666666667,23.5,0.0,9
201,high_tight,pd_theta_16,5,60,42.27084076263108,0.9833333333333333,18.0,0.0,4
201,high_tight,pd_theta_16,6,60,42.04370801034941,0.9166666666666666,23.0,0.0,3
201,high_tight,pd_theta_16,7,60,48.12328867765078,0.9,28.0,0.0,9
201,high_tight,pd_theta_16,8,60,40.83340951827566,0.8666666666666667,27.0,0.0,3
201,high_tight,pd_theta_16,9,60,44.87157153318991,0.9,29.0,0.0,6
201,high_tight,pd_theta_16,10,60,42.412212269832956,0.9333333333333333,27.5,0.0,3
201,high_tight,pd_theta_16,11,60,47.48428666344744,0.8666666666666667,34.0,0.0,9
201,high_tight,pd_theta_16,12,60,42.0950186764344,0.9166666666666666,31.5,0.0,3
201,high_tight,pd_theta_16,13,60,43.54303058874258,0.8333333333333334,35.5,0.0,6
201,high_tight,pd_theta_16,14,60,44.97139907824065,0.9,36.0,0.0,6
201,high_tight,pd_theta_16,15,60,47.81126452247454,0.9333333333333333,37.5,0.0,8
201,high_tight,pd_theta_16,16,60,46.48428273630656,0.8666666666666667,40.5,0.0,8
201,high_tight,pd_theta_16,17,60,43.611009983884955,0.9333333333333333,39.5,0.0,4
201,high_tight,pd_theta_16,18,60,43.243750734267756,0.9166666666666666,39.5,0.0,4
201,high_tight,pd_theta_16,19,60,41.44360174237551,0.8333333333333334,39.5,0.0,4
201,high_tight,pd_theta_16,20,60,45.02398520249855,0.9,38.5,0.0,6
201,high_tight,pd_theta_16,21,60,43.92315006199511,0.9,38.5,0.0,5
201,high_tight,pd_theta_16,22,60,47.862653132904576,0.9333333333333333,38.5,0.0,8
201,high_tight,pd_theta_16,23,60,49.65209836035821,0.9666666666666667,37.5,0.0,9
201,high_tight,pd_history,0,60,43.17569456028058,0.9,4.0,0.0,5
201,high_tight,pd_history,1,60,43.00543108708194,0.8833333333333333,9.0,0.0,5
201,high_tight,pd_history,2,60,44.80365703441763,0.9666666666666667,11.5,0.0,5
201,high_tight,pd_history,3,60,46.183513349417005,0.8666666666666667,16.5,0.0,8
201,high_tight,pd_history,4,60,46.22327454742291,0.8166666666666667,17.0,0.0,9
201,high_tight,pd_history,5,60,41.671893937133255,0.9833333333333333,6.0,0.0,4
201,high_tight,pd_history,6,60,41.64375918728983,0.9166666666666666,9.5,0.0,3
201,high_tight,pd_history,7,60,47.87233035420999,0.9,13.0,0.0,9
201,high_tight,pd_history,8,60,40.83225473677238,0.8666666666666667,13.0,0.0,3
201,high_tight,pd_history,9,60,44.62059015546729,0.9,12.5,0.0,6
201,high_tight,pd_history,10,60,42.01138331312849,0.9333333333333333,11.5,0.0,3
201,high_tight,pd_history,11,60,47.2340609724275,0.8666666666666667,15.0,0.0,9
201,high_tight,pd_history,12,60,41.594146329708174,0.9166666666666666,10.5,0.0,3
201,high_tight,pd_history,13,60,43.39338899610673,0.8333333333333334,15.5,0.0,6
201,high_tight,pd_history,14,60,44.6215267773041,0.9,12.5,0.0,6
201,high_tight,pd_history,15,60,47.61137781003302,0.9333333333333333,14.5,0.0,8
201,high_tight,pd_history,16,60,46.133360175520785,0.8666666666666667,15.5,0.0,8
201,high_tight,pd_history,17,60,43.2603057825168,0.9333333333333333,14.0,0.0,4
201,high_tight,pd_history,18,60,42.99347866390281,0.9166666666666666,14.5,0.0,4
201,high_tight,pd_history,19,60,41.24405609841294,0.8333333333333334,15.5,0.0,4
201,high_tight,pd_history,20,60,44.72386561633405,0.9,14.0,0.0,6
201,high_tight,pd_history,21,60,43.3739063448706,0.9,10.0,0.0,5
201,high_tight,pd_history,22,60,47.414706737159015,0.9333333333333333,12.5,0.0,8
201,high_tight,pd_history,23,60,49.154115213338024,0.9666666666666667,13.0,0.0,9
201,high_tight,no_control_interpretation,0,60,51.69445289296294,1.0,4.0,0.0,11
201,high_tight,no_control_interpretation,1,60,52.943654043202834,1.0,9.0,0.0,12
201,high_tight,no_control_interpretation,2,60,47.643330678674005,1.0,11.5,0.0,7
201,high_tight,no_control_interpretation,3,60,57.543087421276255,1.0,16.5,0.0,16
201,high_tight,no_control_interpretation,4,60,61.84250770652198,1.0,17.0,0.0,20
201,high_tight,no_control_interpretation,5,60,43.091450722667844,1.0,6.0,0.0,5
201,high_tight,no_control_interpretation,6,60,48.74217413256971,1.0,9.5,0.0,8
201,high_tight,no_control_interpretation,7,60,56.39091752472955,1.0,13.0,0.0,15
201,high_tight,no_control_interpretation,8,60,52.19015218881075,1.0,13.0,0.0,11
201,high_tight,no_control_interpretation,9,60,53.13894623616825,1.0,12.5,0.0,12
201,high_tight,no_control_interpretation,10,60,47.6908731799122,1.0,11.5,0.0,7
201,high_tight,no_control_interpretation,11,60,58.59218682828975,1.0,15.0,0.0,17
201,high_tight,no_control_interpretation,12,60,48.69297592472328,1.0,10.5,0.0,8
201,high_tight,no_control_interpretation,13,60,57.59065996282953,1.0,15.5,0.0,16
201,high_tight,no_control_interpretation,14,60,53.13965958789022,1.0,12.5,0.0,12
201,high_tight,no_control_interpretation,15,60,53.289753885369564,1.0,14.5,0.0,12
201,high_tight,no_control_interpretation,16,60,57.491742012578115,1.0,15.5,0.0,16
201,high_tight,no_control_interpretation,17,60,48.93974167189276,1.0,14.0,0.0,8
201,high_tight,no_control_interpretation,18,60,50.092481958955275,1.0,14.5,0.0,9
201,high_tight,no_control_interpretation,19,60,55.44232634485342,1.0,15.5,0.0,14
201,high_tight,no_control_interpretation,20,60,53.24211088861711,1.0,14.0,0.0,12
201,high_tight,no_control_interpretation,21,60,51.89218045625631,1.0,10.0,0.0,11
201,high_tight,no_control_interpretation,22,60,53.09422764289131,1.0,12.5,0.0,12
201,high_tight,no_control_interpretation,23,60,51.99328507720773,1.0,13.0,0.0,11
201,high_tight,no_pre_new_only,0,60,11.462158951470999,0.5166666666666667,0,0.0,0
201,high_tight,no_pre_new_only,1,60,11.091260871458122,0.5,0,0.0,0
201,high_tight,no_pre_new_only,2,60,11.83147632404315,0.5333333333333333,0,0.0,0
201,high_tight,no_pre_new_only,3,60,9.613612214703844,0.43333333333333335,0,0.0,0
201,high_tight,no_pre_new_only,4,60,8.134421077765666,0.36666666666666664,0,0.0,0
201,high_tight,no_pre_new_only,5,60,11.833108770728291,0.5333333333333333,0,0.0,0
201,high_tight,no_pre_new_only,6,60,11.831430911536428,0.5333333333333333,0,0.0,0
201,high_tight,no_pre_new_only,7,60,9.9830061021725,0.45,0,0.0,0
201,high_tight,no_pre_new_only,8,60,11.464315353882679,0.5166666666666667,0,0.0,0
201,high_tight,no_pre_new_only,9,60,11.090631263092702,0.5,0,0.0,0
201,high_tight,no_pre_new_only,10,60,11.83207308436258,0.5333333333333333,0,0.0,0
201,high_tight,no_pre_new_only,11,60,9.243493185760975,0.4166666666666667,0,0.0,0
201,high_tight,no_pre_new_only,12,60,11.832144397120286,0.5333333333333333,0,0.0,0
201,high_tight,no_pre_new_only,13,60,9.612147917678401,0.43333333333333335,0,0.0,0
201,high_tight,no_pre_new_only,14,60,11.091866148458339,0.5,0,0.0,0
201,high_tight,no_pre_new_only,15,60,11.093195297722014,0.5,0,0.0,0
201,high_tight,no_pre_new_only,16,60,9.613778188688666,0.43333333333333335,0,0.0,0
201,high_tight,no_pre_new_only,17,60,11.832626586560629,0.5333333333333333,0,0.0,0
201,high_tight,no_pre_new_only,18,60,11.830559168056688,0.5333333333333333,0,0.0,0
201,high_tight,no_pre_new_only,19,60,10.35118820956627,0.4666666666666667,0,0.0,0
201,high_tight,no_pre_new_only,20,60,11.09121279964374,0.5,0,0.0,0
201,high_tight,no_pre_new_only,21,60,11.464312641868625,0.5166666666666667,0,0.0,0
201,high_tight,no_pre_new_only,22,60,11.091816166070103,0.5,0,0.0,0
201,high_tight,no_pre_new_only,23,60,11.463722228611951,0.5166666666666667,0,0.0,0
201,high_tight,greedy_hard_cap,0,60,37.028946881969425,0.8166666666666667,13.5,0.0,0
201,high_tight,greedy_hard_cap,1,60,36.65876026480365,0.8,15.0,0.0,0
201,high_tight,greedy_hard_cap,2,60,38.50862869953435,0.8833333333333333,15.0,0.0,0
201,high_tight,greedy_hard_cap,3,60,35.17794891395504,0.7333333333333333,17.0,0.0,0
201,high_tight,greedy_hard_cap,4,60,33.69846392156587,0.6666666666666666,17.5,0.0,0
201,high_tight,greedy_hard_cap,5,60,37.14875005731518,0.9166666666666666,14.0,0.0,0
201,high_tight,greedy_hard_cap,6,60,38.13795119440346,0.8666666666666667,16.0,0.0,0
201,high_tight,greedy_hard_cap,7,60,35.54710854704983,0.75,19.0,0.0,0
201,high_tight,greedy_hard_cap,8,60,37.02821281350289,0.8166666666666667,18.5,0.0,0
201,high_tight,greedy_hard_cap,9,60,36.65796108236181,0.8,17.0,0.0,0
201,high_tight,greedy_hard_cap,10,60,38.50713241011648,0.8833333333333333,17.0,0.0,0
201,high_tight,greedy_hard_cap,11,60,34.8092811251639,0.7166666666666667,17.5,0.0,0
201,high_tight,greedy_hard_cap,12,60,38.139035373850724,0.8666666666666667,16.0,0.0,0
201,high_tight,greedy_hard_cap,13,60,35.17787047811804,0.7333333333333333,18.0,0.0,0
201,high_tight,greedy_hard_cap,14,60,36.65775608786125,0.8,17.5,0.0,0
201,high_tight,greedy_hard_cap,15,60,36.65883873787633,0.8,16.0,0.0,0
201,high_tight,greedy_hard_cap,16,60,35.17882610150227,0.7333333333333333,16.5,0.0,0
201,high_tight,greedy_hard_cap,17,60,38.138428482360744,0.8666666666666667,15.0,0.0,0
201,high_tight,greedy_hard_cap,18,60,37.76720129819794,0.85,14.5,0.0,0
201,high_tight,greedy_hard_cap,19,60,35.918266723398396,0.7666666666666667,16.5,0.0,0
201,high_tight,greedy_hard_cap,20,60,36.658156443046366,0.8,17.0,0.0,0
201,high_tight,greedy_hard_cap,21,60,37.02920294706271,0.8166666666666667,17.0,0.0,0
201,high_tight,greedy_hard_cap,22,60,36.65827454249336,0.8,17.0,0.0,0
201,high_tight,greedy_hard_cap,23,60,37.02880125656023,0.8166666666666667,16.5,0.0,0
201,high_loose,pd_theta_2,0,60,34.023106267786765,0.9833333333333333,1.0,0.0,1
201,high_loose,pd_theta_2,1,60,33.99305203191763,1.0,5.0,0.0,0
201,high_loose,pd_theta_2,2,60,34.99428630718898,1.0,8.0,0.0,0
201,high_loose,pd_theta_2,3,60,33.341489683484305,1.0,11.0,0.0,0
201,high_loose,pd_theta_2,4,60,33.63924824207075,1.0,11.0,0.0,0
201,high_loose,pd_theta_2,5,60,34.19401395417302,1.0,14.0,0.0,0
201,high_loose,pd_theta_2,6,60,34.691663215663766,1.0,15.5,0.0,0
201,high_loose,pd_theta_2,7,60,33.39079021703507,1.0,11.5,0.0,0
201,high_loose,pd_theta_2,8,60,34.44003219965119,1.0,12.0,0.0,0
201,high_loose,pd_theta_2,9,60,33.8921584788046,1.0,12.5,0.0,0
201,high_loose,pd_theta_2,10,60,34.99115843683465,1.0,11.5,0.0,0
201,high_loose,pd_theta_2,11,60,33.791514641727225,1.0,7.5,0.0,0
201,high_loose,pd_theta_2,12,60,34.694076686021944,1.0,13.0,0.0,0
201,high_loose,pd_theta_2,13,60,34.14348471007603,1.0,14.0,0.0,0
201,high_loose,pd_theta_2,14,60,34.34379345371465,1.0,10.0,0.0,0
201,high_loose,pd_theta_2,15,60,34.34327624401078,1.0,11.0,0.0,0
201,high_loose,pd_theta_2,16,60,33.94280902879348,1.0,8.0,0.0,0
201,high_loose,pd_theta_2,17,60,34.59216675105002,1.0,10.0,0.0,0
201,high_loose,pd_theta_2,18,60,34.64188951379357,1.0,14.0,0.0,0
201,high_loose,pd_theta_2,19,60,33.739696002828296,1.0,11.0,0.0,0
201,high_loose,pd_theta_2,20,60,34.33952057597253,1.0,10.0,0.0,0
201,high_loose,pd_theta_2,21,60,34.19113271290102,1.0,14.0,0.0,0
201,high_loose,pd_theta_2,22,60,34.44266063471182,1.0,11.0,0.0,0
201,high_loose,pd_theta_2,23,60,34.04268985917841,1.0,11.0,0.0,0
201,high_loose,pd_theta_4,0,60,34.023106267786765,0.9833333333333333,1.0,0.0,1
201,high_loose,pd_theta_4,1,60,33.99305203191763,1.0,5.0,0.0,0
201,high_loose,pd_theta_4,2,60,34.99428630718898,1.0,8.0,0.0,0
201,high_loose,pd_theta_4,3,60,33.341489683484305,1.0,11.0,0.0,0
201,high_loose,pd_theta_4,4,60,33.639027467945105,1.0,17.0,0.0,0
201,high_loose,pd_theta_4,5,60,34.19363443312023,1.0,22.0,0.0,0
201,high_loose,pd_theta_4,6,60,34.69112773846949,1.0,22.5,0.0,0
201,high_loose,pd_theta_4,7,60,33.24236936812107,1.0,20.5,0.0,0
201,high_loose,pd_theta_4,8,60,34.44310592582015,1.0,22.5,0.0,0
201,high_loose,pd_theta_4,9,60,33.89228126726258,1.0,20.5,0.0,0
201,high_loose,pd_theta_4,10,60,34.88950776187381,1.0,21.5,0.0,0
201,high_loose,pd_theta_4,11,60,33.89009409186595,1.0,19.0,0.0,0
201,high_loose,pd_theta_4,12,60,34.592111058714174,1.0,19.5,0.0,0
201,high_loose,pd_theta_4,13,60,34.04396544438767,1.0,18.5,0.0,0
201,high_loose,pd_theta_4,14,60,34.34510749325076,1.0,17.0,0.0,0
201,high_loose,pd_theta_4,15,60,34.24136499420067,1.0,17.0,0.0,0
201,high_loose,pd_theta_4,16,60,33.94140532748529,1.0,18.0,0.0,0
201,high_loose,pd_theta_4,17,60,34.441855501547565,1.0,17.0,0.0,0
201,high_loose,pd_theta_4,18,60,34.49208622387772,1.0,17.0,0.0,0
201,high_loose,pd_theta_4,19,60,33.591805117073626,1.0,18.0,0.0,0
201,high_loose,pd_theta_4,20,60,34.34028437014277,1.0,17.0,0.0,0
201,high_loose,pd_theta_4,21,60,34.041658691243406,1.0,22.0,0.0,0
201,high_loose,pd_theta_4,22,60,34.44216811384745,1.0,24.0,0.0,0
201,high_loose,pd_theta_4,23,60,33.79129789916485,1.0,20.0,0.0,0
201,high_loose,pd_theta_8,0,60,34.023106267786765,0.9833333333333333,1.0,0.0,1
201,high_loose,pd_theta_8,1,60,33.99305203191763,1.0,5.0,0.0,0
201,high_loose,pd_theta_8,2,60,34.99428630718898,1.0,8.0,0.0,0
201,high_loose,pd_theta_8,3,60,33.341489683484305,1.0,11.0,0.0,0
201,high_loose,pd_theta_8,4,60,33.639027467945105,1.0,17.0,0.0,0
201,high_loose,pd_theta_8,5,60,34.19363443312023,1.0,22.0,0.0,0
201,high_loose,pd_theta_8,6,60,34.839974663937774,1.0,27.5,0.0,0
201,high_loose,pd_theta_8,7,60,33.239612421820084,1.0,27.5,0.0,0
201,high_loose,pd_theta_8,8,60,34.44099973011691,1.0,31.5,0.0,0
201,high_loose,pd_theta_8,9,60,33.79154082818839,1.0,35.5,0.0,0
201,high_loose,pd_theta_8,10,60,34.4915131807057,1.0,36.5,0.0,0
201,high_loose,pd_theta_8,11,60,33.89008520309545,1.0,36.5,0.0,0
201,high_loose,pd_theta_8,12,60,34.29346243661606,1.0,37.0,0.0,0
201,high_loose,pd_theta_8,13,60,34.0407137998909,1.0,35.5,0.0,0
201,high_loose,pd_theta_8,14,60,34.3434250758333,1.0,32.0,0.0,0
201,high_loose,pd_theta_8,15,60,34.34177657428674,1.0,34.0,0.0,0
201,high_loose,pd_theta_8,16,60,33.9409632087203,1.0,28.0,0.0,0
201,high_loose,pd_theta_8,17,60,34.3407723437566,1.0,29.0,0.0,0
201,high_loose,pd_theta_8,18,60,34.340535721156755,1.0,29.5,0.0,0
201,high_loose,pd_theta_8,19,60,33.440590358388164,1.0,29.5,0.0,0
201,high_loose,pd_theta_8,20,60,34.04069730192902,1.0,29.0,0.0,0
201,high_loose,pd_theta_8,21,60,33.89267031842333,1.0,34.0,0.0,0
201,high_loose,pd_theta_8,22,60,34.39082295585523,1.0,34.5,0.0,0
201,high_loose,pd_theta_8,23,60,33.59228148711618,1.0,35.0,0.0,0
201,high_loose,pd_theta_16,0,60,34.023106267786765,0.9833333333333333,1.0,0.0,1
201,high_loose,pd_theta_16,1,60,33.99305203191763,1.0,5.0,0.0,0
201,high_loose,pd_theta_16,2,60,34.99428630718898,1.0,8.0,0.0,0
201,high_loose,pd_theta_16,3,60,33.341489683484305,1.0,11.0,0.0,0
201,high_loose,pd_theta_16,4,60,33.639027467945105,1.0,17.0,0.0,0
201,high_loose,pd_theta_16,5,60,34.19363443312023,1.0,22.0,0.0,0
201,high_loose,pd_theta_16,6,60,34.839974663937774,1.0,27.5,0.0,0
201,high_loose,pd_theta_16,7,60,33.239612421820084,1.0,27.5,0.0,0
201,high_loose,pd_theta_16,8,60,34.44099973011691,1.0,31.5,0.0,0
201,high_loose,pd_theta_16,9,60,33.79154082818839,1.0,35.5,0.0,0
201,high_loose,pd_theta_16,10,60,34.640133081665375,1.0,39.0,0.0,0
201,high_loose,pd_theta_16,11,60,33.89034343773486,1.0,40.0,0.0,0
201,high_loose,pd_theta_16,12,60,34.4428721595552,1.0,43.5,0.0,0
201,high_loose,pd_theta_16,13,60,33.89101590076829,1.0,50.0,0.0,0
201,high_loose,pd_theta_16,14,60,34.341973424862914,1.0,50.0,0.0,0
201,high_loose,pd_theta_16,15,60,34.34072597644806,1.0,55.0,0.0,0
201,high_loose,pd_theta_16,16,60,33.941464340045805,1.0,54.0,0.0,0
201,high_loose,pd_theta_16,17,60,34.49003683723791,1.0,59.0,0.0,0
201,high_loose,pd_theta_16,18,60,34.49037079010995,1.0,60.0,1.0,0
201,high_loose,pd_theta_16,19,60,33.290585303137426,1.0,60.5,1.5,0
201,high_loose,pd_theta_16,20,60,33.98817996117271,1.0,60.5,1.5,0
201,high_loose,pd_theta_16,21,60,33.89229922665051,1.0,61.0,0.5,0
201,high_loose,pd_theta_16,22,60,34.140354775742246,1.0,59.0,0.0,0
201,high_loose,pd_theta_16,23,60,33.29037288257878,1.0,59.0,0.0,0
201,high_loose,pd_history,0,60,34.023106267786765,0.9833333333333333,1.0,0.0,1
201,high_loose,pd_history,1,60,33.99305203191763,1.0,5.0,0.0,0
201,high_loose,pd_history,2,60,34.99428630718898,1.0,8.0,0.0,0
201,high_loose,pd_history,3,60,33.341489683484305,1.0,11.0,0.0,0
201,high_loose,pd_history,4,60,33.63924824207075,1.0,11.0,0.0,0
201,high_loose,pd_history,5,60,34.19401395417302,1.0,14.0,0.0,0
201,high_loose,pd_history,6,60,34.691663215663766,1.0,15.5,0.0,0
201,high_loose,pd_history,7,60,33.39079021703507,1.0,11.5,0.0,0
201,high_loose,pd_history,8,60,34.44003219965119,1.0,12.0,0.0,0
201,high_loose,pd_history,9,60,33.8921584788046,1.0,12.5,0.0,0
201,high_loose,pd_history,10,60,34.99115843683465,1.0,11.5,0.0,0
201,high_loose,pd_history,11,60,33.791514641727225,1.0,7.5,0.0,0
201,high_loose,pd_history,12,60,34.694076686021944,1.0,13.0,0.0,0
201,high_loose,pd_history,13,60,34.14348471007603,1.0,14.0,0.0,0
201,high_loose,pd_history,14,60,34.34379345371465,1.0,10.0,0.0,0
201,high_loose,pd_history,15,60,34.34327624401078,1.0,11.0,0.0,0
201,high_loose,pd_history,16,60,33.94280902879348,1.0,8.0,0.0,0
201,high_loose,pd_history,17,60,34.59216675105002,1.0,10.0,0.0,0
201,high_loose,pd_history,18,60,34.64188951379357,1.0,14.0,0.0,0
201,high_loose,pd_history,19,60,33.739696002828296,1.0,11.0,0.0,0
201,high_loose,pd_history,20,60,34.33952057597253,1.0,10.0,0.0,0
201,high_loose,pd_history,21,60,34.19113271290102,1.0,14.0,0.0,0
201,high_loose,pd_history,22,60,34.44266063471182,1.0,11.0,0.0,0
201,high_loose,pd_history,23,60,34.04268985917841,1.0,11.0,0.0,0
201,high_loose,no_control_interpretation,0,60,34.542889282425776,1.0,1.0,0.0,2
201,high_loose,no_control_interpretation,1,60,33.99305203191763,1.0,5.0,0.0,0
201,high_loose,no_control_interpretation,2,60,34.99428630718898,1.0,8.0,0.0,0
201,high_loose,no_control_interpretation,3,60,33.341489683484305,1.0,11.0,0.0,0
201,high_loose,no_control_interpretation,4,60,33.63924824207075,1.0,11.0,0.0,0
201,high_loose,no_control_interpretation,5,60,34.19401395417302,1.0,14.0,0.0,0
201,high_loose,no_control_interpretation,6,60,34.691663215663766,1.0,15.5,0.0,0
201,high_loose,no_control_interpretation,7,60,33.39079021703507,1.0,11.5,0.0,0
201,high_loose,no_control_interpretation,8,60,34.44003219965119,1.0,12.0,0.0,0
201,high_loose,no_control_interpretation,9,60,33.8921584788046,1.0,12.5,0.0,0
201,high_loose,no_control_interpretation,10,60,34.99115843683465,1.0,11.5,0.0,0
201,high_loose,no_control_interpretation,11,60,33.791514641727225,1.0,7.5,0.0,0
201,high_loose,no_control_interpretation,12,60,34.694076686021944,1.0,13.0,0.0,0
201,high_loose,no_control_interpretation,13,60,34.14348471007603,1.0,14.0,0.0,0
201,high_loose,no_control_interpretation,14,60,34.34379345371465,1.0,10.0,0.0,0
201,high_loose,no_control_interpretation,15,60,34.34327624401078,1.0,11.0,0.0,0
201,high_loose,no_control_interpretation,16,60,33.94280902879348,1.0,8.0,0.0,0
201,high_loose,no_control_interpretation,17,60,34.59216675105002,1.0,10.0,0.0,0
201,high_loose,no_control_interpretation,18,60,34.64188951379357,1.0,14.0,0.0,0
201,high_loose,no_control_interpretation,19,60,33.739696002828296,1.0,11.0,0.0,0
201,high_loose,no_control_interpretation,20,60,34.33952057597253,1.0,10.0,0.0,0
201,high_loose,no_control_interpretation,21,60,34.19113271290102,1.0,14.0,0.0,0
201,high_loose,no_control_interpretation,22,60,34.44266063471182,1.0,11.0,0.0,0
201,high_loose,no_control_interpretation,23,60,34.04268985917841,1.0,11.0,0.0,0
201,high_loose,no_pre_new_only,0,60,6.236471009683587,0.2,0,0.0,0
201,high_loose,no_pre_new_only,1,60,6.977373528252613,0.23333333333333334,0,0.0,0
201,high_loose,no_pre_new_only,2,60,6.2357196753374575,0.2,0,0.0,0
201,high_loose,no_pre_new_only,3,60,6.976699485160673,0.23333333333333334,0,0.0,0
201,high_loose,no_pre_new_only,4,60,6.238008919260665,0.2,0,0.0,0
201,high_loose,no_pre_new_only,5,60,6.975898876224338,0.23333333333333334,0,0.0,0
201,high_loose,no_pre_new_only,6,60,6.238424871524865,0.2,0,0.0,0
201,high_loose,no_pre_new_only,7,60,6.977266718514405,0.23333333333333334,0,0.0,0
201,high_loose,no_pre_new_only,8,60,6.237652490202917,0.2,0,0.0,0
201,high_loose,no_pre_new_only,9,60,6.975714455830036,0.23333333333333334,0,0.0,0
201,high_loose,no_pre_new_only,10,60,6.236440384648127,0.2,0,0.0,0
201,high_loose,no_pre_new_only,11,60,6.238484406359749,0.2,0,0.0,0
201,high_loose,no_pre_new_only,12,60,6.237814411847837,0.2,0,0.0,0
201,high_loose,no_pre_new_only,13,60,6.238397169551172,0.2,0,0.0,0
201,high_loose,no_pre_new_only,14,60,6.236661025288374,0.2,0,0.0,0
201,high_loose,no_pre_new_only,15,60,6.236226212253835,0.2,0,0.0,0
201,high_loose,no_pre_new_only,16,60,6.23634304813102,0.2,0,0.0,0
201,high_loose,no_pre_new_only,17,60,6.23691760711405,0.2,0,0.0,0
201,high_loose,no_pre_new_only,18,60,6.237268918580842,0.2,0,0.0,0
201,high_loose,no_pre_new_only,19,60,6.975697039457469,0.23333333333333334,0,0.0,0
201,high_loose,no_pre_new_only,20,60,6.237470956692661,0.2,0,0.0,0
201,high_loose,no_pre_new_only,21,60,6.976725831193458,0.23333333333333334,0,0.0,0
201,high_loose,no_pre_new_only,22,60,6.237569688124172,0.2,0,0.0,0
201,high_loose,no_pre_new_only,23,60,6.976812414626598,0.23333333333333334,0,0.0,0
201,high_loose,greedy_hard_cap,0,60,35.14844810537795,1.0,9.5,0.0,0
201,high_loose,greedy_hard_cap,1,60,34.54768938426948,1.0,14.0,0.0,0
201,high_loose,greedy_hard_cap,2,60,35.74776280763248,1.0,16.0,0.0,0
201,high_loose,greedy_hard_cap,3,60,34.34845677384512,1.0,14.0,0.0,0
201,high_loose,greedy_hard_cap,4,60,34.49804363993172,1.0,15.0,0.0,0
201,high_loose,greedy_hard_cap,5,60,35.897046509943436,1.0,20.0,0.0,0
201,high_loose,greedy_hard_cap,6,60,35.89863080691585,1.0,20.5,0.0,0
201,high_loose,greedy_hard_cap,7,60,34.44778856476686,1.0,16.5,0.0,0
201,high_loose,greedy_hard_cap,8,60,35.79658848531872,1.0,19.0,0.0,0
201,high_loose,greedy_hard_cap,9,60,35.04705220512897,1.0,18.5,0.0,0
201,high_loose,greedy_hard_cap,10,60,36.29749578528167,1.0,19.5,0.0,0
201,high_loose,greedy_hard_cap,11,60,34.948218901166335,1.0,19.5,0.0,0
201,high_loose,greedy_hard_cap,12,60,36.098644418454256,1.0,19.5,0.0,0
201,high_loose,greedy_hard_cap,13,60,34.89862292845923,1.0,18.0,0.0,0
201,high_loose,greedy_hard_cap,14,60,35.69600530611445,1.0,19.5,0.0,0
201,high_loose,greedy_hard_cap,15,60,35.49679093116042,1.0,20.0,0.0,0
201,high_loose,greedy_hard_cap,16,60,35.09789616127959,1.0,21.5,0.0,0
201,high_loose,greedy_hard_cap,17,60,36.09699867456014,1.0,21.5,0.0,0
201,high_loose,greedy_hard_cap,18,60,36.097053179951544,1.0,21.0,0.0,0
201,high_loose,greedy_hard_cap,19,60,34.74845075457136,1.0,22.5,0.0,0
201,high_loose,greedy_hard_cap,20,60,35.698269297921755,1.0,21.5,0.0,0
201,high_loose,greedy_hard_cap,21,60,35.14611278531183,1.0,20.5,0.0,0
201,high_loose,greedy_hard_cap,22,60,35.59879676373755,1.0,20.5,0.0,0
201,high_loose,greedy_hard_cap,23,60,34.99841849450215,1.0,17.5,0.0,0
201,random,pd_theta_2,0,60,40.0821280609595,0.95,1.0,0.0,1
201,random,pd_theta_2,1,60,41.59478307297955,1.0,6.5,0.0,1
201,random,pd_theta_2,2,60,39.58999377610304,1.0,13.0,0.0,0
201,random,pd_theta_2,3,60,45.94184193884263,1.0,15.5,0.0,0
201,random,pd_theta_2,4,60,48.5984705766879,0.9666666666666667,16.0,0.0,0
201,random,pd_theta_2,5,60,36.494463947559,1.0,15.0,0.0,0
201,random,pd_theta_2,6,60,40.939724306308065,1.0,17.5,0.0,0
201,random,pd_theta_2,7,60,42.452110483293126,0.9666666666666667,12.5,0.0,0
201,random,pd_theta_2,8,60,44.86833356911942,0.9833333333333333,11.5,0.0,0
201,random,pd_theta_2,9,60,41.13962937426568,1.0,13.0,0.0,0
201,random,pd_theta_2,10,60,38.1421455582409,1.0,16.5,0.0,0
201,random,pd_theta_2,11,60,50.38952086281107,1.0,15.0,0.0,0
201,random,pd_theta_2,12,60,41.39187816926576,1.0,18.0,0.0,0
201,random,pd_theta_2,13,60,47.719873868440835,0.9833333333333333,20.0,0.0,0
201,random,pd_theta_2,14,60,43.018737662712105,0.9833333333333333,15.0,0.0,0
201,random,pd_theta_2,15,60,45.98893828328021,1.0,11.5,0.0,0
201,random,pd_theta_2,16,60,47.74202288099734,1.0,12.5,0.0,0
201,random,pd_theta_2,17,60,41.54000878018647,1.0,12.0,0.0,0
201,random,pd_theta_2,18,60,42.34194376636025,1.0,13.0,0.0,0
201,random,pd_theta_2,19,60,44.33888355929521,1.0,13.5,0.0,0
201,random,pd_theta_2,20,60,43.088305948939016,1.0,11.0,0.0,0
201,random,pd_theta_2,21,60,43.39286866939001,1.0,12.5,0.0,0
201,random,pd_theta_2,22,60,48.14122017423286,1.0,16.5,0.0,0
201,random,pd_theta_2,23,60,39.938630331071835,1.0,17.0,0.0,0
201,random,pd_theta_4,0,60,40.0821280609595,0.95,1.0,0.0,1
201,random,pd_theta_4,1,60,41.59478307297955,1.0,6.5,0.0,1
201,random,pd_theta_4,2,60,39.58999377610304,1.0,13.0,0.0,0
201,random,pd_theta_4,3,60,45.942720727539324,1.0,18.0,0.0,0
201,random,pd_theta_4,4,60,49.168755757315374,0.9833333333333333,23.5,0.0,0
201,random,pd_theta_4,5,60,36.59221734803479,1.0,27.0,0.0,0
201,random,pd_theta_4,6,60,41.19152246954773,1.0,24.5,0.0,0
201,random,pd_theta_4,7,60,43.493735921106165,1.0,26.0,0.0,0
201,random,pd_theta_4,8,60,45.58926339882974,1.0,28.5,0.0,0
201,random,pd_theta_4,9,60,41.437653175482964,1.0,24.5,0.0,0
201,random,pd_theta_4,10,60,38.29069032562139,1.0,27.5,0.0,0
201,random,pd_theta_4,11,60,50.591810096527965,1.0,30.0,0.0,0
201,random,pd_theta_4,12,60,41.642989687114174,1.0,28.0,0.0,0
201,random,pd_theta_4,13,60,47.918531695416746,0.9833333333333333,26.5,0.0,0
201,random,pd_theta_4,14,60,43.73939301589237,1.0,28.0,0.0,0
201,random,pd_theta_4,15,60,46.33750823089173,1.0,30.0,0.0,0
201,random,pd_theta_4,16,60,48.1419316760747,1.0,27.0,0.0,0
201,random,pd_theta_4,17,60,41.54115479893638,1.0,23.0,0.0,0
201,random,pd_theta_4,18,60,42.490546418195635,1.0,24.5,0.0,0
201,random,pd_theta_4,19,60,44.23884812352749,1.0,22.5,0.0,0
201,random,pd_theta_4,20,60,43.23952612006859,1.0,21.5,0.0,0
201,random,pd_theta_4,21,60,43.343428934268374,1.0,22.5,0.0,0
201,random,pd_theta_4,22,60,48.4400051987321,1.0,25.5,0.0,0
201,random,pd_theta_4,23,60,39.98799584862993,1.0,26.0,0.0,0
201,random,pd_theta_8,0,60,40.0821280609595,0.95,1.0,0.0,1
201,random,pd_theta_8,1,60,41.59478307297955,1.0,6.5,0.0,1
201,random,pd_theta_8,2,60,39.58999377610304,1.0,13.0,0.0,0
201,random,pd_theta_8,3,60,45.942720727539324,1.0,18.0,0.0,0
201,random,pd_theta_8,4,60,49.168755757315374,0.9833333333333333,23.5,0.0,0
201,random,pd_theta_8,5,60,36.59159950687259,1.0,27.5,0.0,0
201,random,pd_theta_8,6,60,41.19168204832468,1.0,30.0,0.0,0
201,random,pd_theta_8,7,60,43.54026673663319,1.0,35.5,0.0,0
201,random,pd_theta_8,8,60,45.88700369041396,1.0,42.0,0.0,0
201,random,pd_theta_8,9,60,41.43634547599686,1.0,41.0,0.0,0
201,random,pd_theta_8,10,60,38.39146725219462,1.0,39.5,0.0,0
201,random,pd_theta_8,11,60,50.59113606181756,1.0,43.5,0.0,0
201,random,pd_theta_8,12,60,41.640718488077546,1.0,42.0,0.0,0
201,random,pd_theta_8,13,60,48.538251556088596,1.0,39.5,0.0,0
201,random,pd_theta_8,14,60,44.037752594272476,1.0,42.5,0.0,0
201,random,pd_theta_8,15,60,46.28790302969515,1.0,38.5,0.0,0
201,random,pd_theta_8,16,60,48.33971566324101,1.0,37.5,0.0,0
201,random,pd_theta_8,17,60,41.739669846061744,1.0,33.5,0.0,0
201,random,pd_theta_8,18,60,42.48944424754975,1.0,35.0,0.0,0
201,random,pd_theta_8,19,60,44.438515304322884,1.0,35.5,0.0,0
201,random,pd_theta_8,20,60,43.63888936436937,1.0,37.0,0.0,0
201,random,pd_theta_8,21,60,43.54236482210459,1.0,37.0,0.0,0
201,random,pd_theta_8,22,60,48.49005843151433,1.0,36.0,0.0,0
201,random,pd_theta_8,23,60,40.19126390902966,1.0,36.5,0.0,0
201,random,pd_theta_16,0,60,40.0821280609595,0.95,1.0,0.0,1
201,random,pd_theta_16,1,60,41.59478307297955,1.0,6.5,0.0,1
201,random,pd_theta_16,2,60,39.58999377610304,1.0,13.0,0.0,0
201,random,pd_theta_16,3,60,45.942720727539324,1.0,18.0,0.0,0
201,random,pd_theta_16,4,60,49.168755757315374,0.9833333333333333,23.5,0.0,0
201,random,pd_theta_16,5,60,36.59159950687259,1.0,27.5,0.0,0
201,random,pd_theta_16,6,60,41.19168204832468,1.0,30.0,0.0,0
201,random,pd_theta_16,7,60,43.54026673663319,1.0,35.5,0.0,0
201,random,pd_theta_16,8,60,45.88700369041396,1.0,42.0,0.0,0
201,random,pd_theta_16,9,60,41.43621013308782,1.0,41.5,0.0,0
201,random,pd_theta_16,10,60,38.29136154127802,1.0,44.5,0.0,0
201,random,pd_theta_16,11,60,50.641067761033476,1.0,49.5,0.0,0
201,random,pd_theta_16,12,60,41.74145884663868,1.0,51.5,0.0,0
201,random,pd_theta_16,13,60,48.588887153951056,1.0,53.5,0.0,0
201,random,pd_theta_16,14,60,44.13856105197303,1.0,58.0,0.5,0
201,random,pd_theta_16,15,60,46.58901833647454,1.0,60.5,0.5,0
201,random,pd_theta_16,16,60,48.440017967264936,1.0,60.5,0.5,0
201,random,pd_theta_16,17,60,42.23936029800303,1.0,63.5,0.5,0
201,random,pd_theta_16,18,60,42.98900567344396,1.0,61.5,0.5,0
201,random,pd_theta_16,19,60,44.58953932863047,1.0,61.0,0.5,0
201,random,pd_theta_16,20,60,43.63805917873596,1.0,60.5,0.0,0
201,random,pd_theta_16,21,60,43.791009388000525,1.0,56.5,0.0,0
201,random,pd_theta_16,22,60,48.58958420989737,1.0,56.5,0.0,0
201,random,pd_theta_16,23,60,40.23636557498716,1.0,54.5,0.0,0
201,random,pd_history,0,60,40.0821280609595,0.95,1.0,0.0,1
201,random,pd_history,1,60,41.59478307297955,1.0,6.5,0.0,1
201,random,pd_history,2,60,39.58999377610304,1.0,13.0,0.0,0
201,random,pd_history,3,60,45.94184193884263,1.0,15.5,0.0,0
201,random,pd_history,4,60,48.5984705766879,0.9666666666666667,16.0,0.0,0
201,random,pd_history,5,60,36.494463947559,1.0,15.0,0.0,0
201,random,pd_history,6,60,40.939724306308065,1.0,17.5,0.0,0
201,random,pd_history,7,60,42.452110483293126,0.9666666666666667,12.5,0.0,0
201,random,pd_history,8,60,44.86833356911942,0.9833333333333333,11.5,0.0,0
201,random,pd_history,9,60,41.13962937426568,1.0,13.0,0.0,0
201,random,pd_history,10,60,38.1421455582409,1.0,16.5,0.0,0
201,random,pd_history,11,60,50.38952086281107,1.0,15.0,0.0,0
201,random,pd_history,12,60,41.39187816926576,1.0,18.0,0.0,0
201,random,pd_history,13,60,47.719873868440835,0.9833333333333333,20.0,0.0,0
201,random,pd_history,14,60,43.018737662712105,0.9833333333333333,15.0,0.0,0
201,random,pd_history,15,60,45.98893828328021,1.0,11.5,0.0,0
201,random,pd_history,16,60,47.74202288099734,1.0,12.5,0.0,0
201,random,pd_history,17,60,41.54000878018647,1.0,12.0,0.0,0
201,random,pd_history,18,60,42.34194376636025,1.0,13.0,0.0,0
201,random,pd_history,19,60,44.33888355929521,1.0,13.5,0.0,0
201,random,pd_history,20,60,43.088305948939016,1.0,11.0,0.0,0
201,random,pd_history,21,60,43.39286866939001,1.0,12.5,0.0,0
201,random,pd_history,22,60,48.14122017423286,1.0,16.5,0.0,0
201,random,pd_history,23,60,39.938630331071835,1.0,17.0,0.0,0
201,random,no_control_interpretation,0,60,42.54122092961262,1.0,1.0,0.0,3
201,random,no_control_interpretation,1,60,41.59478307297955,1.0,6.5,0.0,1
201,random,no_control_interpretation,2,60,39.58999377610304,1.0,13.0,0.0,0
201,random,no_control_interpretation,3,60,45.94184193884263,1.0,15.5,0.0,0
201,random,no_control_interpretation,4,60,49.63775738634976,1.0,16.0,0.0,0
201,random,no_control_interpretation,5,60,36.494463947559,1.0,17.0,0.0,0
201,random,no_control_interpretation,6,60,40.94016433448701,1.0,19.5,0.0,0
201,random,no_control_interpretation,7,60,43.491770337019936,1.0,12.5,0.0,0
201,random,no_control_interpretation,8,60,45.387546301624575,1.0,13.5,0.0,0
201,random,no_control_interpretation,9,60,41.14003062327463,1.0,15.0,0.0,0
201,random,no_control_interpretation,10,60,38.14034600130195,1.0,16.5,0.0,0
201,random,no_control_interpretation,11,60,50.38934499255736,1.0,15.0,0.0,0
201,random,no_control_interpretation,12,60,41.39187816926576,1.0,18.0,0.0,0
201,random,no_control_interpretation,13,60,48.238973824878656,1.0,19.0,0.0,0
201,random,no_control_interpretation,14,60,43.537826630274026,1.0,16.0,0.0,0
201,random,no_control_interpretation,15,60,45.988851991695164,1.0,13.5,0.0,0
201,random,no_control_interpretation,16,60,47.74190655241868,1.0,12.5,0.0,0
201,random,no_control_interpretation,17,60,41.540345967924885,1.0,12.0,0.0,0
201,random,no_control_interpretation,18,60,42.34286905758396,1.0,15.0,0.0,0
201,random,no_control_interpretation,19,60,44.338728736745786,1.0,14.5,0.0,0
201,random,no_control_interpretation,20,60,43.08811886623539,1.0,13.0,0.0,0
201,random,no_control_interpretation,21,60,43.44248066379864,1.0,13.5,0.0,0
201,random,no_control_interpretation,22,60,48.34144223956257,1.0,16.0,0.0,0
201,random,no_control_interpretation,23,60,40.139283088630975,1.0,17.5,0.0,0
201,random,no_pre_new_only,0,60,9.703335497855221,0.38333333333333336,0,0.0,0
201,random,no_pre_new_only,1,60,9.485974778642397,0.36666666666666664,0,0.0,0
201,random,no_pre_new_only,2,60,10.07295672361031,0.4,0,0.0,0
201,random,no_pre_new_only,3,60,9.635568250879958,0.36666666666666664,0,0.0,0
201,random,no_pre_new_only,4,60,8.895048753921548,0.3333333333333333,0,0.0,0
201,random,no_pre_new_only,5,60,10.51483269736131,0.43333333333333335,0,0.0,0
201,random,no_pre_new_only,6,60,9.553583723429764,0.38333333333333336,0,0.0,0
201,random,no_pre_new_only,7,60,8.07473552774098,0.31666666666666665,0,0.0,0
201,random,no_pre_new_only,8,60,10.296190909167214,0.4166666666666667,0,0.0,0
201,random,no_pre_new_only,9,60,9.63438089631167,0.36666666666666664,0,0.0,0
201,random,no_pre_new_only,10,60,10.073834760247763,0.4,0,0.0,0
201,random,no_pre_new_only,11,60,8.59619050211504,0.3333333333333333,0,0.0,0
201,random,no_pre_new_only,12,60,10.512178857683972,0.43333333333333335,0,0.0,0
201,random,no_pre_new_only,13,60,9.485681030589632,0.36666666666666664,0,0.0,0
201,random,no_pre_new_only,14,60,8.595892251910135,0.3333333333333333,0,0.0,0
201,random,no_pre_new_only,15,60,10.513422875343357,0.43333333333333335,0,0.0,0
201,random,no_pre_new_only,16,60,8.746255403882351,0.3333333333333333,0,0.0,0
201,random,no_pre_new_only,17,60,10.291596252691187,0.4166666666666667,0,0.0,0
201,random,no_pre_new_only,18,60,10.075350695222845,0.4,0,0.0,0
201,random,no_pre_new_only,19,60,9.11517179481909,0.35,0,0.0,0
201,random,no_pre_new_only,20,60,10.073894465201754,0.4,0,0.0,0
201,random,no_pre_new_only,21,60,9.855470162702517,0.38333333333333336,0,0.0,0
201,random,no_pre_new_only,22,60,9.185125282053608,0.36666666666666664,0,0.0,0
201,random,no_pre_new_only,23,60,10.074501423900825,0.4,0,0.0,0
201,random,greedy_hard_cap,0,60,36.49853175289319,0.9166666666666666,11.0,0.0,0
201,random,greedy_hard_cap,1,60,38.18847923488084,0.95,14.0,0.0,0
201,random,greedy_hard_cap,2,60,40.94912010654359,1.0,18.0,0.0,0
201,random,greedy_hard_cap,3,60,46.79826586921202,1.0,18.0,0.0,0
201,random,greedy_hard_cap,4,60,48.97952562816149,0.9833333333333333,17.5,0.0,0
201,random,greedy_hard_cap,5,60,37.94838688488888,1.0,23.5,0.0,0
201,random,greedy_hard_cap,6,60,42.24822085651436,1.0,23.0,0.0,0
201,random,greedy_hard_cap,7,60,44.2469152047879,1.0,19.5,0.0,0
201,random,greedy_hard_cap,8,60,46.648065557597974,1.0,19.0,0.0,0
201,random,greedy_hard_cap,9,60,42.29820902876148,1.0,17.0,0.0,0
201,random,greedy_hard_cap,10,60,39.39844336142134,1.0,20.0,0.0,0
201,random,greedy_hard_cap,11,60,51.14930510257728,1.0,20.5,0.0,0
201,random,greedy_hard_cap,12,60,42.598988224394944,1.0,21.5,0.0,0
201,random,greedy_hard_cap,13,60,49.19857927276187,1.0,21.5,0.0,0
201,random,greedy_hard_cap,14,60,44.69765783763036,1.0,21.0,0.0,0
201,random,greedy_hard_cap,15,60,47.099060554410784,1.0,21.0,0.0,0
201,random,greedy_hard_cap,16,60,48.89801241731107,1.0,20.5,0.0,0
201,random,greedy_hard_cap,17,60,42.89902724534461,1.0,21.5,0.0,0
201,random,greedy_hard_cap,18,60,43.64920294677519,1.0,21.0,0.0,0
201,random,greedy_hard_cap,19,60,45.29719289006809,1.0,20.5,0.0,0
201,random,greedy_hard_cap,20,60,44.398878300428834,1.0,22.0,0.0,0
201,random,greedy_hard_cap,21,60,44.448467672623444,1.0,21.5,0.0,0
201,random,greedy_hard_cap,22,60,49.199755951313435,1.0,21.5,0.0,0
201,random,greedy_hard_cap,23,60,40.948309309221244,1.0,20.0,0.0,0
201,switch,pd_theta_2,0,60,43.17569456028058,0.9,4.0,0.0,5
201,switch,pd_theta_2,1,60,43.00543108708194,0.8833333333333333,9.0,0.0,5
201,switch,pd_theta_2,2,60,44.80365703441763,0.9666666666666667,11.5,0.0,5
201,switch,pd_theta_2,3,60,46.183513349417005,0.8666666666666667,16.5,0.0,8
201,switch,pd_theta_2,4,60,46.22327454742291,0.8166666666666667,17.0,0.0,9
201,switch,pd_theta_2,5,60,41.671893937133255,0.9833333333333333,6.0,0.0,4
201,switch,pd_theta_2,6,60,41.64375918728983,0.9166666666666666,9.5,0.0,3
201,switch,pd_theta_2,7,60,47.87233035420999,0.9,13.0,0.0,9
201,switch,pd_theta_2,8,60,40.83225473677238,0.8666666666666667,13.0,0.0,3
201,switch,pd_theta_2,9,60,44.62059015546729,0.9,12.5,0.0,6
201,switch,pd_theta_2,10,60,42.01138331312849,0.9333333333333333,11.5,0.0,3
201,switch,pd_theta_2,11,60,47.2340609724275,0.8666666666666667,15.0,0.0,9
201,switch,pd_theta_2,12,60,35.192156003837646,1.0,7.5,0.0,0
201,switch,pd_theta_2,13,60,34.14233364619022,1.0,10.0,0.0,2
201,switch,pd_theta_2,14,60,34.341388847545886,1.0,5.5,0.0,0
201,switch,pd_theta_2,15,60,34.34217804325563,1.0,8.0,0.0,0
201,switch,pd_theta_2,16,60,33.94188952373295,1.0,9.0,0.0,0
201,switch,pd_theta_2,17,60,34.74246519403788,1.0,12.0,0.0,0
201,switch,pd_theta_2,18,60,34.641153630479124,1.0,13.0,0.0,0
201,switch,pd_theta_2,19,60,33.739706970488704,1.0,12.0,0.0,0
201,switch,pd_theta_2,20,60,34.340285947589436,1.0,11.0,0.0,0
201,switch,pd_theta_2,21,60,34.19266851078137,1.0,13.0,0.0,0
201,switch,pd_theta_2,22,60,34.44200587205622,1.0,12.0,0.0,0
201,switch,pd_theta_2,23,60,34.04291560557356,1.0,13.0,0.0,0
201,switch,pd_theta_4,0,60,43.17569456028058,0.9,4.0,0.0,5
201,switch,pd_theta_4,1,60,43.00543108708194,0.8833333333333333,9.0,0.0,5
201,switch,pd_theta_4,2,60,44.80365703441763,0.9666666666666667,11.5,0.0,5
201,switch,pd_theta_4,3,60,46.233898059121714,0.8666666666666667,20.0,0.0,8
201,switch,pd_theta_4,4,60,46.37368890094676,0.8166666666666667,23.5,0.0,9
201,switch,pd_theta_4,5,60,42.171191625591185,0.9833333333333333,14.5,0.0,4
201,switch,pd_theta_4,6,60,42.04201285249318,0.9166666666666666,20.0,0.0,3
201,switch,pd_theta_4,7,60,48.072896165508176,0.9,20.5,0.0,9
201,switch,pd_theta_4,8,60,40.83350634998038,0.8666666666666667,18.5,0.0,3
201,switch,pd_theta_4,9,60,44.82059456226608,0.9,20.5,0.0,6
201,switch,pd_theta_4,10,60,42.110523144425336,0.9333333333333333,16.0,0.0,3
201,switch,pd_theta_4,11,60,47.234711408213855,0.8666666666666667,18.0,0.0,9
201,switch,pd_theta_4,12,60,35.24402197502984,1.0,10.5,0.0,0
201,switch,pd_theta_4,13,60,34.34175812308608,1.0,12.5,0.0,2
201,switch,pd_theta_4,14,60,34.541554769238545,1.0,10.5,0.0,0
201,switch,pd_theta_4,15,60,34.641068992268316,1.0,13.0,0.0,0
201,switch,pd_theta_4,16,60,33.94038935033478,1.0,13.0,0.0,0
201,switch,pd_theta_4,17,60,34.74233999780729,1.0,15.5,0.0,0
201,switch,pd_theta_4,18,60,34.79078010805854,1.0,18.5,0.0,0
201,switch,pd_theta_4,19,60,33.591658752620916,1.0,19.0,0.0,0
201,switch,pd_theta_4,20,60,34.34028437014277,1.0,17.0,0.0,0
201,switch,pd_theta_4,21,60,34.041658691243406,1.0,22.0,0.0,0
201,switch,pd_theta_4,22,60,34.44216811384745,1.0,24.0,0.0,0
201,switch,pd_theta_4,23,60,33.79129789916485,1.0,20.0,0.0,0
201,switch,pd_theta_8,0,60,43.17569456028058,0.9,4.0,0.0,5
201,switch,pd_theta_8,1,60,43.00543108708194,0.8833333333333333,9.0,0.0,5
201,switch,pd_theta_8,2,60,44.80365703441763,0.9666666666666667,11.5,0.0,5
201,switch,pd_theta_8,3,60,46.233898059121714,0.8666666666666667,20.0,0.0,8
201,switch,pd_theta_8,4,60,46.37368890094676,0.8166666666666667,23.5,0.0,9
201,switch,pd_theta_8,5,60,42.27084076263108,0.9833333333333333,18.0,0.0,4
201,switch,pd_theta_8,6,60,42.04370801034941,0.9166666666666666,23.0,0.0,3
201,switch,pd_theta_8,7,60,48.12328867765078,0.9,28.0,0.0,9
201,switch,pd_theta_8,8,60,40.83340951827566,0.8666666666666667,27.0,0.0,3
201,switch,pd_theta_8,9,60,44.871146318851174,0.9,27.5,0.0,6
201,switch,pd_theta_8,10,60,42.361023713202066,0.9333333333333333,25.0,0.0,3
201,switch,pd_theta_8,11,60,47.43446821376172,0.8666666666666667,29.0,0.0,9
201,switch,pd_theta_8,12,60,35.343984427544214,1.0,20.0,0.0,1
201,switch,pd_theta_8,13,60,32.883168650950864,0.95,23.0,0.0,2
201,switch,pd_theta_8,14,60,35.03911683635697,1.0,23.5,0.0,0
201,switch,pd_theta_8,15,60,34.842370913617664,1.0,22.0,0.0,0
201,switch,pd_theta_8,16,60,34.44081517679406,1.0,25.5,0.0,0
201,switch,pd_theta_8,17,60,35.04004302999699,1.0,26.5,0.0,0
201,switch,pd_theta_8,18,60,34.991121800616625,1.0,29.0,0.0,0
201,switch,pd_theta_8,19,60,33.74281621176434,1.0,27.5,0.0,0
201,switch,pd_theta_8,20,60,34.19099184415489,1.0,26.5,0.0,0
201,switch,pd_theta_8,21,60,34.1928587569089,1.0,30.5,0.0,0
201,switch,pd_theta_8,22,60,34.44068120196646,1.0,35.0,0.0,0
201,switch,pd_theta_8,23,60,33.64159384600143,1.0,32.0,0.0,0
201,switch,pd_theta_16,0,60,43.17569456028058,0.9,4.0,0.0,5
201,switch,pd_theta_16,1,60,43.00543108708194,0.8833333333333333,9.0,0.0,5
201,switch,pd_theta_16,2,60,44.80365703441763,0.9666666666666667,11.5,0.0,5
201,switch,pd_theta_16,3,60,46.233898059121714,0.8666666666666667,20.0,0.0,8
201,switch,pd_theta_16,4,60,46.37368890094676,0.8166666666666667,23.5,0.0,9
201,switch,pd_theta_16,5,60,42.27084076263108,0.9833333333333333,18.0,0.0,4
201,switch,pd_theta_16,6,60,42.04370801034941,0.9166666666666666,23.0,0.0,3
201,switch,pd_theta_16,7,60,48.12328867765078,0.9,28.0,0.0,9
201,switch,pd_theta_16,8,60,40.83340951827566,0.8666666666666667,27.0,0.0,3
201,switch,pd_theta_16,9,60,44.87157153318991,0.9,29.0,0.0,6
201,switch,pd_theta_16,10,60,42.412212269832956,0.9333333333333333,27.5,0.0,3
201,switch,pd_theta_16,11,60,47.48428666344744,0.8666666666666667,34.0,0.0,9
201,switch,pd_theta_16,12,60,35.39491844461102,1.0,27.0,0.0,2
201,switch,pd_theta_16,13,60,32.981628653541726,0.95,30.5,0.0,2
201,switch,pd_theta_16,14,60,35.24154113937943,1.0,33.5,0.0,0
201,switch,pd_theta_16,15,60,35.09302293344247,1.0,35.0,0.0,0
201,switch,pd_theta_16,16,60,34.69253678280779,1.0,39.0,0.0,0
201,switch,pd_theta_16,17,60,35.5391046340271,1.0,41.0,0.0,0
201,switch,pd_theta_16,18,60,35.39065964868132,1.0,44.0,0.0,0
201,switch,pd_theta_16,19,60,34.19180940247763,1.0,43.0,0.0,0
201,switch,pd_theta_16,20,60,34.93955459892007,1.0,44.0,0.0,0
201,switch,pd_theta_16,21,60,34.29425929184799,1.0,42.0,0.0,0
201,switch,pd_theta_16,22,60,34.94054202028469,1.0,44.5,0.0,0
201,switch,pd_theta_16,23,60,34.29053668642314,1.0,45.5,0.0,0
201,switch,pd_history,0,60,43.17569456028058,0.9,4.0,0.0,5
201,switch,pd_history,1,60,43.00543108708194,0.8833333333333333,9.0,0.0,5
201,switch,pd_history,2,60,44.80365703441763,0.9666666666666667,11.5,0.0,5
201,switch,pd_history,3,60,46.183513349417005,0.8666666666666667,16.5,0.0,8
201,switch,pd_history,4,60,46.22327454742291,0.8166666666666667,17.0,0.0,9
201,switch,pd_history,5,60,41.671893937133255,0.9833333333333333,6.0,0.0,4
201,switch,pd_history,6,60,41.64375918728983,0.9166666666666666,9.5,0.0,3
201,switch,pd_history,7,60,47.87233035420999,0.9,13.0,0.0,9
201,switch,pd_history,8,60,40.83225473677238,0.8666666666666667,13.0,0.0,3
201,switch,pd_history,9,60,44.62059015546729,0.9,12.5,0.0,6
201,switch,pd_history,10,60,42.01138331312849,0.9333333333333333,11.5,0.0,3
201,switch,pd_history,11,60,47.2340609724275,0.8666666666666667,15.0,0.0,9
201,switch,pd_history,12,60,35.192156003837646,1.0,7.5,0.0,0
201,switch,pd_history,13,60,34.14233364619022,1.0,10.0,0.0,2
201,switch,pd_history,14,60,34.341388847545886,1.0,5.5,0.0,0
201,switch,pd_history,15,60,34.34217804325563,1.0,8.0,0.0,0
201,switch,pd_history,16,60,33.94188952373295,1.0,9.0,0.0,0
201,switch,pd_history,17,60,34.74246519403788,1.0,12.0,0.0,0
201,switch,pd_history,18,60,34.641153630479124,1.0,13.0,0.0,0
201,switch,pd_history,19,60,33.739706970488704,1.0,12.0,0.0,0
201,switch,pd_history,20,60,34.340285947589436,1.0,11.0,0.0,0
201,switch,pd_history,21,60,34.19266851078137,1.0,13.0,0.0,0
201,switch,pd_history,22,60,34.44200587205622,1.0,12.0,0.0,0
201,switch,pd_history,23,60,34.04291560557356,1.0,13.0,0.0,0
201,switch,no_control_interpretation,0,60,51.69445289296294,1.0,4.0,0.0,11
201,switch,no_control_interpretation,1,60,52.943654043202834,1.0,9.0,0.0,12
201,switch,no_control_interpretation,2,60,47.643330678674005,1.0,11.5,0.0,7
201,switch,no_control_interpretation,3,60,57.543087421276255,1.0,16.5,0.0,16
201,switch,no_control_interpretation,4,60,61.84250770652198,1.0,17.0,0.0,20
201,switch,no_control_interpretation,5,60,43.091450722667844,1.0,6.0,0.0,5
201,switch,no_control_interpretation,6,60,48.74217413256971,1.0,9.5,0.0,8
201,switch,no_control_interpretation,7,60,56.39091752472955,1.0,13.0,0.0,15
201,switch,no_control_interpretation,8,60,52.19015218881075,1.0,13.0,0.0,11
201,switch,no_control_interpretation,9,60,53.13894623616825,1.0,12.5,0.0,12
201,switch,no_control_interpretation,10,60,47.6908731799122,1.0,11.5,0.0,7
201,switch,no_control_interpretation,11,60,58.59218682828975,1.0,15.0,0.0,17
201,switch,no_control_interpretation,12,60,35.192156003837646,1.0,7.5,0.0,0
201,switch,no_control_interpretation,13,60,34.14233364619022,1.0,10.0,0.0,2
201,switch,no_control_interpretation,14,60,34.341388847545886,1.0,5.5,0.0,0
201,switch,no_control_interpretation,15,60,34.34217804325563,1.0,8.0,0.0,0
201,switch,no_control_interpretation,16,60,33.94188952373295,1.0,9.0,0.0,0
201,switch,no_control_interpretation,17,60,34.74246519403788,1.0,12.0,0.0,0
201,switch,no_control_interpretation,18,60,34.641153630479124,1.0,13.0,0.0,0
201,switch,no_control_interpretation,19,60,33.739706970488704,1.0,12.0,0.0,0
201,switch,no_control_interpretation,20,60,34.340285947589436,1.0,11.0,0.0,0
201,switch,no_control_interpretation,21,60,34.19266851078137,1.0,13.0,0.0,0
201,switch,no_control_interpretation,22,60,34.44200587205622,1.0,12.0,0.0,0
201,switch,no_control_interpretation,23,60,34.04291560557356,1.0,13.0,0.0,0
201,switch,no_pre_new_only,0,60,11.462158951470999,0.5166666666666667,0,0.0,0
201,switch,no_pre_new_only,1,60,11.091260871458122,0.5,0,0.0,0
201,switch,no_pre_new_only,2,60,11.83147632404315,0.5333333333333333,0,0.0,0
201,switch,no_pre_new_only,3,60,9.613612214703844,0.43333333333333335,0,0.0,0
201,switch,no_pre_new_only,4,60,8.134421077765666,0.36666666666666664,0,0.0,0
201,switch,no_pre_new_only,5,60,11.833108770728291,0.5333333333333333,0,0.0,0
201,switch,no_pre_new_only,6,60,11.831430911536428,0.5333333333333333,0,0.0,0
201,switch,no_pre_new_only,7,60,9.9830061021725,0.45,0,0.0,0
201,switch,no_pre_new_only,8,60,11.464315353882679,0.5166666666666667,0,0.0,0
201,switch,no_pre_new_only,9,60,11.090631263092702,0.5,0,0.0,0
201,switch,no_pre_new_only,10,60,11.83207308436258,0.5333333333333333,0,0.0,0
201,switch,no_pre_new_only,11,60,9.243493185760975,0.4166666666666667,0,0.0,0
201,switch,no_pre_new_only,12,60,6.237814411847837,0.2,0,0.0,0
201,switch,no_pre_new_only,13,60,6.238397169551172,0.2,0,0.0,0
201,switch,no_pre_new_only,14,60,6.236661025288374,0.2,0,0.0,0
201,switch,no_pre_new_only,15,60,6.236226212253835,0.2,0,0.0,0
201,switch,no_pre_new_only,16,60,6.23634304813102,0.2,0,0.0,0
201,switch,no_pre_new_only,17,60,6.23691760711405,0.2,0,0.0,0
201,switch,no_pre_new_only,18,60,6.237268918580842,0.2,0,0.0,0
201,switch,no_pre_new_only,19,60,6.975697039457469,0.23333333333333334,0,0.0,0
201,switch,no_pre_new_only,20,60,6.237470956692661,0.2,0,0.0,0
201,switch,no_pre_new_only,21,60,6.976725831193458,0.23333333333333334,0,0.0,0
201,switch,no_pre_new_only,22,60,6.237569688124172,0.2,0,0.0,0
201,switch,no_pre_new_only,23,60,6.976812414626598,0.23333333333333334,0,0.0,0
201,switch,greedy_hard_cap,0,60,37.028946881969425,0.8166666666666667,13.5,0.0,0
201,switch,greedy_hard_cap,1,60,36.65876026480365,0.8,15.0,0.0,0
201,switch,greedy_hard_cap,2,60,38.50862869953435,0.8833333333333333,15.0,0.0,0
201,switch,greedy_hard_cap,3,60,35.17794891395504,0.7333333333333333,17.0,0.0,0
201,switch,greedy_hard_cap,4,60,33.69846392156587,0.6666666666666666,17.5,0.0,0
201,switch,greedy_hard_cap,5,60,37.14875005731518,0.9166666666666666,14.0,0.0,0
201,switch,greedy_hard_cap,6,60,38.13795119440346,0.8666666666666667,16.0,0.0,0
201,switch,greedy_hard_cap,7,60,35.54710854704983,0.75,19.0,0.0,0
201,switch,greedy_hard_cap,8,60,37.02821281350289,0.8166666666666667,18.5,0.0,0
201,switch,greedy_hard_cap,9,60,36.65796108236181,0.8,17.0,0.0,0
201,switch,greedy_hard_cap,10,60,38.50713241011648,0.8833333333333333,17.0,0.0,0
201,switch,greedy_hard_cap,11,60,34.8092811251639,0.7166666666666667,17.5,0.0,0
201,switch,greedy_hard_cap,12,60,36.299059326062505,1.0,15.0,0.0,0
201,switch,greedy_hard_cap,13,60,34.99800687214109,1.0,20.0,0.0,0
201,switch,greedy_hard_cap,14,60,35.696464704273545,1.0,21.5,0.0,0
201,switch,greedy_hard_cap,15,60,35.59549006006434,1.0,20.5,0.0,0
201,switch,greedy_hard_cap,16,60,35.09842483981721,1.0,21.5,0.0,0
201,switch,greedy_hard_cap,17,60,36.19777971153046,1.0,22.0,0.0,0
201,switch,greedy_hard_cap,18,60,36.096189455265836,1.0,21.5,0.0,0
201,switch,greedy_hard_cap,19,60,34.74886229554652,1.0,23.0,0.0,0
201,switch,greedy_hard_cap,20,60,35.697807320810206,1.0,21.5,0.0,0
201,switch,greedy_hard_cap,21,60,35.146988266334596,1.0,20.0,0.0,0
201,switch,greedy_hard_cap,22,60,35.59905026763048,1.0,20.5,0.0,0
201,switch,greedy_hard_cap,23,60,35.09792083489003,1.0,17.5,0.0,0
202,high_tight,pd_theta_2,0,60,42.025578537083355,0.9,3.0,0.0,4
202,high_tight,pd_theta_2,1,60,42.832981113049364,0.8666666666666667,10.5,0.0,6
202,high_tight,pd_theta_2,2,60,45.18304968173331,0.8666666666666667,16.5,0.0,7
202,high_tight,pd_theta_2,3,60,44.682437701734514,0.95,14.5,0.0,5
202,high_tight,pd_theta_2,4,60,45.83262228235952,0.95,15.5,0.0,6
202,high_tight,pd_theta_2,5,60,43.61514514657662,0.85,15.5,0.0,6
202,high_tight,pd_theta_2,6,60,41.37474788408687,0.9,12.0,0.0,4
202,high_tight,pd_theta_2,7,60,43.71518453671594,0.85,15.0,0.0,6
202,high_tight,pd_theta_2,8,60,43.76261644971467,0.85,16.0,0.0,6
202,high_tight,pd_theta_2,9,60,42.912195241858186,0.9333333333333333,9.0,0.0,4
202,high_tight,pd_theta_2,10,60,42.253411232657434,0.8833333333333333,14.0,0.0,4
202,high_tight,pd_theta_2,11,60,44.35429018471096,0.8833333333333333,14.5,0.0,6
202,high_tight,pd_theta_2,12,60,42.25308875408652,0.8833333333333333,14.0,0.0,4
202,high_tight,pd_theta_2,13,60,43.30302770989042,0.8833333333333333,14.5,0.0,5
202,high_tight,pd_theta_2,14,60,45.775429244433404,0.9,14.0,0.0,7
202,high_tight,pd_theta_2,15,60,43.57309218245185,0.9,12.0,0.0,5
202,high_tight,pd_theta_2,16,60,45.262594243804244,0.9333333333333333,12.0,0.0,6
202,high_tight,pd_theta_2,17,60,44.35262424196374,0.8833333333333333,14.0,0.0,6
202,high_tight,pd_theta_2,18,60,43.472668317009365,0.9,11.5,0.0,5
202,high_tight,pd_theta_2,19,60,41.78343839813794,0.8666666666666667,13.5,0.0,4
202,high_tight,pd_theta_2,20,60,44.34569585465751,0.8333333333333334,15.0,0.0,7
202,high_tight,pd_theta_2,21,60,46.54187589422396,1.0,10.0,0.0,6
202,high_tight,pd_theta_2,22,60,45.834503123450865,0.95,15.0,0.0,6
202,high_tight,pd_theta_2,23,60,42.66325955912079,0.85,16.0,0.0,6
202,high_tight,pd_theta_4,0,60,42.025578537083355,0.9,3.0,0.0,4
202,high_tight,pd_theta_4,1,60,42.832981113049364,0.8666666666666667,10.5,0.0,6
202,high_tight,pd_theta_4,2,60,45.18304968173331,0.8666666666666667,16.5,0.0,7
202,high_tight,pd_theta_4,3,60,44.63179866323132,0.95,16.5,0.0,5
202,high_tight,pd_theta_4,4,60,45.832251550255556,0.95,20.5,0.0,6
202,high_tight,pd_theta_4,5,60,43.76560823987593,0.85,22.5,0.0,6
202,high_tight,pd_theta_4,6,60,41.62453316895806,0.9,19.0,0.0,4
202,high_tight,pd_theta_4,7,60,43.76450312067209,0.85,20.5,0.0,6
202,high_tight,pd_theta_4,8,60,43.763729199546454,0.85,20.0,0.0,6
202,high_tight,pd_theta_4,9,60,43.409838034399044,0.9333333333333333,18.0,0.0,4
202,high_tight,pd_theta_4,10,60,42.25252089065659,0.8833333333333333,20.5,0.0,4
202,high_tight,pd_theta_4,11,60,44.40484762740757,0.8833333333333333,19.5,0.0,6
202,high_tight,pd_theta_4,12,60,42.25494337377352,0.8833333333333333,19.0,0.0,4
202,high_tight,pd_theta_4,13,60,43.302349011177625,0.8833333333333333,17.5,0.0,5
202,high_tight,pd_theta_4,14,60,45.8260168707972,0.9,19.0,0.0,7
202,high_tight,pd_theta_4,15,60,43.82307792638374,0.9,20.0,0.0,5
202,high_tight,pd_theta_4,16,60,45.4622026556648,0.9333333333333333,19.5,0.0,6
202,high_tight,pd_theta_4,17,60,44.40448522635241,0.8833333333333333,20.5,0.0,6
202,high_tight,pd_theta_4,18,60,43.72306188872337,0.9,18.5,0.0,5
202,high_tight,pd_theta_4,19,60,42.03348920921014,0.8666666666666667,19.0,0.0,4
202,high_tight,pd_theta_4,20,60,44.49538196756833,0.8333333333333334,21.0,0.0,7
202,high_tight,pd_theta_4,21,60,46.69183919202978,1.0,17.0,0.0,6
202,high_tight,pd_theta_4,22,60,45.88401404371833,0.95,21.5,0.0,6
202,high_tight,pd_theta_4,23,60,42.71348650767199,0.85,22.5,0.0,6
202,high_tight,pd_theta_8,0,60,42.025578537083355,0.9,3.0,0.0,4
202,high_tight,pd_theta_8,1,60,42.832981113049364,0.8666666666666667,10.5,0.0,6
202,high_tight,pd_theta_8,2,60,45.18304968173331,0.8666666666666667,16.5,0.0,7
202,high_tight,pd_theta_8,3,60,44.63179866323132,0.95,16.5,0.0,5
202,high_tight,pd_theta_8,4,60,45.832251550255556,0.95,20.5,0.0,6
202,high_tight,pd_theta_8,5,60,43.76590791100699,0.85,24.5,0.0,6
202,high_tight,pd_theta_8,6,60,41.622974840545055,0.9,24.5,0.0,4
202,high_tight,pd_theta_8,7,60,43.764028979267266,0.85,28.5,0.0,6
202,high_tight,pd_theta_8,8,60,43.76337000142112,0.85,29.5,0.0,6
202,high_tight,pd_theta_8,9,60,43.51094115234004,0.9333333333333333,27.5,0.0,4
202,high_tight,pd_theta_8,10,60,42.352132653889875,0.8833333333333333,28.5,0.0,4
202,high_tight,pd_theta_8,11,60,44.502886881577645,0.8833333333333333,28.5,0.0,6
202,high_tight,pd_theta_8,12,60,42.353201794894936,0.8833333333333333,26.0,0.0,4
202,high_tight,pd_theta_8,13,60,43.401811051961694,0.8833333333333333,26.0,0.0,5
202,high_tight,pd_theta_8,14,60,45.924456780871,0.9,27.5,0.0,7
202,high_tight,pd_theta_8,15,60,43.871719163924496,0.9,26.5,0.0,5
202,high_tight,pd_theta_8,16,60,45.56130187341508,0.9333333333333333,26.0,0.0,6
202,high_tight,pd_theta_8,17,60,44.45315010866474,0.8833333333333333,27.0,0.0,6
202,high_tight,pd_theta_8,18,60,43.82313343155329,0.9,26.5,0.0,5
202,high_tight,pd_theta_8,19,60,42.03460497165774,0.8666666666666667,27.0,0.0,4
202,high_tight,pd_theta_8,20,60,44.54517205709043,0.8333333333333334,29.0,0.0,7
202,high_tight,pd_theta_8,21,60,47.08968381106597,1.0,25.0,0.0,6
202,high_tight,pd_theta_8,22,60,45.83359456488492,0.95,26.0,0.0,6
202,high_tight,pd_theta_8,23,60,42.71376900274047,0.85,29.0,0.0,6
202,high_tight,pd_theta_16,0,60,42.025578537083355,0.9,3.0,0.0,4
202,high_tight,pd_theta_16,1,60,42.832981113049364,0.8666666666666667,10.5,0.0,6
202,high_tight,pd_theta_16,2,60,45.18304968173331,0.8666666666666667,16.5,0.0,7
202,high_tight,pd_theta_16,3,60,44.63179866323132,0.95,16.5,0.0,5
202,high_tight,pd_theta_16,4,60,45.832251550255556,0.95,20.5,0.0,6
202,high_tight,pd_theta_16,5,60,43.76590791100699,0.85,24.5,0.0,6
202,high_tight,pd_theta_16,6,60,41.622974840545055,0.9,24.5,0.0,4
202,high_tight,pd_theta_16,7,60,43.764028979267266,0.85,28.5,0.0,6
202,high_tight,pd_theta_16,8,60,43.76337000142112,0.85,29.5,0.0,6
202,high_tight,pd_theta_16,9,60,43.509723909604794,0.9333333333333333,29.5,0.0,4
202,high_tight,pd_theta_16,10,60,42.451885400407775,0.8833333333333333,32.0,0.0,4
202,high_tight,pd_theta_16,11,60,44.6025943586146,0.8833333333333333,34.5,0.0,6
202,high_tight,pd_theta_16,12,60,42.45411655274582,0.8833333333333333,35.0,0.0,4
202,high_tight,pd_theta_16,13,60,43.60302450087885,0.8833333333333333,37.0,0.0,5
202,high_tight,pd_theta_16,14,60,46.07584731231653,0.9,39.0,0.0,7
202,high_tight,pd_theta_16,15,60,43.973606246786034,0.9,40.0,0.0,5
202,high_tight,pd_theta_16,16,60,45.71146588329342,0.9333333333333333,41.0,0.0,6
202,high_tight,pd_theta_16,17,60,44.703769690564116,0.8833333333333333,42.5,0.0,6
202,high_tight,pd_theta_16,18,60,43.82181372323366,0.9,41.0,0.0,5
202,high_tight,pd_theta_16,19,60,42.13160349488639,0.8666666666666667,41.0,0.0,4
202,high_tight,pd_theta_16,20,60,44.74493307729888,0.8333333333333334,42.0,0.0,7
202,high_tight,pd_theta_16,21,60,47.09188336716651,1.0,37.5,0.0,6
202,high_tight,pd_theta_16,22,60,46.08246613709889,0.95,39.5,0.0,6
202,high_tight,pd_theta_16,23,60,42.76397440011127,0.85,40.0,0.0,6
202,high_tight,pd_history,0,60,42.025578537083355,0.9,3.0,0.0,4
202,high_tight,pd_history,1,60,42.832981113049364,0.8666666666666667,10.5,0.0,6
202,high_tight,pd_history,2,60,45.18304968173331,0.8666666666666667,16.5,0.0,7
202,high_tight,pd_history,3,60,44.682437701734514,0.95,14.5,0.0,5
202,high_tight,pd_history,4,60,45.83262228235952,0.95,15.5,0.0,6
202,high_tight,pd_history,5,60,43.61514514657662,0.85,15.5,0.0,6
202,high_tight,pd_history,6,60,41.37474788408687,0.9,12.0,0.0,4
202,high_tight,pd_history,7,60,43.71518453671594,0.85,15.0,0.0,6
202,high_tight,pd_history,8,60,43.76261644971467,0.85,16.0,0.0,6
202,high_tight,pd_history,9,60,42.912195241858186,0.9333333333333333,9.0,0.0,4
202,high_tight,pd_history,10,60,42.253411232657434,0.8833333333333333,14.0,0.0,4
202,high_tight,pd_history,11,60,44.35429018471096,0.8833333333333333,14.5,0.0,6
202,high_tight,pd_history,12,60,42.25308875408652,0.8833333333333333,14.0,0.0,4
202,high_tight,pd_history,13,60,43.30302770989042,0.8833333333333333,14.5,0.0,5
202,high_tight,pd_history,14,60,45.775429244433404,0.9,14.0,0.0,7
202,high_tight,pd_history,15,60,43.57309218245185,0.9,12.0,0.0,5
202,high_tight,pd_history,16,60,45.262594243804244,0.9333333333333333,12.0,0.0,6
202,high_tight,pd_history,17,60,44.35262424196374,0.8833333333333333,14.0,0.0,6
202,high_tight,pd_history,18,60,43.472668317009365,0.9,11.5,0.0,5
202,high_tight,pd_history,19,60,41.78343839813794,0.8666666666666667,13.5,0.0,4
202,high_tight,pd_history,20,60,44.34569585465751,0.8333333333333334,15.0,0.0,7
202,high_tight,pd_history,21,60,46.54187589422396,1.0,10.0,0.0,6
202,high_tight,pd_history,22,60,45.834503123450865,0.95,15.0,0.0,6
202,high_tight,pd_history,23,60,42.66325955912079,0.85,16.0,0.0,6
202,high_tight,no_control_interpretation,0,60,50.54478763357378,1.0,3.0,0.0,10
202,high_tight,no_control_interpretation,1,60,54.19093473896559,1.0,10.5,0.0,14
202,high_tight,no_control_interpretation,2,60,56.54095413101815,1.0,16.5,0.0,15
202,high_tight,no_control_interpretation,3,60,48.9410576703213,1.0,14.5,0.0,8
202,high_tight,no_control_interpretation,4,60,50.09211780742278,1.0,15.5,0.0,9
202,high_tight,no_control_interpretation,5,60,56.393457526035746,1.0,15.5,0.0,15
202,high_tight,no_control_interpretation,6,60,49.8935013173648,1.0,12.0,0.0,10
202,high_tight,no_control_interpretation,7,60,56.49379716949553,1.0,15.0,0.0,15
202,high_tight,no_control_interpretation,8,60,56.54095425084527,1.0,16.0,0.0,15
202,high_tight,no_control_interpretation,9,60,48.59066018129338,1.0,9.0,0.0,8
202,high_tight,no_control_interpretation,10,60,52.19207050456513,1.0,14.0,0.0,11
202,high_tight,no_control_interpretation,11,60,54.291799686688755,1.0,14.5,0.0,13
202,high_tight,no_control_interpretation,12,60,52.192047155484936,1.0,14.0,0.0,11
202,high_tight,no_control_interpretation,13,60,53.2414516533941,1.0,14.5,0.0,12
202,high_tight,no_control_interpretation,14,60,54.29400439591433,1.0,14.0,0.0,13
202,high_tight,no_control_interpretation,15,60,52.09240632522742,1.0,12.0,0.0,11
202,high_tight,no_control_interpretation,16,60,50.9415552434007,1.0,12.0,0.0,10
202,high_tight,no_control_interpretation,17,60,54.29120040479654,1.0,14.0,0.0,13
202,high_tight,no_control_interpretation,18,60,51.99193948346302,1.0,11.5,0.0,11
202,high_tight,no_control_interpretation,19,60,53.14218374765046,1.0,13.5,0.0,12
202,high_tight,no_control_interpretation,20,60,58.54322655943352,1.0,15.0,0.0,17
202,high_tight,no_control_interpretation,21,60,46.54187589422396,1.0,10.0,0.0,6
202,high_tight,no_control_interpretation,22,60,50.09352289324383,1.0,15.0,0.0,9
202,high_tight,no_control_interpretation,23,60,55.44095834897165,1.0,16.0,0.0,15
202,high_tight,no_pre_new_only,0,60,11.834097275471844,0.5333333333333333,0,0.0,0
202,high_tight,no_pre_new_only,1,60,10.72289221160857,0.48333333333333334,0,0.0,0
202,high_tight,no_pre_new_only,2,60,9.982844135282425,0.45,0,0.0,0
202,high_tight,no_pre_new_only,3,60,11.83316796264107,0.5333333333333333,0,0.0,0
202,high_tight,no_pre_new_only,4,60,11.831055848010445,0.5333333333333333,0,0.0,0
202,high_tight,no_pre_new_only,5,60,9.982901770907358,0.45,0,0.0,0
202,high_tight,no_pre_new_only,6,60,11.83289309278422,0.5333333333333333,0,0.0,0
202,high_tight,no_pre_new_only,7,60,9.983521494811233,0.45,0,0.0,0
202,high_tight,no_pre_new_only,8,60,9.985098936141258,0.45,0,0.0,0
202,high_tight,no_pre_new_only,9,60,11.832834805864227,0.5333333333333333,0,0.0,0
202,high_tight,no_pre_new_only,10,60,11.461423003661917,0.5166666666666667,0,0.0,0
202,high_tight,no_pre_new_only,11,60,10.72325614120782,0.48333333333333334,0,0.0,0
202,high_tight,no_pre_new_only,12,60,11.462634157852666,0.5166666666666667,0,0.0,0
202,high_tight,no_pre_new_only,13,60,11.092547841853785,0.5,0,0.0,0
202,high_tight,no_pre_new_only,14,60,10.723268422517373,0.48333333333333334,0,0.0,0
202,high_tight,no_pre_new_only,15,60,11.463041488735819,0.5166666666666667,0,0.0,0
202,high_tight,no_pre_new_only,16,60,11.832288715312663,0.5333333333333333,0,0.0,0
202,high_tight,no_pre_new_only,17,60,10.723118477130548,0.48333333333333334,0,0.0,0
202,high_tight,no_pre_new_only,18,60,11.462786305948484,0.5166666666666667,0,0.0,0
202,high_tight,no_pre_new_only,19,60,11.091509836943548,0.5,0,0.0,0
202,high_tight,no_pre_new_only,20,60,9.244294840106722,0.4166666666666667,0,0.0,0
202,high_tight,no_pre_new_only,21,60,11.830533533663601,0.5333333333333333,0,0.0,0
202,high_tight,no_pre_new_only,22,60,11.83168104599056,0.5333333333333333,0,0.0,0
202,high_tight,no_pre_new_only,23,60,10.353930710479764,0.4666666666666667,0,0.0,0
202,high_tight,greedy_hard_cap,0,60,37.39855660506759,0.8333333333333334,13.5,0.0,0
202,high_tight,greedy_hard_cap,1,60,34.86794541474129,0.7666666666666667,15.0,0.0,0
202,high_tight,greedy_hard_cap,2,60,35.54868164388499,0.75,17.5,0.0,0
202,high_tight,greedy_hard_cap,3,60,38.13843186217188,0.8666666666666667,16.5,0.0,0
202,high_tight,greedy_hard_cap,4,60,37.76800648341832,0.85,16.0,0.0,0
202,high_tight,greedy_hard_cap,5,60,35.54879446216401,0.75,16.5,0.0,0
202,high_tight,greedy_hard_cap,6,60,36.34906941591034,0.8333333333333334,15.0,0.0,0
202,high_tight,greedy_hard_cap,7,60,35.54912970531836,0.75,16.0,0.0,0
202,high_tight,greedy_hard_cap,8,60,35.54876471491262,0.75,18.0,0.0,0
202,high_tight,greedy_hard_cap,9,60,38.13817921568989,0.8666666666666667,15.0,0.0,0
202,high_tight,greedy_hard_cap,10,60,37.028522194634604,0.8166666666666667,15.5,0.0,0
202,high_tight,greedy_hard_cap,11,60,36.288611654396895,0.7833333333333333,16.0,0.0,0
202,high_tight,greedy_hard_cap,12,60,37.028553478034304,0.8166666666666667,15.0,0.0,0
202,high_tight,greedy_hard_cap,13,60,36.65737438666293,0.8,17.0,0.0,0
202,high_tight,greedy_hard_cap,14,60,36.288594847474855,0.7833333333333333,17.0,0.0,0
202,high_tight,greedy_hard_cap,15,60,37.02952377480272,0.8166666666666667,16.0,0.0,0
202,high_tight,greedy_hard_cap,16,60,37.39722335556809,0.8333333333333334,16.0,0.0,0
202,high_tight,greedy_hard_cap,17,60,36.28864977008656,0.7833333333333333,17.5,0.0,0
202,high_tight,greedy_hard_cap,18,60,37.02864901876063,0.8166666666666667,15.5,0.0,0
202,high_tight,greedy_hard_cap,19,60,36.65782321185249,0.8,16.0,0.0,0
202,high_tight,greedy_hard_cap,20,60,34.80832152850935,0.7166666666666667,17.0,0.0,0
202,high_tight,greedy_hard_cap,21,60,38.877186806159635,0.9,14.5,0.0,0
202,high_tight,greedy_hard_cap,22,60,37.76757049144023,0.85,16.5,0.0,0
202,high_tight,greedy_hard_cap,23,60,34.49838736571794,0.75,18.5,0.0,0
202,high_loose,pd_theta_2,0,60,34.79450153115877,1.0,3.0,0.0,1
202,high_loose,pd_theta_2,1,60,33.69066632500776,1.0,3.0,0.0,0
202,high_loose,pd_theta_2,2,60,33.99005917648305,1.0,5.5,0.0,0
202,high_loose,pd_theta_2,3,60,34.190944086557586,1.0,10.5,0.0,0
202,high_loose,pd_theta_2,4,60,34.791748912714944,1.0,10.0,0.0,0
202,high_loose,pd_theta_2,5,60,33.99133195254192,1.0,6.0,0.0,0
202,high_loose,pd_theta_2,6,60,34.492878827056145,1.0,9.0,0.0,0
202,high_loose,pd_theta_2,7,60,34.19070886556709,1.0,13.0,0.0,0
202,high_loose,pd_theta_2,8,60,34.142857894647,1.0,14.0,0.0,0
202,high_loose,pd_theta_2,9,60,34.04151664871287,1.0,16.0,0.0,0
202,high_loose,pd_theta_2,10,60,34.040647014434754,1.0,7.5,0.0,0
202,high_loose,pd_theta_2,11,60,34.19133078592845,1.0,9.5,0.0,0
202,high_loose,pd_theta_2,12,60,34.34077742204073,1.0,10.0,0.0,0
202,high_loose,pd_theta_2,13,60,33.74363435610423,1.0,8.0,0.0,0
202,high_loose,pd_theta_2,14,60,34.19400328661076,1.0,8.5,0.0,0
202,high_loose,pd_theta_2,15,60,34.288607746298666,1.0,11.5,0.0,0
202,high_loose,pd_theta_2,16,60,34.64200984481123,1.0,14.0,0.0,0
202,high_loose,pd_theta_2,17,60,33.592135780677644,1.0,8.0,0.0,0
202,high_loose,pd_theta_2,18,60,34.53908729579726,1.0,11.5,0.0,0
202,high_loose,pd_theta_2,19,60,33.843047116548284,1.0,13.5,0.0,0
202,high_loose,pd_theta_2,20,60,33.792408460440065,1.0,8.5,0.0,0
202,high_loose,pd_theta_2,21,60,34.04051724879232,1.0,12.5,0.0,0
202,high_loose,pd_theta_2,22,60,34.69409312591257,1.0,12.0,0.0,0
202,high_loose,pd_theta_2,23,60,33.64233751464723,1.0,11.0,0.0,0
202,high_loose,pd_theta_4,0,60,34.79450153115877,1.0,3.0,0.0,1
202,high_loose,pd_theta_4,1,60,33.69066632500776,1.0,3.0,0.0,0
202,high_loose,pd_theta_4,2,60,33.99005917648305,1.0,5.5,0.0,0
202,high_loose,pd_theta_4,3,60,34.190944086557586,1.0,10.5,0.0,0
202,high_loose,pd_theta_4,4,60,34.64190727987575,1.0,13.5,0.0,0
202,high_loose,pd_theta_4,5,60,33.99214987137458,1.0,14.5,0.0,0
202,high_loose,pd_theta_4,6,60,34.342746491409905,1.0,14.0,0.0,0
202,high_loose,pd_theta_4,7,60,34.18994154344391,1.0,17.0,0.0,0
202,high_loose,pd_theta_4,8,60,34.14154774868475,1.0,18.0,0.0,0
202,high_loose,pd_theta_4,9,60,34.03920352872512,1.0,19.0,0.0,0
202,high_loose,pd_theta_4,10,60,34.0398267926262,1.0,15.5,0.0,0
202,high_loose,pd_theta_4,11,60,34.19061134716145,1.0,16.5,0.0,0
202,high_loose,pd_theta_4,12,60,34.43931045524162,1.0,17.5,0.0,0
202,high_loose,pd_theta_4,13,60,33.74142204022443,1.0,17.5,0.0,0
202,high_loose,pd_theta_4,14,60,34.192210857544055,1.0,17.5,0.0,0
202,high_loose,pd_theta_4,15,60,34.29075924174715,1.0,18.5,0.0,0
202,high_loose,pd_theta_4,16,60,34.64287388627164,1.0,18.5,0.0,0
202,high_loose,pd_theta_4,17,60,33.591400038375134,1.0,14.5,0.0,0
202,high_loose,pd_theta_4,18,60,34.43976464583078,1.0,17.5,0.0,0
202,high_loose,pd_theta_4,19,60,33.74123006947013,1.0,18.5,0.0,0
202,high_loose,pd_theta_4,20,60,33.79401017522543,1.0,15.0,0.0,0
202,high_loose,pd_theta_4,21,60,34.039643047748484,1.0,19.0,0.0,0
202,high_loose,pd_theta_4,22,60,34.44327222877084,1.0,18.5,0.0,0
202,high_loose,pd_theta_4,23,60,33.639955440441,1.0,20.5,0.0,0
202,high_loose,pd_theta_8,0,60,34.79450153115877,1.0,3.0,0.0,1
202,high_loose,pd_theta_8,1,60,33.69066632500776,1.0,3.0,0.0,0
202,high_loose,pd_theta_8,2,60,33.99005917648305,1.0,5.5,0.0,0
202,high_loose,pd_theta_8,3,60,34.190944086557586,1.0,10.5,0.0,0
202,high_loose,pd_theta_8,4,60,34.64190727987575,1.0,13.5,0.0,0
202,high_loose,pd_theta_8,5,60,33.99214987137458,1.0,14.5,0.0,0
202,high_loose,pd_theta_8,6,60,34.3394907186093,1.0,19.5,0.0,0
202,high_loose,pd_theta_8,7,60,34.0404897330985,1.0,22.5,0.0,0
202,high_loose,pd_theta_8,8,60,34.14138779426814,1.0,27.5,0.0,0
202,high_loose,pd_theta_8,9,60,34.08949925173124,1.0,31.5,0.0,0
202,high_loose,pd_theta_8,10,60,34.040219572829976,1.0,25.5,0.0,0
202,high_loose,pd_theta_8,11,60,34.04194389567678,1.0,27.5,0.0,0
202,high_loose,pd_theta_8,12,60,34.19112019116101,1.0,29.5,0.0,0
202,high_loose,pd_theta_8,13,60,33.74300809919733,1.0,29.5,0.0,0
202,high_loose,pd_theta_8,14,60,34.19255514890542,1.0,30.5,0.0,0
202,high_loose,pd_theta_8,15,60,33.98994607335258,1.0,30.5,0.0,0
202,high_loose,pd_theta_8,16,60,34.44094615859172,1.0,32.5,0.0,0
202,high_loose,pd_theta_8,17,60,33.44033619906619,1.0,30.5,0.0,0
202,high_loose,pd_theta_8,18,60,33.84112631386317,1.0,31.5,0.0,0
202,high_loose,pd_theta_8,19,60,33.540129919701506,1.0,32.5,0.0,0
202,high_loose,pd_theta_8,20,60,33.79387937163036,1.0,32.0,0.0,0
202,high_loose,pd_theta_8,21,60,33.88869315558387,1.0,35.0,0.0,0
202,high_loose,pd_theta_8,22,60,34.291665822722074,1.0,35.5,0.0,0
202,high_loose,pd_theta_8,23,60,33.64053230255356,1.0,35.5,0.0,0
202,high_loose,pd_theta_16,0,60,34.79450153115877,1.0,3.0,0.0,1
202,high_loose,pd_theta_16,1,60,33.69066632500776,1.0,3.0,0.0,0
202,high_loose,pd_theta_16,2,60,33.99005917648305,1.0,5.5,0.0,0
202,high_loose,pd_theta_16,3,60,34.190944086557586,1.0,10.5,0.0,0
202,high_loose,pd_theta_16,4,60,34.64190727987575,1.0,13.5,0.0,0
202,high_loose,pd_theta_16,5,60,33.99214987137458,1.0,14.5,0.0,0
202,high_loose,pd_theta_16,6,60,34.3394907186093,1.0,19.5,0.0,0
202,high_loose,pd_theta_16,7,60,34.0404897330985,1.0,22.5,0.0,0
202,high_loose,pd_theta_16,8,60,34.14138779426814,1.0,27.5,0.0,0
202,high_loose,pd_theta_16,9,60,34.08949925173124,1.0,31.5,0.0,0
202,high_loose,pd_theta_16,10,60,34.19209143404594,1.0,29.0,0.0,0
202,high_loose,pd_theta_16,11,60,34.19181298877698,1.0,34.0,0.0,0
202,high_loose,pd_theta_16,12,60,34.34052835625916,1.0,38.0,0.0,0
202,high_loose,pd_theta_16,13,60,33.7433381026019,1.0,41.0,0.0,0
202,high_loose,pd_theta_16,14,60,34.19437898701891,1.0,44.0,0.0,0
202,high_loose,pd_theta_16,15,60,34.28877113258152,1.0,47.0,0.0,0
202,high_loose,pd_theta_16,16,60,34.29012234634582,1.0,51.0,0.0,0
202,high_loose,pd_theta_16,17,60,33.58990925091531,1.0,50.0,0.0,0
202,high_loose,pd_theta_16,18,60,34.13959110771578,1.0,51.5,0.5,0
202,high_loose,pd_theta_16,19,60,33.09132336771578,1.0,52.5,0.5,0
202,high_loose,pd_theta_16,20,60,33.790797450006885,1.0,52.5,0.0,0
202,high_loose,pd_theta_16,21,60,33.44053825597505,1.0,54.5,0.0,0
202,high_loose,pd_theta_16,22,60,33.841908643864286,1.0,54.5,0.0,0
202,high_loose,pd_theta_16,23,60,33.640321322361274,1.0,56.5,0.0,0
202,high_loose,pd_history,0,60,34.79450153115877,1.0,3.0,0.0,1
202,high_loose,pd_history,1,60,33.69066632500776,1.0,3.0,0.0,0
202,high_loose,pd_history,2,60,33.99005917648305,1.0,5.5,0.0,0
202,high_loose,pd_history,3,60,34.190944086557586,1.0,10.5,0.0,0
202,high_loose,pd_history,4,60,34.791748912714944,1.0,10.0,0.0,0
202,high_loose,pd_history,5,60,33.99133195254192,1.0,6.0,0.0,0
202,high_loose,pd_history,6,60,34.492878827056145,1.0,9.0,0.0,0
202,high_loose,pd_history,7,60,34.19070886556709,1.0,13.0,0.0,0
202,high_loose,pd_history,8,60,34.142857894647,1.0,14.0,0.0,0
202,high_loose,pd_history,9,60,34.04151664871287,1.0,16.0,0.0,0
202,high_loose,pd_history,10,60,34.040647014434754,1.0,7.5,0.0,0
202,high_loose,pd_history,11,60,34.19133078592845,1.0,9.5,0.0,0
202,high_loose,pd_history,12,60,34.34077742204073,1.0,10.0,0.0,0
202,high_loose,pd_history,13,60,33.74363435610423,1.0,8.0,0.0,0
202,high_loose,pd_history,14,60,34.19400328661076,1.0,8.5,0.0,0
202,high_loose,pd_history,15,60,34.288607746298666,1.0,11.5,0.0,0
202,high_loose,pd_history,16,60,34.64200984481123,1.0,14.0,0.0,0
202,high_loose,pd_history,17,60,33.592135780677644,1.0,8.0,0.0,0
202,high_loose,pd_history,18,60,34.53908729579726,1.0,11.5,0.0,0
202,high_loose,pd_history,19,60,33.843047116548284,1.0,13.5,0.0,0
202,high_loose,pd_history,20,60,33.792408460440065,1.0,8.5,0.0,0
202,high_loose,pd_history,21,60,34.04051724879232,1.0,12.5,0.0,0
202,high_loose,pd_history,22,60,34.69409312591257,1.0,12.0,0.0,0
202,high_loose,pd_history,23,60,33.64233751464723,1.0,11.0,0.0,0
202,high_loose,no_control_interpretation,0,60,34.79450153115877,1.0,3.0,0.0,1
202,high_loose,no_control_interpretation,1,60,33.69066632500776,1.0,3.0,0.0,0
202,high_loose,no_control_interpretation,2,60,33.99005917648305,1.0,5.5,0.0,0
202,high_loose,no_control_interpretation,3,60,34.190944086557586,1.0,10.5,0.0,0
202,high_loose,no_control_interpretation,4,60,34.791748912714944,1.0,10.0,0.0,0
202,high_loose,no_control_interpretation,5,60,33.99133195254192,1.0,6.0,0.0,0
202,high_loose,no_control_interpretation,6,60,34.492878827056145,1.0,9.0,0.0,0
202,high_loose,no_control_interpretation,7,60,34.19070886556709,1.0,13.0,0.0,0
202,high_loose,no_control_interpretation,8,60,34.142857894647,1.0,14.0,0.0,0
202,high_loose,no_control_interpretation,9,60,34.04151664871287,1.0,16.0,0.0,0
202,high_loose,no_control_interpretation,10,60,34.040647014434754,1.0,7.5,0.0,0
202,high_loose,no_control_interpretation,11,60,34.19133078592845,1.0,9.5,0.0,0
202,high_loose,no_control_interpretation,12,60,34.34077742204073,1.0,10.0,0.0,0
202,high_loose,no_control_interpretation,13,60,33.74363435610423,1.0,8.0,0.0,0
202,high_loose,no_control_interpretation,14,60,34.19400328661076,1.0,8.5,0.0,0
202,high_loose,no_control_interpretation,15,60,34.288607746298666,1.0,11.5,0.0,0
202,high_loose,no_control_interpretation,16,60,34.64200984481123,1.0,14.0,0.0,0
202,high_loose,no_control_interpretation,17,60,33.592135780677644,1.0,8.0,0.0,0
202,high_loose,no_control_interpretation,18,60,34.53908729579726,1.0,11.5,0.0,0
202,high_loose,no_control_interpretation,19,60,33.843047116548284,1.0,13.5,0.0,0
202,high_loose,no_control_interpretation,20,60,33.792408460440065,1.0,8.5,0.0,0
202,high_loose,no_control_interpretation,21,60,34.04051724879232,1.0,12.5,0.0,0
202,high_loose,no_control_interpretation,22,60,34.69409312591257,1.0,12.0,0.0,0
202,high_loose,no_control_interpretation,23,60,33.64233751464723,1.0,11.0,0.0,0
202,high_loose,no_pre_new_only,0,60,6.237668759322373,0.2,0,0.0,0
202,high_loose,no_pre_new_only,1,60,6.976758994741491,0.23333333333333334,0,0.0,0
202,high_loose,no_pre_new_only,2,60,6.238372888033577,0.2,0,0.0,0
202,high_loose,no_pre_new_only,3,60,6.976111927342214,0.23333333333333334,0,0.0,0
202,high_loose,no_pre_new_only,4,60,6.2359047135138885,0.2,0,0.0,0
202,high_loose,no_pre_new_only,5,60,6.237113278768891,0.2,0,0.0,0
202,high_loose,no_pre_new_only,6,60,6.236859323886671,0.2,0,0.0,0
202,high_loose,no_pre_new_only,7,60,6.237659259386566,0.2,0,0.0,0
202,high_loose,no_pre_new_only,8,60,6.237941317962125,0.2,0,0.0,0
202,high_loose,no_pre_new_only,9,60,6.977520627254277,0.23333333333333334,0,0.0,0
202,high_loose,no_pre_new_only,10,60,6.236958774850182,0.2,0,0.0,0
202,high_loose,no_pre_new_only,11,60,6.238247178549624,0.2,0,0.0,0
202,high_loose,no_pre_new_only,12,60,6.23704252045466,0.2,0,0.0,0
202,high_loose,no_pre_new_only,13,60,6.975411098523495,0.23333333333333334,0,0.0,0
202,high_loose,no_pre_new_only,14,60,6.23775295750942,0.2,0,0.0,0
202,high_loose,no_pre_new_only,15,60,6.23805088483328,0.2,0,0.0,0
202,high_loose,no_pre_new_only,16,60,6.237301804726538,0.2,0,0.0,0
202,high_loose,no_pre_new_only,17,60,6.97725256682119,0.23333333333333334,0,0.0,0
202,high_loose,no_pre_new_only,18,60,6.237574044522166,0.2,0,0.0,0
202,high_loose,no_pre_new_only,19,60,6.977089691320491,0.23333333333333334,0,0.0,0
202,high_loose,no_pre_new_only,20,60,6.237598487621865,0.2,0,0.0,0
202,high_loose,no_pre_new_only,21,60,6.978271395279345,0.23333333333333334,0,0.0,0
202,high_loose,no_pre_new_only,22,60,6.236497224010103,0.2,0,0.0,0
202,high_loose,no_pre_new_only,23,60,6.976533394010748,0.23333333333333334,0,0.0,0
202,high_loose,greedy_hard_cap,0,60,35.14765200647148,1.0,7.5,0.0,0
202,high_loose,greedy_hard_cap,1,60,34.497859426153546,1.0,15.5,0.0,0
202,high_loose,greedy_hard_cap,2,60,34.99659558357428,1.0,17.0,0.0,0
202,high_loose,greedy_hard_cap,3,60,35.197866570621976,1.0,18.0,0.0,0
202,high_loose,greedy_hard_cap,4,60,35.79733521052802,1.0,15.5,0.0,0
202,high_loose,greedy_hard_cap,5,60,35.148164600607764,1.0,17.5,0.0,0
202,high_loose,greedy_hard_cap,6,60,35.79818259038172,1.0,18.0,0.0,0
202,high_loose,greedy_hard_cap,7,60,34.99715543907541,1.0,18.0,0.0,0
202,high_loose,greedy_hard_cap,8,60,34.898351326871484,1.0,17.5,0.0,0
202,high_loose,greedy_hard_cap,9,60,35.347678287396796,1.0,20.5,0.0,0
202,high_loose,greedy_hard_cap,10,60,35.64748014084963,1.0,20.5,0.0,0
202,high_loose,greedy_hard_cap,11,60,35.44865655203515,1.0,16.0,0.0,0
202,high_loose,greedy_hard_cap,12,60,35.64642346542631,1.0,19.0,0.0,0
202,high_loose,greedy_hard_cap,13,60,35.04822798356019,1.0,21.0,0.0,0
202,high_loose,greedy_hard_cap,14,60,35.49888511087128,1.0,21.0,0.0,0
202,high_loose,greedy_hard_cap,15,60,35.697495752307915,1.0,23.0,0.0,0
202,high_loose,greedy_hard_cap,16,60,35.798871078965064,1.0,21.0,0.0,0
202,high_loose,greedy_hard_cap,17,60,34.949238145586975,1.0,18.5,0.0,0
202,high_loose,greedy_hard_cap,18,60,35.79819845154124,1.0,18.5,0.0,0
202,high_loose,greedy_hard_cap,19,60,34.94805704030312,1.0,20.5,0.0,0
202,high_loose,greedy_hard_cap,20,60,34.9496628357421,1.0,21.0,0.0,0
202,high_loose,greedy_hard_cap,21,60,35.94726272246708,1.0,22.0,0.0,0
202,high_loose,greedy_hard_cap,22,60,36.04838933817413,1.0,18.0,0.0,0
202,high_loose,greedy_hard_cap,23,60,34.79943262119575,1.0,18.0,0.0,0
202,random,pd_theta_2,0,60,43.273197534716445,0.9833333333333333,3.0,0.0,3
202,random,pd_theta_2,1,60,42.38889804520865,1.0,5.5,0.0,0
202,random,pd_theta_2,2,60,42.790131028219996,1.0,10.5,0.0,0
202,random,pd_theta_2,3,60,39.890193809773706,1.0,14.0,0.0,0
202,random,pd_theta_2,4,60,44.091547581787516,1.0,12.0,0.0,0
202,random,pd_theta_2,5,60,45.89159554721183,1.0,12.5,0.0,0
202,random,pd_theta_2,6,60,42.54163945528082,1.0,12.0,0.0,0
202,random,pd_theta_2,7,60,41.38805335994138,1.0,12.5,0.0,0
202,random,pd_theta_2,8,60,45.98789394260111,1.0,12.0,0.0,0
202,random,pd_theta_2,9,60,43.689885407468694,1.0,15.0,0.0,0
202,random,pd_theta_2,10,60,40.28951448091208,1.0,12.5,0.0,0
202,random,pd_theta_2,11,60,45.39065524508816,1.0,13.0,0.0,0
202,random,pd_theta_2,12,60,39.93811787704818,1.0,14.5,0.0,0
202,random,pd_theta_2,13,60,42.04186052264234,1.0,14.0,0.0,0
202,random,pd_theta_2,14,60,43.79199706235935,1.0,11.5,0.0,0
202,random,pd_theta_2,15,60,44.78992563972403,1.0,12.0,0.0,0
202,random,pd_theta_2,16,60,44.59181090752698,1.0,13.5,0.0,0
202,random,pd_theta_2,17,60,42.39136535381394,1.0,10.0,0.0,0
202,random,pd_theta_2,18,60,40.342424885913964,1.0,14.0,0.0,0
202,random,pd_theta_2,19,60,43.2432665766868,1.0,17.5,0.0,0
202,random,pd_theta_2,20,60,44.39185289954695,1.0,13.5,0.0,0
202,random,pd_theta_2,21,60,40.342001801950694,1.0,17.0,0.0,0
202,random,pd_theta_2,22,60,43.291252513575984,1.0,17.5,0.0,0
202,random,pd_theta_2,23,60,41.05004389736763,0.9666666666666667,17.0,0.0,0
202,random,pd_theta_4,0,60,43.273197534716445,0.9833333333333333,3.0,0.0,3
202,random,pd_theta_4,1,60,42.38889804520865,1.0,5.5,0.0,0
202,random,pd_theta_4,2,60,42.790131028219996,1.0,10.5,0.0,0
202,random,pd_theta_4,3,60,39.99018477858548,1.0,17.5,0.0,0
202,random,pd_theta_4,4,60,44.09198692606902,1.0,17.5,0.0,0
202,random,pd_theta_4,5,60,45.892084313740966,1.0,21.5,0.0,0
202,random,pd_theta_4,6,60,42.59191615656927,1.0,20.0,0.0,0
202,random,pd_theta_4,7,60,41.43970711663664,1.0,21.5,0.0,0
202,random,pd_theta_4,8,60,46.03971483266972,1.0,24.0,0.0,0
202,random,pd_theta_4,9,60,43.84119620557962,1.0,26.5,0.0,0
202,random,pd_theta_4,10,60,40.38858577736119,1.0,23.0,0.0,0
202,random,pd_theta_4,11,60,45.490908267275735,1.0,25.5,0.0,0
202,random,pd_theta_4,12,60,40.038195454767084,1.0,27.5,0.0,0
202,random,pd_theta_4,13,60,42.14175959261399,1.0,23.5,0.0,0
202,random,pd_theta_4,14,60,43.990302191429755,1.0,20.0,0.0,0
202,random,pd_theta_4,15,60,44.78873233940722,1.0,18.5,0.0,0
202,random,pd_theta_4,16,60,44.64251662095445,1.0,19.5,0.0,0
202,random,pd_theta_4,17,60,42.49149510051443,1.0,21.0,0.0,0
202,random,pd_theta_4,18,60,40.39099403594653,1.0,24.0,0.0,0
202,random,pd_theta_4,19,60,43.44081863517575,1.0,24.0,0.0,0
202,random,pd_theta_4,20,60,44.49220419457038,1.0,21.5,0.0,0
202,random,pd_theta_4,21,60,40.54092722452029,1.0,24.5,0.0,0
202,random,pd_theta_4,22,60,43.34082958997285,1.0,28.0,0.0,0
202,random,pd_theta_4,23,60,42.088200644839844,1.0,26.5,0.0,0
202,random,pd_theta_8,0,60,43.273197534716445,0.9833333333333333,3.0,0.0,3
202,random,pd_theta_8,1,60,42.38889804520865,1.0,5.5,0.0,0
202,random,pd_theta_8,2,60,42.790131028219996,1.0,10.5,0.0,0
202,random,pd_theta_8,3,60,39.99018477858548,1.0,17.5,0.0,0
202,random,pd_theta_8,4,60,44.09198692606902,1.0,17.5,0.0,0
202,random,pd_theta_8,5,60,46.19179950816373,1.0,26.0,0.0,0
202,random,pd_theta_8,6,60,42.69091829195668,1.0,28.5,0.0,0
202,random,pd_theta_8,7,60,41.490250673406365,1.0,32.5,0.0,0
202,random,pd_theta_8,8,60,45.989563659417485,1.0,34.5,0.0,0
202,random,pd_theta_8,9,60,43.84137819807774,1.0,37.5,0.0,0
202,random,pd_theta_8,10,60,40.58816370684922,1.0,36.5,0.0,0
202,random,pd_theta_8,11,60,45.689808389951224,1.0,37.5,0.0,0
202,random,pd_theta_8,12,60,40.192210093488335,1.0,38.0,0.0,0
202,random,pd_theta_8,13,60,42.33930353491614,1.0,35.0,0.0,0
202,random,pd_theta_8,14,60,44.19134875345852,1.0,34.5,0.0,0
202,random,pd_theta_8,15,60,44.988902675135805,1.0,33.5,0.0,0
202,random,pd_theta_8,16,60,44.640131546572476,1.0,34.5,0.0,0
202,random,pd_theta_8,17,60,42.79047437280234,1.0,36.5,0.0,0
202,random,pd_theta_8,18,60,40.49007783141169,1.0,36.0,0.0,0
202,random,pd_theta_8,19,60,43.34055385398658,1.0,37.0,0.0,0
202,random,pd_theta_8,20,60,44.791364973698265,1.0,37.0,0.0,0
202,random,pd_theta_8,21,60,40.6406751411367,1.0,35.0,0.0,0
202,random,pd_theta_8,22,60,43.49071012735909,1.0,38.0,0.0,0
202,random,pd_theta_8,23,60,42.08950219608336,1.0,34.5,0.0,0
202,random,pd_theta_16,0,60,43.273197534716445,0.9833333333333333,3.0,0.0,3
202,random,pd_theta_16,1,60,42.38889804520865,1.0,5.5,0.0,0
202,random,pd_theta_16,2,60,42.790131028219996,1.0,10.5,0.0,0
202,random,pd_theta_16,3,60,39.99018477858548,1.0,17.5,0.0,0
202,random,pd_theta_16,4,60,44.09198692606902,1.0,17.5,0.0,0
202,random,pd_theta_16,5,60,46.19179950816373,1.0,26.0,0.0,0
202,random,pd_theta_16,6,60,42.69091829195668,1.0,28.5,0.0,0
202,random,pd_theta_16,7,60,41.490250673406365,1.0,32.5,0.0,0
202,random,pd_theta_16,8,60,45.989563659417485,1.0,34.5,0.0,0
202,random,pd_theta_16,9,60,43.89092182348535,1.0,39.5,0.0,0
202,random,pd_theta_16,10,60,40.58918543479191,1.0,42.5,0.0,0
202,random,pd_theta_16,11,60,45.889464823583786,1.0,47.0,0.0,0
202,random,pd_theta_16,12,60,40.48992959066885,1.0,50.5,0.0,0
202,random,pd_theta_16,13,60,42.54108817756044,1.0,50.0,0.0,0
202,random,pd_theta_16,14,60,44.39103460680309,1.0,55.0,0.0,0
202,random,pd_theta_16,15,60,45.28903145579077,1.0,58.0,0.0,0
202,random,pd_theta_16,16,60,44.93991580275529,1.0,58.0,0.0,0
202,random,pd_theta_16,17,60,42.88907960530227,1.0,61.0,0.0,0
202,random,pd_theta_16,18,60,40.48741519379817,1.0,57.5,0.0,0
202,random,pd_theta_16,19,60,43.49017876161195,1.0,60.5,0.0,0
202,random,pd_theta_16,20,60,44.690350686811136,1.0,59.5,0.0,0
202,random,pd_theta_16,21,60,40.6411301814945,1.0,59.0,0.0,0
202,random,pd_theta_16,22,60,43.29213121963588,1.0,56.0,0.0,0
202,random,pd_theta_16,23,60,42.14054563517696,1.0,54.5,0.0,0
202,random,pd_history,0,60,43.273197534716445,0.9833333333333333,3.0,0.0,3
202,random,pd_history,1,60,42.38889804520865,1.0,5.5,0.0,0
202,random,pd_history,2,60,42.790131028219996,1.0,10.5,0.0,0
202,random,pd_history,3,60,39.890193809773706,1.0,14.0,0.0,0
202,random,pd_history,4,60,44.091547581787516,1.0,12.0,0.0,0
202,random,pd_history,5,60,45.89159554721183,1.0,12.5,0.0,0
202,random,pd_history,6,60,42.54163945528082,1.0,12.0,0.0,0
202,random,pd_history,7,60,41.38805335994138,1.0,12.5,0.0,0
202,random,pd_history,8,60,45.98789394260111,1.0,12.0,0.0,0
202,random,pd_history,9,60,43.689885407468694,1.0,15.0,0.0,0
202,random,pd_history,10,60,40.28951448091208,1.0,12.5,0.0,0
202,random,pd_history,11,60,45.39065524508816,1.0,13.0,0.0,0
202,random,pd_history,12,60,39.93811787704818,1.0,14.5,0.0,0
202,random,pd_history,13,60,42.04186052264234,1.0,14.0,0.0,0
202,random,pd_history,14,60,43.79199706235935,1.0,11.5,0.0,0
202,random,pd_history,15,60,44.78992563972403,1.0,12.0,0.0,0
202,random,pd_history,16,60,44.59181090752698,1.0,13.5,0.0,0
202,random,pd_history,17,60,42.39136535381394,1.0,10.0,0.0,0
202,random,pd_history,18,60,40.342424885913964,1.0,14.0,0.0,0
202,random,pd_history,19,60,43.2432665766868,1.0,17.5,0.0,0
202,random,pd_history,20,60,44.39185289954695,1.0,13.5,0.0,0
202,random,pd_history,21,60,40.342001801950694,1.0,17.0,0.0,0
202,random,pd_history,22,60,43.291252513575984,1.0,17.5,0.0,0
202,random,pd_history,23,60,41.05004389736763,0.9666666666666667,17.0,0.0,0
202,random,no_control_interpretation,0,60,44.69287106051742,1.0,3.0,0.0,4
202,random,no_control_interpretation,1,60,42.38889804520865,1.0,5.5,0.0,0
202,random,no_control_interpretation,2,60,42.790131028219996,1.0,10.5,0.0,0
202,random,no_control_interpretation,3,60,39.890193809773706,1.0,14.0,0.0,0
202,random,no_control_interpretation,4,60,44.091547581787516,1.0,12.0,0.0,0
202,random,no_control_interpretation,5,60,45.89159554721183,1.0,12.5,0.0,0
202,random,no_control_interpretation,6,60,42.54163945528082,1.0,12.0,0.0,0
202,random,no_control_interpretation,7,60,41.38805335994138,1.0,12.5,0.0,0
202,random,no_control_interpretation,8,60,45.98789394260111,1.0,12.0,0.0,0
202,random,no_control_interpretation,9,60,43.689885407468694,1.0,15.0,0.0,0
202,random,no_control_interpretation,10,60,40.28951448091208,1.0,12.5,0.0,0
202,random,no_control_interpretation,11,60,45.39065524508816,1.0,13.0,0.0,0
202,random,no_control_interpretation,12,60,39.93811787704818,1.0,14.5,0.0,0
202,random,no_control_interpretation,13,60,42.04186052264234,1.0,14.0,0.0,0
202,random,no_control_interpretation,14,60,43.79199706235935,1.0,11.5,0.0,0
202,random,no_control_interpretation,15,60,44.78992563972403,1.0,12.0,0.0,0
202,random,no_control_interpretation,16,60,44.59181090752698,1.0,13.5,0.0,0
202,random,no_control_interpretation,17,60,42.39136535381394,1.0,10.0,0.0,0
202,random,no_control_interpretation,18,60,40.342424885913964,1.0,14.0,0.0,0
202,random,no_control_interpretation,19,60,43.2432665766868,1.0,17.5,0.0,0
202,random,no_control_interpretation,20,60,44.39185289954695,1.0,13.5,0.0,0
202,random,no_control_interpretation,21,60,40.342001801950694,1.0,17.0,0.0,0
202,random,no_control_interpretation,22,60,43.291252513575984,1.0,17.5,0.0,0
202,random,no_control_interpretation,23,60,42.089407179324546,1.0,17.0,0.0,0
202,random,no_pre_new_only,0,60,8.66731524496923,0.35,0,0.0,0
202,random,no_pre_new_only,1,60,10.29475594579593,0.4166666666666667,0,0.0,0
202,random,no_pre_new_only,2,60,8.894213629837141,0.3333333333333333,0,0.0,0
202,random,no_pre_new_only,3,60,10.07379730419767,0.4,0,0.0,0
202,random,no_pre_new_only,4,60,9.924935322776124,0.4,0,0.0,0
202,random,no_pre_new_only,5,60,10.293817837923271,0.4166666666666667,0,0.0,0
202,random,no_pre_new_only,6,60,8.89546344432274,0.3333333333333333,0,0.0,0
202,random,no_pre_new_only,7,60,9.635270882052085,0.36666666666666664,0,0.0,0
202,random,no_pre_new_only,8,60,10.294963653932149,0.4166666666666667,0,0.0,0
202,random,no_pre_new_only,9,60,10.293694803097262,0.4166666666666667,0,0.0,0
202,random,no_pre_new_only,10,60,9.854302157886195,0.38333333333333336,0,0.0,0
202,random,no_pre_new_only,11,60,8.814808951443394,0.35,0,0.0,0
202,random,no_pre_new_only,12,60,9.853283244164139,0.38333333333333336,0,0.0,0
202,random,no_pre_new_only,13,60,9.414863481077603,0.35,0,0.0,0
202,random,no_pre_new_only,14,60,9.41546155060176,0.35,0,0.0,0
202,random,no_pre_new_only,15,60,10.07392149845052,0.4,0,0.0,0
202,random,no_pre_new_only,16,60,9.704346770439669,0.38333333333333336,0,0.0,0
202,random,no_pre_new_only,17,60,9.853034210879063,0.38333333333333336,0,0.0,0
202,random,no_pre_new_only,18,60,9.634571390267032,0.36666666666666664,0,0.0,0
202,random,no_pre_new_only,19,60,8.9648604481632,0.35,0,0.0,0
202,random,no_pre_new_only,20,60,9.415222861037735,0.35,0,0.0,0
202,random,no_pre_new_only,21,60,10.071110199515342,0.4,0,0.0,0
202,random,no_pre_new_only,22,60,9.184357802373041,0.36666666666666664,0,0.0,0
202,random,no_pre_new_only,23,60,9.854936727349857,0.38333333333333336,0,0.0,0
202,random,greedy_hard_cap,0,60,39.918871942171414,0.9333333333333333,11.0,0.0,0
202,random,greedy_hard_cap,1,60,42.22716452509716,0.9833333333333333,15.0,0.0,0
202,random,greedy_hard_cap,2,60,43.94783537386205,1.0,17.5,0.0,0
202,random,greedy_hard_cap,3,60,41.39931403357688,1.0,21.0,0.0,0
202,random,greedy_hard_cap,4,60,45.44975128933225,1.0,19.5,0.0,0
202,random,greedy_hard_cap,5,60,46.94864722984038,1.0,20.5,0.0,0
202,random,greedy_hard_cap,6,60,43.949288351034426,1.0,21.0,0.0,0
202,random,greedy_hard_cap,7,60,39.609087609833146,0.9666666666666667,19.0,0.0,0
202,random,greedy_hard_cap,8,60,42.68847282024838,0.95,20.5,0.0,0
202,random,greedy_hard_cap,9,60,44.99864806567133,1.0,19.5,0.0,0
202,random,greedy_hard_cap,10,60,41.54864253333758,1.0,20.0,0.0,0
202,random,greedy_hard_cap,11,60,45.22939865546702,0.9833333333333333,16.5,0.0,0
202,random,greedy_hard_cap,12,60,41.248513058711424,1.0,18.0,0.0,0
202,random,greedy_hard_cap,13,60,43.49759239143142,1.0,20.5,0.0,0
202,random,greedy_hard_cap,14,60,45.14821884224622,1.0,21.0,0.0,0
202,random,greedy_hard_cap,15,60,46.04911996936079,1.0,21.5,0.0,0
202,random,greedy_hard_cap,16,60,45.898473397851305,1.0,22.0,0.0,0
202,random,greedy_hard_cap,17,60,42.22835240188379,0.9833333333333333,19.5,0.0,0
202,random,greedy_hard_cap,18,60,41.549488309071776,1.0,19.5,0.0,0
202,random,greedy_hard_cap,19,60,44.34944283168536,1.0,22.0,0.0,0
202,random,greedy_hard_cap,20,60,45.44936187237018,1.0,21.0,0.0,0
202,random,greedy_hard_cap,21,60,41.649260374789755,1.0,22.5,0.0,0
202,random,greedy_hard_cap,22,60,44.248213380741696,1.0,18.0,0.0,0
202,random,greedy_hard_cap,23,60,38.63954929692188,0.95,19.5,0.0,0
202,switch,pd_theta_2,0,60,42.025578537083355,0.9,3.0,0.0,4
202,switch,pd_theta_2,1,60,42.832981113049364,0.8666666666666667,10.5,0.0,6
202,switch,pd_theta_2,2,60,45.18304968173331,0.8666666666666667,16.5,0.0,7
202,switch,pd_theta_2,3,60,44.682437701734514,0.95,14.5,0.0,5
202,switch,pd_theta_2,4,60,45.83262228235952,0.95,15.5,0.0,6
202,switch,pd_theta_2,5,60,43.61514514657662,0.85,15.5,0.0,6
202,switch,pd_theta_2,6,60,41.37474788408687,0.9,12.0,0.0,4
202,switch,pd_theta_2,7,60,43.71518453671594,0.85,15.0,0.0,6
202,switch,pd_theta_2,8,60,43.76261644971467,0.85,16.0,0.0,6
202,switch,pd_theta_2,9,60,42.912195241858186,0.9333333333333333,9.0,0.0,4
202,switch,pd_theta_2,10,60,42.253411232657434,0.8833333333333333,14.0,0.0,4
202,switch,pd_theta_2,11,60,44.35429018471096,0.8833333333333333,14.5,0.0,6
202,switch,pd_theta_2,12,60,34.641386097188274,1.0,7.0,0.0,2
202,switch,pd_theta_2,13,60,33.741664300210466,1.0,5.5,0.0,0
202,switch,pd_theta_2,14,60,34.19556217453712,1.0,7.0,0.0,0
202,switch,pd_theta_2,15,60,34.1400134283883,1.0,10.0,0.0,0
202,switch,pd_theta_2,16,60,34.49084255349398,1.0,11.0,0.0,0
202,switch,pd_theta_2,17,60,33.59064865706278,1.0,6.0,0.0,0
202,switch,pd_theta_2,18,60,34.53962574856256,1.0,12.5,0.0,0
202,switch,pd_theta_2,19,60,33.84281376216092,1.0,14.5,0.0,0
202,switch,pd_theta_2,20,60,33.79193962859484,1.0,9.5,0.0,0
202,switch,pd_theta_2,21,60,34.18978702198835,1.0,14.5,0.0,0
202,switch,pd_theta_2,22,60,34.69466987103333,1.0,13.0,0.0,0
202,switch,pd_theta_2,23,60,33.641097216317,1.0,12.0,0.0,0
202,switch,pd_theta_4,0,60,42.025578537083355,0.9,3.0,0.0,4
202,switch,pd_theta_4,1,60,42.832981113049364,0.8666666666666667,10.5,0.0,6
202,switch,pd_theta_4,2,60,45.18304968173331,0.8666666666666667,16.5,0.0,7
202,switch,pd_theta_4,3,60,44.63179866323132,0.95,16.5,0.0,5
202,switch,pd_theta_4,4,60,45.832251550255556,0.95,20.5,0.0,6
202,switch,pd_theta_4,5,60,43.76560823987593,0.85,22.5,0.0,6
202,switch,pd_theta_4,6,60,41.62453316895806,0.9,19.0,0.0,4
202,switch,pd_theta_4,7,60,43.76450312067209,0.85,20.5,0.0,6
202,switch,pd_theta_4,8,60,43.763729199546454,0.85,20.0,0.0,6
202,switch,pd_theta_4,9,60,43.409838034399044,0.9333333333333333,18.0,0.0,4
202,switch,pd_theta_4,10,60,42.25252089065659,0.8833333333333333,20.5,0.0,4
202,switch,pd_theta_4,11,60,44.40484762740757,0.8833333333333333,19.5,0.0,6
202,switch,pd_theta_4,12,60,34.99094789803686,1.0,14.5,0.0,2
202,switch,pd_theta_4,13,60,33.841623265101624,1.0,11.0,0.0,1
202,switch,pd_theta_4,14,60,34.394726933634274,1.0,13.5,0.0,0
202,switch,pd_theta_4,15,60,34.43901436108124,1.0,15.0,0.0,0
202,switch,pd_theta_4,16,60,34.642676644567786,1.0,15.5,0.0,0
202,switch,pd_theta_4,17,60,33.59082529489504,1.0,15.0,0.0,0
202,switch,pd_theta_4,18,60,34.290149065964144,1.0,17.5,0.0,0
202,switch,pd_theta_4,19,60,33.7418601952449,1.0,19.5,0.0,0
202,switch,pd_theta_4,20,60,33.79360673867543,1.0,15.0,0.0,0
202,switch,pd_theta_4,21,60,34.03912924613551,1.0,19.0,0.0,0
202,switch,pd_theta_4,22,60,34.44390018212639,1.0,18.5,0.0,0
202,switch,pd_theta_4,23,60,33.64005671358264,1.0,20.5,0.0,0
202,switch,pd_theta_8,0,60,42.025578537083355,0.9,3.0,0.0,4
202,switch,pd_theta_8,1,60,42.832981113049364,0.8666666666666667,10.5,0.0,6
202,switch,pd_theta_8,2,60,45.18304968173331,0.8666666666666667,16.5,0.0,7
202,switch,pd_theta_8,3,60,44.63179866323132,0.95,16.5,0.0,5
202,switch,pd_theta_8,4,60,45.832251550255556,0.95,20.5,0.0,6
202,switch,pd_theta_8,5,60,43.76590791100699,0.85,24.5,0.0,6
202,switch,pd_theta_8,6,60,41.622974840545055,0.9,24.5,0.0,4
202,switch,pd_theta_8,7,60,43.764028979267266,0.85,28.5,0.0,6
202,switch,pd_theta_8,8,60,43.76337000142112,0.85,29.5,0.0,6
202,switch,pd_theta_8,9,60,43.51094115234004,0.9333333333333333,27.5,0.0,4
202,switch,pd_theta_8,10,60,42.352132653889875,0.8833333333333333,28.5,0.0,4
202,switch,pd_theta_8,11,60,44.502886881577645,0.8833333333333333,28.5,0.0,6
202,switch,pd_theta_8,12,60,34.47030036432919,0.9833333333333333,22.0,0.0,2
202,switch,pd_theta_8,13,60,33.401974184675446,0.9666666666666667,23.0,0.0,1
202,switch,pd_theta_8,14,60,34.79185844063259,1.0,23.5,0.0,0
202,switch,pd_theta_8,15,60,35.08967591041974,1.0,24.0,0.0,0
202,switch,pd_theta_8,16,60,35.040893670089204,1.0,25.5,0.0,0
202,switch,pd_theta_8,17,60,33.89085388276046,1.0,24.5,0.0,0
202,switch,pd_theta_8,18,60,34.789700697068604,1.0,25.5,0.0,0
202,switch,pd_theta_8,19,60,33.990751487049955,1.0,27.5,0.0,0
202,switch,pd_theta_8,20,60,33.79107683675657,1.0,24.0,0.0,0
202,switch,pd_theta_8,21,60,33.7401194789338,1.0,28.5,0.0,0
202,switch,pd_theta_8,22,60,34.292439345252774,1.0,32.0,0.0,0
202,switch,pd_theta_8,23,60,33.63948368766353,1.0,33.0,0.0,0
202,switch,pd_theta_16,0,60,42.025578537083355,0.9,3.0,0.0,4
202,switch,pd_theta_16,1,60,42.832981113049364,0.8666666666666667,10.5,0.0,6
202,switch,pd_theta_16,2,60,45.18304968173331,0.8666666666666667,16.5,0.0,7
202,switch,pd_theta_16,3,60,44.63179866323132,0.95,16.5,0.0,5
202,switch,pd_theta_16,4,60,45.832251550255556,0.95,20.5,0.0,6
202,switch,pd_theta_16,5,60,43.76590791100699,0.85,24.5,0.0,6
202,switch,pd_theta_16,6,60,41.622974840545055,0.9,24.5,0.0,4
202,switch,pd_theta_16,7,60,43.764028979267266,0.85,28.5,0.0,6
202,switch,pd_theta_16,8,60,43.76337000142112,0.85,29.5,0.0,6
202,switch,pd_theta_16,9,60,43.509723909604794,0.9333333333333333,29.5,0.0,4
202,switch,pd_theta_16,10,60,42.451885400407775,0.8833333333333333,32.0,0.0,4
202,switch,pd_theta_16,11,60,44.6025943586146,0.8833333333333333,34.5,0.0,6
202,switch,pd_theta_16,12,60,33.63248582177236,0.95,32.5,0.0,2
202,switch,pd_theta_16,13,60,33.602860606900265,0.9666666666666667,35.0,0.0,1
202,switch,pd_theta_16,14,60,35.09126167121586,1.0,37.5,0.0,0
202,switch,pd_theta_16,15,60,35.2406357687547,1.0,38.5,0.0,0
202,switch,pd_theta_16,16,60,35.39034796765227,1.0,42.0,0.0,0
202,switch,pd_theta_16,17,60,34.48972354873472,1.0,45.5,0.0,0
202,switch,pd_theta_16,18,60,35.238400709278,1.0,45.5,0.0,0
202,switch,pd_theta_16,19,60,34.389296182218914,1.0,46.0,0.0,0
202,switch,pd_theta_16,20,60,34.48953859149642,1.0,44.5,0.0,0
202,switch,pd_theta_16,21,60,34.94078359860454,1.0,43.5,0.0,0
202,switch,pd_theta_16,22,60,35.09306900677154,1.0,45.5,0.0,0
202,switch,pd_theta_16,23,60,33.94107933837758,1.0,47.0,0.0,0
202,switch,pd_history,0,60,42.025578537083355,0.9,3.0,0.0,4
202,switch,pd_history,1,60,42.832981113049364,0.8666666666666667,10.5,0.0,6
202,switch,pd_history,2,60,45.18304968173331,0.8666666666666667,16.5,0.0,7
202,switch,pd_history,3,60,44.682437701734514,0.95,14.5,0.0,5
202,switch,pd_history,4,60,45.83262228235952,0.95,15.5,0.0,6
202,switch,pd_history,5,60,43.61514514657662,0.85,15.5,0.0,6
202,switch,pd_history,6,60,41.37474788408687,0.9,12.0,0.0,4
202,switch,pd_history,7,60,43.71518453671594,0.85,15.0,0.0,6
202,switch,pd_history,8,60,43.76261644971467,0.85,16.0,0.0,6
202,switch,pd_history,9,60,42.912195241858186,0.9333333333333333,9.0,0.0,4
202,switch,pd_history,10,60,42.253411232657434,0.8833333333333333,14.0,0.0,4
202,switch,pd_history,11,60,44.35429018471096,0.8833333333333333,14.5,0.0,6
202,switch,pd_history,12,60,34.641386097188274,1.0,7.0,0.0,2
202,switch,pd_history,13,60,33.741664300210466,1.0,5.5,0.0,0
202,switch,pd_history,14,60,34.19556217453712,1.0,7.0,0.0,0
202,switch,pd_history,15,60,34.1400134283883,1.0,10.0,0.0,0
202,switch,pd_history,16,60,34.49084255349398,1.0,11.0,0.0,0
202,switch,pd_history,17,60,33.59064865706278,1.0,6.0,0.0,0
202,switch,pd_history,18,60,34.53962574856256,1.0,12.5,0.0,0
202,switch,pd_history,19,60,33.84281376216092,1.0,14.5,0.0,0
202,switch,pd_history,20,60,33.79193962859484,1.0,9.5,0.0,0
202,switch,pd_history,21,60,34.18978702198835,1.0,14.5,0.0,0
202,switch,pd_history,22,60,34.69466987103333,1.0,13.0,0.0,0
202,switch,pd_history,23,60,33.641097216317,1.0,12.0,0.0,0
202,switch,no_control_interpretation,0,60,50.54478763357378,1.0,3.0,0.0,10
202,switch,no_control_interpretation,1,60,54.19093473896559,1.0,10.5,0.0,14
202,switch,no_control_interpretation,2,60,56.54095413101815,1.0,16.5,0.0,15
202,switch,no_control_interpretation,3,60,48.9410576703213,1.0,14.5,0.0,8
202,switch,no_control_interpretation,4,60,50.09211780742278,1.0,15.5,0.0,9
202,switch,no_control_interpretation,5,60,56.393457526035746,1.0,15.5,0.0,15
202,switch,no_control_interpretation,6,60,49.8935013173648,1.0,12.0,0.0,10
202,switch,no_control_interpretation,7,60,56.49379716949553,1.0,15.0,0.0,15
202,switch,no_control_interpretation,8,60,56.54095425084527,1.0,16.0,0.0,15
202,switch,no_control_interpretation,9,60,48.59066018129338,1.0,9.0,0.0,8
202,switch,no_control_interpretation,10,60,52.19207050456513,1.0,14.0,0.0,11
202,switch,no_control_interpretation,11,60,54.291799686688755,1.0,14.5,0.0,13
202,switch,no_control_interpretation,12,60,34.641386097188274,1.0,7.0,0.0,2
202,switch,no_control_interpretation,13,60,33.741664300210466,1.0,5.5,0.0,0
202,switch,no_control_interpretation,14,60,34.19556217453712,1.0,7.0,0.0,0
202,switch,no_control_interpretation,15,60,34.1400134283883,1.0,10.0,0.0,0
202,switch,no_control_interpretation,16,60,34.49084255349398,1.0,11.0,0.0,0
202,switch,no_control_interpretation,17,60,33.59064865706278,1.0,6.0,0.0,0
202,switch,no_control_interpretation,18,60,34.53962574856256,1.0,12.5,0.0,0
202,switch,no_control_interpretation,19,60,33.84281376216092,1.0,14.5,0.0,0
202,switch,no_control_interpretation,20,60,33.79193962859484,1.0,9.5,0.0,0
202,switch,no_control_interpretation,21,60,34.18978702198835,1.0,14.5,0.0,0
202,switch,no_control_interpretation,22,60,34.69466987103333,1.0,13.0,0.0,0
202,switch,no_control_interpretation,23,60,33.641097216317,1.0,12.0,0.0,0
202,switch,no_pre_new_only,0,60,11.834097275471844,0.5333333333333333,0,0.0,0
202,switch,no_pre_new_only,1,60,10.72289221160857,0.48333333333333334,0,0.0,0
202,switch,no_pre_new_only,2,60,9.982844135282425,0.45,0,0.0,0
202,switch,no_pre_new_only,3,60,11.83316796264107,0.5333333333333333,0,0.0,0
202,switch,no_pre_new_only,4,60,11.831055848010445,0.5333333333333333,0,0.0,0
202,switch,no_pre_new_only,5,60,9.982901770907358,0.45,0,0.0,0
202,switch,no_pre_new_only,6,60,11.83289309278422,0.5333333333333333,0,0.0,0
202,switch,no_pre_new_only,7,60,9.983521494811233,0.45,0,0.0,0
202,switch,no_pre_new_only,8,60,9.985098936141258,0.45,0,0.0,0
202,switch,no_pre_new_only,9,60,11.832834805864227,0.5333333333333333,0,0.0,0
202,switch,no_pre_new_only,10,60,11.461423003661917,0.5166666666666667,0,0.0,0
202,switch,no_pre_new_only,11,60,10.72325614120782,0.48333333333333334,0,0.0,0
202,switch,no_pre_new_only,12,60,6.23704252045466,0.2,0,0.0,0
202,switch,no_pre_new_only,13,60,6.975411098523495,0.23333333333333334,0,0.0,0
202,switch,no_pre_new_only,14,60,6.23775295750942,0.2,0,0.0,0
202,switch,no_pre_new_only,15,60,6.23805088483328,0.2,0,0.0,0
202,switch,no_pre_new_only,16,60,6.237301804726538,0.2,0,0.0,0
202,switch,no_pre_new_only,17,60,6.97725256682119,0.23333333333333334,0,0.0,0
202,switch,no_pre_new_only,18,60,6.237574044522166,0.2,0,0.0,0
202,switch,no_pre_new_only,19,60,6.977089691320491,0.23333333333333334,0,0.0,0
202,switch,no_pre_new_only,20,60,6.237598487621865,0.2,0,0.0,0
202,switch,no_pre_new_only,21,60,6.978271395279345,0.23333333333333334,0,0.0,0
202,switch,no_pre_new_only,22,60,6.236497224010103,0.2,0,0.0,0
202,switch,no_pre_new_only,23,60,6.976533394010748,0.23333333333333334,0,0.0,0
202,switch,greedy_hard_cap,0,60,37.39855660506759,0.8333333333333334,13.5,0.0,0
202,switch,greedy_hard_cap,1,60,34.86794541474129,0.7666666666666667,15.0,0.0,0
202,switch,greedy_hard_cap,2,60,35.54868164388499,0.75,17.5,0.0,0
202,switch,greedy_hard_cap,3,60,38.13843186217188,0.8666666666666667,16.5,0.0,0
202,switch,greedy_hard_cap,4,60,37.76800648341832,0.85,16.0,0.0,0
202,switch,greedy_hard_cap,5,60,35.54879446216401,0.75,16.5,0.0,0
202,switch,greedy_hard_cap,6,60,36.34906941591034,0.8333333333333334,15.0,0.0,0
202,switch,greedy_hard_cap,7,60,35.54912970531836,0.75,16.0,0.0,0
202,switch,greedy_hard_cap,8,60,35.54876471491262,0.75,18.0,0.0,0
202,switch,greedy_hard_cap,9,60,38.13817921568989,0.8666666666666667,15.0,0.0,0
202,switch,greedy_hard_cap,10,60,37.028522194634604,0.8166666666666667,15.5,0.0,0
202,switch,greedy_hard_cap,11,60,36.288611654396895,0.7833333333333333,16.0,0.0,0
202,switch,greedy_hard_cap,12,60,35.798275313875216,1.0,14.5,0.0,0
202,switch,greedy_hard_cap,13,60,35.09883468057044,1.0,21.0,0.0,0
202,switch,greedy_hard_cap,14,60,35.5485234173995,1.0,22.5,0.0,0
202,switch,greedy_hard_cap,15,60,35.79767389200001,1.0,24.0,0.0,0
202,switch,greedy_hard_cap,16,60,35.899085432603876,1.0,22.0,0.0,0
202,switch,greedy_hard_cap,17,60,34.94974052911943,1.0,19.0,0.0,0
202,switch,greedy_hard_cap,18,60,35.79756316106353,1.0,18.5,0.0,0
202,switch,greedy_hard_cap,19,60,34.94863588464854,1.0,20.5,0.0,0
202,switch,greedy_hard_cap,20,60,34.949770422412115,1.0,20.5,0.0,0
202,switch,greedy_hard_cap,21,60,35.947930526553975,1.0,22.0,0.0,0
202,switch,greedy_hard_cap,22,60,36.049022430829616,1.0,18.0,0.0,0
202,switch,greedy_hard_cap,23,60,34.79975744046933,1.0,18.0,0.0,0
203,high_tight,pd_theta_2,0,60,44.324746281873686,0.9,5.0,0.0,6
203,high_tight,pd_theta_2,1,60,46.31404313826444,0.9333333333333333,10.5,0.0,7
203,high_tight,pd_theta_2,2,60,46.91452174381004,0.85,16.5,0.0,9
203,high_tight,pd_theta_2,3,60,41.13257630212282,0.95,9.0,0.0,2
203,high_tight,pd_theta_2,4,60,45.775691418103605,0.9,14.0,0.0,7
203,high_tight,pd_theta_2,5,60,45.09304283790678,0.9166666666666666,14.5,0.0,6
203,high_tight,pd_theta_2,6,60,47.620726767242196,0.9833333333333333,14.0,0.0,7
203,high_tight,pd_theta_2,7,60,43.66287416558971,0.85,14.5,0.0,6
203,high_tight,pd_theta_2,8,60,42.011746400296545,0.9333333333333333,11.0,0.0,3
203,high_tight,pd_theta_2,9,60,43.02149699263182,0.8166666666666667,15.0,0.0,6
203,high_tight,pd_theta_2,10,60,44.58324110599896,0.95,12.0,0.0,5
203,high_tight,pd_theta_2,11,60,46.60360882658702,0.8833333333333333,16.0,0.0,8
203,high_tight,pd_theta_2,12,60,45.83345089817922,0.95,14.0,0.0,6
203,high_tight,pd_theta_2,13,60,42.61432760751588,0.85,13.5,0.0,5
203,high_tight,pd_theta_2,14,60,45.400413955544806,0.8833333333333333,13.5,0.0,7
203,high_tight,pd_theta_2,15,60,42.99649529736387,0.9166666666666666,14.0,0.0,4
203,high_tight,pd_theta_2,16,60,40.09338784557332,0.8333333333333334,13.5,0.0,3
203,high_tight,pd_theta_2,17,60,45.3633550804491,0.9333333333333333,12.5,0.0,6
203,high_tight,pd_theta_2,18,60,45.0825084136501,0.8666666666666667,15.0,0.0,7
203,high_tight,pd_theta_2,19,60,39.951637135895524,0.8833333333333333,12.5,0.0,3
203,high_tight,pd_theta_2,20,60,43.295073864215375,0.8333333333333334,15.0,0.0,6
203,high_tight,pd_theta_2,21,60,44.65154802529499,0.9666666666666667,9.0,0.0,5
203,high_tight,pd_theta_2,22,60,41.20373580928749,0.8833333333333333,14.0,0.0,3
203,high_tight,pd_theta_2,23,60,44.4042421100171,0.8833333333333333,15.5,0.0,6
203,high_tight,pd_theta_4,0,60,44.324746281873686,0.9,5.0,0.0,6
203,high_tight,pd_theta_4,1,60,46.31404313826444,0.9333333333333333,10.5,0.0,7
203,high_tight,pd_theta_4,2,60,46.91452174381004,0.85,16.5,0.0,9
203,high_tight,pd_theta_4,3,60,41.43210116345224,0.95,14.5,0.0,2
203,high_tight,pd_theta_4,4,60,45.87604563830698,0.9,21.0,0.0,7
203,high_tight,pd_theta_4,5,60,45.1422989060275,0.9166666666666666,19.5,0.0,6
203,high_tight,pd_theta_4,6,60,47.52214504371992,0.9833333333333333,18.0,0.0,7
203,high_tight,pd_theta_4,7,60,43.71327657942729,0.85,20.0,0.0,6
203,high_tight,pd_theta_4,8,60,42.310185588508844,0.9333333333333333,17.0,0.0,3
203,high_tight,pd_theta_4,9,60,43.02301827470793,0.8166666666666667,19.5,0.0,6
203,high_tight,pd_theta_4,10,60,44.68314060292916,0.95,16.0,0.0,5
203,high_tight,pd_theta_4,11,60,46.555791862580875,0.8833333333333333,19.5,0.0,8
203,high_tight,pd_theta_4,12,60,45.833706369975395,0.95,18.5,0.0,6
203,high_tight,pd_theta_4,13,60,42.7142273081415,0.85,19.5,0.0,5
203,high_tight,pd_theta_4,14,60,45.502396386762925,0.8833333333333333,21.0,0.0,7
203,high_tight,pd_theta_4,15,60,42.89611709009169,0.9166666666666666,17.0,0.0,4
203,high_tight,pd_theta_4,16,60,40.094560411680135,0.8333333333333334,18.5,0.0,3
203,high_tight,pd_theta_4,17,60,45.462293883798424,0.9333333333333333,18.0,0.0,6
203,high_tight,pd_theta_4,18,60,45.08288040969665,0.8666666666666667,18.5,0.0,7
203,high_tight,pd_theta_4,19,60,40.151202272813336,0.8833333333333333,16.5,0.0,3
203,high_tight,pd_theta_4,20,60,43.39461828406544,0.8333333333333334,20.5,0.0,6
203,high_tight,pd_theta_4,21,60,45.10093161938158,0.9666666666666667,17.0,0.0,5
203,high_tight,pd_theta_4,22,60,41.20081956777642,0.8833333333333333,19.0,0.0,3
203,high_tight,pd_theta_4,23,60,44.4538707750563,0.8833333333333333,21.5,0.0,6
203,high_tight,pd_theta_8,0,60,44.324746281873686,0.9,5.0,0.0,6
203,high_tight,pd_theta_8,1,60,46.31404313826444,0.9333333333333333,10.5,0.0,7
203,high_tight,pd_theta_8,2,60,46.91452174381004,0.85,16.5,0.0,9
203,high_tight,pd_theta_8,3,60,41.43210116345224,0.95,14.5,0.0,2
203,high_tight,pd_theta_8,4,60,45.87604563830698,0.9,21.0,0.0,7
203,high_tight,pd_theta_8,5,60,45.141711008489835,0.9166666666666666,22.5,0.0,6
203,high_tight,pd_theta_8,6,60,47.62127868594195,0.9833333333333333,23.0,0.0,7
203,high_tight,pd_theta_8,7,60,43.763276579427284,0.85,27.5,0.0,6
203,high_tight,pd_theta_8,8,60,42.36174053979437,0.9333333333333333,26.0,0.0,3
203,high_tight,pd_theta_8,9,60,43.12322382013454,0.8166666666666667,30.0,0.0,6
203,high_tight,pd_theta_8,10,60,44.88287479365018,0.95,26.0,0.0,5
203,high_tight,pd_theta_8,11,60,46.603807714898544,0.8833333333333333,28.5,0.0,8
203,high_tight,pd_theta_8,12,60,45.88213484818798,0.95,25.5,0.0,6
203,high_tight,pd_theta_8,13,60,42.714636373922694,0.85,27.5,0.0,5
203,high_tight,pd_theta_8,14,60,45.55259241335405,0.8833333333333333,27.0,0.0,7
203,high_tight,pd_theta_8,15,60,43.144529545272434,0.9166666666666666,26.0,0.0,4
203,high_tight,pd_theta_8,16,60,40.24342623877375,0.8333333333333334,27.5,0.0,3
203,high_tight,pd_theta_8,17,60,45.462295840203815,0.9333333333333333,24.5,0.0,6
203,high_tight,pd_theta_8,18,60,45.18351357596401,0.8666666666666667,27.0,0.0,7
203,high_tight,pd_theta_8,19,60,40.15176830734013,0.8833333333333333,24.0,0.0,3
203,high_tight,pd_theta_8,20,60,43.44543914117491,0.8333333333333334,27.0,0.0,6
203,high_tight,pd_theta_8,21,60,45.2012712838109,0.9666666666666667,22.5,0.0,5
203,high_tight,pd_theta_8,22,60,41.2511548003309,0.8833333333333333,25.0,0.0,3
203,high_tight,pd_theta_8,23,60,44.50375402129271,0.8833333333333333,26.5,0.0,6
203,high_tight,pd_theta_16,0,60,44.324746281873686,0.9,5.0,0.0,6
203,high_tight,pd_theta_16,1,60,46.31404313826444,0.9333333333333333,10.5,0.0,7
203,high_tight,pd_theta_16,2,60,46.91452174381004,0.85,16.5,0.0,9
203,high_tight,pd_theta_16,3,60,41.43210116345224,0.95,14.5,0.0,2
203,high_tight,pd_theta_16,4,60,45.87604563830698,0.9,21.0,0.0,7
203,high_tight,pd_theta_16,5,60,45.141711008489835,0.9166666666666666,22.5,0.0,6
203,high_tight,pd_theta_16,6,60,47.62127868594195,0.9833333333333333,23.0,0.0,7
203,high_tight,pd_theta_16,7,60,43.763276579427284,0.85,27.5,0.0,6
203,high_tight,pd_theta_16,8,60,42.36174053979437,0.9333333333333333,26.0,0.0,3
203,high_tight,pd_theta_16,9,60,43.12331228718157,0.8166666666666667,31.0,0.0,6
203,high_tight,pd_theta_16,10,60,44.88346140562291,0.95,29.0,0.0,5
203,high_tight,pd_theta_16,11,60,46.65392442814813,0.8833333333333333,33.5,0.0,8
203,high_tight,pd_theta_16,12,60,45.88395243374233,0.95,32.5,0.0,6
203,high_tight,pd_theta_16,13,60,42.714636373922694,0.85,36.5,0.0,5
203,high_tight,pd_theta_16,14,60,45.70218875321321,0.8833333333333333,39.0,0.0,7
203,high_tight,pd_theta_16,15,60,43.295751906638486,0.9166666666666666,37.5,0.0,4
203,high_tight,pd_theta_16,16,60,40.44301767856374,0.8333333333333334,40.5,0.0,3
203,high_tight,pd_theta_16,17,60,45.86198722853855,0.9333333333333333,41.0,0.0,6
203,high_tight,pd_theta_16,18,60,45.38381311653728,0.8666666666666667,41.5,0.0,7
203,high_tight,pd_theta_16,19,60,40.40174342555286,0.8833333333333333,39.5,0.0,3
203,high_tight,pd_theta_16,20,60,43.694737334782836,0.8333333333333334,41.5,0.0,6
203,high_tight,pd_theta_16,21,60,45.30124946797387,0.9666666666666667,37.0,0.0,5
203,high_tight,pd_theta_16,22,60,41.501555109568805,0.8833333333333333,38.0,0.0,3
203,high_tight,pd_theta_16,23,60,44.60346053358792,0.8833333333333333,38.5,0.0,6
203,high_tight,pd_history,0,60,44.324746281873686,0.9,5.0,0.0,6
203,high_tight,pd_history,1,60,46.31404313826444,0.9333333333333333,10.5,0.0,7
203,high_tight,pd_history,2,60,46.91452174381004,0.85,16.5,0.0,9
203,high_tight,pd_history,3,60,41.13257630212282,0.95,9.0,0.0,2
203,high_tight,pd_history,4,60,45.775691418103605,0.9,14.0,0.0,7
203,high_tight,pd_history,5,60,45.09304283790678,0.9166666666666666,14.5,0.0,6
203,high_tight,pd_history,6,60,47.620726767242196,0.9833333333333333,14.0,0.0,7
203,high_tight,pd_history,7,60,43.66287416558971,0.85,14.5,0.0,6
203,high_tight,pd_history,8,60,42.011746400296545,0.9333333333333333,11.0,0.0,3
203,high_tight,pd_history,9,60,43.02149699263182,0.8166666666666667,15.0,0.0,6
203,high_tight,pd_history,10,60,44.58324110599896,0.95,12.0,0.0,5
203,high_tight,pd_history,11,60,46.60360882658702,0.8833333333333333,16.0,0.0,8
203,high_tight,pd_history,12,60,45.83345089817922,0.95,14.0,0.0,6
203,high_tight,pd_history,13,60,42.61432760751588,0.85,13.5,0.0,5
203,high_tight,pd_history,14,60,45.400413955544806,0.8833333333333333,13.5,0.0,7
203,high_tight,pd_history,15,60,42.99649529736387,0.9166666666666666,14.0,0.0,4
203,high_tight,pd_history,16,60,40.09338784557332,0.8333333333333334,13.5,0.0,3
203,high_tight,pd_history,17,60,45.3633550804491,0.9333333333333333,12.5,0.0,6
203,high_tight,pd_history,18,60,45.0825084136501,0.8666666666666667,15.0,0.0,7
203,high_tight,pd_history,19,60,39.951637135895524,0.8833333333333333,12.5,0.0,3
203,high_tight,pd_history,20,60,43.295073864215375,0.8333333333333334,15.0,0.0,6
203,high_tight,pd_history,21,60,44.65154802529499,0.9666666666666667,9.0,0.0,5
203,high_tight,pd_history,22,60,41.20373580928749,0.8833333333333333,14.0,0.0,3
203,high_tight,pd_history,23,60,44.4042421100171,0.8833333333333333,15.5,0.0,6
203,high_tight,no_control_interpretation,0,60,52.84346393560786,1.0,5.0,0.0,12
203,high_tight,no_control_interpretation,1,60,51.99331097031005,1.0,10.5,0.0,11
203,high_tight,no_control_interpretation,2,60,59.69325538268657,1.0,16.5,0.0,18
203,high_tight,no_control_interpretation,3,60,45.39181566102527,1.0,9.0,0.0,5
203,high_tight,no_control_interpretation,4,60,54.294609645048745,1.0,14.0,0.0,13
203,high_tight,no_control_interpretation,5,60,52.19171530882231,1.0,14.5,0.0,11
203,high_tight,no_control_interpretation,6,60,49.04045534106965,1.0,14.0,0.0,8
203,high_tight,no_control_interpretation,7,60,56.43952847135447,1.0,14.5,0.0,15
203,high_tight,no_control_interpretation,8,60,47.69106581219134,1.0,11.0,0.0,7
203,high_tight,no_control_interpretation,9,60,58.639241697692306,1.0,15.0,0.0,17
203,high_tight,no_control_interpretation,10,60,48.84278313365529,1.0,12.0,0.0,8
203,high_tight,no_control_interpretation,11,60,56.54112843405443,1.0,16.0,0.0,15
203,high_tight,no_control_interpretation,12,60,50.09274692099677,1.0,14.0,0.0,9
203,high_tight,no_control_interpretation,13,60,55.392532444175686,1.0,13.5,0.0,14
203,high_tight,no_control_interpretation,14,60,55.33885247410486,1.0,13.5,0.0,14
203,high_tight,no_control_interpretation,15,60,50.09541847785989,1.0,14.0,0.0,9
203,high_tight,no_control_interpretation,16,60,54.291854297064674,1.0,13.5,0.0,13
203,high_tight,no_control_interpretation,17,60,51.04229212183792,1.0,12.5,0.0,10
203,high_tight,no_control_interpretation,18,60,56.44153353394782,1.0,15.0,0.0,15
203,high_tight,no_control_interpretation,19,60,49.88858667501456,1.0,12.5,0.0,10
203,high_tight,no_control_interpretation,20,60,57.49348116128203,1.0,15.0,0.0,16
203,high_tight,no_control_interpretation,21,60,47.49093104392968,1.0,9.0,0.0,7
203,high_tight,no_control_interpretation,22,60,51.141618749993135,1.0,14.0,0.0,10
203,high_tight,no_control_interpretation,23,60,54.34338630154719,1.0,15.5,0.0,13
203,high_tight,no_pre_new_only,0,60,11.091557648364153,0.5,0,0.0,0
203,high_tight,no_pre_new_only,1,60,11.464173707377421,0.5166666666666667,0,0.0,0
203,high_tight,no_pre_new_only,2,60,8.872350385264717,0.4,0,0.0,0
203,high_tight,no_pre_new_only,3,60,11.829361122132907,0.5333333333333333,0,0.0,0
203,high_tight,no_pre_new_only,4,60,10.72344776864788,0.48333333333333334,0,0.0,0
203,high_tight,no_pre_new_only,5,60,11.46169688967645,0.5166666666666667,0,0.0,0
203,high_tight,no_pre_new_only,6,60,11.833742764527846,0.5333333333333333,0,0.0,0
203,high_tight,no_pre_new_only,7,60,9.982879673308574,0.45,0,0.0,0
203,high_tight,no_pre_new_only,8,60,11.831798188953636,0.5333333333333333,0,0.0,0
203,high_tight,no_pre_new_only,9,60,9.243570293690418,0.4166666666666667,0,0.0,0
203,high_tight,no_pre_new_only,10,60,11.830904919017707,0.5333333333333333,0,0.0,0
203,high_tight,no_pre_new_only,11,60,9.98264665593777,0.45,0,0.0,0
203,high_tight,no_pre_new_only,12,60,11.831510533952859,0.5333333333333333,0,0.0,0
203,high_tight,no_pre_new_only,13,60,10.354589508287429,0.4666666666666667,0,0.0,0
203,high_tight,no_pre_new_only,14,60,10.350896273064503,0.4666666666666667,0,0.0,0
203,high_tight,no_pre_new_only,15,60,11.83259247741504,0.5333333333333333,0,0.0,0
203,high_tight,no_pre_new_only,16,60,10.720724708549152,0.48333333333333334,0,0.0,0
203,high_tight,no_pre_new_only,17,60,11.831287954599938,0.5333333333333333,0,0.0,0
203,high_tight,no_pre_new_only,18,60,9.98300431939895,0.45,0,0.0,0
203,high_tight,no_pre_new_only,19,60,11.834582417026853,0.5333333333333333,0,0.0,0
203,high_tight,no_pre_new_only,20,60,9.614628015743445,0.43333333333333335,0,0.0,0
203,high_tight,no_pre_new_only,21,60,11.831343980028384,0.5333333333333333,0,0.0,0
203,high_tight,no_pre_new_only,22,60,11.832388070602923,0.5333333333333333,0,0.0,0
203,high_tight,no_pre_new_only,23,60,10.72234350805291,0.48333333333333334,0,0.0,0
203,high_tight,greedy_hard_cap,0,60,36.65853537152635,0.8,13.5,0.0,0
203,high_tight,greedy_hard_cap,1,60,37.027467993845256,0.8166666666666667,15.5,0.0,0
203,high_tight,greedy_hard_cap,2,60,34.438366296606354,0.7,18.0,0.0,0
203,high_tight,greedy_hard_cap,3,60,39.247789188792844,0.9166666666666666,15.0,0.0,0
203,high_tight,greedy_hard_cap,4,60,36.28815039445173,0.7833333333333333,16.5,0.0,0
203,high_tight,greedy_hard_cap,5,60,37.02891426569575,0.8166666666666667,17.5,0.0,0
203,high_tight,greedy_hard_cap,6,60,38.13847191715851,0.8666666666666667,17.0,0.0,0
203,high_tight,greedy_hard_cap,7,60,35.54790831556105,0.75,19.5,0.0,0
203,high_tight,greedy_hard_cap,8,60,38.50703680738931,0.8833333333333333,17.5,0.0,0
203,high_tight,greedy_hard_cap,9,60,34.8067630852117,0.7166666666666667,18.0,0.0,0
203,high_tight,greedy_hard_cap,10,60,38.139160929777766,0.8666666666666667,16.0,0.0,0
203,high_tight,greedy_hard_cap,11,60,35.548416267142,0.75,18.5,0.0,0
203,high_tight,greedy_hard_cap,12,60,37.76833183486838,0.85,17.5,0.0,0
203,high_tight,greedy_hard_cap,13,60,35.91814613084825,0.7666666666666667,16.0,0.0,0
203,high_tight,greedy_hard_cap,14,60,35.91826377345818,0.7666666666666667,16.5,0.0,0
203,high_tight,greedy_hard_cap,15,60,37.76876583904063,0.85,15.0,0.0,0
203,high_tight,greedy_hard_cap,16,60,36.288258411897274,0.7833333333333333,15.5,0.0,0
203,high_tight,greedy_hard_cap,17,60,37.39774840780996,0.8333333333333334,15.0,0.0,0
203,high_tight,greedy_hard_cap,18,60,35.547524898100754,0.75,16.0,0.0,0
203,high_tight,greedy_hard_cap,19,60,36.34865118384808,0.8333333333333334,15.5,0.0,0
203,high_tight,greedy_hard_cap,20,60,35.178757421166836,0.7333333333333333,16.0,0.0,0
203,high_tight,greedy_hard_cap,21,60,38.508098790446624,0.8833333333333333,16.0,0.0,0
203,high_tight,greedy_hard_cap,22,60,37.39798324861485,0.8333333333333334,16.0,0.0,0
203,high_tight,greedy_hard_cap,23,60,36.28870157838438,0.7833333333333333,16.0,0.0,0
203,high_loose,pd_theta_2,0,60,33.971479797555375,0.9833333333333333,2.0,0.0,2
203,high_loose,pd_theta_2,1,60,34.042418635139946,1.0,4.0,0.0,0
203,high_loose,pd_theta_2,2,60,33.7915362617238,1.0,7.0,0.0,0
203,high_loose,pd_theta_2,3,60,34.13780285321296,1.0,11.5,0.0,0
203,high_loose,pd_theta_2,4,60,34.2925876744375,1.0,12.0,0.0,0
203,high_loose,pd_theta_2,5,60,34.19145686004636,1.0,9.0,0.0,0
203,high_loose,pd_theta_2,6,60,34.7923426204121,1.0,10.0,0.0,0
203,high_loose,pd_theta_2,7,60,33.487773097425006,1.0,10.0,0.0,0
203,high_loose,pd_theta_2,8,60,34.94188156959263,1.0,12.5,0.0,0
203,high_loose,pd_theta_2,9,60,33.98775803835091,1.0,12.5,0.0,0
203,high_loose,pd_theta_2,10,60,34.84284491341013,1.0,11.0,0.0,0
203,high_loose,pd_theta_2,11,60,33.64341551185971,1.0,13.5,0.0,0
203,high_loose,pd_theta_2,12,60,34.441456305229,1.0,10.5,0.0,0
203,high_loose,pd_theta_2,13,60,33.39150516648843,1.0,7.5,0.0,0
203,high_loose,pd_theta_2,14,60,34.19052277941928,1.0,10.5,0.0,0
203,high_loose,pd_theta_2,15,60,34.09179117823738,1.0,10.5,0.0,0
203,high_loose,pd_theta_2,16,60,34.33837559426896,1.0,12.5,0.0,0
203,high_loose,pd_theta_2,17,60,34.04100414096243,1.0,10.5,0.0,0
203,high_loose,pd_theta_2,18,60,33.992591551577725,1.0,11.0,0.0,0
203,high_loose,pd_theta_2,19,60,34.590657361721426,1.0,14.0,0.0,0
203,high_loose,pd_theta_2,20,60,33.938942034044096,1.0,13.0,0.0,0
203,high_loose,pd_theta_2,21,60,33.943502135280525,1.0,11.0,0.0,0
203,high_loose,pd_theta_2,22,60,34.64128450509105,1.0,11.0,0.0,0
203,high_loose,pd_theta_2,23,60,33.79091632963051,1.0,11.0,0.0,0
203,high_loose,pd_theta_4,0,60,33.971479797555375,0.9833333333333333,2.0,0.0,2
203,high_loose,pd_theta_4,1,60,34.042418635139946,1.0,4.0,0.0,0
203,high_loose,pd_theta_4,2,60,33.7915362617238,1.0,7.0,0.0,0
203,high_loose,pd_theta_4,3,60,34.13780285321296,1.0,11.5,0.0,0
203,high_loose,pd_theta_4,4,60,34.29334874239111,1.0,15.5,0.0,0
203,high_loose,pd_theta_4,5,60,34.191670348644195,1.0,17.5,0.0,0
203,high_loose,pd_theta_4,6,60,34.74146595068624,1.0,18.0,0.0,0
203,high_loose,pd_theta_4,7,60,33.48697757761634,1.0,17.0,0.0,0
203,high_loose,pd_theta_4,8,60,34.74206020115737,1.0,15.5,0.0,0
203,high_loose,pd_theta_4,9,60,33.988262039233554,1.0,17.5,0.0,0
203,high_loose,pd_theta_4,10,60,34.84174102929913,1.0,19.5,0.0,0
203,high_loose,pd_theta_4,11,60,33.64187669864401,1.0,19.0,0.0,0
203,high_loose,pd_theta_4,12,60,34.43934984923233,1.0,17.5,0.0,0
203,high_loose,pd_theta_4,13,60,33.39172544462431,1.0,15.5,0.0,0
203,high_loose,pd_theta_4,14,60,34.34206040934209,1.0,17.0,0.0,0
203,high_loose,pd_theta_4,15,60,34.09206725621449,1.0,17.0,0.0,0
203,high_loose,pd_theta_4,16,60,34.388333154602485,1.0,17.5,0.0,0
203,high_loose,pd_theta_4,17,60,34.0406815892809,1.0,16.0,0.0,0
203,high_loose,pd_theta_4,18,60,34.09142175253292,1.0,17.0,0.0,0
203,high_loose,pd_theta_4,19,60,34.64006389737364,1.0,17.5,0.0,0
203,high_loose,pd_theta_4,20,60,34.03948274859652,1.0,21.5,0.0,0
203,high_loose,pd_theta_4,21,60,34.09036319907588,1.0,22.0,0.0,0
203,high_loose,pd_theta_4,22,60,34.341704603276774,1.0,19.5,0.0,0
203,high_loose,pd_theta_4,23,60,33.64284449485011,1.0,18.5,0.0,0
203,high_loose,pd_theta_8,0,60,33.971479797555375,0.9833333333333333,2.0,0.0,2
203,high_loose,pd_theta_8,1,60,34.042418635139946,1.0,4.0,0.0,0
203,high_loose,pd_theta_8,2,60,33.7915362617238,1.0,7.0,0.0,0
203,high_loose,pd_theta_8,3,60,34.13780285321296,1.0,11.5,0.0,0
203,high_loose,pd_theta_8,4,60,34.29334874239111,1.0,15.5,0.0,0
203,high_loose,pd_theta_8,5,60,34.191670348644195,1.0,17.5,0.0,0
203,high_loose,pd_theta_8,6,60,34.74123138102151,1.0,21.5,0.0,0
203,high_loose,pd_theta_8,7,60,33.48894700105582,1.0,24.5,0.0,0
203,high_loose,pd_theta_8,8,60,34.34122083728208,1.0,26.5,0.0,0
203,high_loose,pd_theta_8,9,60,33.98976028245803,1.0,32.5,0.0,0
203,high_loose,pd_theta_8,10,60,34.3399276445177,1.0,30.5,0.0,0
203,high_loose,pd_theta_8,11,60,33.642551935391175,1.0,31.5,0.0,0
203,high_loose,pd_theta_8,12,60,34.44145036833832,1.0,31.0,0.0,0
203,high_loose,pd_theta_8,13,60,33.49117188653396,1.0,30.5,0.0,0
203,high_loose,pd_theta_8,14,60,34.191066837345964,1.0,31.0,0.0,0
203,high_loose,pd_theta_8,15,60,33.99290161998894,1.0,32.0,0.0,0
203,high_loose,pd_theta_8,16,60,34.38970790047091,1.0,32.5,0.0,0
203,high_loose,pd_theta_8,17,60,33.89016653919341,1.0,30.0,0.0,0
203,high_loose,pd_theta_8,18,60,34.0919383338699,1.0,29.5,0.0,0
203,high_loose,pd_theta_8,19,60,34.64012160379503,1.0,32.0,0.0,0
203,high_loose,pd_theta_8,20,60,34.039346452281464,1.0,34.0,0.0,0
203,high_loose,pd_theta_8,21,60,33.94049331456898,1.0,33.0,0.0,0
203,high_loose,pd_theta_8,22,60,34.19082149180052,1.0,32.5,0.0,0
203,high_loose,pd_theta_8,23,60,33.793538465135114,1.0,34.0,0.0,0
203,high_loose,pd_theta_16,0,60,33.971479797555375,0.9833333333333333,2.0,0.0,2
203,high_loose,pd_theta_16,1,60,34.042418635139946,1.0,4.0,0.0,0
203,high_loose,pd_theta_16,2,60,33.7915362617238,1.0,7.0,0.0,0
203,high_loose,pd_theta_16,3,60,34.13780285321296,1.0,11.5,0.0,0
203,high_loose,pd_theta_16,4,60,34.29334874239111,1.0,15.5,0.0,0
203,high_loose,pd_theta_16,5,60,34.191670348644195,1.0,17.5,0.0,0
203,high_loose,pd_theta_16,6,60,34.74123138102151,1.0,21.5,0.0,0
203,high_loose,pd_theta_16,7,60,33.48894700105582,1.0,24.5,0.0,0
203,high_loose,pd_theta_16,8,60,34.34122083728208,1.0,26.5,0.0,0
203,high_loose,pd_theta_16,9,60,33.98976028245803,1.0,32.5,0.0,0
203,high_loose,pd_theta_16,10,60,34.34094414316937,1.0,34.0,0.0,0
203,high_loose,pd_theta_16,11,60,33.64207480045347,1.0,38.0,0.0,0
203,high_loose,pd_theta_16,12,60,34.44118688098027,1.0,40.0,0.0,0
203,high_loose,pd_theta_16,13,60,33.490931436860315,1.0,43.5,0.0,0
203,high_loose,pd_theta_16,14,60,34.19076505711073,1.0,46.5,0.0,0
203,high_loose,pd_theta_16,15,60,33.84174829022523,1.0,50.5,0.0,0
203,high_loose,pd_theta_16,16,60,34.33793056036135,1.0,54.5,0.0,0
203,high_loose,pd_theta_16,17,60,33.73875606250751,1.0,54.5,0.0,0
203,high_loose,pd_theta_16,18,60,33.94303731006603,1.0,55.0,0.5,0
203,high_loose,pd_theta_16,19,60,34.33977836491809,1.0,55.0,0.5,0
203,high_loose,pd_theta_16,20,60,33.94046651661855,1.0,55.5,0.0,0
203,high_loose,pd_theta_16,21,60,33.28978993229397,1.0,56.5,0.0,0
203,high_loose,pd_theta_16,22,60,34.19086311063462,1.0,54.5,0.0,0
203,high_loose,pd_theta_16,23,60,33.291543493504875,1.0,57.5,0.0,0
203,high_loose,pd_history,0,60,33.971479797555375,0.9833333333333333,2.0,0.0,2
203,high_loose,pd_history,1,60,34.042418635139946,1.0,4.0,0.0,0
203,high_loose,pd_history,2,60,33.7915362617238,1.0,7.0,0.0,0
203,high_loose,pd_history,3,60,34.13780285321296,1.0,11.5,0.0,0
203,high_loose,pd_history,4,60,34.2925876744375,1.0,12.0,0.0,0
203,high_loose,pd_history,5,60,34.19145686004636,1.0,9.0,0.0,0
203,high_loose,pd_history,6,60,34.7923426204121,1.0,10.0,0.0,0
203,high_loose,pd_history,7,60,33.487773097425006,1.0,10.0,0.0,0
203,high_loose,pd_history,8,60,34.94188156959263,1.0,12.5,0.0,0
203,high_loose,pd_history,9,60,33.98775803835091,1.0,12.5,0.0,0
203,high_loose,pd_history,10,60,34.84284491341013,1.0,11.0,0.0,0
203,high_loose,pd_history,11,60,33.64341551185971,1.0,13.5,0.0,0
203,high_loose,pd_history,12,60,34.441456305229,1.0,10.5,0.0,0
203,high_loose,pd_history,13,60,33.39150516648843,1.0,7.5,0.0,0
203,high_loose,pd_history,14,60,34.19052277941928,1.0,10.5,0.0,0
203,high_loose,pd_history,15,60,34.09179117823738,1.0,10.5,0.0,0
203,high_loose,pd_history,16,60,34.33837559426896,1.0,12.5,0.0,0
203,high_loose,pd_history,17,60,34.04100414096243,1.0,10.5,0.0,0
203,high_loose,pd_history,18,60,33.992591551577725,1.0,11.0,0.0,0
203,high_loose,pd_history,19,60,34.590657361721426,1.0,14.0,0.0,0
203,high_loose,pd_history,20,60,33.938942034044096,1.0,13.0,0.0,0
203,high_loose,pd_history,21,60,33.943502135280525,1.0,11.0,0.0,0
203,high_loose,pd_history,22,60,34.64128450509105,1.0,11.0,0.0,0
203,high_loose,pd_history,23,60,33.79091632963051,1.0,11.0,0.0,0
203,high_loose,no_control_interpretation,0,60,34.49147333890984,1.0,2.0,0.0,3
203,high_loose,no_control_interpretation,1,60,34.042418635139946,1.0,4.0,0.0,0
203,high_loose,no_control_interpretation,2,60,33.7915362617238,1.0,7.0,0.0,0
203,high_loose,no_control_interpretation,3,60,34.13780285321296,1.0,11.5,0.0,0
203,high_loose,no_control_interpretation,4,60,34.2925876744375,1.0,12.0,0.0,0
203,high_loose,no_control_interpretation,5,60,34.19145686004636,1.0,9.0,0.0,0
203,high_loose,no_control_interpretation,6,60,34.7923426204121,1.0,10.0,0.0,0
203,high_loose,no_control_interpretation,7,60,33.487773097425006,1.0,10.0,0.0,0
203,high_loose,no_control_interpretation,8,60,34.94188156959263,1.0,12.5,0.0,0
203,high_loose,no_control_interpretation,9,60,33.98775803835091,1.0,12.5,0.0,0
203,high_loose,no_control_interpretation,10,60,34.84284491341013,1.0,11.0,0.0,0
203,high_loose,no_control_interpretation,11,60,33.64341551185971,1.0,13.5,0.0,0
203,high_loose,no_control_interpretation,12,60,34.441456305229,1.0,10.5,0.0,0
203,high_loose,no_control_interpretation,13,60,33.39150516648843,1.0,7.5,0.0,0
203,high_loose,no_control_interpretation,14,60,34.19052277941928,1.0,10.5,0.0,0
203,high_loose,no_control_interpretation,15,60,34.09179117823738,1.0,10.5,0.0,0
203,high_loose,no_control_interpretation,16,60,34.33837559426896,1.0,12.5,0.0,0
203,high_loose,no_control_interpretation,17,60,34.04100414096243,1.0,10.5,0.0,0
203,high_loose,no_control_interpretation,18,60,33.992591551577725,1.0,11.0,0.0,0
203,high_loose,no_control_interpretation,19,60,34.590657361721426,1.0,14.0,0.0,0
203,high_loose,no_control_interpretation,20,60,33.938942034044096,1.0,13.0,0.0,0
203,high_loose,no_control_interpretation,21,60,33.943502135280525,1.0,11.0,0.0,0
203,high_loose,no_control_interpretation,22,60,34.64128450509105,1.0,11.0,0.0,0
203,high_loose,no_control_interpretation,23,60,33.79091632963051,1.0,11.0,0.0,0
203,high_loose,no_pre_new_only,0,60,6.238081781636634,0.2,0,0.0,0
203,high_loose,no_pre_new_only,1,60,6.976053872322938,0.23333333333333334,0,0.0,0
203,high_loose,no_pre_new_only,2,60,6.237027107206149,0.2,0,0.0,0
203,high_loose,no_pre_new_only,3,60,6.977492603139318,0.23333333333333334,0,0.0,0
203,high_loose,no_pre_new_only,4,60,6.236803539424779,0.2,0,0.0,0
203,high_loose,no_pre_new_only,5,60,6.238318937242645,0.2,0,0.0,0
203,high_loose,no_pre_new_only,6,60,6.23749473650855,0.2,0,0.0,0
203,high_loose,no_pre_new_only,7,60,6.976685425619468,0.23333333333333334,0,0.0,0
203,high_loose,no_pre_new_only,8,60,6.236901014555097,0.2,0,0.0,0
203,high_loose,no_pre_new_only,9,60,6.237435902464176,0.2,0,0.0,0
203,high_loose,no_pre_new_only,10,60,6.237806526848819,0.2,0,0.0,0
203,high_loose,no_pre_new_only,11,60,6.976248445180817,0.23333333333333334,0,0.0,0
203,high_loose,no_pre_new_only,12,60,6.239108164002441,0.2,0,0.0,0
203,high_loose,no_pre_new_only,13,60,6.977138706970014,0.23333333333333334,0,0.0,0
203,high_loose,no_pre_new_only,14,60,6.236743395711435,0.2,0,0.0,0
203,high_loose,no_pre_new_only,15,60,6.976959136134038,0.23333333333333334,0,0.0,0
203,high_loose,no_pre_new_only,16,60,6.238614784500075,0.2,0,0.0,0
203,high_loose,no_pre_new_only,17,60,6.9769615663287645,0.23333333333333334,0,0.0,0
203,high_loose,no_pre_new_only,18,60,6.237423942682721,0.2,0,0.0,0
203,high_loose,no_pre_new_only,19,60,6.236236982957735,0.2,0,0.0,0
203,high_loose,no_pre_new_only,20,60,6.237102552373218,0.2,0,0.0,0
203,high_loose,no_pre_new_only,21,60,6.97662955531988,0.23333333333333334,0,0.0,0
203,high_loose,no_pre_new_only,22,60,6.237168886287932,0.2,0,0.0,0
203,high_loose,no_pre_new_only,23,60,6.975750525513734,0.23333333333333334,0,0.0,0
203,high_loose,greedy_hard_cap,0,60,35.046457634089485,1.0,9.5,0.0,0
203,high_loose,greedy_hard_cap,1,60,34.647455453205026,1.0,13.0,0.0,0
203,high_loose,greedy_hard_cap,2,60,34.54785468751021,1.0,15.0,0.0,0
203,high_loose,greedy_hard_cap,3,60,35.44793392584854,1.0,15.5,0.0,0
203,high_loose,greedy_hard_cap,4,60,35.39829526931261,1.0,17.0,0.0,0
203,high_loose,greedy_hard_cap,5,60,35.547426677814045,1.0,17.5,0.0,0
203,high_loose,greedy_hard_cap,6,60,35.897957710053866,1.0,17.0,0.0,0
203,high_loose,greedy_hard_cap,7,60,34.64573570885036,1.0,19.5,0.0,0
203,high_loose,greedy_hard_cap,8,60,36.14887818865662,1.0,22.5,0.0,0
203,high_loose,greedy_hard_cap,9,60,34.898119291407944,1.0,22.0,0.0,0
203,high_loose,greedy_hard_cap,10,60,35.997350056759245,1.0,19.5,0.0,0
203,high_loose,greedy_hard_cap,11,60,34.64857739883547,1.0,18.5,0.0,0
203,high_loose,greedy_hard_cap,12,60,36.0971084463659,1.0,18.5,0.0,0
203,high_loose,greedy_hard_cap,13,60,34.69881193492113,1.0,21.5,0.0,0
203,high_loose,greedy_hard_cap,14,60,35.399751700375006,1.0,23.5,0.0,0
203,high_loose,greedy_hard_cap,15,60,35.34926450924598,1.0,23.5,0.0,0
203,high_loose,greedy_hard_cap,16,60,35.499014086293506,1.0,20.0,0.0,0
203,high_loose,greedy_hard_cap,17,60,35.398638596280506,1.0,20.5,0.0,0
203,high_loose,greedy_hard_cap,18,60,35.24797914846146,1.0,20.0,0.0,0
203,high_loose,greedy_hard_cap,19,60,36.096330418945776,1.0,21.5,0.0,0
203,high_loose,greedy_hard_cap,20,60,35.09922669775427,1.0,17.5,0.0,0
203,high_loose,greedy_hard_cap,21,60,35.64722625841369,1.0,21.5,0.0,0
203,high_loose,greedy_hard_cap,22,60,35.94811969194991,1.0,22.0,0.0,0
203,high_loose,greedy_hard_cap,23,60,34.949489305599684,1.0,18.0,0.0,0
203,random,pd_theta_2,0,60,42.23207833017255,0.95,4.0,0.0,3
203,random,pd_theta_2,1,60,44.590920094503154,1.0,3.5,0.0,2
203,random,pd_theta_2,2,60,43.9007777238224,0.9666666666666667,15.0,0.0,1
203,random,pd_theta_2,3,60,41.390187907577285,1.0,14.0,0.0,0
203,random,pd_theta_2,4,60,45.78998270825444,1.0,12.5,0.0,0
203,random,pd_theta_2,5,60,40.69126288070978,1.0,14.0,0.0,0
203,random,pd_theta_2,6,60,42.039439612673036,1.0,13.0,0.0,0
203,random,pd_theta_2,7,60,41.98856749326223,1.0,10.5,0.0,0
203,random,pd_theta_2,8,60,37.141749690594054,1.0,15.0,0.0,0
203,random,pd_theta_2,9,60,46.36862114147649,0.9833333333333333,16.0,0.0,1
203,random,pd_theta_2,10,60,42.54117730157887,1.0,15.0,0.0,0
203,random,pd_theta_2,11,60,43.53978925075344,1.0,13.0,0.0,0
203,random,pd_theta_2,12,60,40.39121020826674,1.0,16.0,0.0,0
203,random,pd_theta_2,13,60,46.942045782599045,1.0,14.0,0.0,0
203,random,pd_theta_2,14,60,45.44167038153776,1.0,17.0,0.0,0
203,random,pd_theta_2,15,60,39.78930559448704,1.0,16.5,0.0,0
203,random,pd_theta_2,16,60,40.68969852805314,1.0,18.0,0.0,0
203,random,pd_theta_2,17,60,42.989205213649406,1.0,14.5,0.0,0
203,random,pd_theta_2,18,60,40.99152507984099,1.0,15.5,0.0,0
203,random,pd_theta_2,19,60,43.29929967097362,0.9666666666666667,16.0,0.0,0
203,random,pd_theta_2,20,60,45.24037776354027,1.0,17.5,0.0,0
203,random,pd_theta_2,21,60,40.39039963978266,1.0,16.0,0.0,0
203,random,pd_theta_2,22,60,44.241126434113205,1.0,15.5,0.0,0
203,random,pd_theta_2,23,60,42.84189292191441,1.0,18.0,0.0,0
203,random,pd_theta_4,0,60,42.23207833017255,0.95,4.0,0.0,3
203,random,pd_theta_4,1,60,44.590920094503154,1.0,3.5,0.0,2
203,random,pd_theta_4,2,60,43.9007777238224,0.9666666666666667,15.0,0.0,1
203,random,pd_theta_4,3,60,41.39148684837386,1.0,15.5,0.0,0
203,random,pd_theta_4,4,60,46.089489856743825,1.0,22.5,0.0,0
203,random,pd_theta_4,5,60,40.6901723303493,1.0,25.0,0.0,0
203,random,pd_theta_4,6,60,42.23875075713674,1.0,22.5,0.0,0
203,random,pd_theta_4,7,60,42.28851241681042,1.0,25.0,0.0,0
203,random,pd_theta_4,8,60,37.23997503457385,1.0,22.0,0.0,0
203,random,pd_theta_4,9,60,46.36994346957887,0.9833333333333333,21.5,0.0,1
203,random,pd_theta_4,10,60,42.53993086129975,1.0,23.0,0.0,0
203,random,pd_theta_4,11,60,43.6401409670821,1.0,24.0,0.0,0
203,random,pd_theta_4,12,60,40.39175683405611,1.0,22.0,0.0,0
203,random,pd_theta_4,13,60,46.93975301904716,1.0,22.0,0.0,0
203,random,pd_theta_4,14,60,45.538636985481965,1.0,24.5,0.0,0
203,random,pd_theta_4,15,60,39.8909091095642,1.0,23.0,0.0,0
203,random,pd_theta_4,16,60,40.790878388475086,1.0,24.5,0.0,0
203,random,pd_theta_4,17,60,43.04143600658986,1.0,22.0,0.0,0
203,random,pd_theta_4,18,60,41.09032892747204,1.0,25.5,0.0,0
203,random,pd_theta_4,19,60,44.338966764381446,1.0,24.5,0.0,0
203,random,pd_theta_4,20,60,45.24181819915973,1.0,25.5,0.0,0
203,random,pd_theta_4,21,60,40.489098182045744,1.0,27.5,0.0,0
203,random,pd_theta_4,22,60,44.34050404378299,1.0,25.5,0.0,0
203,random,pd_theta_4,23,60,42.890738899538256,1.0,26.0,0.0,0
203,random,pd_theta_8,0,60,42.23207833017255,0.95,4.0,0.0,3
203,random,pd_theta_8,1,60,44.590920094503154,1.0,3.5,0.0,2
203,random,pd_theta_8,2,60,43.9007777238224,0.9666666666666667,15.0,0.0,1
203,random,pd_theta_8,3,60,41.39148684837386,1.0,15.5,0.0,0
203,random,pd_theta_8,4,60,46.089489856743825,1.0,22.5,0.0,0
203,random,pd_theta_8,5,60,40.7905084813651,1.0,27.5,0.0,0
203,random,pd_theta_8,6,60,42.23922345736848,1.0,28.0,0.0,0
203,random,pd_theta_8,7,60,42.38952788171151,1.0,34.5,0.0,0
203,random,pd_theta_8,8,60,37.3397864901808,1.0,37.0,0.0,0
203,random,pd_theta_8,9,60,47.039731047942205,1.0,38.0,0.0,0
203,random,pd_theta_8,10,60,42.939976625266134,1.0,41.0,0.0,0
203,random,pd_theta_8,11,60,43.839444570799316,1.0,38.0,0.0,0
203,random,pd_theta_8,12,60,40.488318111212756,1.0,34.5,0.0,0
203,random,pd_theta_8,13,60,47.0408218919652,1.0,35.5,0.0,0
203,random,pd_theta_8,14,60,45.739734307107284,1.0,36.0,0.0,0
203,random,pd_theta_8,15,60,40.29010820554367,1.0,39.5,0.0,0
203,random,pd_theta_8,16,60,40.78902544060279,1.0,36.5,0.0,0
203,random,pd_theta_8,17,60,43.337875681454626,1.0,36.5,0.0,0
203,random,pd_theta_8,18,60,41.24067028867437,1.0,38.0,0.0,0
203,random,pd_theta_8,19,60,44.639754567094286,1.0,39.0,0.0,0
203,random,pd_theta_8,20,60,45.537994884900435,1.0,38.0,0.0,0
203,random,pd_theta_8,21,60,40.4930581360317,1.0,36.5,0.0,0
203,random,pd_theta_8,22,60,44.43716548397273,1.0,38.0,0.0,0
203,random,pd_theta_8,23,60,42.891420950471925,1.0,37.0,0.0,0
203,random,pd_theta_16,0,60,42.23207833017255,0.95,4.0,0.0,3
203,random,pd_theta_16,1,60,44.590920094503154,1.0,3.5,0.0,2
203,random,pd_theta_16,2,60,43.9007777238224,0.9666666666666667,15.0,0.0,1
203,random,pd_theta_16,3,60,41.39148684837386,1.0,15.5,0.0,0
203,random,pd_theta_16,4,60,46.089489856743825,1.0,22.5,0.0,0
203,random,pd_theta_16,5,60,40.7905084813651,1.0,27.5,0.0,0
203,random,pd_theta_16,6,60,42.23922345736848,1.0,28.0,0.0,0
203,random,pd_theta_16,7,60,42.38952788171151,1.0,34.5,0.0,0
203,random,pd_theta_16,8,60,37.3397864901808,1.0,37.0,0.0,0
203,random,pd_theta_16,9,60,47.13934454958315,1.0,40.0,0.0,0
203,random,pd_theta_16,10,60,43.040573484074145,1.0,45.0,0.0,0
203,random,pd_theta_16,11,60,43.88877226658827,1.0,46.0,0.0,0
203,random,pd_theta_16,12,60,40.69017867321745,1.0,48.5,0.0,0
203,random,pd_theta_16,13,60,47.240617164301746,1.0,52.0,0.0,0
203,random,pd_theta_16,14,60,46.088817953416864,1.0,55.0,0.0,0
203,random,pd_theta_16,15,60,40.489646893368146,1.0,56.5,0.0,0
203,random,pd_theta_16,16,60,40.93843993948318,1.0,59.5,0.0,0
203,random,pd_theta_16,17,60,43.63898519662299,1.0,60.0,0.0,0
203,random,pd_theta_16,18,60,41.54032533782438,1.0,62.5,0.0,0
203,random,pd_theta_16,19,60,44.89079622123895,1.0,59.5,0.0,0
203,random,pd_theta_16,20,60,45.79072195892941,1.0,58.5,0.0,0
203,random,pd_theta_16,21,60,40.64233373667368,1.0,56.5,0.0,0
203,random,pd_theta_16,22,60,44.63947645106714,1.0,57.5,0.0,0
203,random,pd_theta_16,23,60,42.94049153051113,1.0,54.5,0.0,0
203,random,pd_history,0,60,42.23207833017255,0.95,4.0,0.0,3
203,random,pd_history,1,60,44.590920094503154,1.0,3.5,0.0,2
203,random,pd_history,2,60,43.9007777238224,0.9666666666666667,15.0,0.0,1
203,random,pd_history,3,60,41.390187907577285,1.0,14.0,0.0,0
203,random,pd_history,4,60,45.78998270825444,1.0,12.5,0.0,0
203,random,pd_history,5,60,40.69126288070978,1.0,14.0,0.0,0
203,random,pd_history,6,60,42.039439612673036,1.0,13.0,0.0,0
203,random,pd_history,7,60,41.98856749326223,1.0,10.5,0.0,0
203,random,pd_history,8,60,37.141749690594054,1.0,15.0,0.0,0
203,random,pd_history,9,60,46.36862114147649,0.9833333333333333,16.0,0.0,1
203,random,pd_history,10,60,42.54117730157887,1.0,15.0,0.0,0
203,random,pd_history,11,60,43.53978925075344,1.0,13.0,0.0,0
203,random,pd_history,12,60,40.39121020826674,1.0,16.0,0.0,0
203,random,pd_history,13,60,46.942045782599045,1.0,14.0,0.0,0
203,random,pd_history,14,60,45.44167038153776,1.0,17.0,0.0,0
203,random,pd_history,15,60,39.78930559448704,1.0,16.5,0.0,0
203,random,pd_history,16,60,40.68969852805314,1.0,18.0,0.0,0
203,random,pd_history,17,60,42.989205213649406,1.0,14.5,0.0,0
203,random,pd_history,18,60,40.99152507984099,1.0,15.5,0.0,0
203,random,pd_history,19,60,43.29929967097362,0.9666666666666667,16.0,0.0,0
203,random,pd_history,20,60,45.24037776354027,1.0,17.5,0.0,0
203,random,pd_history,21,60,40.39039963978266,1.0,16.0,0.0,0
203,random,pd_history,22,60,44.241126434113205,1.0,15.5,0.0,0
203,random,pd_history,23,60,42.84189292191441,1.0,18.0,0.0,0
203,random,no_control_interpretation,0,60,43.79104612029377,1.0,4.0,0.0,3
203,random,no_control_interpretation,1,60,44.59097921215035,1.0,3.5,0.0,0
203,random,no_control_interpretation,2,60,44.93952797866122,1.0,14.0,0.0,1
203,random,no_control_interpretation,3,60,41.39006297153608,1.0,15.0,0.0,0
203,random,no_control_interpretation,4,60,45.79049651532084,1.0,16.5,0.0,0
203,random,no_control_interpretation,5,60,40.68981128314086,1.0,14.0,0.0,0
203,random,no_control_interpretation,6,60,42.0399089908197,1.0,12.0,0.0,0
203,random,no_control_interpretation,7,60,41.988853657966004,1.0,12.5,0.0,1
203,random,no_control_interpretation,8,60,37.14061052686155,1.0,15.0,0.0,0
203,random,no_control_interpretation,9,60,46.887564263593816,1.0,16.0,0.0,1
203,random,no_control_interpretation,10,60,42.54130174740661,1.0,16.0,0.0,0
203,random,no_control_interpretation,11,60,43.53978490392427,1.0,14.0,0.0,0
203,random,no_control_interpretation,12,60,40.391164079191725,1.0,17.0,0.0,0
203,random,no_control_interpretation,13,60,46.942045782599045,1.0,14.0,0.0,0
203,random,no_control_interpretation,14,60,45.44151210016587,1.0,17.0,0.0,0
203,random,no_control_interpretation,15,60,39.789097566039665,1.0,16.5,0.0,0
203,random,no_control_interpretation,16,60,40.689366618621534,1.0,17.0,0.0,0
203,random,no_control_interpretation,17,60,42.98941484146916,1.0,14.5,0.0,0
203,random,no_control_interpretation,18,60,40.99183093889856,1.0,14.5,0.0,0
203,random,no_control_interpretation,19,60,44.338888949139815,1.0,16.0,0.0,0
203,random,no_control_interpretation,20,60,45.24016921417576,1.0,17.5,0.0,0
203,random,no_control_interpretation,21,60,40.39039153012751,1.0,17.0,0.0,0
203,random,no_control_interpretation,22,60,44.240182124875616,1.0,16.5,0.0,0
203,random,no_control_interpretation,23,60,42.84228590138115,1.0,17.0,0.0,0
203,random,no_pre_new_only,0,60,9.40421661517382,0.38333333333333336,0,0.0,0
203,random,no_pre_new_only,1,60,10.294407021356731,0.4166666666666667,0,0.0,0
203,random,no_pre_new_only,2,60,9.185935150933231,0.36666666666666664,0,0.0,0
203,random,no_pre_new_only,3,60,9.035328861230745,0.36666666666666664,0,0.0,0
203,random,no_pre_new_only,4,60,8.964298630198874,0.35,0,0.0,0
203,random,no_pre_new_only,5,60,9.853745667091413,0.38333333333333336,0,0.0,0
203,random,no_pre_new_only,6,60,9.70408505532305,0.38333333333333336,0,0.0,0
203,random,no_pre_new_only,7,60,9.484274213839969,0.36666666666666664,0,0.0,0
203,random,no_pre_new_only,8,60,9.855347157375197,0.38333333333333336,0,0.0,0
203,random,no_pre_new_only,9,60,8.154315269875006,0.3,0,0.0,0
203,random,no_pre_new_only,10,60,10.514608919732202,0.43333333333333335,0,0.0,0
203,random,no_pre_new_only,11,60,9.26754162833729,0.35,0,0.0,0
203,random,no_pre_new_only,12,60,10.074029870078729,0.4,0,0.0,0
203,random,no_pre_new_only,13,60,8.59743868547713,0.3333333333333333,0,0.0,0
203,random,no_pre_new_only,14,60,9.922211228551754,0.4,0,0.0,0
203,random,no_pre_new_only,15,60,9.484492582693033,0.36666666666666664,0,0.0,0
203,random,no_pre_new_only,16,60,10.073054495884373,0.4,0,0.0,0
203,random,no_pre_new_only,17,60,8.225913636121728,0.31666666666666665,0,0.0,0
203,random,no_pre_new_only,18,60,9.403550610095953,0.38333333333333336,0,0.0,0
203,random,no_pre_new_only,19,60,8.374404078994385,0.31666666666666665,0,0.0,0
203,random,no_pre_new_only,20,60,8.745458977937975,0.3333333333333333,0,0.0,0
203,random,no_pre_new_only,21,60,10.293833044191643,0.4166666666666667,0,0.0,0
203,random,no_pre_new_only,22,60,9.402935598120274,0.38333333333333336,0,0.0,0
203,random,no_pre_new_only,23,60,9.185847407616643,0.36666666666666664,0,0.0,0
203,random,greedy_hard_cap,0,60,39.11735543310588,0.9333333333333333,12.0,0.0,0
203,random,greedy_hard_cap,1,60,42.8080954672967,0.9666666666666667,13.5,0.0,0
203,random,greedy_hard_cap,2,60,42.75859131364697,0.9666666666666667,15.5,0.0,0
203,random,greedy_hard_cap,3,60,42.69798043688239,1.0,20.0,0.0,0
203,random,greedy_hard_cap,4,60,46.94923436438646,1.0,18.5,0.0,0
203,random,greedy_hard_cap,5,60,41.84882846700048,1.0,18.5,0.0,0
203,random,greedy_hard_cap,6,60,43.49947016272593,1.0,22.0,0.0,0
203,random,greedy_hard_cap,7,60,43.04858771975077,1.0,24.5,0.0,0
203,random,greedy_hard_cap,8,60,38.49915205682246,1.0,26.0,0.0,0
203,random,greedy_hard_cap,9,60,47.849052003296386,1.0,22.5,0.0,0
203,random,greedy_hard_cap,10,60,43.79786511422587,1.0,23.0,0.0,0
203,random,greedy_hard_cap,11,60,44.54844264930542,1.0,21.5,0.0,0
203,random,greedy_hard_cap,12,60,41.54838601590096,1.0,19.5,0.0,0
203,random,greedy_hard_cap,13,60,47.948666232145115,1.0,19.5,0.0,0
203,random,greedy_hard_cap,14,60,46.498993560948435,1.0,23.0,0.0,0
203,random,greedy_hard_cap,15,60,41.09974841827021,1.0,20.5,0.0,0
203,random,greedy_hard_cap,16,60,41.54851639631559,1.0,18.0,0.0,0
203,random,greedy_hard_cap,17,60,44.39921555758982,1.0,21.5,0.0,0
203,random,greedy_hard_cap,18,60,41.84912133565409,1.0,21.5,0.0,0
203,random,greedy_hard_cap,19,60,42.908635215459455,0.9666666666666667,22.5,0.0,0
203,random,greedy_hard_cap,20,60,46.19876505060707,1.0,17.0,0.0,0
203,random,greedy_hard_cap,21,60,41.54811044261065,1.0,21.0,0.0,0
203,random,greedy_hard_cap,22,60,45.29859452183239,1.0,21.0,0.0,0
203,random,greedy_hard_cap,23,60,43.64948930559969,1.0,18.5,0.0,0
203,switch,pd_theta_2,0,60,44.324746281873686,0.9,5.0,0.0,6
203,switch,pd_theta_2,1,60,46.31404313826444,0.9333333333333333,10.5,0.0,7
203,switch,pd_theta_2,2,60,46.91452174381004,0.85,16.5,0.0,9
203,switch,pd_theta_2,3,60,41.13257630212282,0.95,9.0,0.0,2
203,switch,pd_theta_2,4,60,45.775691418103605,0.9,14.0,0.0,7
203,switch,pd_theta_2,5,60,45.09304283790678,0.9166666666666666,14.5,0.0,6
203,switch,pd_theta_2,6,60,47.620726767242196,0.9833333333333333,14.0,0.0,7
203,switch,pd_theta_2,7,60,43.66287416558971,0.85,14.5,0.0,6
203,switch,pd_theta_2,8,60,42.011746400296545,0.9333333333333333,11.0,0.0,3
203,switch,pd_theta_2,9,60,43.02149699263182,0.8166666666666667,15.0,0.0,6
203,switch,pd_theta_2,10,60,44.58324110599896,0.95,12.0,0.0,5
203,switch,pd_theta_2,11,60,46.60360882658702,0.8833333333333333,16.0,0.0,8
203,switch,pd_theta_2,12,60,34.841234045158906,1.0,5.5,0.0,0
203,switch,pd_theta_2,13,60,33.49147909214483,1.0,5.5,0.0,0
203,switch,pd_theta_2,14,60,34.33858236472194,1.0,10.0,0.0,0
203,switch,pd_theta_2,15,60,34.09201632607355,1.0,9.5,0.0,0
203,switch,pd_theta_2,16,60,34.33803904106638,1.0,8.5,0.0,0
203,switch,pd_theta_2,17,60,34.040441285176286,1.0,9.5,0.0,0
203,switch,pd_theta_2,18,60,33.99305884365389,1.0,10.0,0.0,0
203,switch,pd_theta_2,19,60,34.590657361721426,1.0,14.0,0.0,0
203,switch,pd_theta_2,20,60,33.94051279249167,1.0,13.0,0.0,0
203,switch,pd_theta_2,21,60,33.943502135280525,1.0,11.0,0.0,0
203,switch,pd_theta_2,22,60,34.64128450509105,1.0,11.0,0.0,0
203,switch,pd_theta_2,23,60,33.79091632963051,1.0,11.0,0.0,0
203,switch,pd_theta_4,0,60,44.324746281873686,0.9,5.0,0.0,6
203,switch,pd_theta_4,1,60,46.31404313826444,0.9333333333333333,10.5,0.0,7
203,switch,pd_theta_4,2,60,46.91452174381004,0.85,16.5,0.0,9
203,switch,pd_theta_4,3,60,41.43210116345224,0.95,14.5,0.0,2
203,switch,pd_theta_4,4,60,45.87604563830698,0.9,21.0,0.0,7
203,switch,pd_theta_4,5,60,45.1422989060275,0.9166666666666666,19.5,0.0,6
203,switch,pd_theta_4,6,60,47.52214504371992,0.9833333333333333,18.0,0.0,7
203,switch,pd_theta_4,7,60,43.71327657942729,0.85,20.0,0.0,6
203,switch,pd_theta_4,8,60,42.310185588508844,0.9333333333333333,17.0,0.0,3
203,switch,pd_theta_4,9,60,43.02301827470793,0.8166666666666667,19.5,0.0,6
203,switch,pd_theta_4,10,60,44.68314060292916,0.95,16.0,0.0,5
203,switch,pd_theta_4,11,60,46.555791862580875,0.8833333333333333,19.5,0.0,8
203,switch,pd_theta_4,12,60,35.09143843025799,1.0,12.0,0.0,0
203,switch,pd_theta_4,13,60,33.84016150781382,1.0,13.0,0.0,0
203,switch,pd_theta_4,14,60,34.439785849387,1.0,16.5,0.0,0
203,switch,pd_theta_4,15,60,34.19240439302284,1.0,14.0,0.0,0
203,switch,pd_theta_4,16,60,34.3382424065692,1.0,15.5,0.0,0
203,switch,pd_theta_4,17,60,34.041542048409916,1.0,16.5,0.0,0
203,switch,pd_theta_4,18,60,33.99222633273856,1.0,14.5,0.0,0
203,switch,pd_theta_4,19,60,34.5908860774344,1.0,17.5,0.0,0
203,switch,pd_theta_4,20,60,33.9424123663136,1.0,20.0,0.0,0
203,switch,pd_theta_4,21,60,33.941477989778335,1.0,22.0,0.0,0
203,switch,pd_theta_4,22,60,34.34166109060931,1.0,21.0,0.0,0
203,switch,pd_theta_4,23,60,33.64125920011544,1.0,19.0,0.0,0
203,switch,pd_theta_8,0,60,44.324746281873686,0.9,5.0,0.0,6
203,switch,pd_theta_8,1,60,46.31404313826444,0.9333333333333333,10.5,0.0,7
203,switch,pd_theta_8,2,60,46.91452174381004,0.85,16.5,0.0,9
203,switch,pd_theta_8,3,60,41.43210116345224,0.95,14.5,0.0,2
203,switch,pd_theta_8,4,60,45.87604563830698,0.9,21.0,0.0,7
203,switch,pd_theta_8,5,60,45.141711008489835,0.9166666666666666,22.5,0.0,6
203,switch,pd_theta_8,6,60,47.62127868594195,0.9833333333333333,23.0,0.0,7
203,switch,pd_theta_8,7,60,43.763276579427284,0.85,27.5,0.0,6
203,switch,pd_theta_8,8,60,42.36174053979437,0.9333333333333333,26.0,0.0,3
203,switch,pd_theta_8,9,60,43.12322382013454,0.8166666666666667,30.0,0.0,6
203,switch,pd_theta_8,10,60,44.88287479365018,0.95,26.0,0.0,5
203,switch,pd_theta_8,11,60,46.603807714898544,0.8833333333333333,28.5,0.0,8
203,switch,pd_theta_8,12,60,35.19265031202698,1.0,20.0,0.0,2
203,switch,pd_theta_8,13,60,34.0393343509114,1.0,21.0,0.0,0
203,switch,pd_theta_8,14,60,34.64046815168596,1.0,23.5,0.0,0
203,switch,pd_theta_8,15,60,34.79107634195708,1.0,26.0,0.0,0
203,switch,pd_theta_8,16,60,34.78788897083912,1.0,26.5,0.0,0
203,switch,pd_theta_8,17,60,34.240340388659014,1.0,23.5,0.0,0
203,switch,pd_theta_8,18,60,34.39213565097049,1.0,27.0,0.0,0
203,switch,pd_theta_8,19,60,34.8417039572897,1.0,27.0,0.0,0
203,switch,pd_theta_8,20,60,33.93952032278952,1.0,24.5,0.0,0
203,switch,pd_theta_8,21,60,33.94124460127799,1.0,30.0,0.0,0
203,switch,pd_theta_8,22,60,34.341418026345174,1.0,30.0,0.0,0
203,switch,pd_theta_8,23,60,33.792829728588735,1.0,31.0,0.0,0
203,switch,pd_theta_16,0,60,44.324746281873686,0.9,5.0,0.0,6
203,switch,pd_theta_16,1,60,46.31404313826444,0.9333333333333333,10.5,0.0,7
203,switch,pd_theta_16,2,60,46.91452174381004,0.85,16.5,0.0,9
203,switch,pd_theta_16,3,60,41.43210116345224,0.95,14.5,0.0,2
203,switch,pd_theta_16,4,60,45.87604563830698,0.9,21.0,0.0,7
203,switch,pd_theta_16,5,60,45.141711008489835,0.9166666666666666,22.5,0.0,6
203,switch,pd_theta_16,6,60,47.62127868594195,0.9833333333333333,23.0,0.0,7
203,switch,pd_theta_16,7,60,43.763276579427284,0.85,27.5,0.0,6
203,switch,pd_theta_16,8,60,42.36174053979437,0.9333333333333333,26.0,0.0,3
203,switch,pd_theta_16,9,60,43.12331228718157,0.8166666666666667,31.0,0.0,6
203,switch,pd_theta_16,10,60,44.88346140562291,0.95,29.0,0.0,5
203,switch,pd_theta_16,11,60,46.65392442814813,0.8833333333333333,33.5,0.0,8
203,switch,pd_theta_16,12,60,35.64288423010084,1.0,31.5,0.0,3
203,switch,pd_theta_16,13,60,33.82135214653726,0.9833333333333333,33.0,0.0,1
203,switch,pd_theta_16,14,60,35.09013327037547,1.0,36.5,0.0,0
203,switch,pd_theta_16,15,60,34.79374614186843,1.0,35.5,0.0,0
203,switch,pd_theta_16,16,60,35.03969471449696,1.0,41.0,0.0,0
203,switch,pd_theta_16,17,60,34.940646980498336,1.0,43.5,0.0,0
203,switch,pd_theta_16,18,60,34.79160718260079,1.0,44.0,0.0,0
203,switch,pd_theta_16,19,60,35.388696832964015,1.0,44.0,0.0,0
203,switch,pd_theta_16,20,60,34.63876814366367,1.0,45.5,0.0,0
203,switch,pd_theta_16,21,60,34.84121614127295,1.0,43.0,0.0,0
203,switch,pd_theta_16,22,60,35.23941341054518,1.0,47.0,0.0,0
203,switch,pd_theta_16,23,60,34.19314839778411,1.0,47.5,0.0,0
203,switch,pd_history,0,60,44.324746281873686,0.9,5.0,0.0,6
203,switch,pd_history,1,60,46.31404313826444,0.9333333333333333,10.5,0.0,7
203,switch,pd_history,2,60,46.91452174381004,0.85,16.5,0.0,9
203,switch,pd_history,3,60,41.13257630212282,0.95,9.0,0.0,2
203,switch,pd_history,4,60,45.775691418103605,0.9,14.0,0.0,7
203,switch,pd_history,5,60,45.09304283790678,0.9166666666666666,14.5,0.0,6
203,switch,pd_history,6,60,47.620726767242196,0.9833333333333333,14.0,0.0,7
203,switch,pd_history,7,60,43.66287416558971,0.85,14.5,0.0,6
203,switch,pd_history,8,60,42.011746400296545,0.9333333333333333,11.0,0.0,3
203,switch,pd_history,9,60,43.02149699263182,0.8166666666666667,15.0,0.0,6
203,switch,pd_history,10,60,44.58324110599896,0.95,12.0,0.0,5
203,switch,pd_history,11,60,46.60360882658702,0.8833333333333333,16.0,0.0,8
203,switch,pd_history,12,60,34.841234045158906,1.0,5.5,0.0,0
203,switch,pd_history,13,60,33.49147909214483,1.0,5.5,0.0,0
203,switch,pd_history,14,60,34.33858236472194,1.0,10.0,0.0,0
203,switch,pd_history,15,60,34.09201632607355,1.0,9.5,0.0,0
203,switch,pd_history,16,60,34.33803904106638,1.0,8.5,0.0,0
203,switch,pd_history,17,60,34.040441285176286,1.0,9.5,0.0,0
203,switch,pd_history,18,60,33.99305884365389,1.0,10.0,0.0,0
203,switch,pd_history,19,60,34.590657361721426,1.0,14.0,0.0,0
203,switch,pd_history,20,60,33.94051279249167,1.0,13.0,0.0,0
203,switch,pd_history,21,60,33.943502135280525,1.0,11.0,0.0,0
203,switch,pd_history,22,60,34.64128450509105,1.0,11.0,0.0,0
203,switch,pd_history,23,60,33.79091632963051,1.0,11.0,0.0,0
203,switch,no_control_interpretation,0,60,52.84346393560786,1.0,5.0,0.0,12
203,switch,no_control_interpretation,1,60,51.99331097031005,1.0,10.5,0.0,11
203,switch,no_control_interpretation,2,60,59.69325538268657,1.0,16.5,0.0,18
203,switch,no_control_interpretation,3,60,45.39181566102527,1.0,9.0,0.0,5
203,switch,no_control_interpretation,4,60,54.294609645048745,1.0,14.0,0.0,13
203,switch,no_control_interpretation,5,60,52.19171530882231,1.0,14.5,0.0,11
203,switch,no_control_interpretation,6,60,49.04045534106965,1.0,14.0,0.0,8
203,switch,no_control_interpretation,7,60,56.43952847135447,1.0,14.5,0.0,15
203,switch,no_control_interpretation,8,60,47.69106581219134,1.0,11.0,0.0,7
203,switch,no_control_interpretation,9,60,58.639241697692306,1.0,15.0,0.0,17
203,switch,no_control_interpretation,10,60,48.84278313365529,1.0,12.0,0.0,8
203,switch,no_control_interpretation,11,60,56.54112843405443,1.0,16.0,0.0,15
203,switch,no_control_interpretation,12,60,34.841234045158906,1.0,5.5,0.0,0
203,switch,no_control_interpretation,13,60,33.49147909214483,1.0,5.5,0.0,0
203,switch,no_control_interpretation,14,60,34.33858236472194,1.0,10.0,0.0,0
203,switch,no_control_interpretation,15,60,34.09201632607355,1.0,9.5,0.0,0
203,switch,no_control_interpretation,16,60,34.33803904106638,1.0,8.5,0.0,0
203,switch,no_control_interpretation,17,60,34.040441285176286,1.0,9.5,0.0,0
203,switch,no_control_interpretation,18,60,33.99305884365389,1.0,10.0,0.0,0
203,switch,no_control_interpretation,19,60,34.590657361721426,1.0,14.0,0.0,0
203,switch,no_control_interpretation,20,60,33.94051279249167,1.0,13.0,0.0,0
203,switch,no_control_interpretation,21,60,33.943502135280525,1.0,11.0,0.0,0
203,switch,no_control_interpretation,22,60,34.64128450509105,1.0,11.0,0.0,0
203,switch,no_control_interpretation,23,60,33.79091632963051,1.0,11.0,0.0,0
203,switch,no_pre_new_only,0,60,11.091557648364153,0.5,0,0.0,0
203,switch,no_pre_new_only,1,60,11.464173707377421,0.5166666666666667,0,0.0,0
203,switch,no_pre_new_only,2,60,8.872350385264717,0.4,0,0.0,0
203,switch,no_pre_new_only,3,60,11.829361122132907,0.5333333333333333,0,0.0,0
203,switch,no_pre_new_only,4,60,10.72344776864788,0.48333333333333334,0,0.0,0
203,switch,no_pre_new_only,5,60,11.46169688967645,0.5166666666666667,0,0.0,0
203,switch,no_pre_new_only,6,60,11.833742764527846,0.5333333333333333,0,0.0,0
203,switch,no_pre_new_only,7,60,9.982879673308574,0.45,0,0.0,0
203,switch,no_pre_new_only,8,60,11.831798188953636,0.5333333333333333,0,0.0,0
203,switch,no_pre_new_only,9,60,9.243570293690418,0.4166666666666667,0,0.0,0
203,switch,no_pre_new_only,10,60,11.830904919017707,0.5333333333333333,0,0.0,0
203,switch,no_pre_new_only,11,60,9.98264665593777,0.45,0,0.0,0
203,switch,no_pre_new_only,12,60,6.239108164002441,0.2,0,0.0,0
203,switch,no_pre_new_only,13,60,6.977138706970014,0.23333333333333334,0,0.0,0
203,switch,no_pre_new_only,14,60,6.236743395711435,0.2,0,0.0,0
203,switch,no_pre_new_only,15,60,6.976959136134038,0.23333333333333334,0,0.0,0
203,switch,no_pre_new_only,16,60,6.238614784500075,0.2,0,0.0,0
203,switch,no_pre_new_only,17,60,6.9769615663287645,0.23333333333333334,0,0.0,0
203,switch,no_pre_new_only,18,60,6.237423942682721,0.2,0,0.0,0
203,switch,no_pre_new_only,19,60,6.236236982957735,0.2,0,0.0,0
203,switch,no_pre_new_only,20,60,6.237102552373218,0.2,0,0.0,0
203,switch,no_pre_new_only,21,60,6.97662955531988,0.23333333333333334,0,0.0,0
203,switch,no_pre_new_only,22,60,6.237168886287932,0.2,0,0.0,0
203,switch,no_pre_new_only,23,60,6.975750525513734,0.23333333333333334,0,0.0,0
203,switch,greedy_hard_cap,0,60,36.65853537152635,0.8,13.5,0.0,0
203,switch,greedy_hard_cap,1,60,37.027467993845256,0.8166666666666667,15.5,0.0,0
203,switch,greedy_hard_cap,2,60,34.438366296606354,0.7,18.0,0.0,0
203,switch,greedy_hard_cap,3,60,39.247789188792844,0.9166666666666666,15.0,0.0,0
203,switch,greedy_hard_cap,4,60,36.28815039445173,0.7833333333333333,16.5,0.0,0
203,switch,greedy_hard_cap,5,60,37.02891426569575,0.8166666666666667,17.5,0.0,0
203,switch,greedy_hard_cap,6,60,38.13847191715851,0.8666666666666667,17.0,0.0,0
203,switch,greedy_hard_cap,7,60,35.54790831556105,0.75,19.5,0.0,0
203,switch,greedy_hard_cap,8,60,38.50703680738931,0.8833333333333333,17.5,0.0,0
203,switch,greedy_hard_cap,9,60,34.8067630852117,0.7166666666666667,18.0,0.0,0
203,switch,greedy_hard_cap,10,60,38.139160929777766,0.8666666666666667,16.0,0.0,0
203,switch,greedy_hard_cap,11,60,35.548416267142,0.75,18.5,0.0,0
203,switch,greedy_hard_cap,12,60,36.14925434283684,1.0,17.0,0.0,0
203,switch,greedy_hard_cap,13,60,34.69905925468911,1.0,20.0,0.0,0
203,switch,greedy_hard_cap,14,60,35.399751700375006,1.0,24.5,0.0,0
203,switch,greedy_hard_cap,15,60,35.34926450924598,1.0,24.0,0.0,0
203,switch,greedy_hard_cap,16,60,35.499014086293506,1.0,20.0,0.0,0
203,switch,greedy_hard_cap,17,60,35.398638596280506,1.0,20.5,0.0,0
203,switch,greedy_hard_cap,18,60,35.24797914846146,1.0,20.0,0.0,0
203,switch,greedy_hard_cap,19,60,36.096330418945776,1.0,21.5,0.0,0
203,switch,greedy_hard_cap,20,60,35.09922669775427,1.0,17.5,0.0,0
203,switch,greedy_hard_cap,21,60,35.64722625841369,1.0,21.5,0.0,0
203,switch,greedy_hard_cap,22,60,35.94811969194991,1.0,22.0,0.0,0
203,switch,greedy_hard_cap,23,60,34.949489305599684,1.0,18.0,0.0,0
204,high_tight,pd_theta_2,0,60,45.4732572350658,0.9,6.0,0.0,7
204,high_tight,pd_theta_2,1,60,41.95518140163592,0.8833333333333333,8.5,0.0,4
204,high_tight,pd_theta_2,2,60,41.88405986560535,0.8666666666666667,13.5,0.0,4
204,high_tight,pd_theta_2,3,60,43.572046787592434,0.9,12.5,0.0,5
204,high_tight,pd_theta_2,4,60,43.98398798915119,0.8666666666666667,14.5,0.0,6
204,high_tight,pd_theta_2,5,60,43.89032843181166,0.9166666666666666,13.5,0.0,5
204,high_tight,pd_theta_2,6,60,42.79235334995215,0.9166666666666666,12.5,0.0,4
204,high_tight,pd_theta_2,7,60,44.033942480610165,0.8666666666666667,15.0,0.0,6
204,high_tight,pd_theta_2,8,60,45.82325898832302,0.9,15.0,0.0,7
204,high_tight,pd_theta_2,9,60,45.09439751483755,0.9166666666666666,14.0,0.0,6
204,high_tight,pd_theta_2,10,60,43.03389367157238,0.8666666666666667,15.0,0.0,5
204,high_tight,pd_theta_2,11,60,45.311774590853176,0.9333333333333333,12.5,0.0,6
204,high_tight,pd_theta_2,12,60,40.823015388188274,0.8166666666666667,15.0,0.0,5
204,high_tight,pd_theta_2,13,60,41.74504495467677,0.9166666666666666,12.0,0.0,4
204,high_tight,pd_theta_2,14,60,44.44430382411429,0.8333333333333334,15.5,0.0,7
204,high_tight,pd_theta_2,15,60,43.70317049304116,0.9666666666666667,11.0,0.0,4
204,high_tight,pd_theta_2,16,60,42.652633823280496,0.8,16.0,0.0,6
204,high_tight,pd_theta_2,17,60,41.132118703206295,0.95,9.0,0.0,2
204,high_tight,pd_theta_2,18,60,44.03248818859316,0.8666666666666667,15.0,0.0,6
204,high_tight,pd_theta_2,19,60,45.6335966740386,0.95,11.5,0.0,6
204,high_tight,pd_theta_2,20,60,43.985375061231785,0.8666666666666667,13.0,0.0,6
204,high_tight,pd_theta_2,21,60,42.792770195863575,0.9166666666666666,11.0,0.0,4
204,high_tight,pd_theta_2,22,60,44.30575847514732,0.8833333333333333,12.5,0.0,6
204,high_tight,pd_theta_2,23,60,48.20247482786602,0.9666666666666667,13.5,0.0,8
204,high_tight,pd_theta_4,0,60,45.4732572350658,0.9,6.0,0.0,7
204,high_tight,pd_theta_4,1,60,41.95518140163592,0.8833333333333333,8.5,0.0,4
204,high_tight,pd_theta_4,2,60,41.88405986560535,0.8666666666666667,13.5,0.0,4
204,high_tight,pd_theta_4,3,60,43.573374290772165,0.9,15.0,0.0,5
204,high_tight,pd_theta_4,4,60,44.083398717970034,0.8666666666666667,20.0,0.0,6
204,high_tight,pd_theta_4,5,60,44.091486634305795,0.9166666666666666,18.5,0.0,5
204,high_tight,pd_theta_4,6,60,42.99300361421372,0.9166666666666666,18.5,0.0,4
204,high_tight,pd_theta_4,7,60,44.03406095961927,0.8666666666666667,20.0,0.0,6
204,high_tight,pd_theta_4,8,60,45.772812354630794,0.9,18.5,0.0,7
204,high_tight,pd_theta_4,9,60,45.14246705329784,0.9166666666666666,18.0,0.0,6
204,high_tight,pd_theta_4,10,60,42.98369628725189,0.8666666666666667,18.5,0.0,5
204,high_tight,pd_theta_4,11,60,45.561443728067346,0.9333333333333333,19.0,0.0,6
204,high_tight,pd_theta_4,12,60,40.87376564599774,0.8166666666666667,20.5,0.0,5
204,high_tight,pd_theta_4,13,60,41.894124035643976,0.9166666666666666,18.5,0.0,4
204,high_tight,pd_theta_4,14,60,44.44358380471466,0.8333333333333334,22.5,0.0,7
204,high_tight,pd_theta_4,15,60,43.90409060044425,0.9666666666666667,16.5,0.0,4
204,high_tight,pd_theta_4,16,60,42.653234065000916,0.8,19.0,0.0,6
204,high_tight,pd_theta_4,17,60,41.43054387237695,0.95,14.5,0.0,2
204,high_tight,pd_theta_4,18,60,44.1324468299932,0.8666666666666667,21.0,0.0,6
204,high_tight,pd_theta_4,19,60,45.88307218211101,0.95,19.5,0.0,6
204,high_tight,pd_theta_4,20,60,44.085253269092654,0.8666666666666667,21.5,0.0,6
204,high_tight,pd_theta_4,21,60,43.042430604915204,0.9166666666666666,19.0,0.0,4
204,high_tight,pd_theta_4,22,60,44.403754574116505,0.8833333333333333,19.0,0.0,6
204,high_tight,pd_theta_4,23,60,48.30240316113337,0.9666666666666667,19.0,0.0,8
204,high_tight,pd_theta_8,0,60,45.4732572350658,0.9,6.0,0.0,7
204,high_tight,pd_theta_8,1,60,41.95518140163592,0.8833333333333333,8.5,0.0,4
204,high_tight,pd_theta_8,2,60,41.88405986560535,0.8666666666666667,13.5,0.0,4
204,high_tight,pd_theta_8,3,60,43.573374290772165,0.9,15.0,0.0,5
204,high_tight,pd_theta_8,4,60,44.083398717970034,0.8666666666666667,20.0,0.0,6
204,high_tight,pd_theta_8,5,60,44.14038371299431,0.9166666666666666,21.0,0.0,5
204,high_tight,pd_theta_8,6,60,43.14195955318767,0.9166666666666666,23.0,0.0,4
204,high_tight,pd_theta_8,7,60,44.184033722593185,0.8666666666666667,27.0,0.0,6
204,high_tight,pd_theta_8,8,60,45.92275455557753,0.9,28.0,0.0,7
204,high_tight,pd_theta_8,9,60,45.24362728357189,0.9166666666666666,26.5,0.0,6
204,high_tight,pd_theta_8,10,60,43.08311451116014,0.8666666666666667,28.5,0.0,5
204,high_tight,pd_theta_8,11,60,45.61253438482885,0.9333333333333333,27.0,0.0,6
204,high_tight,pd_theta_8,12,60,41.02312868080695,0.8166666666666667,27.5,0.0,5
204,high_tight,pd_theta_8,13,60,42.042002778481354,0.9166666666666666,25.5,0.0,4
204,high_tight,pd_theta_8,14,60,44.54490560116873,0.8333333333333334,28.0,0.0,7
204,high_tight,pd_theta_8,15,60,44.10220681400818,0.9666666666666667,22.5,0.0,4
204,high_tight,pd_theta_8,16,60,42.75316101926387,0.8,27.5,0.0,6
204,high_tight,pd_theta_8,17,60,41.63119100918208,0.95,23.0,0.0,2
204,high_tight,pd_theta_8,18,60,44.229397743586134,0.8666666666666667,28.0,0.0,6
204,high_tight,pd_theta_8,19,60,45.93342248245948,0.95,26.0,0.0,6
204,high_tight,pd_theta_8,20,60,44.184239390436005,0.8666666666666667,28.0,0.0,6
204,high_tight,pd_theta_8,21,60,43.143381144196425,0.9166666666666666,27.0,0.0,4
204,high_tight,pd_theta_8,22,60,44.45248153311849,0.8833333333333333,27.5,0.0,6
204,high_tight,pd_theta_8,23,60,48.30101702727377,0.9666666666666667,26.5,0.0,8
204,high_tight,pd_theta_16,0,60,45.4732572350658,0.9,6.0,0.0,7
204,high_tight,pd_theta_16,1,60,41.95518140163592,0.8833333333333333,8.5,0.0,4
204,high_tight,pd_theta_16,2,60,41.88405986560535,0.8666666666666667,13.5,0.0,4
204,high_tight,pd_theta_16,3,60,43.573374290772165,0.9,15.0,0.0,5
204,high_tight,pd_theta_16,4,60,44.083398717970034,0.8666666666666667,20.0,0.0,6
204,high_tight,pd_theta_16,5,60,44.14038371299431,0.9166666666666666,21.0,0.0,5
204,high_tight,pd_theta_16,6,60,43.14195955318767,0.9166666666666666,23.0,0.0,4
204,high_tight,pd_theta_16,7,60,44.184033722593185,0.8666666666666667,27.0,0.0,6
204,high_tight,pd_theta_16,8,60,45.92275455557753,0.9,28.0,0.0,7
204,high_tight,pd_theta_16,9,60,45.242848975437845,0.9166666666666666,28.5,0.0,6
204,high_tight,pd_theta_16,10,60,43.13389686806529,0.8666666666666667,31.0,0.0,5
204,high_tight,pd_theta_16,11,60,45.61289125363801,0.9333333333333333,31.5,0.0,6
204,high_tight,pd_theta_16,12,60,41.123799286966,0.8166666666666667,35.0,0.0,5
204,high_tight,pd_theta_16,13,60,42.09285903301989,0.9166666666666666,33.5,0.0,4
204,high_tight,pd_theta_16,14,60,44.69304669928628,0.8333333333333334,38.5,0.0,7
204,high_tight,pd_theta_16,15,60,44.20191925982972,0.9666666666666667,35.5,0.0,4
204,high_tight,pd_theta_16,16,60,42.85195164889961,0.8,42.0,0.0,6
204,high_tight,pd_theta_16,17,60,41.73195758266496,0.95,38.0,0.0,2
204,high_tight,pd_theta_16,18,60,44.33170855265836,0.8666666666666667,43.0,0.0,6
204,high_tight,pd_theta_16,19,60,46.13047037379007,0.95,40.5,0.0,6
204,high_tight,pd_theta_16,20,60,44.43328793560146,0.8666666666666667,41.0,0.0,6
204,high_tight,pd_theta_16,21,60,43.24260203933734,0.9166666666666666,38.5,0.0,4
204,high_tight,pd_theta_16,22,60,44.70195676580991,0.8833333333333333,39.5,0.0,6
204,high_tight,pd_theta_16,23,60,48.550890473277924,0.9666666666666667,37.0,0.0,8
204,high_tight,pd_history,0,60,45.4732572350658,0.9,6.0,0.0,7
204,high_tight,pd_history,1,60,41.95518140163592,0.8833333333333333,8.5,0.0,4
204,high_tight,pd_history,2,60,41.88405986560535,0.8666666666666667,13.5,0.0,4
204,high_tight,pd_history,3,60,43.572046787592434,0.9,12.5,0.0,5
204,high_tight,pd_history,4,60,43.98398798915119,0.8666666666666667,14.5,0.0,6
204,high_tight,pd_history,5,60,43.89032843181166,0.9166666666666666,13.5,0.0,5
204,high_tight,pd_history,6,60,42.79235334995215,0.9166666666666666,12.5,0.0,4
204,high_tight,pd_history,7,60,44.033942480610165,0.8666666666666667,15.0,0.0,6
204,high_tight,pd_history,8,60,45.82325898832302,0.9,15.0,0.0,7
204,high_tight,pd_history,9,60,45.09439751483755,0.9166666666666666,14.0,0.0,6
204,high_tight,pd_history,10,60,43.03389367157238,0.8666666666666667,15.0,0.0,5
204,high_tight,pd_history,11,60,45.311774590853176,0.9333333333333333,12.5,0.0,6
204,high_tight,pd_history,12,60,40.823015388188274,0.8166666666666667,15.0,0.0,5
204,high_tight,pd_history,13,60,41.74504495467677,0.9166666666666666,12.0,0.0,4
204,high_tight,pd_history,14,60,44.44430382411429,0.8333333333333334,15.5,0.0,7
204,high_tight,pd_history,15,60,43.70317049304116,0.9666666666666667,11.0,0.0,4
204,high_tight,pd_history,16,60,42.652633823280496,0.8,16.0,0.0,6
204,high_tight,pd_history,17,60,41.132118703206295,0.95,9.0,0.0,2
204,high_tight,pd_history,18,60,44.03248818859316,0.8666666666666667,15.0,0.0,6
204,high_tight,pd_history,19,60,45.6335966740386,0.95,11.5,0.0,6
204,high_tight,pd_history,20,60,43.985375061231785,0.8666666666666667,13.0,0.0,6
204,high_tight,pd_history,21,60,42.792770195863575,0.9166666666666666,11.0,0.0,4
204,high_tight,pd_history,22,60,44.30575847514732,0.8833333333333333,12.5,0.0,6
204,high_tight,pd_history,23,60,48.20247482786602,0.9666666666666667,13.5,0.0,8
204,high_tight,no_control_interpretation,0,60,53.99153377412452,1.0,6.0,0.0,13
204,high_tight,no_control_interpretation,1,60,51.893849826881365,1.0,8.5,0.0,11
204,high_tight,no_control_interpretation,2,60,53.24298162623445,1.0,13.5,0.0,12
204,high_tight,no_control_interpretation,3,60,52.09068193894577,1.0,12.5,0.0,11
204,high_tight,no_control_interpretation,4,60,55.341849150634744,1.0,14.5,0.0,14
204,high_tight,no_control_interpretation,5,60,50.98982621567888,1.0,13.5,0.0,10
204,high_tight,no_control_interpretation,6,60,49.89106746684232,1.0,12.5,0.0,9
204,high_tight,no_control_interpretation,7,60,55.39273424464828,1.0,15.0,0.0,14
204,high_tight,no_control_interpretation,8,60,54.342225167989824,1.0,15.0,0.0,13
204,high_tight,no_control_interpretation,9,60,52.193221986201,1.0,14.0,0.0,11
204,high_tight,no_control_interpretation,10,60,54.39172926057372,1.0,15.0,0.0,13
204,high_tight,no_control_interpretation,11,60,50.990969031858704,1.0,12.5,0.0,10
204,high_tight,no_control_interpretation,12,60,56.44141280066251,1.0,15.0,0.0,16
204,high_tight,no_control_interpretation,13,60,48.844671470744,1.0,12.0,0.0,9
204,high_tight,no_control_interpretation,14,60,58.642370504473725,1.0,15.5,0.0,17
204,high_tight,no_control_interpretation,15,60,46.54316463349419,1.0,11.0,0.0,6
204,high_tight,no_control_interpretation,16,60,59.69058799053994,1.0,16.0,0.0,18
204,high_tight,no_control_interpretation,17,60,45.39107327271259,1.0,9.0,0.0,5
204,high_tight,no_control_interpretation,18,60,55.3901868473463,1.0,15.0,0.0,14
204,high_tight,no_control_interpretation,19,60,49.892916597903046,1.0,11.5,0.0,9
204,high_tight,no_control_interpretation,20,60,55.3444450906248,1.0,13.0,0.0,14
204,high_tight,no_control_interpretation,21,60,49.8911943041845,1.0,11.0,0.0,9
204,high_tight,no_control_interpretation,22,60,54.24370580101584,1.0,12.5,0.0,13
204,high_tight,no_control_interpretation,23,60,51.0419918784881,1.0,13.5,0.0,10
204,high_tight,no_pre_new_only,0,60,10.723889475363436,0.48333333333333334,0,0.0,0
204,high_tight,no_pre_new_only,1,60,11.461968489551419,0.5166666666666667,0,0.0,0
204,high_tight,no_pre_new_only,2,60,11.09269204490844,0.5,0,0.0,0
204,high_tight,no_pre_new_only,3,60,11.461612913894292,0.5166666666666667,0,0.0,0
204,high_tight,no_pre_new_only,4,60,10.35419556354382,0.4666666666666667,0,0.0,0
204,high_tight,no_pre_new_only,5,60,11.829993900939265,0.5333333333333333,0,0.0,0
204,high_tight,no_pre_new_only,6,60,11.83324103920141,0.5333333333333333,0,0.0,0
204,high_tight,no_pre_new_only,7,60,10.352158950649107,0.4666666666666667,0,0.0,0
204,high_tight,no_pre_new_only,8,60,10.723136638210205,0.48333333333333334,0,0.0,0
204,high_tight,no_pre_new_only,9,60,11.462566577441907,0.5166666666666667,0,0.0,0
204,high_tight,no_pre_new_only,10,60,10.724529740788885,0.48333333333333334,0,0.0,0
204,high_tight,no_pre_new_only,11,60,11.832173291363059,0.5333333333333333,0,0.0,0
204,high_tight,no_pre_new_only,12,60,9.982159398596467,0.45,0,0.0,0
204,high_tight,no_pre_new_only,13,60,11.83449819542842,0.5333333333333333,0,0.0,0
204,high_tight,no_pre_new_only,14,60,9.245318322670277,0.4166666666666667,0,0.0,0
204,high_tight,no_pre_new_only,15,60,11.832182429681538,0.5333333333333333,0,0.0,0
204,high_tight,no_pre_new_only,16,60,8.8736046140803,0.4,0,0.0,0
204,high_tight,no_pre_new_only,17,60,11.833525981442275,0.5333333333333333,0,0.0,0
204,high_tight,no_pre_new_only,18,60,10.35176782188027,0.4666666666666667,0,0.0,0
204,high_tight,no_pre_new_only,19,60,11.830671971849009,0.5333333333333333,0,0.0,0
204,high_tight,no_pre_new_only,20,60,10.350622788970474,0.4666666666666667,0,0.0,0
204,high_tight,no_pre_new_only,21,60,11.832877037056626,0.5333333333333333,0,0.0,0
204,high_tight,no_pre_new_only,22,60,10.724114246700772,0.48333333333333334,0,0.0,0
204,high_tight,no_pre_new_only,23,60,11.83284485593118,0.5333333333333333,0,0.0,0
204,high_tight,greedy_hard_cap,0,60,36.28847283215446,0.7833333333333333,13.5,0.0,0
204,high_tight,greedy_hard_cap,1,60,37.029340604205764,0.8166666666666667,16.0,0.0,0
204,high_tight,greedy_hard_cap,2,60,36.658150762975815,0.8,18.5,0.0,0
204,high_tight,greedy_hard_cap,3,60,37.02836704322689,0.8166666666666667,18.0,0.0,0
204,high_tight,greedy_hard_cap,4,60,35.91819977142512,0.7666666666666667,17.0,0.0,0
204,high_tight,greedy_hard_cap,5,60,37.39677086301595,0.8333333333333334,16.5,0.0,0
204,high_tight,greedy_hard_cap,6,60,37.768690423372135,0.85,19.0,0.0,0
204,high_tight,greedy_hard_cap,7,60,35.91880967641992,0.7666666666666667,18.5,0.0,0
204,high_tight,greedy_hard_cap,8,60,36.2880787527792,0.7833333333333333,17.5,0.0,0
204,high_tight,greedy_hard_cap,9,60,37.02900405883246,0.8166666666666667,17.5,0.0,0
204,high_tight,greedy_hard_cap,10,60,36.28754141963263,0.7833333333333333,17.5,0.0,0
204,high_tight,greedy_hard_cap,11,60,37.39772305808542,0.8333333333333334,17.0,0.0,0
204,high_tight,greedy_hard_cap,12,60,34.12851519055208,0.7333333333333333,17.0,0.0,0
204,high_tight,greedy_hard_cap,13,60,36.71851728190454,0.85,15.5,0.0,0
204,high_tight,greedy_hard_cap,14,60,34.80953944045449,0.7166666666666667,15.5,0.0,0
204,high_tight,greedy_hard_cap,15,60,38.87870156794542,0.9,14.5,0.0,0
204,high_tight,greedy_hard_cap,16,60,34.43664836582348,0.7,17.0,0.0,0
204,high_tight,greedy_hard_cap,17,60,39.24784372133073,0.9166666666666666,15.0,0.0,0
204,high_tight,greedy_hard_cap,18,60,35.91754632761496,0.7666666666666667,17.5,0.0,0
204,high_tight,greedy_hard_cap,19,60,37.768503047785025,0.85,15.5,0.0,0
204,high_tight,greedy_hard_cap,20,60,35.91829658003814,0.7666666666666667,17.0,0.0,0
204,high_tight,greedy_hard_cap,21,60,37.76869042258074,0.85,16.5,0.0,0
204,high_tight,greedy_hard_cap,22,60,36.28794348952887,0.7833333333333333,17.0,0.0,0
204,high_tight,greedy_hard_cap,23,60,37.39737611445965,0.8333333333333334,18.0,0.0,0
204,high_loose,pd_theta_2,0,60,33.92325725716763,0.9833333333333333,3.0,0.0,3
204,high_loose,pd_theta_2,1,60,34.542254508404675,1.0,4.0,0.0,0
204,high_loose,pd_theta_2,2,60,34.390558308345476,1.0,5.0,0.0,0
204,high_loose,pd_theta_2,3,60,33.740227804345324,1.0,9.0,0.0,0
204,high_loose,pd_theta_2,4,60,33.99070974773557,1.0,12.0,0.0,0
204,high_loose,pd_theta_2,5,60,34.53721927688059,1.0,12.0,0.0,0
204,high_loose,pd_theta_2,6,60,34.740063814743934,1.0,14.0,0.0,0
204,high_loose,pd_theta_2,7,60,33.441015891162365,1.0,7.0,0.0,0
204,high_loose,pd_theta_2,8,60,34.29200377925064,1.0,8.5,0.0,0
204,high_loose,pd_theta_2,9,60,34.14310905688707,1.0,10.5,0.0,0
204,high_loose,pd_theta_2,10,60,34.19241901119703,1.0,10.0,0.0,0
204,high_loose,pd_theta_2,11,60,34.04130308684148,1.0,11.0,0.0,0
204,high_loose,pd_theta_2,12,60,34.09266189234902,1.0,11.5,0.0,0
204,high_loose,pd_theta_2,13,60,33.84229848872079,1.0,12.5,0.0,0
204,high_loose,pd_theta_2,14,60,33.79459233442046,1.0,11.5,0.0,0
204,high_loose,pd_theta_2,15,60,34.24148932973918,1.0,13.5,0.0,0
204,high_loose,pd_theta_2,16,60,33.83816648539544,1.0,15.0,0.0,0
204,high_loose,pd_theta_2,17,60,34.49177962772989,1.0,15.0,0.0,0
204,high_loose,pd_theta_2,18,60,34.340924174879326,1.0,17.0,0.0,0
204,high_loose,pd_theta_2,19,60,33.99331794556125,1.0,11.0,0.0,0
204,high_loose,pd_theta_2,20,60,34.042185426124384,1.0,11.0,0.0,0
204,high_loose,pd_theta_2,21,60,33.74082715479529,1.0,12.0,0.0,0
204,high_loose,pd_theta_2,22,60,34.19116503643763,1.0,10.5,0.0,0
204,high_loose,pd_theta_2,23,60,33.8915744577263,1.0,9.5,0.0,0
204,high_loose,pd_theta_4,0,60,33.92325725716763,0.9833333333333333,3.0,0.0,3
204,high_loose,pd_theta_4,1,60,34.542254508404675,1.0,4.0,0.0,0
204,high_loose,pd_theta_4,2,60,34.390558308345476,1.0,5.0,0.0,0
204,high_loose,pd_theta_4,3,60,33.740227804345324,1.0,10.0,0.0,0
204,high_loose,pd_theta_4,4,60,33.840914194567006,1.0,14.0,0.0,0
204,high_loose,pd_theta_4,5,60,34.38731690192823,1.0,18.0,0.0,0
204,high_loose,pd_theta_4,6,60,34.64021768670114,1.0,24.0,0.0,0
204,high_loose,pd_theta_4,7,60,33.4399419769207,1.0,18.0,0.0,0
204,high_loose,pd_theta_4,8,60,34.142018313468455,1.0,17.5,0.0,0
204,high_loose,pd_theta_4,9,60,34.14271293033795,1.0,15.5,0.0,0
204,high_loose,pd_theta_4,10,60,34.19120919683902,1.0,14.5,0.0,0
204,high_loose,pd_theta_4,11,60,33.94212119936491,1.0,16.5,0.0,0
204,high_loose,pd_theta_4,12,60,34.09166952650033,1.0,16.5,0.0,0
204,high_loose,pd_theta_4,13,60,33.992344138720995,1.0,17.5,0.0,0
204,high_loose,pd_theta_4,14,60,33.79251532239795,1.0,17.0,0.0,0
204,high_loose,pd_theta_4,15,60,34.14152957206459,1.0,19.0,0.0,0
204,high_loose,pd_theta_4,16,60,33.841733049937915,1.0,19.0,0.0,0
204,high_loose,pd_theta_4,17,60,34.04096671066832,1.0,19.0,0.0,0
204,high_loose,pd_theta_4,18,60,34.34128856733181,1.0,22.5,0.0,0
204,high_loose,pd_theta_4,19,60,33.99327512843661,1.0,19.5,0.0,0
204,high_loose,pd_theta_4,20,60,34.038461867877594,1.0,17.0,0.0,0
204,high_loose,pd_theta_4,21,60,33.74062600442139,1.0,19.0,0.0,0
204,high_loose,pd_theta_4,22,60,34.190821920900774,1.0,15.5,0.0,0
204,high_loose,pd_theta_4,23,60,33.89065054330272,1.0,18.5,0.0,0
204,high_loose,pd_theta_8,0,60,33.92325725716763,0.9833333333333333,3.0,0.0,3
204,high_loose,pd_theta_8,1,60,34.542254508404675,1.0,4.0,0.0,0
204,high_loose,pd_theta_8,2,60,34.390558308345476,1.0,5.0,0.0,0
204,high_loose,pd_theta_8,3,60,33.740227804345324,1.0,10.0,0.0,0
204,high_loose,pd_theta_8,4,60,33.840914194567006,1.0,14.0,0.0,0
204,high_loose,pd_theta_8,5,60,34.38628188432344,1.0,19.0,0.0,0
204,high_loose,pd_theta_8,6,60,34.64050890879205,1.0,24.0,0.0,0
204,high_loose,pd_theta_8,7,60,33.440661022294755,1.0,23.0,0.0,0
204,high_loose,pd_theta_8,8,60,34.13954279403293,1.0,28.0,0.0,0
204,high_loose,pd_theta_8,9,60,34.1417507096695,1.0,29.0,0.0,0
204,high_loose,pd_theta_8,10,60,34.19055156216623,1.0,31.0,0.0,0
204,high_loose,pd_theta_8,11,60,33.79088519637039,1.0,31.0,0.0,0
204,high_loose,pd_theta_8,12,60,34.09346757725262,1.0,28.5,0.0,0
204,high_loose,pd_theta_8,13,60,33.54258327034838,1.0,29.5,0.0,0
204,high_loose,pd_theta_8,14,60,33.79372054800447,1.0,31.0,0.0,0
204,high_loose,pd_theta_8,15,60,34.04007915142036,1.0,32.0,0.0,0
204,high_loose,pd_theta_8,16,60,33.840518353081045,1.0,32.5,0.0,0
204,high_loose,pd_theta_8,17,60,34.039918699003785,1.0,33.5,0.0,0
204,high_loose,pd_theta_8,18,60,34.390182561107146,1.0,36.0,0.0,0
204,high_loose,pd_theta_8,19,60,33.944672731286126,1.0,35.5,0.0,0
204,high_loose,pd_theta_8,20,60,34.14295404836176,1.0,34.0,0.0,0
204,high_loose,pd_theta_8,21,60,33.990627776986855,1.0,35.5,0.0,0
204,high_loose,pd_theta_8,22,60,34.289604334204206,1.0,34.0,0.0,0
204,high_loose,pd_theta_8,23,60,33.74310860424675,1.0,32.0,0.0,0
204,high_loose,pd_theta_16,0,60,33.92325725716763,0.9833333333333333,3.0,0.0,3
204,high_loose,pd_theta_16,1,60,34.542254508404675,1.0,4.0,0.0,0
204,high_loose,pd_theta_16,2,60,34.390558308345476,1.0,5.0,0.0,0
204,high_loose,pd_theta_16,3,60,33.740227804345324,1.0,10.0,0.0,0
204,high_loose,pd_theta_16,4,60,33.840914194567006,1.0,14.0,0.0,0
204,high_loose,pd_theta_16,5,60,34.38628188432344,1.0,19.0,0.0,0
204,high_loose,pd_theta_16,6,60,34.64050890879205,1.0,24.0,0.0,0
204,high_loose,pd_theta_16,7,60,33.440661022294755,1.0,23.0,0.0,0
204,high_loose,pd_theta_16,8,60,34.13954279403293,1.0,28.0,0.0,0
204,high_loose,pd_theta_16,9,60,34.141218062084356,1.0,30.0,0.0,0
204,high_loose,pd_theta_16,10,60,34.19055156216623,1.0,32.0,0.0,0
204,high_loose,pd_theta_16,11,60,33.63942206925199,1.0,37.0,0.0,0
204,high_loose,pd_theta_16,12,60,34.09249354586769,1.0,39.5,0.0,0
204,high_loose,pd_theta_16,13,60,33.5409382377209,1.0,42.5,0.0,0
204,high_loose,pd_theta_16,14,60,33.792183743928305,1.0,46.5,0.0,0
204,high_loose,pd_theta_16,15,60,33.89082892144118,1.0,49.5,0.0,0
204,high_loose,pd_theta_16,16,60,33.83912580143016,1.0,53.5,0.0,0
204,high_loose,pd_theta_16,17,60,33.7378655239714,1.0,53.5,0.0,0
204,high_loose,pd_theta_16,18,60,34.14001544340087,1.0,60.5,0.0,0
204,high_loose,pd_theta_16,19,60,33.542750442709874,1.0,54.5,0.0,0
204,high_loose,pd_theta_16,20,60,34.03883519221257,1.0,52.5,0.0,0
204,high_loose,pd_theta_16,21,60,33.43983834852226,1.0,54.5,0.0,0
204,high_loose,pd_theta_16,22,60,33.88994851180451,1.0,53.5,0.0,0
204,high_loose,pd_theta_16,23,60,33.44053483795293,1.0,55.5,0.0,0
204,high_loose,pd_history,0,60,33.92325725716763,0.9833333333333333,3.0,0.0,3
204,high_loose,pd_history,1,60,34.542254508404675,1.0,4.0,0.0,0
204,high_loose,pd_history,2,60,34.390558308345476,1.0,5.0,0.0,0
204,high_loose,pd_history,3,60,33.740227804345324,1.0,9.0,0.0,0
204,high_loose,pd_history,4,60,33.99070974773557,1.0,12.0,0.0,0
204,high_loose,pd_history,5,60,34.53721927688059,1.0,12.0,0.0,0
204,high_loose,pd_history,6,60,34.740063814743934,1.0,14.0,0.0,0
204,high_loose,pd_history,7,60,33.441015891162365,1.0,7.0,0.0,0
204,high_loose,pd_history,8,60,34.29200377925064,1.0,8.5,0.0,0
204,high_loose,pd_history,9,60,34.14310905688707,1.0,10.5,0.0,0
204,high_loose,pd_history,10,60,34.19241901119703,1.0,10.0,0.0,0
204,high_loose,pd_history,11,60,34.04130308684148,1.0,11.0,0.0,0
204,high_loose,pd_history,12,60,34.09266189234902,1.0,11.5,0.0,0
204,high_loose,pd_history,13,60,33.84229848872079,1.0,12.5,0.0,0
204,high_loose,pd_history,14,60,33.79459233442046,1.0,11.5,0.0,0
204,high_loose,pd_history,15,60,34.24148932973918,1.0,13.5,0.0,0
204,high_loose,pd_history,16,60,33.83816648539544,1.0,15.0,0.0,0
204,high_loose,pd_history,17,60,34.49177962772989,1.0,15.0,0.0,0
204,high_loose,pd_history,18,60,34.340924174879326,1.0,17.0,0.0,0
204,high_loose,pd_history,19,60,33.99331794556125,1.0,11.0,0.0,0
204,high_loose,pd_history,20,60,34.042185426124384,1.0,11.0,0.0,0
204,high_loose,pd_history,21,60,33.74082715479529,1.0,12.0,0.0,0
204,high_loose,pd_history,22,60,34.19116503643763,1.0,10.5,0.0,0
204,high_loose,pd_history,23,60,33.8915744577263,1.0,9.5,0.0,0
204,high_loose,no_control_interpretation,0,60,34.44304685042453,1.0,3.0,0.0,4
204,high_loose,no_control_interpretation,1,60,34.542254508404675,1.0,4.0,0.0,0
204,high_loose,no_control_interpretation,2,60,34.390558308345476,1.0,5.0,0.0,0
204,high_loose,no_control_interpretation,3,60,33.740227804345324,1.0,9.0,0.0,0
204,high_loose,no_control_interpretation,4,60,33.99070974773557,1.0,12.0,0.0,0
204,high_loose,no_control_interpretation,5,60,34.53721927688059,1.0,12.0,0.0,0
204,high_loose,no_control_interpretation,6,60,34.740063814743934,1.0,14.0,0.0,0
204,high_loose,no_control_interpretation,7,60,33.441015891162365,1.0,7.0,0.0,0
204,high_loose,no_control_interpretation,8,60,34.29200377925064,1.0,8.5,0.0,0
204,high_loose,no_control_interpretation,9,60,34.14310905688707,1.0,10.5,0.0,0
204,high_loose,no_control_interpretation,10,60,34.19241901119703,1.0,10.0,0.0,0
204,high_loose,no_control_interpretation,11,60,34.04130308684148,1.0,11.0,0.0,0
204,high_loose,no_control_interpretation,12,60,34.09266189234902,1.0,11.5,0.0,0
204,high_loose,no_control_interpretation,13,60,33.84229848872079,1.0,12.5,0.0,0
204,high_loose,no_control_interpretation,14,60,33.79459233442046,1.0,11.5,0.0,0
204,high_loose,no_control_interpretation,15,60,34.24148932973918,1.0,13.5,0.0,0
204,high_loose,no_control_interpretation,16,60,33.83816648539544,1.0,15.0,0.0,0
204,high_loose,no_control_interpretation,17,60,34.49177962772989,1.0,15.0,0.0,0
204,high_loose,no_control_interpretation,18,60,34.340924174879326,1.0,17.0,0.0,0
204,high_loose,no_control_interpretation,19,60,33.99331794556125,1.0,11.0,0.0,0
204,high_loose,no_control_interpretation,20,60,34.042185426124384,1.0,11.0,0.0,0
204,high_loose,no_control_interpretation,21,60,33.74082715479529,1.0,12.0,0.0,0
204,high_loose,no_control_interpretation,22,60,34.19116503643763,1.0,10.5,0.0,0
204,high_loose,no_control_interpretation,23,60,33.8915744577263,1.0,9.5,0.0,0
204,high_loose,no_pre_new_only,0,60,6.236779421922144,0.2,0,0.0,0
204,high_loose,no_pre_new_only,1,60,6.237280707125536,0.2,0,0.0,0
204,high_loose,no_pre_new_only,2,60,6.2369765839722575,0.2,0,0.0,0
204,high_loose,no_pre_new_only,3,60,6.976410300742091,0.23333333333333334,0,0.0,0
204,high_loose,no_pre_new_only,4,60,6.23656511995364,0.2,0,0.0,0
204,high_loose,no_pre_new_only,5,60,6.2370712128250005,0.2,0,0.0,0
204,high_loose,no_pre_new_only,6,60,6.237687460574147,0.2,0,0.0,0
204,high_loose,no_pre_new_only,7,60,6.977384806836571,0.23333333333333334,0,0.0,0
204,high_loose,no_pre_new_only,8,60,6.238184734956181,0.2,0,0.0,0
204,high_loose,no_pre_new_only,9,60,6.2367953966459275,0.2,0,0.0,0
204,high_loose,no_pre_new_only,10,60,6.237367027888656,0.2,0,0.0,0
204,high_loose,no_pre_new_only,11,60,6.978598184111842,0.23333333333333334,0,0.0,0
204,high_loose,no_pre_new_only,12,60,6.237112824140233,0.2,0,0.0,0
204,high_loose,no_pre_new_only,13,60,6.976807363330957,0.23333333333333334,0,0.0,0
204,high_loose,no_pre_new_only,14,60,6.235932116287154,0.2,0,0.0,0
204,high_loose,no_pre_new_only,15,60,6.978496248633671,0.23333333333333334,0,0.0,0
204,high_loose,no_pre_new_only,16,60,6.238045047828448,0.2,0,0.0,0
204,high_loose,no_pre_new_only,17,60,6.976612394964468,0.23333333333333334,0,0.0,0
204,high_loose,no_pre_new_only,18,60,6.236908646055581,0.2,0,0.0,0
204,high_loose,no_pre_new_only,19,60,6.976542728094038,0.23333333333333334,0,0.0,0
204,high_loose,no_pre_new_only,20,60,6.238027668405432,0.2,0,0.0,0
204,high_loose,no_pre_new_only,21,60,6.976317878646785,0.23333333333333334,0,0.0,0
204,high_loose,no_pre_new_only,22,60,6.23684570484565,0.2,0,0.0,0
204,high_loose,no_pre_new_only,23,60,6.977251906493832,0.23333333333333334,0,0.0,0
204,high_loose,greedy_hard_cap,0,60,34.94814441716506,1.0,9.5,0.0,0
204,high_loose,greedy_hard_cap,1,60,35.046808852191774,1.0,11.0,0.0,0
204,high_loose,greedy_hard_cap,2,60,35.046975978159914,1.0,11.5,0.0,0
204,high_loose,greedy_hard_cap,3,60,34.69685832215956,1.0,15.0,0.0,0
204,high_loose,greedy_hard_cap,4,60,35.09595694223648,1.0,16.5,0.0,0
204,high_loose,greedy_hard_cap,5,60,35.49631333828628,1.0,21.0,0.0,0
204,high_loose,greedy_hard_cap,6,60,35.54671524806221,1.0,19.0,0.0,0
204,high_loose,greedy_hard_cap,7,60,34.59707525227272,1.0,18.5,0.0,0
204,high_loose,greedy_hard_cap,8,60,35.39615274182576,1.0,15.5,0.0,0
204,high_loose,greedy_hard_cap,9,60,35.4973756330608,1.0,16.0,0.0,0
204,high_loose,greedy_hard_cap,10,60,35.34787022292341,1.0,17.5,0.0,0
204,high_loose,greedy_hard_cap,11,60,35.09802478360014,1.0,20.0,0.0,0
204,high_loose,greedy_hard_cap,12,60,35.096809774169934,1.0,19.0,0.0,0
204,high_loose,greedy_hard_cap,13,60,35.34637271910665,1.0,20.0,0.0,0
204,high_loose,greedy_hard_cap,14,60,34.94885542490548,1.0,19.0,0.0,0
204,high_loose,greedy_hard_cap,15,60,35.69842116423331,1.0,21.5,0.0,0
204,high_loose,greedy_hard_cap,16,60,34.7975778014588,1.0,20.5,0.0,0
204,high_loose,greedy_hard_cap,17,60,35.99755187978269,1.0,19.5,0.0,0
204,high_loose,greedy_hard_cap,18,60,35.298263392437406,1.0,18.0,0.0,0
204,high_loose,greedy_hard_cap,19,60,35.496852876089214,1.0,19.0,0.0,0
204,high_loose,greedy_hard_cap,20,60,35.39750136330853,1.0,20.5,0.0,0
204,high_loose,greedy_hard_cap,21,60,35.398277731364004,1.0,21.0,0.0,0
204,high_loose,greedy_hard_cap,22,60,35.54825187206965,1.0,22.5,0.0,0
204,high_loose,greedy_hard_cap,23,60,35.3978020427471,1.0,22.0,0.0,0
204,random,pd_theta_2,0,60,44.01020233458548,0.9333333333333333,3.0,0.0,2
204,random,pd_theta_2,1,60,39.391769360113344,1.0,5.0,0.0,0
204,random,pd_theta_2,2,60,44.83897336534857,1.0,10.0,0.0,0
204,random,pd_theta_2,3,60,39.38855017382388,1.0,15.0,0.0,0
204,random,pd_theta_2,4,60,44.24022955931766,1.0,16.5,0.0,0
204,random,pd_theta_2,5,60,43.03674513061181,1.0,14.5,0.0,0
204,random,pd_theta_2,6,60,42.742092778602924,1.0,15.5,0.0,0
204,random,pd_theta_2,7,60,44.6393673959507,1.0,15.0,0.0,0
204,random,pd_theta_2,8,60,40.78959738163878,1.0,11.5,0.0,0
204,random,pd_theta_2,9,60,45.791470211129926,1.0,14.5,0.0,0
204,random,pd_theta_2,10,60,46.59209409072804,1.0,15.0,0.0,0
204,random,pd_theta_2,11,60,39.44100332432957,1.0,13.5,0.0,0
204,random,pd_theta_2,12,60,42.091200218048606,1.0,16.5,0.0,1
204,random,pd_theta_2,13,60,44.84030269702169,1.0,17.5,0.0,0
204,random,pd_theta_2,14,60,43.17217606929845,0.9833333333333333,15.0,0.0,0
204,random,pd_theta_2,15,60,40.04045593768894,1.0,18.0,0.0,0
204,random,pd_theta_2,16,60,49.5907562709089,1.0,16.5,0.0,0
204,random,pd_theta_2,17,60,39.48939799819309,1.0,15.0,0.0,0
204,random,pd_theta_2,18,60,42.39097367884664,1.0,17.5,0.0,0
204,random,pd_theta_2,19,60,43.992561080416955,1.0,15.0,0.0,0
204,random,pd_theta_2,20,60,44.13881661007401,1.0,18.0,0.0,0
204,random,pd_theta_2,21,60,41.642063417917534,1.0,16.5,0.0,0
204,random,pd_theta_2,22,60,42.889469102871026,1.0,11.5,0.0,0
204,random,pd_theta_2,23,60,41.540352178590545,1.0,11.0,0.0,0
204,random,pd_theta_4,0,60,44.01020233458548,0.9333333333333333,3.0,0.0,2
204,random,pd_theta_4,1,60,39.391769360113344,1.0,5.0,0.0,0
204,random,pd_theta_4,2,60,44.83897336534857,1.0,10.0,0.0,0
204,random,pd_theta_4,3,60,39.48862642160051,1.0,17.0,0.0,0
204,random,pd_theta_4,4,60,44.44050977997192,1.0,23.5,0.0,0
204,random,pd_theta_4,5,60,43.03703619427732,1.0,28.5,0.0,0
204,random,pd_theta_4,6,60,42.89112672208547,1.0,28.0,0.0,0
204,random,pd_theta_4,7,60,44.83959541718779,1.0,28.0,0.0,0
204,random,pd_theta_4,8,60,40.890533041323685,1.0,23.5,0.0,0
204,random,pd_theta_4,9,60,45.89102527070186,1.0,24.0,0.0,0
204,random,pd_theta_4,10,60,46.79277693624964,1.0,22.5,0.0,0
204,random,pd_theta_4,11,60,39.441520267170624,1.0,24.0,0.0,0
204,random,pd_theta_4,12,60,42.09049441053579,1.0,25.5,0.0,0
204,random,pd_theta_4,13,60,44.83923996162575,1.0,25.5,0.0,0
204,random,pd_theta_4,14,60,43.79040879725896,1.0,25.5,0.0,0
204,random,pd_theta_4,15,60,40.04090845304083,1.0,23.0,0.0,0
204,random,pd_theta_4,16,60,49.689753327440044,1.0,23.5,0.0,0
204,random,pd_theta_4,17,60,39.690267103182286,1.0,25.5,0.0,0
204,random,pd_theta_4,18,60,42.49080089740358,1.0,30.5,0.0,0
204,random,pd_theta_4,19,60,43.94208869196098,1.0,24.5,0.0,0
204,random,pd_theta_4,20,60,44.240508596689914,1.0,28.0,0.0,0
204,random,pd_theta_4,21,60,41.64052109422993,1.0,28.5,0.0,0
204,random,pd_theta_4,22,60,43.089614174775726,1.0,23.0,0.0,0
204,random,pd_theta_4,23,60,41.5398911037075,1.0,19.5,0.0,0
204,random,pd_theta_8,0,60,44.01020233458548,0.9333333333333333,3.0,0.0,2
204,random,pd_theta_8,1,60,39.391769360113344,1.0,5.0,0.0,0
204,random,pd_theta_8,2,60,44.83897336534857,1.0,10.0,0.0,0
204,random,pd_theta_8,3,60,39.48862642160051,1.0,17.0,0.0,0
204,random,pd_theta_8,4,60,44.44050977997192,1.0,23.5,0.0,0
204,random,pd_theta_8,5,60,43.137230091238656,1.0,29.5,0.0,0
204,random,pd_theta_8,6,60,42.98861236114214,1.0,31.5,0.0,0
204,random,pd_theta_8,7,60,44.9398893339725,1.0,36.5,0.0,0
204,random,pd_theta_8,8,60,41.28943532780927,1.0,40.5,0.0,0
204,random,pd_theta_8,9,60,46.08995567143909,1.0,42.0,0.0,0
204,random,pd_theta_8,10,60,47.089866010035585,1.0,42.5,0.0,0
204,random,pd_theta_8,11,60,39.63883095955117,1.0,39.5,0.0,0
204,random,pd_theta_8,12,60,42.189348172242696,1.0,37.5,0.0,0
204,random,pd_theta_8,13,60,44.838634386352325,1.0,40.0,0.0,0
204,random,pd_theta_8,14,60,44.089908267609495,1.0,39.5,0.0,0
204,random,pd_theta_8,15,60,40.441661705144426,1.0,41.0,0.0,0
204,random,pd_theta_8,16,60,49.83810762327757,1.0,39.5,0.0,0
204,random,pd_theta_8,17,60,39.83865017424504,1.0,40.0,0.0,0
204,random,pd_theta_8,18,60,42.5383218180428,1.0,39.5,0.0,0
204,random,pd_theta_8,19,60,44.291745450663825,1.0,40.5,0.0,0
204,random,pd_theta_8,20,60,44.23945470279273,1.0,38.5,0.0,0
204,random,pd_theta_8,21,60,41.94038262620572,1.0,43.5,0.0,0
204,random,pd_theta_8,22,60,43.48991854926501,1.0,38.0,0.0,0
204,random,pd_theta_8,23,60,41.84107033230645,1.0,34.5,0.0,0
204,random,pd_theta_16,0,60,44.01020233458548,0.9333333333333333,3.0,0.0,2
204,random,pd_theta_16,1,60,39.391769360113344,1.0,5.0,0.0,0
204,random,pd_theta_16,2,60,44.83897336534857,1.0,10.0,0.0,0
204,random,pd_theta_16,3,60,39.48862642160051,1.0,17.0,0.0,0
204,random,pd_theta_16,4,60,44.44050977997192,1.0,23.5,0.0,0
204,random,pd_theta_16,5,60,43.137230091238656,1.0,29.5,0.0,0
204,random,pd_theta_16,6,60,42.98861236114214,1.0,31.5,0.0,0
204,random,pd_theta_16,7,60,44.9398893339725,1.0,36.5,0.0,0
204,random,pd_theta_16,8,60,41.28943532780927,1.0,40.5,0.0,0
204,random,pd_theta_16,9,60,46.0899057778093,1.0,41.5,0.0,0
204,random,pd_theta_16,10,60,47.190447991965534,1.0,45.5,0.0,0
204,random,pd_theta_16,11,60,39.73828006550959,1.0,47.0,0.0,0
204,random,pd_theta_16,12,60,42.390261279778095,1.0,50.5,0.0,0
204,random,pd_theta_16,13,60,45.140345935228474,1.0,54.0,0.0,0
204,random,pd_theta_16,14,60,44.14047966840143,1.0,55.0,0.0,0
204,random,pd_theta_16,15,60,40.64128671095625,1.0,57.0,0.0,0
204,random,pd_theta_16,16,60,50.13879341757591,1.0,61.0,0.0,0
204,random,pd_theta_16,17,60,40.18832030282768,1.0,62.0,0.0,0
204,random,pd_theta_16,18,60,42.689331490580045,1.0,63.0,0.5,0
204,random,pd_theta_16,19,60,44.489033805149745,1.0,63.0,0.0,0
204,random,pd_theta_16,20,60,44.537812886081646,1.0,60.0,0.0,0
204,random,pd_theta_16,21,60,41.990113102891335,1.0,60.0,0.0,0
204,random,pd_theta_16,22,60,43.789534298845346,1.0,59.5,0.0,0
204,random,pd_theta_16,23,60,42.241363180478494,1.0,56.0,0.0,0
204,random,pd_history,0,60,44.01020233458548,0.9333333333333333,3.0,0.0,2
204,random,pd_history,1,60,39.391769360113344,1.0,5.0,0.0,0
204,random,pd_history,2,60,44.83897336534857,1.0,10.0,0.0,0
204,random,pd_history,3,60,39.38855017382388,1.0,15.0,0.0,0
204,random,pd_history,4,60,44.24022955931766,1.0,16.5,0.0,0
204,random,pd_history,5,60,43.03674513061181,1.0,14.5,0.0,0
204,random,pd_history,6,60,42.742092778602924,1.0,15.5,0.0,0
204,random,pd_history,7,60,44.6393673959507,1.0,15.0,0.0,0
204,random,pd_history,8,60,40.78959738163878,1.0,11.5,0.0,0
204,random,pd_history,9,60,45.791470211129926,1.0,14.5,0.0,0
204,random,pd_history,10,60,46.59209409072804,1.0,15.0,0.0,0
204,random,pd_history,11,60,39.44100332432957,1.0,13.5,0.0,0
204,random,pd_history,12,60,42.091200218048606,1.0,16.5,0.0,1
204,random,pd_history,13,60,44.84030269702169,1.0,17.5,0.0,0
204,random,pd_history,14,60,43.17217606929845,0.9833333333333333,15.0,0.0,0
204,random,pd_history,15,60,40.04045593768894,1.0,18.0,0.0,0
204,random,pd_history,16,60,49.5907562709089,1.0,16.5,0.0,0
204,random,pd_history,17,60,39.48939799819309,1.0,15.0,0.0,0
204,random,pd_history,18,60,42.39097367884664,1.0,17.5,0.0,0
204,random,pd_history,19,60,43.992561080416955,1.0,15.0,0.0,0
204,random,pd_history,20,60,44.13881661007401,1.0,18.0,0.0,0
204,random,pd_history,21,60,41.642063417917534,1.0,16.5,0.0,0
204,random,pd_history,22,60,42.889469102871026,1.0,11.5,0.0,0
204,random,pd_history,23,60,41.540352178590545,1.0,11.0,0.0,0
204,random,no_control_interpretation,0,60,46.088770773226024,1.0,3.0,0.0,4
204,random,no_control_interpretation,1,60,39.39034405001937,1.0,8.0,0.0,0
204,random,no_control_interpretation,2,60,44.840523699727164,1.0,11.0,0.0,0
204,random,no_control_interpretation,3,60,39.38811002096978,1.0,15.0,0.0,0
204,random,no_control_interpretation,4,60,44.1888222695779,1.0,15.5,0.0,0
204,random,no_control_interpretation,5,60,42.93780901582342,1.0,13.0,0.0,0
204,random,no_control_interpretation,6,60,42.74096284881953,1.0,15.0,0.0,0
204,random,no_control_interpretation,7,60,44.53921922437128,1.0,15.0,0.0,0
204,random,no_control_interpretation,8,60,40.79111686408618,1.0,11.5,0.0,0
204,random,no_control_interpretation,9,60,45.79078407966228,1.0,15.0,0.0,0
204,random,no_control_interpretation,10,60,46.59126253721021,1.0,13.5,0.0,0
204,random,no_control_interpretation,11,60,39.44111603848655,1.0,13.5,0.0,0
204,random,no_control_interpretation,12,60,42.091668668826486,1.0,16.0,0.0,1
204,random,no_control_interpretation,13,60,44.84027629908626,1.0,16.0,0.0,0
204,random,no_control_interpretation,14,60,43.691971117458046,1.0,16.0,0.0,0
204,random,no_control_interpretation,15,60,40.04040206021009,1.0,17.0,0.0,0
204,random,no_control_interpretation,16,60,49.58980138569111,1.0,15.5,0.0,0
204,random,no_control_interpretation,17,60,39.48952976872738,1.0,15.0,0.0,0
204,random,no_control_interpretation,18,60,42.39097367884664,1.0,18.5,0.0,0
204,random,no_control_interpretation,19,60,43.992561080416955,1.0,15.0,0.0,0
204,random,no_control_interpretation,20,60,44.13881661007401,1.0,18.0,0.0,0
204,random,no_control_interpretation,21,60,41.642063417917534,1.0,16.5,0.0,0
204,random,no_control_interpretation,22,60,42.889469102871026,1.0,11.5,0.0,0
204,random,no_control_interpretation,23,60,41.540352178590545,1.0,11.0,0.0,0
204,random,no_pre_new_only,0,60,8.593698282643718,0.3333333333333333,0,0.0,0
204,random,no_pre_new_only,1,60,9.704026196519624,0.38333333333333336,0,0.0,0
204,random,no_pre_new_only,2,60,9.333626544237065,0.36666666666666664,0,0.0,0
204,random,no_pre_new_only,3,60,9.854216514095711,0.38333333333333336,0,0.0,0
204,random,no_pre_new_only,4,60,8.595063613169373,0.3333333333333333,0,0.0,0
204,random,no_pre_new_only,5,60,9.775720411267327,0.4,0,0.0,0
204,random,no_pre_new_only,6,60,9.553585749269176,0.38333333333333336,0,0.0,0
204,random,no_pre_new_only,7,60,9.854122525297328,0.38333333333333336,0,0.0,0
204,random,no_pre_new_only,8,60,9.854670311171434,0.38333333333333336,0,0.0,0
204,random,no_pre_new_only,9,60,8.814857500020663,0.35,0,0.0,0
204,random,no_pre_new_only,10,60,8.445107717416656,0.3333333333333333,0,0.0,0
204,random,no_pre_new_only,11,60,10.294561195239687,0.4166666666666667,0,0.0,0
204,random,no_pre_new_only,12,60,9.415966264460733,0.35,0,0.0,0
204,random,no_pre_new_only,13,60,10.213824812184429,0.43333333333333335,0,0.0,0
204,random,no_pre_new_only,14,60,8.376264405270005,0.31666666666666665,0,0.0,0
204,random,no_pre_new_only,15,60,9.92579855169865,0.4,0,0.0,0
204,random,no_pre_new_only,16,60,9.635870315419691,0.36666666666666664,0,0.0,0
204,random,no_pre_new_only,17,60,10.29382603595376,0.4166666666666667,0,0.0,0
204,random,no_pre_new_only,18,60,9.855091361919728,0.38333333333333336,0,0.0,0
204,random,no_pre_new_only,19,60,9.703003926786314,0.38333333333333336,0,0.0,0
204,random,no_pre_new_only,20,60,8.964290069289422,0.35,0,0.0,0
204,random,no_pre_new_only,21,60,9.925809436595895,0.4,0,0.0,0
204,random,no_pre_new_only,22,60,9.48501623898578,0.36666666666666664,0,0.0,0
204,random,no_pre_new_only,23,60,10.07422597222105,0.4,0,0.0,0
204,random,greedy_hard_cap,0,60,39.89803034108059,0.9166666666666666,11.5,0.0,0
204,random,greedy_hard_cap,1,60,40.09703677684657,1.0,14.5,0.0,0
204,random,greedy_hard_cap,2,60,45.89820849869098,1.0,16.5,0.0,0
204,random,greedy_hard_cap,3,60,40.648939611819365,1.0,20.0,0.0,0
204,random,greedy_hard_cap,4,60,45.29805803646744,1.0,20.0,0.0,0
204,random,greedy_hard_cap,5,60,44.09720015633984,1.0,22.5,0.0,0
204,random,greedy_hard_cap,6,60,43.94901162755364,1.0,22.5,0.0,0
204,random,greedy_hard_cap,7,60,45.598293966654964,1.0,20.5,0.0,0
204,random,greedy_hard_cap,8,60,41.84842668164851,1.0,18.0,0.0,0
204,random,greedy_hard_cap,9,60,45.5286450723089,0.9833333333333333,18.0,0.0,0
204,random,greedy_hard_cap,10,60,47.84838953248004,1.0,19.0,0.0,0
204,random,greedy_hard_cap,11,60,40.49929022599891,1.0,22.5,0.0,0
204,random,greedy_hard_cap,12,60,37.3693374378231,0.9333333333333333,21.5,0.0,0
204,random,greedy_hard_cap,13,60,45.849251963596174,1.0,20.5,0.0,0
204,random,greedy_hard_cap,14,60,44.54922705277386,1.0,18.0,0.0,0
204,random,greedy_hard_cap,15,60,41.24912427839887,1.0,21.5,0.0,0
204,random,greedy_hard_cap,16,60,48.978013702209246,0.9833333333333333,19.0,0.0,0
204,random,greedy_hard_cap,17,60,40.94859474166672,1.0,20.5,0.0,0
204,random,greedy_hard_cap,18,60,43.148503461347225,1.0,18.0,0.0,0
204,random,greedy_hard_cap,19,60,45.147668513362575,1.0,20.0,0.0,0
204,random,greedy_hard_cap,20,60,44.99933639246695,1.0,20.0,0.0,0
204,random,greedy_hard_cap,21,60,42.74867612735031,1.0,21.5,0.0,0
204,random,greedy_hard_cap,22,60,44.24841040620078,1.0,21.5,0.0,0
204,random,greedy_hard_cap,23,60,42.898637243452995,1.0,21.5,0.0,0
204,switch,pd_theta_2,0,60,45.4732572350658,0.9,6.0,0.0,7
204,switch,pd_theta_2,1,60,41.95518140163592,0.8833333333333333,8.5,0.0,4
204,switch,pd_theta_2,2,60,41.88405986560535,0.8666666666666667,13.5,0.0,4
204,switch,pd_theta_2,3,60,43.572046787592434,0.9,12.5,0.0,5
204,switch,pd_theta_2,4,60,43.98398798915119,0.8666666666666667,14.5,0.0,6
204,switch,pd_theta_2,5,60,43.89032843181166,0.9166666666666666,13.5,0.0,5
204,switch,pd_theta_2,6,60,42.79235334995215,0.9166666666666666,12.5,0.0,4
204,switch,pd_theta_2,7,60,44.033942480610165,0.8666666666666667,15.0,0.0,6
204,switch,pd_theta_2,8,60,45.82325898832302,0.9,15.0,0.0,7
204,switch,pd_theta_2,9,60,45.09439751483755,0.9166666666666666,14.0,0.0,6
204,switch,pd_theta_2,10,60,43.03389367157238,0.8666666666666667,15.0,0.0,5
204,switch,pd_theta_2,11,60,45.311774590853176,0.9333333333333333,12.5,0.0,6
204,switch,pd_theta_2,12,60,32.834131916823054,0.95,10.5,0.0,4
204,switch,pd_theta_2,13,60,34.3419568692943,1.0,10.0,0.0,0
204,switch,pd_theta_2,14,60,33.79308929054038,1.0,7.5,0.0,0
204,switch,pd_theta_2,15,60,34.24169504331111,1.0,12.5,0.0,0
204,switch,pd_theta_2,16,60,33.840737647718,1.0,14.0,0.0,0
204,switch,pd_theta_2,17,60,34.49088280259896,1.0,15.0,0.0,0
204,switch,pd_theta_2,18,60,34.340924174879326,1.0,17.0,0.0,0
204,switch,pd_theta_2,19,60,33.99331794556125,1.0,11.0,0.0,0
204,switch,pd_theta_2,20,60,34.042185426124384,1.0,11.0,0.0,0
204,switch,pd_theta_2,21,60,33.74082715479529,1.0,12.0,0.0,0
204,switch,pd_theta_2,22,60,34.19116503643763,1.0,10.5,0.0,0
204,switch,pd_theta_2,23,60,33.8915744577263,1.0,9.5,0.0,0
204,switch,pd_theta_4,0,60,45.4732572350658,0.9,6.0,0.0,7
204,switch,pd_theta_4,1,60,41.95518140163592,0.8833333333333333,8.5,0.0,4
204,switch,pd_theta_4,2,60,41.88405986560535,0.8666666666666667,13.5,0.0,4
204,switch,pd_theta_4,3,60,43.573374290772165,0.9,15.0,0.0,5
204,switch,pd_theta_4,4,60,44.083398717970034,0.8666666666666667,20.0,0.0,6
204,switch,pd_theta_4,5,60,44.091486634305795,0.9166666666666666,18.5,0.0,5
204,switch,pd_theta_4,6,60,42.99300361421372,0.9166666666666666,18.5,0.0,4
204,switch,pd_theta_4,7,60,44.03406095961927,0.8666666666666667,20.0,0.0,6
204,switch,pd_theta_4,8,60,45.772812354630794,0.9,18.5,0.0,7
204,switch,pd_theta_4,9,60,45.14246705329784,0.9166666666666666,18.0,0.0,6
204,switch,pd_theta_4,10,60,42.98369628725189,0.8666666666666667,18.5,0.0,5
204,switch,pd_theta_4,11,60,45.561443728067346,0.9333333333333333,19.0,0.0,6
204,switch,pd_theta_4,12,60,33.45384467263597,0.9666666666666667,16.5,0.0,5
204,switch,pd_theta_4,13,60,34.64048565253116,1.0,16.5,0.0,0
204,switch,pd_theta_4,14,60,34.29232665292592,1.0,20.0,0.0,0
204,switch,pd_theta_4,15,60,34.24182273662155,1.0,15.0,0.0,0
204,switch,pd_theta_4,16,60,33.840731791768405,1.0,14.0,0.0,0
204,switch,pd_theta_4,17,60,34.19227236043818,1.0,17.0,0.0,0
204,switch,pd_theta_4,18,60,34.34137941040827,1.0,23.0,0.0,0
204,switch,pd_theta_4,19,60,33.99305146929004,1.0,21.0,0.0,0
204,switch,pd_theta_4,20,60,34.039025532968786,1.0,17.0,0.0,0
204,switch,pd_theta_4,21,60,33.740761722862835,1.0,19.0,0.0,0
204,switch,pd_theta_4,22,60,34.19013664268528,1.0,15.5,0.0,0
204,switch,pd_theta_4,23,60,33.89023415206225,1.0,17.5,0.0,0
204,switch,pd_theta_8,0,60,45.4732572350658,0.9,6.0,0.0,7
204,switch,pd_theta_8,1,60,41.95518140163592,0.8833333333333333,8.5,0.0,4
204,switch,pd_theta_8,2,60,41.88405986560535,0.8666666666666667,13.5,0.0,4
204,switch,pd_theta_8,3,60,43.573374290772165,0.9,15.0,0.0,5
204,switch,pd_theta_8,4,60,44.083398717970034,0.8666666666666667,20.0,0.0,6
204,switch,pd_theta_8,5,60,44.14038371299431,0.9166666666666666,21.0,0.0,5
204,switch,pd_theta_8,6,60,43.14195955318767,0.9166666666666666,23.0,0.0,4
204,switch,pd_theta_8,7,60,44.184033722593185,0.8666666666666667,27.0,0.0,6
204,switch,pd_theta_8,8,60,45.92275455557753,0.9,28.0,0.0,7
204,switch,pd_theta_8,9,60,45.24362728357189,0.9166666666666666,26.5,0.0,6
204,switch,pd_theta_8,10,60,43.08311451116014,0.8666666666666667,28.5,0.0,5
204,switch,pd_theta_8,11,60,45.61253438482885,0.9333333333333333,27.0,0.0,6
204,switch,pd_theta_8,12,60,33.03384285836401,0.95,24.0,0.0,5
204,switch,pd_theta_8,13,60,34.640800406425456,1.0,21.5,0.0,1
204,switch,pd_theta_8,14,60,34.392509388773306,1.0,25.5,0.0,0
204,switch,pd_theta_8,15,60,34.792421505411674,1.0,24.0,0.0,0
204,switch,pd_theta_8,16,60,34.03988545553815,1.0,22.5,0.0,0
204,switch,pd_theta_8,17,60,34.44131623556532,1.0,26.0,0.0,0
204,switch,pd_theta_8,18,60,34.54127590656598,1.0,29.0,0.0,0
204,switch,pd_theta_8,19,60,34.34359651944329,1.0,32.0,0.0,0
204,switch,pd_theta_8,20,60,34.241807849513314,1.0,29.0,0.0,0
204,switch,pd_theta_8,21,60,33.992038623566145,1.0,34.0,0.0,0
204,switch,pd_theta_8,22,60,34.28957762176015,1.0,35.0,0.0,0
204,switch,pd_theta_8,23,60,34.04099055335473,1.0,33.5,0.0,0
204,switch,pd_theta_16,0,60,45.4732572350658,0.9,6.0,0.0,7
204,switch,pd_theta_16,1,60,41.95518140163592,0.8833333333333333,8.5,0.0,4
204,switch,pd_theta_16,2,60,41.88405986560535,0.8666666666666667,13.5,0.0,4
204,switch,pd_theta_16,3,60,43.573374290772165,0.9,15.0,0.0,5
204,switch,pd_theta_16,4,60,44.083398717970034,0.8666666666666667,20.0,0.0,6
204,switch,pd_theta_16,5,60,44.14038371299431,0.9166666666666666,21.0,0.0,5
204,switch,pd_theta_16,6,60,43.14195955318767,0.9166666666666666,23.0,0.0,4
204,switch,pd_theta_16,7,60,44.184033722593185,0.8666666666666667,27.0,0.0,6
204,switch,pd_theta_16,8,60,45.92275455557753,0.9,28.0,0.0,7
204,switch,pd_theta_16,9,60,45.242848975437845,0.9166666666666666,28.5,0.0,6
204,switch,pd_theta_16,10,60,43.13389686806529,0.8666666666666667,31.0,0.0,5
204,switch,pd_theta_16,11,60,45.61289125363801,0.9333333333333333,31.5,0.0,6
204,switch,pd_theta_16,12,60,32.14479588972373,0.9166666666666666,32.5,0.0,5
204,switch,pd_theta_16,13,60,34.79318449373577,1.0,30.5,0.0,2
204,switch,pd_theta_16,14,60,34.492798112443545,1.0,37.5,0.0,0
204,switch,pd_theta_16,15,60,35.24080596719314,1.0,39.0,0.0,0
204,switch,pd_theta_16,16,60,34.4386148984817,1.0,41.0,0.0,0
204,switch,pd_theta_16,17,60,35.19130772048609,1.0,43.5,0.0,0
204,switch,pd_theta_16,18,60,34.89315885267317,1.0,47.0,0.0,0
204,switch,pd_theta_16,19,60,34.59294458730164,1.0,45.0,0.0,0
204,switch,pd_theta_16,20,60,34.940864723411366,1.0,48.0,0.0,0
204,switch,pd_theta_16,21,60,34.69022376003155,1.0,47.5,0.0,0
204,switch,pd_theta_16,22,60,34.8893297369035,1.0,47.5,0.0,0
204,switch,pd_theta_16,23,60,34.44203511450038,1.0,46.5,0.0,0
204,switch,pd_history,0,60,45.4732572350658,0.9,6.0,0.0,7
204,switch,pd_history,1,60,41.95518140163592,0.8833333333333333,8.5,0.0,4
204,switch,pd_history,2,60,41.88405986560535,0.8666666666666667,13.5,0.0,4
204,switch,pd_history,3,60,43.572046787592434,0.9,12.5,0.0,5
204,switch,pd_history,4,60,43.98398798915119,0.8666666666666667,14.5,0.0,6
204,switch,pd_history,5,60,43.89032843181166,0.9166666666666666,13.5,0.0,5
204,switch,pd_history,6,60,42.79235334995215,0.9166666666666666,12.5,0.0,4
204,switch,pd_history,7,60,44.033942480610165,0.8666666666666667,15.0,0.0,6
204,switch,pd_history,8,60,45.82325898832302,0.9,15.0,0.0,7
204,switch,pd_history,9,60,45.09439751483755,0.9166666666666666,14.0,0.0,6
204,switch,pd_history,10,60,43.03389367157238,0.8666666666666667,15.0,0.0,5
204,switch,pd_history,11,60,45.311774590853176,0.9333333333333333,12.5,0.0,6
204,switch,pd_history,12,60,32.834131916823054,0.95,10.5,0.0,4
204,switch,pd_history,13,60,34.3419568692943,1.0,10.0,0.0,0
204,switch,pd_history,14,60,33.79308929054038,1.0,7.5,0.0,0
204,switch,pd_history,15,60,34.24169504331111,1.0,12.5,0.0,0
204,switch,pd_history,16,60,33.840737647718,1.0,14.0,0.0,0
204,switch,pd_history,17,60,34.49088280259896,1.0,15.0,0.0,0
204,switch,pd_history,18,60,34.340924174879326,1.0,17.0,0.0,0
204,switch,pd_history,19,60,33.99331794556125,1.0,11.0,0.0,0
204,switch,pd_history,20,60,34.042185426124384,1.0,11.0,0.0,0
204,switch,pd_history,21,60,33.74082715479529,1.0,12.0,0.0,0
204,switch,pd_history,22,60,34.19116503643763,1.0,10.5,0.0,0
204,switch,pd_history,23,60,33.8915744577263,1.0,9.5,0.0,0
204,switch,no_control_interpretation,0,60,53.99153377412452,1.0,6.0,0.0,13
204,switch,no_control_interpretation,1,60,51.893849826881365,1.0,8.5,0.0,11
204,switch,no_control_interpretation,2,60,53.24298162623445,1.0,13.5,0.0,12
204,switch,no_control_interpretation,3,60,52.09068193894577,1.0,12.5,0.0,11
204,switch,no_control_interpretation,4,60,55.341849150634744,1.0,14.5,0.0,14
204,switch,no_control_interpretation,5,60,50.98982621567888,1.0,13.5,0.0,10
204,switch,no_control_interpretation,6,60,49.89106746684232,1.0,12.5,0.0,9
204,switch,no_control_interpretation,7,60,55.39273424464828,1.0,15.0,0.0,14
204,switch,no_control_interpretation,8,60,54.342225167989824,1.0,15.0,0.0,13
204,switch,no_control_interpretation,9,60,52.193221986201,1.0,14.0,0.0,11
204,switch,no_control_interpretation,10,60,54.39172926057372,1.0,15.0,0.0,13
204,switch,no_control_interpretation,11,60,50.990969031858704,1.0,12.5,0.0,10
204,switch,no_control_interpretation,12,60,34.39272349457539,1.0,10.5,0.0,5
204,switch,no_control_interpretation,13,60,34.3419568692943,1.0,10.0,0.0,0
204,switch,no_control_interpretation,14,60,33.79308929054038,1.0,7.5,0.0,0
204,switch,no_control_interpretation,15,60,34.24169504331111,1.0,12.5,0.0,0
204,switch,no_control_interpretation,16,60,33.840737647718,1.0,14.0,0.0,0
204,switch,no_control_interpretation,17,60,34.49088280259896,1.0,15.0,0.0,0
204,switch,no_control_interpretation,18,60,34.340924174879326,1.0,17.0,0.0,0
204,switch,no_control_interpretation,19,60,33.99331794556125,1.0,11.0,0.0,0
204,switch,no_control_interpretation,20,60,34.042185426124384,1.0,11.0,0.0,0
204,switch,no_control_interpretation,21,60,33.74082715479529,1.0,12.0,0.0,0
204,switch,no_control_interpretation,22,60,34.19116503643763,1.0,10.5,0.0,0
204,switch,no_control_interpretation,23,60,33.8915744577263,1.0,9.5,0.0,0
204,switch,no_pre_new_only,0,60,10.723889475363436,0.48333333333333334,0,0.0,0
204,switch,no_pre_new_only,1,60,11.461968489551419,0.5166666666666667,0,0.0,0
204,switch,no_pre_new_only,2,60,11.09269204490844,0.5,0,0.0,0
204,switch,no_pre_new_only,3,60,11.461612913894292,0.5166666666666667,0,0.0,0
204,switch,no_pre_new_only,4,60,10.35419556354382,0.4666666666666667,0,0.0,0
204,switch,no_pre_new_only,5,60,11.829993900939265,0.5333333333333333,0,0.0,0
204,switch,no_pre_new_only,6,60,11.83324103920141,0.5333333333333333,0,0.0,0
204,switch,no_pre_new_only,7,60,10.352158950649107,0.4666666666666667,0,0.0,0
204,switch,no_pre_new_only,8,60,10.723136638210205,0.48333333333333334,0,0.0,0
204,switch,no_pre_new_only,9,60,11.462566577441907,0.5166666666666667,0,0.0,0
204,switch,no_pre_new_only,10,60,10.724529740788885,0.48333333333333334,0,0.0,0
204,switch,no_pre_new_only,11,60,11.832173291363059,0.5333333333333333,0,0.0,0
204,switch,no_pre_new_only,12,60,6.237112824140233,0.2,0,0.0,0
204,switch,no_pre_new_only,13,60,6.976807363330957,0.23333333333333334,0,0.0,0
204,switch,no_pre_new_only,14,60,6.235932116287154,0.2,0,0.0,0
204,switch,no_pre_new_only,15,60,6.978496248633671,0.23333333333333334,0,0.0,0
204,switch,no_pre_new_only,16,60,6.238045047828448,0.2,0,0.0,0
204,switch,no_pre_new_only,17,60,6.976612394964468,0.23333333333333334,0,0.0,0
204,switch,no_pre_new_only,18,60,6.236908646055581,0.2,0,0.0,0
204,switch,no_pre_new_only,19,60,6.976542728094038,0.23333333333333334,0,0.0,0
204,switch,no_pre_new_only,20,60,6.238027668405432,0.2,0,0.0,0
204,switch,no_pre_new_only,21,60,6.976317878646785,0.23333333333333334,0,0.0,0
204,switch,no_pre_new_only,22,60,6.23684570484565,0.2,0,0.0,0
204,switch,no_pre_new_only,23,60,6.977251906493832,0.23333333333333334,0,0.0,0
204,switch,greedy_hard_cap,0,60,36.28847283215446,0.7833333333333333,13.5,0.0,0
204,switch,greedy_hard_cap,1,60,37.029340604205764,0.8166666666666667,16.0,0.0,0
204,switch,greedy_hard_cap,2,60,36.658150762975815,0.8,18.5,0.0,0
204,switch,greedy_hard_cap,3,60,37.02836704322689,0.8166666666666667,18.0,0.0,0
204,switch,greedy_hard_cap,4,60,35.91819977142512,0.7666666666666667,17.0,0.0,0
204,switch,greedy_hard_cap,5,60,37.39677086301595,0.8333333333333334,16.5,0.0,0
204,switch,greedy_hard_cap,6,60,37.768690423372135,0.85,19.0,0.0,0
204,switch,greedy_hard_cap,7,60,35.91880967641992,0.7666666666666667,18.5,0.0,0
204,switch,greedy_hard_cap,8,60,36.2880787527792,0.7833333333333333,17.5,0.0,0
204,switch,greedy_hard_cap,9,60,37.02900405883246,0.8166666666666667,17.5,0.0,0
204,switch,greedy_hard_cap,10,60,36.28754141963263,0.7833333333333333,17.5,0.0,0
204,switch,greedy_hard_cap,11,60,37.39772305808542,0.8333333333333334,17.0,0.0,0
204,switch,greedy_hard_cap,12,60,35.248097400108115,1.0,16.0,0.0,0
204,switch,greedy_hard_cap,13,60,35.64689260756975,1.0,21.5,0.0,0
204,switch,greedy_hard_cap,14,60,34.94920699170391,1.0,20.0,0.0,0
204,switch,greedy_hard_cap,15,60,35.89783508440483,1.0,22.5,0.0,0
204,switch,greedy_hard_cap,16,60,34.798376407177585,1.0,21.5,0.0,0
204,switch,greedy_hard_cap,17,60,36.1463539693343,1.0,20.5,0.0,0
204,switch,greedy_hard_cap,18,60,35.29879850431156,1.0,19.0,0.0,0
204,switch,greedy_hard_cap,19,60,35.547970656258045,1.0,20.5,0.0,0
204,switch,greedy_hard_cap,20,60,35.39797527527357,1.0,20.5,0.0,0
204,switch,greedy_hard_cap,21,60,35.398010412935754,1.0,22.0,0.0,0
204,switch,greedy_hard_cap,22,60,35.5479215496073,1.0,23.0,0.0,0
204,switch,greedy_hard_cap,23,60,35.3977379512992,1.0,22.0,0.0,0
205,high_tight,pd_theta_2,0,60,41.48429250385008,0.8666666666666667,5.0,0.0,4
205,high_tight,pd_theta_2,1,60,46.21552259588426,0.9333333333333333,9.0,0.0,7
205,high_tight,pd_theta_2,2,60,41.0504365574274,0.8833333333333333,13.0,0.0,3
205,high_tight,pd_theta_2,3,60,44.404121953047266,0.8833333333333333,15.5,0.0,6
205,high_tight,pd_theta_2,4,60,38.36325819717486,0.85,15.0,0.0,2
205,high_tight,pd_theta_2,5,60,45.50245214968853,0.8833333333333333,15.5,0.0,7
205,high_tight,pd_theta_2,6,60,47.283815931037104,0.8666666666666667,15.5,0.0,9
205,high_tight,pd_theta_2,7,60,40.58929869390782,0.9166666666666666,10.5,0.0,2
205,high_tight,pd_theta_2,8,60,42.013342661950325,0.9333333333333333,11.0,0.0,3
205,high_tight,pd_theta_2,9,60,44.76155121414982,0.85,15.5,0.0,7
205,high_tight,pd_theta_2,10,60,42.25592720281537,0.8833333333333333,14.0,0.0,4
205,high_tight,pd_theta_2,11,60,45.822152610886164,0.9,14.5,0.0,7
205,high_tight,pd_theta_2,12,60,42.62420171815787,0.9,15.0,0.0,4
205,high_tight,pd_theta_2,13,60,44.45388582639829,0.8833333333333333,15.0,0.0,6
205,high_tight,pd_theta_2,14,60,46.41433252858769,0.9333333333333333,12.5,0.0,7
205,high_tight,pd_theta_2,15,60,46.14170610987427,0.9166666666666666,14.0,0.0,7
205,high_tight,pd_theta_2,16,60,43.944626103870924,0.9166666666666666,13.0,0.0,5
205,high_tight,pd_theta_2,17,60,41.5620288819325,0.85,15.0,0.0,4
205,high_tight,pd_theta_2,18,60,43.53337679599018,0.95,12.5,0.0,4
205,high_tight,pd_theta_2,19,60,44.76322289591489,0.85,15.5,0.0,7
205,high_tight,pd_theta_2,20,60,42.29329573960744,0.8333333333333334,15.0,0.0,5
205,high_tight,pd_theta_2,21,60,42.893003782032174,0.9166666666666666,13.0,0.0,4
205,high_tight,pd_theta_2,22,60,44.133209995612546,0.8666666666666667,16.5,0.0,6
205,high_tight,pd_theta_2,23,60,42.89216556538302,0.9166666666666666,13.0,0.0,4
205,high_tight,pd_theta_4,0,60,41.48429250385008,0.8666666666666667,5.0,0.0,4
205,high_tight,pd_theta_4,1,60,46.21552259588426,0.9333333333333333,9.0,0.0,7
205,high_tight,pd_theta_4,2,60,41.0504365574274,0.8833333333333333,13.0,0.0,3
205,high_tight,pd_theta_4,3,60,44.40519139997743,0.8833333333333333,18.5,0.0,6
205,high_tight,pd_theta_4,4,60,38.36303417157152,0.85,20.0,0.0,2
205,high_tight,pd_theta_4,5,60,45.60328537381308,0.8833333333333333,21.0,0.0,7
205,high_tight,pd_theta_4,6,60,47.28407373790821,0.8666666666666667,20.0,0.0,9
205,high_tight,pd_theta_4,7,60,40.641337845305124,0.9166666666666666,14.5,0.0,2
205,high_tight,pd_theta_4,8,60,42.21168616003163,0.9333333333333333,16.5,0.0,3
205,high_tight,pd_theta_4,9,60,44.86196618185027,0.85,20.0,0.0,7
205,high_tight,pd_theta_4,10,60,42.255588675339006,0.8833333333333333,18.5,0.0,4
205,high_tight,pd_theta_4,11,60,45.77444021629736,0.9,19.0,0.0,7
205,high_tight,pd_theta_4,12,60,42.62386676157055,0.9,18.0,0.0,4
205,high_tight,pd_theta_4,13,60,44.504051723691866,0.8833333333333333,20.0,0.0,6
205,high_tight,pd_theta_4,14,60,46.614120293774114,0.9333333333333333,19.5,0.0,7
205,high_tight,pd_theta_4,15,60,46.141609572365674,0.9166666666666666,19.0,0.0,7
205,high_tight,pd_theta_4,16,60,44.0943821905355,0.9166666666666666,19.0,0.0,5
205,high_tight,pd_theta_4,17,60,41.66287477681633,0.85,20.0,0.0,4
205,high_tight,pd_theta_4,18,60,43.733039728934486,0.95,19.5,0.0,4
205,high_tight,pd_theta_4,19,60,44.81401456576353,0.85,23.0,0.0,7
205,high_tight,pd_theta_4,20,60,42.29401262250066,0.8333333333333334,22.0,0.0,5
205,high_tight,pd_theta_4,21,60,42.993426640095244,0.9166666666666666,20.0,0.0,4
205,high_tight,pd_theta_4,22,60,44.133130584103824,0.8666666666666667,21.5,0.0,6
205,high_tight,pd_theta_4,23,60,42.892560051040526,0.9166666666666666,17.0,0.0,4
205,high_tight,pd_theta_8,0,60,41.48429250385008,0.8666666666666667,5.0,0.0,4
205,high_tight,pd_theta_8,1,60,46.21552259588426,0.9333333333333333,9.0,0.0,7
205,high_tight,pd_theta_8,2,60,41.0504365574274,0.8833333333333333,13.0,0.0,3
205,high_tight,pd_theta_8,3,60,44.40519139997743,0.8833333333333333,18.5,0.0,6
205,high_tight,pd_theta_8,4,60,38.36303417157152,0.85,20.0,0.0,2
205,high_tight,pd_theta_8,5,60,45.6034215637865,0.8833333333333333,24.0,0.0,7
205,high_tight,pd_theta_8,6,60,47.33380571659059,0.8666666666666667,26.0,0.0,9
205,high_tight,pd_theta_8,7,60,40.99075523100441,0.9166666666666666,24.5,0.0,2
205,high_tight,pd_theta_8,8,60,42.36249266924786,0.9333333333333333,26.0,0.0,3
205,high_tight,pd_theta_8,9,60,44.91199436857758,0.85,31.5,0.0,7
205,high_tight,pd_theta_8,10,60,42.30463929550645,0.8833333333333333,28.5,0.0,4
205,high_tight,pd_theta_8,11,60,45.972578513037135,0.9,28.0,0.0,7
205,high_tight,pd_theta_8,12,60,42.62470887661306,0.9,26.5,0.0,4
205,high_tight,pd_theta_8,13,60,44.50398638960948,0.8833333333333333,28.0,0.0,6
205,high_tight,pd_theta_8,14,60,46.61333572995375,0.9333333333333333,27.0,0.0,7
205,high_tight,pd_theta_8,15,60,46.24249762909686,0.9166666666666666,27.0,0.0,7
205,high_tight,pd_theta_8,16,60,44.19363352756977,0.9166666666666666,25.5,0.0,5
205,high_tight,pd_theta_8,17,60,41.66271200179888,0.85,27.0,0.0,4
205,high_tight,pd_theta_8,18,60,43.78055702623385,0.95,25.5,0.0,4
205,high_tight,pd_theta_8,19,60,44.914528806842554,0.85,29.0,0.0,7
205,high_tight,pd_theta_8,20,60,42.4434592260496,0.8333333333333334,29.0,0.0,5
205,high_tight,pd_theta_8,21,60,43.042869536711066,0.9166666666666666,26.0,0.0,4
205,high_tight,pd_theta_8,22,60,44.28187987173784,0.8666666666666667,30.0,0.0,6
205,high_tight,pd_theta_8,23,60,43.04210724332822,0.9166666666666666,27.5,0.0,4
205,high_tight,pd_theta_16,0,60,41.48429250385008,0.8666666666666667,5.0,0.0,4
205,high_tight,pd_theta_16,1,60,46.21552259588426,0.9333333333333333,9.0,0.0,7
205,high_tight,pd_theta_16,2,60,41.0504365574274,0.8833333333333333,13.0,0.0,3
205,high_tight,pd_theta_16,3,60,44.40519139997743,0.8833333333333333,18.5,0.0,6
205,high_tight,pd_theta_16,4,60,38.36303417157152,0.85,20.0,0.0,2
205,high_tight,pd_theta_16,5,60,45.6034215637865,0.8833333333333333,24.0,0.0,7
205,high_tight,pd_theta_16,6,60,47.33380571659059,0.8666666666666667,26.0,0.0,9
205,high_tight,pd_theta_16,7,60,40.99075523100441,0.9166666666666666,24.5,0.0,2
205,high_tight,pd_theta_16,8,60,42.36249266924786,0.9333333333333333,26.0,0.0,3
205,high_tight,pd_theta_16,9,60,44.91199436857758,0.85,31.5,0.0,7
205,high_tight,pd_theta_16,10,60,42.40505124606703,0.8833333333333333,31.0,0.0,4
205,high_tight,pd_theta_16,11,60,46.0219124020788,0.9,34.0,0.0,7
205,high_tight,pd_theta_16,12,60,42.773440845062964,0.9,33.5,0.0,4
205,high_tight,pd_theta_16,13,60,44.60230759908927,0.8833333333333333,36.5,0.0,6
205,high_tight,pd_theta_16,14,60,46.81448766919143,0.9333333333333333,37.0,0.0,7
205,high_tight,pd_theta_16,15,60,46.490622613068986,0.9166666666666666,40.0,0.0,7
205,high_tight,pd_theta_16,16,60,44.34314958874095,0.9166666666666666,40.5,0.0,5
205,high_tight,pd_theta_16,17,60,41.81332391865562,0.85,42.5,0.0,4
205,high_tight,pd_theta_16,18,60,43.98091796321629,0.95,40.5,0.0,4
205,high_tight,pd_theta_16,19,60,45.01295541978217,0.85,42.0,0.0,7
205,high_tight,pd_theta_16,20,60,42.64239468376989,0.8333333333333334,41.5,0.0,5
205,high_tight,pd_theta_16,21,60,43.29210398952404,0.9166666666666666,39.0,0.0,4
205,high_tight,pd_theta_16,22,60,44.28288346184775,0.8666666666666667,40.0,0.0,6
205,high_tight,pd_theta_16,23,60,43.242129921405514,0.9166666666666666,38.5,0.0,4
205,high_tight,pd_history,0,60,41.48429250385008,0.8666666666666667,5.0,0.0,4
205,high_tight,pd_history,1,60,46.21552259588426,0.9333333333333333,9.0,0.0,7
205,high_tight,pd_history,2,60,41.0504365574274,0.8833333333333333,13.0,0.0,3
205,high_tight,pd_history,3,60,44.404121953047266,0.8833333333333333,15.5,0.0,6
205,high_tight,pd_history,4,60,38.36325819717486,0.85,15.0,0.0,2
205,high_tight,pd_history,5,60,45.50245214968853,0.8833333333333333,15.5,0.0,7
205,high_tight,pd_history,6,60,47.283815931037104,0.8666666666666667,15.5,0.0,9
205,high_tight,pd_history,7,60,40.58929869390782,0.9166666666666666,10.5,0.0,2
205,high_tight,pd_history,8,60,42.013342661950325,0.9333333333333333,11.0,0.0,3
205,high_tight,pd_history,9,60,44.76155121414982,0.85,15.5,0.0,7
205,high_tight,pd_history,10,60,42.25592720281537,0.8833333333333333,14.0,0.0,4
205,high_tight,pd_history,11,60,45.822152610886164,0.9,14.5,0.0,7
205,high_tight,pd_history,12,60,42.62420171815787,0.9,15.0,0.0,4
205,high_tight,pd_history,13,60,44.45388582639829,0.8833333333333333,15.0,0.0,6
205,high_tight,pd_history,14,60,46.41433252858769,0.9333333333333333,12.5,0.0,7
205,high_tight,pd_history,15,60,46.14170610987427,0.9166666666666666,14.0,0.0,7
205,high_tight,pd_history,16,60,43.944626103870924,0.9166666666666666,13.0,0.0,5
205,high_tight,pd_history,17,60,41.5620288819325,0.85,15.0,0.0,4
205,high_tight,pd_history,18,60,43.53337679599018,0.95,12.5,0.0,4
205,high_tight,pd_history,19,60,44.76322289591489,0.85,15.5,0.0,7
205,high_tight,pd_history,20,60,42.29329573960744,0.8333333333333334,15.0,0.0,5
205,high_tight,pd_history,21,60,42.893003782032174,0.9166666666666666,13.0,0.0,4
205,high_tight,pd_history,22,60,44.133209995612546,0.8666666666666667,16.5,0.0,6
205,high_tight,pd_history,23,60,42.89216556538302,0.9166666666666666,13.0,0.0,4
205,high_tight,no_control_interpretation,0,60,52.84296498521689,1.0,5.0,0.0,12
205,high_tight,no_control_interpretation,1,60,51.89489633093484,1.0,9.0,0.0,11
205,high_tight,no_control_interpretation,2,60,50.989293575123426,1.0,13.0,0.0,10
205,high_tight,no_control_interpretation,3,60,54.34257137490566,1.0,15.5,0.0,13
205,high_tight,no_control_interpretation,4,60,51.140906310049786,1.0,15.0,0.0,11
205,high_tight,no_control_interpretation,5,60,55.44112952395442,1.0,15.5,0.0,14
205,high_tight,no_control_interpretation,6,60,58.64111221534808,1.0,15.5,0.0,17
205,high_tight,no_control_interpretation,7,60,47.687724639038514,1.0,10.5,0.0,7
205,high_tight,no_control_interpretation,8,60,47.69301726390148,1.0,11.0,0.0,7
205,high_tight,no_control_interpretation,9,60,57.53908269632251,1.0,15.5,0.0,16
205,high_tight,no_control_interpretation,10,60,52.195112331335785,1.0,14.0,0.0,11
205,high_tight,no_control_interpretation,11,60,54.34059422056503,1.0,14.5,0.0,13
205,high_tight,no_control_interpretation,12,60,51.142323622215706,1.0,15.0,0.0,10
205,high_tight,no_control_interpretation,13,60,54.39236334014516,1.0,15.0,0.0,13
205,high_tight,no_control_interpretation,14,60,52.09397092574571,1.0,12.5,0.0,11
205,high_tight,no_control_interpretation,15,60,53.24098744692447,1.0,14.0,0.0,12
205,high_tight,no_control_interpretation,16,60,51.043895035745706,1.0,13.0,0.0,10
205,high_tight,no_control_interpretation,17,60,54.34082695245293,1.0,15.0,0.0,13
205,high_tight,no_control_interpretation,18,60,47.792542431524936,1.0,12.5,0.0,7
205,high_tight,no_control_interpretation,19,60,57.542449779349965,1.0,15.5,0.0,16
205,high_tight,no_control_interpretation,20,60,56.49217607722007,1.0,15.0,0.0,15
205,high_tight,no_control_interpretation,21,60,49.99116583341852,1.0,13.0,0.0,9
205,high_tight,no_control_interpretation,22,60,55.492498998940746,1.0,16.5,0.0,14
205,high_tight,no_control_interpretation,23,60,49.99139113229502,1.0,13.0,0.0,9
205,high_tight,no_pre_new_only,0,60,11.094181220983417,0.5,0,0.0,0
205,high_tight,no_pre_new_only,1,60,11.463264612481542,0.5166666666666667,0,0.0,0
205,high_tight,no_pre_new_only,2,60,11.830991642525927,0.5333333333333333,0,0.0,0
205,high_tight,no_pre_new_only,3,60,10.72456762656061,0.48333333333333334,0,0.0,0
205,high_tight,no_pre_new_only,4,60,11.8331300127664,0.5333333333333333,0,0.0,0
205,high_tight,no_pre_new_only,5,60,10.352214277646057,0.4666666666666667,0,0.0,0
205,high_tight,no_pre_new_only,6,60,9.24535910324703,0.4166666666666667,0,0.0,0
205,high_tight,no_pre_new_only,7,60,11.832936962582881,0.5333333333333333,0,0.0,0
205,high_tight,no_pre_new_only,8,60,11.830450758775815,0.5333333333333333,0,0.0,0
205,high_tight,no_pre_new_only,9,60,9.614115720265648,0.43333333333333335,0,0.0,0
205,high_tight,no_pre_new_only,10,60,11.463051791308615,0.5166666666666667,0,0.0,0
205,high_tight,no_pre_new_only,11,60,10.722645293688714,0.48333333333333334,0,0.0,0
205,high_tight,no_pre_new_only,12,60,11.833631540290876,0.5333333333333333,0,0.0,0
205,high_tight,no_pre_new_only,13,60,10.723347016408656,0.48333333333333334,0,0.0,0
205,high_tight,no_pre_new_only,14,60,11.462443580581004,0.5166666666666667,0,0.0,0
205,high_tight,no_pre_new_only,15,60,11.09485848569124,0.5,0,0.0,0
205,high_tight,no_pre_new_only,16,60,11.831257114159602,0.5333333333333333,0,0.0,0
205,high_tight,no_pre_new_only,17,60,10.7214937936768,0.48333333333333334,0,0.0,0
205,high_tight,no_pre_new_only,18,60,11.834696114573765,0.5333333333333333,0,0.0,0
205,high_tight,no_pre_new_only,19,60,9.61189354021916,0.43333333333333335,0,0.0,0
205,high_tight,no_pre_new_only,20,60,9.982889671663253,0.45,0,0.0,0
205,high_tight,no_pre_new_only,21,60,11.832422870743324,0.5333333333333333,0,0.0,0
205,high_tight,no_pre_new_only,22,60,10.354569880207489,0.4666666666666667,0,0.0,0
205,high_tight,no_pre_new_only,23,60,11.832280696881506,0.5333333333333333,0,0.0,0
205,high_tight,greedy_hard_cap,0,60,36.658734583399166,0.8,13.5,0.0,0
205,high_tight,greedy_hard_cap,1,60,37.028851723191735,0.8166666666666667,16.5,0.0,0
205,high_tight,greedy_hard_cap,2,60,37.39856840693764,0.8333333333333334,17.5,0.0,0
205,high_tight,greedy_hard_cap,3,60,36.288053641141886,0.7833333333333333,17.5,0.0,0
205,high_tight,greedy_hard_cap,4,60,35.977905288027905,0.8166666666666667,16.5,0.0,0
205,high_tight,greedy_hard_cap,5,60,35.919551823943195,0.7666666666666667,16.5,0.0,0
205,high_tight,greedy_hard_cap,6,60,34.80787351430294,0.7166666666666667,17.5,0.0,0
205,high_tight,greedy_hard_cap,7,60,38.50802179195977,0.8833333333333333,15.5,0.0,0
205,high_tight,greedy_hard_cap,8,60,38.50859528307477,0.8833333333333333,17.0,0.0,0
205,high_tight,greedy_hard_cap,9,60,35.1774116934401,0.7333333333333333,19.5,0.0,0
205,high_tight,greedy_hard_cap,10,60,37.02968326497657,0.8166666666666667,17.5,0.0,0
205,high_tight,greedy_hard_cap,11,60,36.28879784323142,0.7833333333333333,17.0,0.0,0
205,high_tight,greedy_hard_cap,12,60,37.39805469367758,0.8333333333333334,17.0,0.0,0
205,high_tight,greedy_hard_cap,13,60,36.287305564941995,0.7833333333333333,17.5,0.0,0
205,high_tight,greedy_hard_cap,14,60,37.02813906442586,0.8166666666666667,16.5,0.0,0
205,high_tight,greedy_hard_cap,15,60,36.65695216436305,0.8,17.0,0.0,0
205,high_tight,greedy_hard_cap,16,60,37.39766726867886,0.8333333333333334,15.0,0.0,0
205,high_tight,greedy_hard_cap,17,60,36.28801665774073,0.7833333333333333,16.5,0.0,0
205,high_tight,greedy_hard_cap,18,60,38.5081791273162,0.8833333333333333,15.5,0.0,0
205,high_tight,greedy_hard_cap,19,60,35.17765524321706,0.7333333333333333,18.5,0.0,0
205,high_tight,greedy_hard_cap,20,60,35.54746915416054,0.75,17.0,0.0,0
205,high_tight,greedy_hard_cap,21,60,37.76826983164524,0.85,15.0,0.0,0
205,high_tight,greedy_hard_cap,22,60,35.918120161830394,0.7666666666666667,17.0,0.0,0
205,high_tight,greedy_hard_cap,23,60,37.76766448223779,0.85,16.5,0.0,0
205,high_loose,pd_theta_2,0,60,33.40273669968267,0.9666666666666667,2.0,0.0,1
205,high_loose,pd_theta_2,1,60,33.893295360904865,1.0,3.0,0.0,1
205,high_loose,pd_theta_2,2,60,34.487346258872876,1.0,8.0,0.0,0
205,high_loose,pd_theta_2,3,60,33.693111640251225,1.0,12.0,0.0,0
205,high_loose,pd_theta_2,4,60,34.49102280282817,1.0,11.5,0.0,0
205,high_loose,pd_theta_2,5,60,34.340084711488345,1.0,10.5,0.0,0
205,high_loose,pd_theta_2,6,60,33.8917321170667,1.0,7.0,0.0,0
205,high_loose,pd_theta_2,7,60,34.590370060354,1.0,10.0,0.0,0
205,high_loose,pd_theta_2,8,60,34.89378270196661,1.0,13.0,0.0,0
205,high_loose,pd_theta_2,9,60,33.44012372999107,1.0,9.0,0.0,0
205,high_loose,pd_theta_2,10,60,34.492472067816536,1.0,10.5,0.0,0
205,high_loose,pd_theta_2,11,60,34.389238061774655,1.0,13.5,0.0,0
205,high_loose,pd_theta_2,12,60,34.59039730870169,1.0,10.0,0.0,0
205,high_loose,pd_theta_2,13,60,33.89138568671363,1.0,11.5,0.0,0
205,high_loose,pd_theta_2,14,60,34.6416976617979,1.0,12.5,0.0,0
205,high_loose,pd_theta_2,15,60,33.739638286604404,1.0,9.5,0.0,0
205,high_loose,pd_theta_2,16,60,34.79084438335671,1.0,12.0,0.0,0
205,high_loose,pd_theta_2,17,60,33.74058023556928,1.0,12.0,0.0,0
205,high_loose,pd_theta_2,18,60,34.34301208889346,1.0,7.5,0.0,0
205,high_loose,pd_theta_2,19,60,33.64220188665512,1.0,14.5,0.0,0
205,high_loose,pd_theta_2,20,60,33.99178368878726,1.0,9.5,0.0,0
205,high_loose,pd_theta_2,21,60,34.79204149341794,1.0,11.5,0.0,0
205,high_loose,pd_theta_2,22,60,34.29144001400908,1.0,11.0,0.0,0
205,high_loose,pd_theta_2,23,60,33.89311028232045,1.0,10.0,0.0,0
205,high_loose,pd_theta_4,0,60,33.40273669968267,0.9666666666666667,2.0,0.0,1
205,high_loose,pd_theta_4,1,60,33.893295360904865,1.0,3.0,0.0,1
205,high_loose,pd_theta_4,2,60,34.487346258872876,1.0,8.0,0.0,0
205,high_loose,pd_theta_4,3,60,33.69342274846426,1.0,13.0,0.0,0
205,high_loose,pd_theta_4,4,60,34.49083006999346,1.0,16.5,0.0,0
205,high_loose,pd_theta_4,5,60,34.34085386347456,1.0,21.5,0.0,0
205,high_loose,pd_theta_4,6,60,33.8913654882104,1.0,19.5,0.0,0
205,high_loose,pd_theta_4,7,60,34.58990705506921,1.0,19.5,0.0,0
205,high_loose,pd_theta_4,8,60,34.742978878163825,1.0,17.0,0.0,0
205,high_loose,pd_theta_4,9,60,33.44254232448359,1.0,17.0,0.0,0
205,high_loose,pd_theta_4,10,60,34.49231974608512,1.0,15.5,0.0,0
205,high_loose,pd_theta_4,11,60,34.391480848738425,1.0,17.5,0.0,0
205,high_loose,pd_theta_4,12,60,34.4398705025687,1.0,15.5,0.0,0
205,high_loose,pd_theta_4,13,60,33.8918702828991,1.0,16.0,0.0,0
205,high_loose,pd_theta_4,14,60,34.49098402769095,1.0,17.5,0.0,0
205,high_loose,pd_theta_4,15,60,33.73893130935313,1.0,16.5,0.0,0
205,high_loose,pd_theta_4,16,60,34.7918966756416,1.0,21.5,0.0,0
205,high_loose,pd_theta_4,17,60,33.74033071855341,1.0,21.5,0.0,0
205,high_loose,pd_theta_4,18,60,34.64112788379455,1.0,19.5,0.0,0
205,high_loose,pd_theta_4,19,60,33.64141534161141,1.0,20.5,0.0,0
205,high_loose,pd_theta_4,20,60,33.99013001001206,1.0,17.0,0.0,0
205,high_loose,pd_theta_4,21,60,34.7906088824567,1.0,19.0,0.0,0
205,high_loose,pd_theta_4,22,60,34.29201508994765,1.0,18.5,0.0,0
205,high_loose,pd_theta_4,23,60,33.893578214036644,1.0,17.5,0.0,0
205,high_loose,pd_theta_8,0,60,33.40273669968267,0.9666666666666667,2.0,0.0,1
205,high_loose,pd_theta_8,1,60,33.893295360904865,1.0,3.0,0.0,1
205,high_loose,pd_theta_8,2,60,34.487346258872876,1.0,8.0,0.0,0
205,high_loose,pd_theta_8,3,60,33.69342274846426,1.0,13.0,0.0,0
205,high_loose,pd_theta_8,4,60,34.49083006999346,1.0,16.5,0.0,0
205,high_loose,pd_theta_8,5,60,34.34085386347456,1.0,21.5,0.0,0
205,high_loose,pd_theta_8,6,60,33.893411456866296,1.0,22.5,0.0,0
205,high_loose,pd_theta_8,7,60,34.58964257652307,1.0,27.5,0.0,0
205,high_loose,pd_theta_8,8,60,34.340689062818655,1.0,28.5,0.0,0
205,high_loose,pd_theta_8,9,60,33.4411388020926,1.0,33.5,0.0,0
205,high_loose,pd_theta_8,10,60,34.34254362911548,1.0,32.0,0.0,0
205,high_loose,pd_theta_8,11,60,34.391428161956284,1.0,33.0,0.0,0
205,high_loose,pd_theta_8,12,60,34.29127856943647,1.0,29.5,0.0,0
205,high_loose,pd_theta_8,13,60,33.79158751482685,1.0,30.0,0.0,0
205,high_loose,pd_theta_8,14,60,34.63979636612594,1.0,34.0,0.0,0
205,high_loose,pd_theta_8,15,60,33.58930881091372,1.0,29.0,0.0,0
205,high_loose,pd_theta_8,16,60,34.68998025079318,1.0,32.5,0.0,0
205,high_loose,pd_theta_8,17,60,33.89016614889749,1.0,32.5,0.0,0
205,high_loose,pd_theta_8,18,60,34.49077499611075,1.0,28.5,0.0,0
205,high_loose,pd_theta_8,19,60,33.64155057453947,1.0,32.5,0.0,0
205,high_loose,pd_theta_8,20,60,33.987895569105305,1.0,30.0,0.0,0
205,high_loose,pd_theta_8,21,60,34.63973799684267,1.0,29.5,0.0,0
205,high_loose,pd_theta_8,22,60,34.29199562124829,1.0,32.0,0.0,0
205,high_loose,pd_theta_8,23,60,34.03986180406875,1.0,30.5,0.0,0
205,high_loose,pd_theta_16,0,60,33.40273669968267,0.9666666666666667,2.0,0.0,1
205,high_loose,pd_theta_16,1,60,33.893295360904865,1.0,3.0,0.0,1
205,high_loose,pd_theta_16,2,60,34.487346258872876,1.0,8.0,0.0,0
205,high_loose,pd_theta_16,3,60,33.69342274846426,1.0,13.0,0.0,0
205,high_loose,pd_theta_16,4,60,34.49083006999346,1.0,16.5,0.0,0
205,high_loose,pd_theta_16,5,60,34.34085386347456,1.0,21.5,0.0,0
205,high_loose,pd_theta_16,6,60,33.893411456866296,1.0,22.5,0.0,0
205,high_loose,pd_theta_16,7,60,34.58964257652307,1.0,27.5,0.0,0
205,high_loose,pd_theta_16,8,60,34.340689062818655,1.0,28.5,0.0,0
205,high_loose,pd_theta_16,9,60,33.4411388020926,1.0,33.5,0.0,0
205,high_loose,pd_theta_16,10,60,34.4924786191679,1.0,35.0,0.0,0
205,high_loose,pd_theta_16,11,60,34.38768303909552,1.0,40.0,0.0,0
205,high_loose,pd_theta_16,12,60,34.13966820839561,1.0,42.0,0.0,0
205,high_loose,pd_theta_16,13,60,33.79109770754583,1.0,46.5,0.0,0
205,high_loose,pd_theta_16,14,60,34.539738981351924,1.0,50.5,0.0,0
205,high_loose,pd_theta_16,15,60,33.73899524640882,1.0,51.5,0.0,0
205,high_loose,pd_theta_16,16,60,34.38901110859786,1.0,55.0,0.0,0
205,high_loose,pd_theta_16,17,60,33.74159337715246,1.0,58.0,0.5,0
205,high_loose,pd_theta_16,18,60,34.34069295440675,1.0,58.0,0.0,0
205,high_loose,pd_theta_16,19,60,33.33768643537891,1.0,59.0,0.0,0
205,high_loose,pd_theta_16,20,60,33.98673365131835,1.0,55.5,0.0,0
205,high_loose,pd_theta_16,21,60,34.340511130251805,1.0,54.0,0.0,0
205,high_loose,pd_theta_16,22,60,33.991328756457335,1.0,54.5,0.0,0
205,high_loose,pd_theta_16,23,60,33.59137742193966,1.0,55.5,0.0,0
205,high_loose,pd_history,0,60,33.40273669968267,0.9666666666666667,2.0,0.0,1
205,high_loose,pd_history,1,60,33.893295360904865,1.0,3.0,0.0,1
205,high_loose,pd_history,2,60,34.487346258872876,1.0,8.0,0.0,0
205,high_loose,pd_history,3,60,33.693111640251225,1.0,12.0,0.0,0
205,high_loose,pd_history,4,60,34.49102280282817,1.0,11.5,0.0,0
205,high_loose,pd_history,5,60,34.340084711488345,1.0,10.5,0.0,0
205,high_loose,pd_history,6,60,33.8917321170667,1.0,7.0,0.0,0
205,high_loose,pd_history,7,60,34.590370060354,1.0,10.0,0.0,0
205,high_loose,pd_history,8,60,34.89378270196661,1.0,13.0,0.0,0
205,high_loose,pd_history,9,60,33.44012372999107,1.0,9.0,0.0,0
205,high_loose,pd_history,10,60,34.492472067816536,1.0,10.5,0.0,0
205,high_loose,pd_history,11,60,34.389238061774655,1.0,13.5,0.0,0
205,high_loose,pd_history,12,60,34.59039730870169,1.0,10.0,0.0,0
205,high_loose,pd_history,13,60,33.89138568671363,1.0,11.5,0.0,0
205,high_loose,pd_history,14,60,34.6416976617979,1.0,12.5,0.0,0
205,high_loose,pd_history,15,60,33.739638286604404,1.0,9.5,0.0,0
205,high_loose,pd_history,16,60,34.79084438335671,1.0,12.0,0.0,0
205,high_loose,pd_history,17,60,33.74058023556928,1.0,12.0,0.0,0
205,high_loose,pd_history,18,60,34.34301208889346,1.0,7.5,0.0,0
205,high_loose,pd_history,19,60,33.64220188665512,1.0,14.5,0.0,0
205,high_loose,pd_history,20,60,33.99178368878726,1.0,9.5,0.0,0
205,high_loose,pd_history,21,60,34.79204149341794,1.0,11.5,0.0,0
205,high_loose,pd_history,22,60,34.29144001400908,1.0,11.0,0.0,0
205,high_loose,pd_history,23,60,33.89311028232045,1.0,10.0,0.0,0
205,high_loose,no_control_interpretation,0,60,34.4427251975954,1.0,2.0,0.0,3
205,high_loose,no_control_interpretation,1,60,33.893295360904865,1.0,3.0,0.0,1
205,high_loose,no_control_interpretation,2,60,34.487346258872876,1.0,8.0,0.0,0
205,high_loose,no_control_interpretation,3,60,33.693111640251225,1.0,12.0,0.0,0
205,high_loose,no_control_interpretation,4,60,34.49102280282817,1.0,11.5,0.0,0
205,high_loose,no_control_interpretation,5,60,34.340084711488345,1.0,10.5,0.0,0
205,high_loose,no_control_interpretation,6,60,33.8917321170667,1.0,7.0,0.0,0
205,high_loose,no_control_interpretation,7,60,34.590370060354,1.0,10.0,0.0,0
205,high_loose,no_control_interpretation,8,60,34.89378270196661,1.0,13.0,0.0,0
205,high_loose,no_control_interpretation,9,60,33.44012372999107,1.0,9.0,0.0,0
205,high_loose,no_control_interpretation,10,60,34.492472067816536,1.0,10.5,0.0,0
205,high_loose,no_control_interpretation,11,60,34.389238061774655,1.0,13.5,0.0,0
205,high_loose,no_control_interpretation,12,60,34.59039730870169,1.0,10.0,0.0,0
205,high_loose,no_control_interpretation,13,60,33.89138568671363,1.0,11.5,0.0,0
205,high_loose,no_control_interpretation,14,60,34.6416976617979,1.0,12.5,0.0,0
205,high_loose,no_control_interpretation,15,60,33.739638286604404,1.0,9.5,0.0,0
205,high_loose,no_control_interpretation,16,60,34.79084438335671,1.0,12.0,0.0,0
205,high_loose,no_control_interpretation,17,60,33.74058023556928,1.0,12.0,0.0,0
205,high_loose,no_control_interpretation,18,60,34.34301208889346,1.0,7.5,0.0,0
205,high_loose,no_control_interpretation,19,60,33.64220188665512,1.0,14.5,0.0,0
205,high_loose,no_control_interpretation,20,60,33.99178368878726,1.0,9.5,0.0,0
205,high_loose,no_control_interpretation,21,60,34.79204149341794,1.0,11.5,0.0,0
205,high_loose,no_control_interpretation,22,60,34.29144001400908,1.0,11.0,0.0,0
205,high_loose,no_control_interpretation,23,60,33.89311028232045,1.0,10.0,0.0,0
205,high_loose,no_pre_new_only,0,60,6.236627794825091,0.2,0,0.0,0
205,high_loose,no_pre_new_only,1,60,6.979297659398436,0.23333333333333334,0,0.0,0
205,high_loose,no_pre_new_only,2,60,6.236154848460197,0.2,0,0.0,0
205,high_loose,no_pre_new_only,3,60,6.976791756072017,0.23333333333333334,0,0.0,0
205,high_loose,no_pre_new_only,4,60,6.237616428489396,0.2,0,0.0,0
205,high_loose,no_pre_new_only,5,60,6.23822921311778,0.2,0,0.0,0
205,high_loose,no_pre_new_only,6,60,6.237098097233623,0.2,0,0.0,0
205,high_loose,no_pre_new_only,7,60,6.236545959296537,0.2,0,0.0,0
205,high_loose,no_pre_new_only,8,60,6.237575796874822,0.2,0,0.0,0
205,high_loose,no_pre_new_only,9,60,6.977189496234689,0.23333333333333334,0,0.0,0
205,high_loose,no_pre_new_only,10,60,6.238161271919166,0.2,0,0.0,0
205,high_loose,no_pre_new_only,11,60,6.236345446287608,0.2,0,0.0,0
205,high_loose,no_pre_new_only,12,60,6.238869874817758,0.2,0,0.0,0
205,high_loose,no_pre_new_only,13,60,6.977073540673735,0.23333333333333334,0,0.0,0
205,high_loose,no_pre_new_only,14,60,6.23693178000304,0.2,0,0.0,0
205,high_loose,no_pre_new_only,15,60,6.975897958738397,0.23333333333333334,0,0.0,0
205,high_loose,no_pre_new_only,16,60,6.236560123294147,0.2,0,0.0,0
205,high_loose,no_pre_new_only,17,60,6.976123124489152,0.23333333333333334,0,0.0,0
205,high_loose,no_pre_new_only,18,60,6.237067908805069,0.2,0,0.0,0
205,high_loose,no_pre_new_only,19,60,6.9757063053051755,0.23333333333333334,0,0.0,0
205,high_loose,no_pre_new_only,20,60,6.237687739848765,0.2,0,0.0,0
205,high_loose,no_pre_new_only,21,60,6.237502605469771,0.2,0,0.0,0
205,high_loose,no_pre_new_only,22,60,6.237442441959326,0.2,0,0.0,0
205,high_loose,no_pre_new_only,23,60,6.977038998693181,0.23333333333333334,0,0.0,0
205,high_loose,greedy_hard_cap,0,60,34.99663361583438,1.0,9.0,0.0,0
205,high_loose,greedy_hard_cap,1,60,34.69830194043461,1.0,14.5,0.0,0
205,high_loose,greedy_hard_cap,2,60,35.49675643784599,1.0,17.5,0.0,0
205,high_loose,greedy_hard_cap,3,60,34.69823401582326,1.0,17.0,0.0,0
205,high_loose,greedy_hard_cap,4,60,35.69867452487961,1.0,21.5,0.0,0
205,high_loose,greedy_hard_cap,5,60,34.898519864743264,1.0,18.5,0.0,0
205,high_loose,greedy_hard_cap,6,60,34.94856418847277,1.0,18.5,0.0,0
205,high_loose,greedy_hard_cap,7,60,35.996788872109235,1.0,19.0,0.0,0
205,high_loose,greedy_hard_cap,8,60,35.99683214323817,1.0,18.0,0.0,0
205,high_loose,greedy_hard_cap,9,60,34.298865314321226,1.0,14.0,0.0,0
205,high_loose,greedy_hard_cap,10,60,35.64928559606064,1.0,16.0,0.0,0
205,high_loose,greedy_hard_cap,11,60,35.447653482516614,1.0,17.5,0.0,0
205,high_loose,greedy_hard_cap,12,60,35.69804101170335,1.0,17.5,0.0,0
205,high_loose,greedy_hard_cap,13,60,34.6991065007286,1.0,21.0,0.0,0
205,high_loose,greedy_hard_cap,14,60,35.497846369667684,1.0,20.5,0.0,0
205,high_loose,greedy_hard_cap,15,60,35.04753471666312,1.0,19.5,0.0,0
205,high_loose,greedy_hard_cap,16,60,35.8472681838783,1.0,19.0,0.0,0
205,high_loose,greedy_hard_cap,17,60,34.84722242712045,1.0,20.5,0.0,0
205,high_loose,greedy_hard_cap,18,60,36.19628445353533,1.0,22.0,0.0,0
205,high_loose,greedy_hard_cap,19,60,34.49868377220892,1.0,20.5,0.0,0
205,high_loose,greedy_hard_cap,20,60,35.24767633932194,1.0,20.5,0.0,0
205,high_loose,greedy_hard_cap,21,60,36.096169267598086,1.0,23.5,0.0,0
205,high_loose,greedy_hard_cap,22,60,35.24869819019923,1.0,16.5,0.0,0
205,high_loose,greedy_hard_cap,23,60,35.548089302442115,1.0,20.5,0.0,0
205,random,pd_theta_2,0,60,40.74156998700385,1.0,2.0,0.0,6
205,random,pd_theta_2,1,60,45.04265001771738,1.0,4.0,0.0,3
205,random,pd_theta_2,2,60,44.138190712844775,1.0,10.0,0.0,0
205,random,pd_theta_2,3,60,37.85166668834294,0.9666666666666667,12.0,0.0,0
205,random,pd_theta_2,4,60,44.63987775791122,1.0,15.0,0.0,0
205,random,pd_theta_2,5,60,43.08950863508766,1.0,16.0,0.0,0
205,random,pd_theta_2,6,60,47.84138049205202,1.0,16.0,0.0,0
205,random,pd_theta_2,7,60,39.84105482573697,1.0,16.0,0.0,0
205,random,pd_theta_2,8,60,39.29140665743675,1.0,16.5,0.0,0
205,random,pd_theta_2,9,60,45.04146602215283,1.0,14.0,0.0,0
205,random,pd_theta_2,10,60,40.590726660889466,1.0,12.0,0.0,1
205,random,pd_theta_2,11,60,45.19068272260426,1.0,16.5,0.0,0
205,random,pd_theta_2,12,60,42.03996205445862,1.0,13.5,0.0,0
205,random,pd_theta_2,13,60,44.74047210804537,1.0,12.5,0.0,0
205,random,pd_theta_2,14,60,44.642197578510654,1.0,15.0,0.0,0
205,random,pd_theta_2,15,60,43.13851500899317,1.0,15.0,0.0,0
205,random,pd_theta_2,16,60,44.687922899379814,1.0,16.5,0.0,0
205,random,pd_theta_2,17,60,40.2916771281255,1.0,16.5,0.0,0
205,random,pd_theta_2,18,60,44.68931834083209,1.0,15.0,0.0,0
205,random,pd_theta_2,19,60,38.83909316325104,1.0,15.0,0.0,0
205,random,pd_theta_2,20,60,45.79042966699369,1.0,15.0,0.0,0
205,random,pd_theta_2,21,60,41.99165643886826,1.0,15.5,0.0,0
205,random,pd_theta_2,22,60,44.289911548394464,1.0,15.5,0.0,0
205,random,pd_theta_2,23,60,40.49278348235788,1.0,10.5,0.0,1
205,random,pd_theta_4,0,60,40.74156998700385,1.0,2.0,0.0,6
205,random,pd_theta_4,1,60,45.04265001771738,1.0,4.0,0.0,3
205,random,pd_theta_4,2,60,44.138190712844775,1.0,10.0,0.0,0
205,random,pd_theta_4,3,60,38.47105920343325,0.9833333333333333,15.0,0.0,0
205,random,pd_theta_4,4,60,44.73985930991099,1.0,19.0,0.0,0
205,random,pd_theta_4,5,60,43.18847144256335,1.0,25.0,0.0,0
205,random,pd_theta_4,6,60,48.19024054833483,1.0,29.0,0.0,0
205,random,pd_theta_4,7,60,39.840077254189296,1.0,24.0,0.0,0
205,random,pd_theta_4,8,60,39.29026531632447,1.0,24.0,0.0,0
205,random,pd_theta_4,9,60,45.13906984151321,1.0,24.5,0.0,0
205,random,pd_theta_4,10,60,40.63874100449598,1.0,24.5,0.0,0
205,random,pd_theta_4,11,60,45.43999817990986,1.0,26.0,0.0,0
205,random,pd_theta_4,12,60,42.039142012311515,1.0,24.0,0.0,0
205,random,pd_theta_4,13,60,44.74170166989047,1.0,24.5,0.0,0
205,random,pd_theta_4,14,60,44.64243125085652,1.0,23.5,0.0,0
205,random,pd_theta_4,15,60,43.238719100550966,1.0,21.5,0.0,0
205,random,pd_theta_4,16,60,44.73751987378955,1.0,22.5,0.0,0
205,random,pd_theta_4,17,60,40.3904837713149,1.0,27.0,0.0,0
205,random,pd_theta_4,18,60,44.68909506432361,1.0,26.0,0.0,0
205,random,pd_theta_4,19,60,38.89185084755965,1.0,25.0,0.0,0
205,random,pd_theta_4,20,60,45.270400255964724,0.9833333333333333,22.0,0.0,0
205,random,pd_theta_4,21,60,41.989169428617096,1.0,23.5,0.0,0
205,random,pd_theta_4,22,60,44.39125335811958,1.0,25.0,0.0,0
205,random,pd_theta_4,23,60,40.59130990922928,1.0,23.5,0.0,0
205,random,pd_theta_8,0,60,40.74156998700385,1.0,2.0,0.0,6
205,random,pd_theta_8,1,60,45.04265001771738,1.0,4.0,0.0,3
205,random,pd_theta_8,2,60,44.138190712844775,1.0,10.0,0.0,0
205,random,pd_theta_8,3,60,38.47105920343325,0.9833333333333333,15.0,0.0,0
205,random,pd_theta_8,4,60,44.73985930991099,1.0,19.0,0.0,0
205,random,pd_theta_8,5,60,43.23908109222819,1.0,25.5,0.0,0
205,random,pd_theta_8,6,60,48.28905746795809,1.0,32.5,0.0,0
205,random,pd_theta_8,7,60,40.09090737841466,1.0,33.5,0.0,0
205,random,pd_theta_8,8,60,39.59264885407007,1.0,38.0,0.0,0
205,random,pd_theta_8,9,60,45.291475271800756,1.0,41.0,0.0,0
205,random,pd_theta_8,10,60,40.989358038479416,1.0,44.0,0.0,0
205,random,pd_theta_8,11,60,45.53969263735783,1.0,42.5,0.0,0
205,random,pd_theta_8,12,60,42.23825478047922,1.0,43.0,0.0,0
205,random,pd_theta_8,13,60,45.03876929331169,1.0,42.0,0.0,0
205,random,pd_theta_8,14,60,45.04322264064825,1.0,40.0,0.0,0
205,random,pd_theta_8,15,60,43.53675252377994,1.0,37.5,0.0,0
205,random,pd_theta_8,16,60,45.03978728798638,1.0,38.0,0.0,0
205,random,pd_theta_8,17,60,40.39112891535457,1.0,37.5,0.0,0
205,random,pd_theta_8,18,60,44.68839642200092,1.0,35.5,0.0,0
205,random,pd_theta_8,19,60,38.93949023383029,1.0,34.5,0.0,0
205,random,pd_theta_8,20,60,46.1886728203462,1.0,36.5,0.0,0
205,random,pd_theta_8,21,60,42.39019545191357,1.0,37.5,0.0,0
205,random,pd_theta_8,22,60,44.539735597431346,1.0,37.5,0.0,0
205,random,pd_theta_8,23,60,40.8910763361888,1.0,37.0,0.0,0
205,random,pd_theta_16,0,60,40.74156998700385,1.0,2.0,0.0,6
205,random,pd_theta_16,1,60,45.04265001771738,1.0,4.0,0.0,3
205,random,pd_theta_16,2,60,44.138190712844775,1.0,10.0,0.0,0
205,random,pd_theta_16,3,60,38.47105920343325,0.9833333333333333,15.0,0.0,0
205,random,pd_theta_16,4,60,44.73985930991099,1.0,19.0,0.0,0
205,random,pd_theta_16,5,60,43.23908109222819,1.0,25.5,0.0,0
205,random,pd_theta_16,6,60,48.28905746795809,1.0,32.5,0.0,0
205,random,pd_theta_16,7,60,40.09090737841466,1.0,33.5,0.0,0
205,random,pd_theta_16,8,60,39.59264885407007,1.0,38.0,0.0,0
205,random,pd_theta_16,9,60,45.291475271800756,1.0,41.0,0.0,0
205,random,pd_theta_16,10,60,41.08937111869681,1.0,45.5,0.0,0
205,random,pd_theta_16,11,60,45.73997534178718,1.0,49.5,0.0,0
205,random,pd_theta_16,12,60,42.43817628078486,1.0,49.5,0.0,0
205,random,pd_theta_16,13,60,45.140404815778304,1.0,55.0,0.0,0
205,random,pd_theta_16,14,60,45.09343854833204,1.0,56.0,0.0,0
205,random,pd_theta_16,15,60,43.83881676313179,1.0,61.0,0.0,0
205,random,pd_theta_16,16,60,45.08897899871937,1.0,61.0,0.0,0
205,random,pd_theta_16,17,60,40.640533808838505,1.0,61.5,0.0,0
205,random,pd_theta_16,18,60,44.789071404089846,1.0,60.5,0.0,0
205,random,pd_theta_16,19,60,39.090151192262034,1.0,60.5,0.0,0
205,random,pd_theta_16,20,60,46.18908478684456,1.0,63.5,0.0,0
205,random,pd_theta_16,21,60,42.790786021406745,1.0,60.0,0.0,0
205,random,pd_theta_16,22,60,44.68934709716669,1.0,55.5,0.0,0
205,random,pd_theta_16,23,60,41.092045432601296,1.0,54.0,0.0,0
205,random,pd_history,0,60,40.74156998700385,1.0,2.0,0.0,6
205,random,pd_history,1,60,45.04265001771738,1.0,4.0,0.0,3
205,random,pd_history,2,60,44.138190712844775,1.0,10.0,0.0,0
205,random,pd_history,3,60,37.85166668834294,0.9666666666666667,12.0,0.0,0
205,random,pd_history,4,60,44.63987775791122,1.0,15.0,0.0,0
205,random,pd_history,5,60,43.08950863508766,1.0,16.0,0.0,0
205,random,pd_history,6,60,47.84138049205202,1.0,16.0,0.0,0
205,random,pd_history,7,60,39.84105482573697,1.0,16.0,0.0,0
205,random,pd_history,8,60,39.29140665743675,1.0,16.5,0.0,0
205,random,pd_history,9,60,45.04146602215283,1.0,14.0,0.0,0
205,random,pd_history,10,60,40.590726660889466,1.0,12.0,0.0,1
205,random,pd_history,11,60,45.19068272260426,1.0,16.5,0.0,0
205,random,pd_history,12,60,42.03996205445862,1.0,13.5,0.0,0
205,random,pd_history,13,60,44.74047210804537,1.0,12.5,0.0,0
205,random,pd_history,14,60,44.642197578510654,1.0,15.0,0.0,0
205,random,pd_history,15,60,43.13851500899317,1.0,15.0,0.0,0
205,random,pd_history,16,60,44.687922899379814,1.0,16.5,0.0,0
205,random,pd_history,17,60,40.2916771281255,1.0,16.5,0.0,0
205,random,pd_history,18,60,44.68931834083209,1.0,15.0,0.0,0
205,random,pd_history,19,60,38.83909316325104,1.0,15.0,0.0,0
205,random,pd_history,20,60,45.79042966699369,1.0,15.0,0.0,0
205,random,pd_history,21,60,41.99165643886826,1.0,15.5,0.0,0
205,random,pd_history,22,60,44.289911548394464,1.0,15.5,0.0,0
205,random,pd_history,23,60,40.49278348235788,1.0,10.5,0.0,1
205,random,no_control_interpretation,0,60,40.74156998700385,1.0,2.0,0.0,6
205,random,no_control_interpretation,1,60,45.04265001771738,1.0,4.0,0.0,3
205,random,no_control_interpretation,2,60,44.138190712844775,1.0,10.0,0.0,0
205,random,no_control_interpretation,3,60,38.89083119509604,1.0,12.0,0.0,0
205,random,no_control_interpretation,4,60,44.63976701663791,1.0,17.0,0.0,0
205,random,no_control_interpretation,5,60,43.088910796425424,1.0,18.0,0.0,0
205,random,no_control_interpretation,6,60,47.84080464438771,1.0,16.0,0.0,0
205,random,no_control_interpretation,7,60,39.739589021830405,1.0,13.0,0.0,0
205,random,no_control_interpretation,8,60,39.24016535479173,1.0,13.0,0.0,0
205,random,no_control_interpretation,9,60,44.84328302810804,1.0,11.0,0.0,0
205,random,no_control_interpretation,10,60,40.5407550206613,1.0,13.5,0.0,0
205,random,no_control_interpretation,11,60,45.29141975238046,1.0,17.5,0.0,0
205,random,no_control_interpretation,12,60,42.03975421520482,1.0,14.0,0.0,0
205,random,no_control_interpretation,13,60,44.74189221491176,1.0,12.5,0.0,0
205,random,no_control_interpretation,14,60,44.593091798426,1.0,12.0,0.0,0
205,random,no_control_interpretation,15,60,43.13860407856245,1.0,12.5,0.0,0
205,random,no_control_interpretation,16,60,44.73802090832789,1.0,16.0,0.0,0
205,random,no_control_interpretation,17,60,40.291309593945414,1.0,16.0,0.0,0
205,random,no_control_interpretation,18,60,44.68931834083209,1.0,16.0,0.0,0
205,random,no_control_interpretation,19,60,38.83909316325104,1.0,15.0,0.0,0
205,random,no_control_interpretation,20,60,45.79042966699369,1.0,15.0,0.0,0
205,random,no_control_interpretation,21,60,41.99165643886826,1.0,15.5,0.0,0
205,random,no_control_interpretation,22,60,44.289911548394464,1.0,15.5,0.0,0
205,random,no_control_interpretation,23,60,40.49278348235788,1.0,10.5,0.0,1
205,random,no_pre_new_only,0,60,9.63442903829167,0.36666666666666664,0,0.0,0
205,random,no_pre_new_only,1,60,9.485840074910412,0.36666666666666664,0,0.0,0
205,random,no_pre_new_only,2,60,8.224527451894021,0.31666666666666665,0,0.0,0
205,random,no_pre_new_only,3,60,9.855008660729428,0.38333333333333336,0,0.0,0
205,random,no_pre_new_only,4,60,8.665910384840036,0.35,0,0.0,0
205,random,no_pre_new_only,5,60,10.075165200941978,0.4,0,0.0,0
205,random,no_pre_new_only,6,60,8.7451924380089,0.3333333333333333,0,0.0,0
205,random,no_pre_new_only,7,60,10.29390651682323,0.4166666666666667,0,0.0,0
205,random,no_pre_new_only,8,60,9.554131225956327,0.38333333333333336,0,0.0,0
205,random,no_pre_new_only,9,60,9.114350704320076,0.35,0,0.0,0
205,random,no_pre_new_only,10,60,9.854240776285293,0.38333333333333336,0,0.0,0
205,random,no_pre_new_only,11,60,9.114763607585328,0.35,0,0.0,0
205,random,no_pre_new_only,12,60,9.705499157054403,0.38333333333333336,0,0.0,0
205,random,no_pre_new_only,13,60,9.926159757030126,0.4,0,0.0,0
205,random,no_pre_new_only,14,60,10.293463264792637,0.4166666666666667,0,0.0,0
205,random,no_pre_new_only,15,60,9.855734584252817,0.38333333333333336,0,0.0,0
205,random,no_pre_new_only,16,60,9.184968994512282,0.36666666666666664,0,0.0,0
205,random,no_pre_new_only,17,60,9.333648384614534,0.36666666666666664,0,0.0,0
205,random,no_pre_new_only,18,60,7.7055409685368526,0.3,0,0.0,0
205,random,no_pre_new_only,19,60,9.854537562479361,0.38333333333333336,0,0.0,0
205,random,no_pre_new_only,20,60,9.483812326710504,0.36666666666666664,0,0.0,0
205,random,no_pre_new_only,21,60,10.074159404894617,0.4,0,0.0,0
205,random,no_pre_new_only,22,60,9.63407390167256,0.36666666666666664,0,0.0,0
205,random,no_pre_new_only,23,60,9.925333825971247,0.4,0,0.0,0
205,random,greedy_hard_cap,0,60,33.32808013841243,0.9,12.5,0.0,0
205,random,greedy_hard_cap,1,60,40.667189624237196,0.9333333333333333,15.0,0.0,0
205,random,greedy_hard_cap,2,60,45.29791278888753,1.0,16.5,0.0,0
205,random,greedy_hard_cap,3,60,38.62961675286756,0.9833333333333333,18.0,0.0,0
205,random,greedy_hard_cap,4,60,45.89889190201606,1.0,21.5,0.0,0
205,random,greedy_hard_cap,5,60,44.098527493797604,1.0,20.5,0.0,0
205,random,greedy_hard_cap,6,60,48.748556348276594,1.0,19.5,0.0,0
205,random,greedy_hard_cap,7,60,41.24957196400419,1.0,22.5,0.0,0
205,random,greedy_hard_cap,8,60,40.647530469705096,1.0,22.0,0.0,0
205,random,greedy_hard_cap,9,60,44.47887157770666,0.9833333333333333,18.5,0.0,0
205,random,greedy_hard_cap,10,60,41.84889564336474,1.0,20.0,0.0,0
205,random,greedy_hard_cap,11,60,46.347158756436436,1.0,19.0,0.0,0
205,random,greedy_hard_cap,12,60,43.19763100119305,1.0,20.0,0.0,0
205,random,greedy_hard_cap,13,60,45.747383334176035,1.0,21.5,0.0,0
205,random,greedy_hard_cap,14,60,45.74956144994056,1.0,21.0,0.0,0
205,random,greedy_hard_cap,15,60,44.39871978806124,1.0,20.5,0.0,0
205,random,greedy_hard_cap,16,60,45.898550736221274,1.0,19.0,0.0,0
205,random,greedy_hard_cap,17,60,41.24812222666934,1.0,20.0,0.0,0
205,random,greedy_hard_cap,18,60,45.74808290284647,1.0,21.0,0.0,0
205,random,greedy_hard_cap,19,60,39.59922627454345,1.0,22.5,0.0,0
205,random,greedy_hard_cap,20,60,46.64904344821706,1.0,22.5,0.0,0
205,random,greedy_hard_cap,21,60,43.3480763928653,1.0,21.5,0.0,0
205,random,greedy_hard_cap,22,60,45.29848185619567,1.0,18.5,0.0,0
205,random,greedy_hard_cap,23,60,41.84858198725053,1.0,22.0,0.0,0
205,switch,pd_theta_2,0,60,41.48429250385008,0.8666666666666667,5.0,0.0,4
205,switch,pd_theta_2,1,60,46.21552259588426,0.9333333333333333,9.0,0.0,7
205,switch,pd_theta_2,2,60,41.0504365574274,0.8833333333333333,13.0,0.0,3
205,switch,pd_theta_2,3,60,44.404121953047266,0.8833333333333333,15.5,0.0,6
205,switch,pd_theta_2,4,60,38.36325819717486,0.85,15.0,0.0,2
205,switch,pd_theta_2,5,60,45.50245214968853,0.8833333333333333,15.5,0.0,7
205,switch,pd_theta_2,6,60,47.283815931037104,0.8666666666666667,15.5,0.0,9
205,switch,pd_theta_2,7,60,40.58929869390782,0.9166666666666666,10.5,0.0,2
205,switch,pd_theta_2,8,60,42.013342661950325,0.9333333333333333,11.0,0.0,3
205,switch,pd_theta_2,9,60,44.76155121414982,0.85,15.5,0.0,7
205,switch,pd_theta_2,10,60,42.25592720281537,0.8833333333333333,14.0,0.0,4
205,switch,pd_theta_2,11,60,45.822152610886164,0.9,14.5,0.0,7
205,switch,pd_theta_2,12,60,34.940047498242066,1.0,8.5,0.0,1
205,switch,pd_theta_2,13,60,33.891608224936405,1.0,9.0,0.0,0
205,switch,pd_theta_2,14,60,34.642003972092354,1.0,12.0,0.0,0
205,switch,pd_theta_2,15,60,33.738063707641885,1.0,8.5,0.0,0
205,switch,pd_theta_2,16,60,34.79230382431524,1.0,13.0,0.0,0
205,switch,pd_theta_2,17,60,33.73988588937579,1.0,13.0,0.0,0
205,switch,pd_theta_2,18,60,34.34254019649854,1.0,10.5,0.0,0
205,switch,pd_theta_2,19,60,33.64111564448075,1.0,12.5,0.0,0
205,switch,pd_theta_2,20,60,33.99252873183413,1.0,8.5,0.0,0
205,switch,pd_theta_2,21,60,34.79202966058654,1.0,13.5,0.0,0
205,switch,pd_theta_2,22,60,34.29208332130255,1.0,10.0,0.0,0
205,switch,pd_theta_2,23,60,33.89311028232045,1.0,9.0,0.0,0
205,switch,pd_theta_4,0,60,41.48429250385008,0.8666666666666667,5.0,0.0,4
205,switch,pd_theta_4,1,60,46.21552259588426,0.9333333333333333,9.0,0.0,7
205,switch,pd_theta_4,2,60,41.0504365574274,0.8833333333333333,13.0,0.0,3
205,switch,pd_theta_4,3,60,44.40519139997743,0.8833333333333333,18.5,0.0,6
205,switch,pd_theta_4,4,60,38.36303417157152,0.85,20.0,0.0,2
205,switch,pd_theta_4,5,60,45.60328537381308,0.8833333333333333,21.0,0.0,7
205,switch,pd_theta_4,6,60,47.28407373790821,0.8666666666666667,20.0,0.0,9
205,switch,pd_theta_4,7,60,40.641337845305124,0.9166666666666666,14.5,0.0,2
205,switch,pd_theta_4,8,60,42.21168616003163,0.9333333333333333,16.5,0.0,3
205,switch,pd_theta_4,9,60,44.86196618185027,0.85,20.0,0.0,7
205,switch,pd_theta_4,10,60,42.255588675339006,0.8833333333333333,18.5,0.0,4
205,switch,pd_theta_4,11,60,45.77444021629736,0.9,19.0,0.0,7
205,switch,pd_theta_4,12,60,34.9409011953651,1.0,12.0,0.0,1
205,switch,pd_theta_4,13,60,34.04110666164657,1.0,13.5,0.0,0
205,switch,pd_theta_4,14,60,34.79217477745306,1.0,16.0,0.0,0
205,switch,pd_theta_4,15,60,33.83952127421934,1.0,17.5,0.0,0
205,switch,pd_theta_4,16,60,34.8407790026358,1.0,20.0,0.0,0
205,switch,pd_theta_4,17,60,33.74026154149786,1.0,22.0,0.0,0
205,switch,pd_theta_4,18,60,34.642159306593896,1.0,20.0,0.0,0
205,switch,pd_theta_4,19,60,33.64009320012177,1.0,20.0,0.0,0
205,switch,pd_theta_4,20,60,33.990678187280935,1.0,16.5,0.0,0
205,switch,pd_theta_4,21,60,34.7893221211578,1.0,19.0,0.0,0
205,switch,pd_theta_4,22,60,34.391618114170484,1.0,19.0,0.0,0
205,switch,pd_theta_4,23,60,34.04274211265808,1.0,17.5,0.0,0
205,switch,pd_theta_8,0,60,41.48429250385008,0.8666666666666667,5.0,0.0,4
205,switch,pd_theta_8,1,60,46.21552259588426,0.9333333333333333,9.0,0.0,7
205,switch,pd_theta_8,2,60,41.0504365574274,0.8833333333333333,13.0,0.0,3
205,switch,pd_theta_8,3,60,44.40519139997743,0.8833333333333333,18.5,0.0,6
205,switch,pd_theta_8,4,60,38.36303417157152,0.85,20.0,0.0,2
205,switch,pd_theta_8,5,60,45.6034215637865,0.8833333333333333,24.0,0.0,7
205,switch,pd_theta_8,6,60,47.33380571659059,0.8666666666666667,26.0,0.0,9
205,switch,pd_theta_8,7,60,40.99075523100441,0.9166666666666666,24.5,0.0,2
205,switch,pd_theta_8,8,60,42.36249266924786,0.9333333333333333,26.0,0.0,3
205,switch,pd_theta_8,9,60,44.91199436857758,0.85,31.5,0.0,7
205,switch,pd_theta_8,10,60,42.30463929550645,0.8833333333333333,28.5,0.0,4
205,switch,pd_theta_8,11,60,45.972578513037135,0.9,28.0,0.0,7
205,switch,pd_theta_8,12,60,35.1391818822198,1.0,22.5,0.0,2
205,switch,pd_theta_8,13,60,34.19002154660806,1.0,22.5,0.0,1
205,switch,pd_theta_8,14,60,34.99131128486345,1.0,25.5,0.0,0
205,switch,pd_theta_8,15,60,34.33913802778087,1.0,28.5,0.0,0
205,switch,pd_theta_8,16,60,35.041767655460475,1.0,27.0,0.0,0
205,switch,pd_theta_8,17,60,33.8916803522429,1.0,27.0,0.0,0
205,switch,pd_theta_8,18,60,35.19177777043446,1.0,28.0,0.0,0
205,switch,pd_theta_8,19,60,33.64002574622943,1.0,28.5,0.0,0
205,switch,pd_theta_8,20,60,33.987356994684795,1.0,28.0,0.0,0
205,switch,pd_theta_8,21,60,34.6392936088093,1.0,31.0,0.0,0
205,switch,pd_theta_8,22,60,34.14218137362393,1.0,32.5,0.0,0
205,switch,pd_theta_8,23,60,34.04128947957088,1.0,33.5,0.0,0
205,switch,pd_theta_16,0,60,41.48429250385008,0.8666666666666667,5.0,0.0,4
205,switch,pd_theta_16,1,60,46.21552259588426,0.9333333333333333,9.0,0.0,7
205,switch,pd_theta_16,2,60,41.0504365574274,0.8833333333333333,13.0,0.0,3
205,switch,pd_theta_16,3,60,44.40519139997743,0.8833333333333333,18.5,0.0,6
205,switch,pd_theta_16,4,60,38.36303417157152,0.85,20.0,0.0,2
205,switch,pd_theta_16,5,60,45.6034215637865,0.8833333333333333,24.0,0.0,7
205,switch,pd_theta_16,6,60,47.33380571659059,0.8666666666666667,26.0,0.0,9
205,switch,pd_theta_16,7,60,40.99075523100441,0.9166666666666666,24.5,0.0,2
205,switch,pd_theta_16,8,60,42.36249266924786,0.9333333333333333,26.0,0.0,3
205,switch,pd_theta_16,9,60,44.91199436857758,0.85,31.5,0.0,7
205,switch,pd_theta_16,10,60,42.40505124606703,0.8833333333333333,31.0,0.0,4
205,switch,pd_theta_16,11,60,46.0219124020788,0.9,34.0,0.0,7
205,switch,pd_theta_16,12,60,34.50123515983309,0.9666666666666667,32.0,0.0,2
205,switch,pd_theta_16,13,60,34.34021157142411,1.0,32.0,0.0,1
205,switch,pd_theta_16,14,60,35.239425745660895,1.0,35.0,0.0,0
205,switch,pd_theta_16,15,60,34.64004945725886,1.0,40.5,0.0,0
205,switch,pd_theta_16,16,60,35.439155544074346,1.0,43.5,0.0,0
205,switch,pd_theta_16,17,60,34.54287125180824,1.0,46.5,0.0,0
205,switch,pd_theta_16,18,60,35.59028166539786,1.0,45.5,0.0,0
205,switch,pd_theta_16,19,60,33.8382998472911,1.0,43.0,0.0,0
205,switch,pd_theta_16,20,60,34.68807392865545,1.0,48.0,0.0,0
205,switch,pd_theta_16,21,60,35.190359654803785,1.0,46.5,0.0,0
205,switch,pd_theta_16,22,60,34.642659588935,1.0,46.0,0.0,0
205,switch,pd_theta_16,23,60,34.592888159816646,1.0,50.0,0.0,0
205,switch,pd_history,0,60,41.48429250385008,0.8666666666666667,5.0,0.0,4
205,switch,pd_history,1,60,46.21552259588426,0.9333333333333333,9.0,0.0,7
205,switch,pd_history,2,60,41.0504365574274,0.8833333333333333,13.0,0.0,3
205,switch,pd_history,3,60,44.404121953047266,0.8833333333333333,15.5,0.0,6
205,switch,pd_history,4,60,38.36325819717486,0.85,15.0,0.0,2
205,switch,pd_history,5,60,45.50245214968853,0.8833333333333333,15.5,0.0,7
205,switch,pd_history,6,60,47.283815931037104,0.8666666666666667,15.5,0.0,9
205,switch,pd_history,7,60,40.58929869390782,0.9166666666666666,10.5,0.0,2
205,switch,pd_history,8,60,42.013342661950325,0.9333333333333333,11.0,0.0,3
205,switch,pd_history,9,60,44.76155121414982,0.85,15.5,0.0,7
205,switch,pd_history,10,60,42.25592720281537,0.8833333333333333,14.0,0.0,4
205,switch,pd_history,11,60,45.822152610886164,0.9,14.5,0.0,7
205,switch,pd_history,12,60,34.940047498242066,1.0,8.5,0.0,1
205,switch,pd_history,13,60,33.891608224936405,1.0,9.0,0.0,0
205,switch,pd_history,14,60,34.642003972092354,1.0,12.0,0.0,0
205,switch,pd_history,15,60,33.738063707641885,1.0,8.5,0.0,0
205,switch,pd_history,16,60,34.79230382431524,1.0,13.0,0.0,0
205,switch,pd_history,17,60,33.73988588937579,1.0,13.0,0.0,0
205,switch,pd_history,18,60,34.34254019649854,1.0,10.5,0.0,0
205,switch,pd_history,19,60,33.64111564448075,1.0,12.5,0.0,0
205,switch,pd_history,20,60,33.99252873183413,1.0,8.5,0.0,0
205,switch,pd_history,21,60,34.79202966058654,1.0,13.5,0.0,0
205,switch,pd_history,22,60,34.29208332130255,1.0,10.0,0.0,0
205,switch,pd_history,23,60,33.89311028232045,1.0,9.0,0.0,0
205,switch,no_control_interpretation,0,60,52.84296498521689,1.0,5.0,0.0,12
205,switch,no_control_interpretation,1,60,51.89489633093484,1.0,9.0,0.0,11
205,switch,no_control_interpretation,2,60,50.989293575123426,1.0,13.0,0.0,10
205,switch,no_control_interpretation,3,60,54.34257137490566,1.0,15.5,0.0,13
205,switch,no_control_interpretation,4,60,51.140906310049786,1.0,15.0,0.0,11
205,switch,no_control_interpretation,5,60,55.44112952395442,1.0,15.5,0.0,14
205,switch,no_control_interpretation,6,60,58.64111221534808,1.0,15.5,0.0,17
205,switch,no_control_interpretation,7,60,47.687724639038514,1.0,10.5,0.0,7
205,switch,no_control_interpretation,8,60,47.69301726390148,1.0,11.0,0.0,7
205,switch,no_control_interpretation,9,60,57.53908269632251,1.0,15.5,0.0,16
205,switch,no_control_interpretation,10,60,52.195112331335785,1.0,14.0,0.0,11
205,switch,no_control_interpretation,11,60,54.34059422056503,1.0,14.5,0.0,13
205,switch,no_control_interpretation,12,60,34.940047498242066,1.0,8.5,0.0,1
205,switch,no_control_interpretation,13,60,33.891608224936405,1.0,9.0,0.0,0
205,switch,no_control_interpretation,14,60,34.642003972092354,1.0,12.0,0.0,0
205,switch,no_control_interpretation,15,60,33.738063707641885,1.0,8.5,0.0,0
205,switch,no_control_interpretation,16,60,34.79230382431524,1.0,13.0,0.0,0
205,switch,no_control_interpretation,17,60,33.73988588937579,1.0,13.0,0.0,0
205,switch,no_control_interpretation,18,60,34.34254019649854,1.0,10.5,0.0,0
205,switch,no_control_interpretation,19,60,33.64111564448075,1.0,12.5,0.0,0
205,switch,no_control_interpretation,20,60,33.99252873183413,1.0,8.5,0.0,0
205,switch,no_control_interpretation,21,60,34.79202966058654,1.0,13.5,0.0,0
205,switch,no_control_interpretation,22,60,34.29208332130255,1.0,10.0,0.0,0
205,switch,no_control_interpretation,23,60,33.89311028232045,1.0,9.0,0.0,0
205,switch,no_pre_new_only,0,60,11.094181220983417,0.5,0,0.0,0
205,switch,no_pre_new_only,1,60,11.463264612481542,0.5166666666666667,0,0.0,0
205,switch,no_pre_new_only,2,60,11.830991642525927,0.5333333333333333,0,0.0,0
205,switch,no_pre_new_only,3,60,10.72456762656061,0.48333333333333334,0,0.0,0
205,switch,no_pre_new_only,4,60,11.8331300127664,0.5333333333333333,0,0.0,0
205,switch,no_pre_new_only,5,60,10.352214277646057,0.4666666666666667,0,0.0,0
205,switch,no_pre_new_only,6,60,9.24535910324703,0.4166666666666667,0,0.0,0
205,switch,no_pre_new_only,7,60,11.832936962582881,0.5333333333333333,0,0.0,0
205,switch,no_pre_new_only,8,60,11.830450758775815,0.5333333333333333,0,0.0,0
205,switch,no_pre_new_only,9,60,9.614115720265648,0.43333333333333335,0,0.0,0
205,switch,no_pre_new_only,10,60,11.463051791308615,0.5166666666666667,0,0.0,0
205,switch,no_pre_new_only,11,60,10.722645293688714,0.48333333333333334,0,0.0,0
205,switch,no_pre_new_only,12,60,6.238869874817758,0.2,0,0.0,0
205,switch,no_pre_new_only,13,60,6.977073540673735,0.23333333333333334,0,0.0,0
205,switch,no_pre_new_only,14,60,6.23693178000304,0.2,0,0.0,0
205,switch,no_pre_new_only,15,60,6.975897958738397,0.23333333333333334,0,0.0,0
205,switch,no_pre_new_only,16,60,6.236560123294147,0.2,0,0.0,0
205,switch,no_pre_new_only,17,60,6.976123124489152,0.23333333333333334,0,0.0,0
205,switch,no_pre_new_only,18,60,6.237067908805069,0.2,0,0.0,0
205,switch,no_pre_new_only,19,60,6.9757063053051755,0.23333333333333334,0,0.0,0
205,switch,no_pre_new_only,20,60,6.237687739848765,0.2,0,0.0,0
205,switch,no_pre_new_only,21,60,6.237502605469771,0.2,0,0.0,0
205,switch,no_pre_new_only,22,60,6.237442441959326,0.2,0,0.0,0
205,switch,no_pre_new_only,23,60,6.977038998693181,0.23333333333333334,0,0.0,0
205,switch,greedy_hard_cap,0,60,36.658734583399166,0.8,13.5,0.0,0
205,switch,greedy_hard_cap,1,60,37.028851723191735,0.8166666666666667,16.5,0.0,0
205,switch,greedy_hard_cap,2,60,37.39856840693764,0.8333333333333334,17.5,0.0,0
205,switch,greedy_hard_cap,3,60,36.288053641141886,0.7833333333333333,17.5,0.0,0
205,switch,greedy_hard_cap,4,60,35.977905288027905,0.8166666666666667,16.5,0.0,0
205,switch,greedy_hard_cap,5,60,35.919551823943195,0.7666666666666667,16.5,0.0,0
205,switch,greedy_hard_cap,6,60,34.80787351430294,0.7166666666666667,17.5,0.0,0
205,switch,greedy_hard_cap,7,60,38.50802179195977,0.8833333333333333,15.5,0.0,0
205,switch,greedy_hard_cap,8,60,38.50859528307477,0.8833333333333333,17.0,0.0,0
205,switch,greedy_hard_cap,9,60,35.1774116934401,0.7333333333333333,19.5,0.0,0
205,switch,greedy_hard_cap,10,60,37.02968326497657,0.8166666666666667,17.5,0.0,0
205,switch,greedy_hard_cap,11,60,36.28879784323142,0.7833333333333333,17.0,0.0,0
205,switch,greedy_hard_cap,12,60,35.99728896890639,1.0,15.5,0.0,0
205,switch,greedy_hard_cap,13,60,34.9494040751555,1.0,23.5,0.0,0
205,switch,greedy_hard_cap,14,60,35.79702298539573,1.0,23.5,0.0,0
205,switch,greedy_hard_cap,15,60,35.09819558682412,1.0,22.0,0.0,0
205,switch,greedy_hard_cap,16,60,35.94812024586889,1.0,21.0,0.0,0
205,switch,greedy_hard_cap,17,60,34.94684301686967,1.0,21.5,0.0,0
205,switch,greedy_hard_cap,18,60,36.29700136194499,1.0,23.0,0.0,0
205,switch,greedy_hard_cap,19,60,34.49896616672124,1.0,21.5,0.0,0
205,switch,greedy_hard_cap,20,60,35.24839112684637,1.0,21.0,0.0,0
205,switch,greedy_hard_cap,21,60,36.09709309295259,1.0,23.5,0.0,0
205,switch,greedy_hard_cap,22,60,35.24859440640937,1.0,17.0,0.0,0
205,switch,greedy_hard_cap,23,60,35.54747590632664,1.0,20.5,0.0,0
206,high_tight,pd_theta_2,0,60,40.56354297790816,0.9333333333333333,2.0,0.0,4
206,high_tight,pd_theta_2,1,60,44.29322345078801,0.8333333333333334,12.0,0.0,7
206,high_tight,pd_theta_2,2,60,46.10588413882119,0.9666666666666667,14.0,0.0,6
206,high_tight,pd_theta_2,3,60,43.56497678989421,0.85,13.5,0.0,6
206,high_tight,pd_theta_2,4,60,43.6759204941894,0.9,14.0,0.0,5
206,high_tight,pd_theta_2,5,60,41.832370943177956,0.8666666666666667,14.5,0.0,4
206,high_tight,pd_theta_2,6,60,40.95472781972065,0.8833333333333333,11.5,0.0,4
206,high_tight,pd_theta_2,7,60,44.35419938946439,0.8833333333333333,14.0,0.0,6
206,high_tight,pd_theta_2,8,60,38.77370352597344,0.8166666666666667,16.0,0.0,5
206,high_tight,pd_theta_2,9,60,42.52223663848871,0.9,13.0,0.0,4
206,high_tight,pd_theta_2,10,60,44.31400086030849,0.9333333333333333,13.0,0.0,5
206,high_tight,pd_theta_2,11,60,44.03195150000594,0.8666666666666667,15.0,0.0,6
206,high_tight,pd_theta_2,12,60,41.882962382980224,0.8666666666666667,13.5,0.0,4
206,high_tight,pd_theta_2,13,60,40.730852887328716,0.8666666666666667,12.0,0.0,3
206,high_tight,pd_theta_2,14,60,42.93449189478789,0.8666666666666667,14.0,0.0,5
206,high_tight,pd_theta_2,15,60,42.623547836761446,0.9,14.5,0.0,4
206,high_tight,pd_theta_2,16,60,41.864840043222294,0.9333333333333333,9.5,0.0,3
206,high_tight,pd_theta_2,17,60,44.71494565448517,0.85,15.0,0.0,7
206,high_tight,pd_theta_2,18,60,44.72164940815754,0.9,15.0,0.0,6
206,high_tight,pd_theta_2,19,60,43.52379122387824,0.9,13.0,0.0,5
206,high_tight,pd_theta_2,20,60,43.93352353318476,0.8666666666666667,14.5,0.0,6
206,high_tight,pd_theta_2,21,60,39.9516752112555,0.8833333333333333,13.0,0.0,3
206,high_tight,pd_theta_2,22,60,40.86213858770209,0.9333333333333333,10.5,0.0,2
206,high_tight,pd_theta_2,23,60,44.444462403524895,0.8333333333333334,16.0,0.0,7
206,high_tight,pd_theta_4,0,60,40.56354297790816,0.9333333333333333,2.0,0.0,4
206,high_tight,pd_theta_4,1,60,44.29322345078801,0.8333333333333334,12.0,0.0,7
206,high_tight,pd_theta_4,2,60,46.10588413882119,0.9666666666666667,14.0,0.0,6
206,high_tight,pd_theta_4,3,60,43.76471803950941,0.85,18.5,0.0,6
206,high_tight,pd_theta_4,4,60,43.72565566539962,0.9,20.5,0.0,5
206,high_tight,pd_theta_4,5,60,42.03328070644122,0.8666666666666667,20.5,0.0,4
206,high_tight,pd_theta_4,6,60,41.155029111111155,0.8833333333333333,18.0,0.0,4
206,high_tight,pd_theta_4,7,60,44.45519807270572,0.8833333333333333,20.0,0.0,6
206,high_tight,pd_theta_4,8,60,38.82219817367052,0.8166666666666667,21.0,0.0,5
206,high_tight,pd_theta_4,9,60,42.67261987578946,0.9,19.0,0.0,4
206,high_tight,pd_theta_4,10,60,44.41414845615354,0.9333333333333333,19.0,0.0,5
206,high_tight,pd_theta_4,11,60,44.13401586926278,0.8666666666666667,22.0,0.0,6
206,high_tight,pd_theta_4,12,60,41.98205836489377,0.8666666666666667,20.0,0.0,4
206,high_tight,pd_theta_4,13,60,40.88172844915665,0.8666666666666667,19.5,0.0,3
206,high_tight,pd_theta_4,14,60,42.98496500257881,0.8666666666666667,19.5,0.0,5
206,high_tight,pd_theta_4,15,60,42.6249291104851,0.9,17.5,0.0,4
206,high_tight,pd_theta_4,16,60,41.96418525731357,0.9333333333333333,15.5,0.0,3
206,high_tight,pd_theta_4,17,60,44.66497668031732,0.85,19.5,0.0,7
206,high_tight,pd_theta_4,18,60,44.821301521128326,0.9,20.5,0.0,6
206,high_tight,pd_theta_4,19,60,43.82264534442028,0.9,21.0,0.0,5
206,high_tight,pd_theta_4,20,60,44.13380520615424,0.8666666666666667,21.5,0.0,6
206,high_tight,pd_theta_4,21,60,40.1530140836911,0.8833333333333333,19.5,0.0,3
206,high_tight,pd_theta_4,22,60,41.26138405719321,0.9333333333333333,19.0,0.0,2
206,high_tight,pd_theta_4,23,60,44.495013079359886,0.8333333333333334,23.5,0.0,7
206,high_tight,pd_theta_8,0,60,40.56354297790816,0.9333333333333333,2.0,0.0,4
206,high_tight,pd_theta_8,1,60,44.29322345078801,0.8333333333333334,12.0,0.0,7
206,high_tight,pd_theta_8,2,60,46.10588413882119,0.9666666666666667,14.0,0.0,6
206,high_tight,pd_theta_8,3,60,43.76471803950941,0.85,18.5,0.0,6
206,high_tight,pd_theta_8,4,60,43.72565566539962,0.9,20.5,0.0,5
206,high_tight,pd_theta_8,5,60,42.083900179509975,0.8666666666666667,24.0,0.0,4
206,high_tight,pd_theta_8,6,60,41.35375285766755,0.8833333333333333,25.5,0.0,4
206,high_tight,pd_theta_8,7,60,44.45537588683426,0.8833333333333333,27.5,0.0,6
206,high_tight,pd_theta_8,8,60,38.823020644055184,0.8166666666666667,29.5,0.0,5
206,high_tight,pd_theta_8,9,60,42.72219057033998,0.9,28.0,0.0,4
206,high_tight,pd_theta_8,10,60,44.41347140205417,0.9333333333333333,27.5,0.0,5
206,high_tight,pd_theta_8,11,60,44.1322425675171,0.8666666666666667,29.5,0.0,6
206,high_tight,pd_theta_8,12,60,42.13180411613907,0.8666666666666667,28.0,0.0,4
206,high_tight,pd_theta_8,13,60,41.03104360239158,0.8666666666666667,26.5,0.0,3
206,high_tight,pd_theta_8,14,60,43.08506365162745,0.8666666666666667,27.0,0.0,5
206,high_tight,pd_theta_8,15,60,42.6225076416642,0.9,24.5,0.0,4
206,high_tight,pd_theta_8,16,60,42.41104461500858,0.9333333333333333,24.0,0.0,3
206,high_tight,pd_theta_8,17,60,44.9139578336441,0.85,29.5,0.0,7
206,high_tight,pd_theta_8,18,60,44.87140126118093,0.9,28.5,0.0,6
206,high_tight,pd_theta_8,19,60,43.82251076715243,0.9,28.5,0.0,5
206,high_tight,pd_theta_8,20,60,44.1322491474716,0.8666666666666667,28.5,0.0,6
206,high_tight,pd_theta_8,21,60,40.15098901818487,0.8833333333333333,27.0,0.0,3
206,high_tight,pd_theta_8,22,60,41.26108892058192,0.9333333333333333,25.0,0.0,2
206,high_tight,pd_theta_8,23,60,44.59534947187707,0.8333333333333334,30.0,0.0,7
206,high_tight,pd_theta_16,0,60,40.56354297790816,0.9333333333333333,2.0,0.0,4
206,high_tight,pd_theta_16,1,60,44.29322345078801,0.8333333333333334,12.0,0.0,7
206,high_tight,pd_theta_16,2,60,46.10588413882119,0.9666666666666667,14.0,0.0,6
206,high_tight,pd_theta_16,3,60,43.76471803950941,0.85,18.5,0.0,6
206,high_tight,pd_theta_16,4,60,43.72565566539962,0.9,20.5,0.0,5
206,high_tight,pd_theta_16,5,60,42.083900179509975,0.8666666666666667,24.0,0.0,4
206,high_tight,pd_theta_16,6,60,41.35375285766755,0.8833333333333333,25.5,0.0,4
206,high_tight,pd_theta_16,7,60,44.45537588683426,0.8833333333333333,27.5,0.0,6
206,high_tight,pd_theta_16,8,60,38.823020644055184,0.8166666666666667,29.5,0.0,5
206,high_tight,pd_theta_16,9,60,42.77154182071076,0.9,29.5,0.0,4
206,high_tight,pd_theta_16,10,60,44.51240257760241,0.9333333333333333,30.5,0.0,5
206,high_tight,pd_theta_16,11,60,44.181538774477254,0.8666666666666667,34.5,0.0,6
206,high_tight,pd_theta_16,12,60,42.13214325564248,0.8666666666666667,35.0,0.0,4
206,high_tight,pd_theta_16,13,60,41.08102111899753,0.8666666666666667,36.5,0.0,3
206,high_tight,pd_theta_16,14,60,43.284822554784995,0.8666666666666667,38.5,0.0,5
206,high_tight,pd_theta_16,15,60,42.92327097440321,0.9,38.5,0.0,4
206,high_tight,pd_theta_16,16,60,42.511353213852956,0.9333333333333333,39.5,0.0,3
206,high_tight,pd_theta_16,17,60,44.96336438641718,0.85,43.0,0.0,7
206,high_tight,pd_theta_16,18,60,45.02071103591496,0.9,42.5,0.0,6
206,high_tight,pd_theta_16,19,60,44.02279590110067,0.9,42.5,0.0,5
206,high_tight,pd_theta_16,20,60,44.18182348358816,0.8666666666666667,40.5,0.0,6
206,high_tight,pd_theta_16,21,60,40.400577881708216,0.8833333333333333,39.5,0.0,3
206,high_tight,pd_theta_16,22,60,41.460663718948815,0.9333333333333333,37.0,0.0,2
206,high_tight,pd_theta_16,23,60,44.59490294249958,0.8333333333333334,39.5,0.0,7
206,high_tight,pd_history,0,60,40.56354297790816,0.9333333333333333,2.0,0.0,4
206,high_tight,pd_history,1,60,44.29322345078801,0.8333333333333334,12.0,0.0,7
206,high_tight,pd_history,2,60,46.10588413882119,0.9666666666666667,14.0,0.0,6
206,high_tight,pd_history,3,60,43.56497678989421,0.85,13.5,0.0,6
206,high_tight,pd_history,4,60,43.6759204941894,0.9,14.0,0.0,5
206,high_tight,pd_history,5,60,41.832370943177956,0.8666666666666667,14.5,0.0,4
206,high_tight,pd_history,6,60,40.95472781972065,0.8833333333333333,11.5,0.0,4
206,high_tight,pd_history,7,60,44.35419938946439,0.8833333333333333,14.0,0.0,6
206,high_tight,pd_history,8,60,38.77370352597344,0.8166666666666667,16.0,0.0,5
206,high_tight,pd_history,9,60,42.52223663848871,0.9,13.0,0.0,4
206,high_tight,pd_history,10,60,44.31400086030849,0.9333333333333333,13.0,0.0,5
206,high_tight,pd_history,11,60,44.03195150000594,0.8666666666666667,15.0,0.0,6
206,high_tight,pd_history,12,60,41.882962382980224,0.8666666666666667,13.5,0.0,4
206,high_tight,pd_history,13,60,40.730852887328716,0.8666666666666667,12.0,0.0,3
206,high_tight,pd_history,14,60,42.93449189478789,0.8666666666666667,14.0,0.0,5
206,high_tight,pd_history,15,60,42.623547836761446,0.9,14.5,0.0,4
206,high_tight,pd_history,16,60,41.864840043222294,0.9333333333333333,9.5,0.0,3
206,high_tight,pd_history,17,60,44.71494565448517,0.85,15.0,0.0,7
206,high_tight,pd_history,18,60,44.72164940815754,0.9,15.0,0.0,6
206,high_tight,pd_history,19,60,43.52379122387824,0.9,13.0,0.0,5
206,high_tight,pd_history,20,60,43.93352353318476,0.8666666666666667,14.5,0.0,6
206,high_tight,pd_history,21,60,39.9516752112555,0.8833333333333333,13.0,0.0,3
206,high_tight,pd_history,22,60,40.86213858770209,0.9333333333333333,10.5,0.0,2
206,high_tight,pd_history,23,60,44.444462403524895,0.8333333333333334,16.0,0.0,7
206,high_tight,no_control_interpretation,0,60,46.24224952911286,1.0,2.0,0.0,8
206,high_tight,no_control_interpretation,1,60,58.49026984496515,1.0,12.0,0.0,17
206,high_tight,no_control_interpretation,2,60,48.945594977343646,1.0,14.0,0.0,8
206,high_tight,no_control_interpretation,3,60,56.343034325705275,1.0,13.5,0.0,15
206,high_tight,no_control_interpretation,4,60,52.19415352430568,1.0,14.0,0.0,11
206,high_tight,no_control_interpretation,5,60,53.19075830072167,1.0,14.5,0.0,12
206,high_tight,no_control_interpretation,6,60,50.893523950575904,1.0,11.5,0.0,11
206,high_tight,no_control_interpretation,7,60,54.29283327187471,1.0,14.0,0.0,13
206,high_tight,no_control_interpretation,8,60,54.390744224507806,1.0,16.0,0.0,16
206,high_tight,no_control_interpretation,9,60,51.04000411209412,1.0,13.0,0.0,10
206,high_tight,no_control_interpretation,10,60,49.99310871695154,1.0,13.0,0.0,9
206,high_tight,no_control_interpretation,11,60,55.39076615566132,1.0,15.0,0.0,14
206,high_tight,no_control_interpretation,12,60,53.24050642626178,1.0,13.5,0.0,12
206,high_tight,no_control_interpretation,13,60,52.087530755232976,1.0,12.0,0.0,11
206,high_tight,no_control_interpretation,14,60,54.2923635775682,1.0,14.0,0.0,13
206,high_tight,no_control_interpretation,15,60,51.14186338548614,1.0,14.5,0.0,10
206,high_tight,no_control_interpretation,16,60,47.54448714815008,1.0,9.5,0.0,7
206,high_tight,no_control_interpretation,17,60,57.4921662628522,1.0,15.0,0.0,16
206,high_tight,no_control_interpretation,18,60,53.24064218901218,1.0,15.0,0.0,12
206,high_tight,no_control_interpretation,19,60,52.042298847469084,1.0,13.0,0.0,11
206,high_tight,no_control_interpretation,20,60,55.29103843144523,1.0,14.5,0.0,14
206,high_tight,no_control_interpretation,21,60,49.890292881046044,1.0,13.0,0.0,10
206,high_tight,no_control_interpretation,22,60,46.54211757466232,1.0,10.5,0.0,6
206,high_tight,no_control_interpretation,23,60,58.64327729325871,1.0,16.0,0.0,17
206,high_tight,no_pre_new_only,0,60,11.829989220148088,0.5333333333333333,0,0.0,0
206,high_tight,no_pre_new_only,1,60,9.24326130816755,0.4166666666666667,0,0.0,0
206,high_tight,no_pre_new_only,2,60,11.832145728564686,0.5333333333333333,0,0.0,0
206,high_tight,no_pre_new_only,3,60,9.982851639547231,0.45,0,0.0,0
206,high_tight,no_pre_new_only,4,60,11.461694990561748,0.5166666666666667,0,0.0,0
206,high_tight,no_pre_new_only,5,60,11.093145370643775,0.5,0,0.0,0
206,high_tight,no_pre_new_only,6,60,11.832874428432124,0.5333333333333333,0,0.0,0
206,high_tight,no_pre_new_only,7,60,10.722427519665027,0.48333333333333334,0,0.0,0
206,high_tight,no_pre_new_only,8,60,10.722295552025296,0.48333333333333334,0,0.0,0
206,high_tight,no_pre_new_only,9,60,11.831236532770225,0.5333333333333333,0,0.0,0
206,high_tight,no_pre_new_only,10,60,11.834254455568722,0.5333333333333333,0,0.0,0
206,high_tight,no_pre_new_only,11,60,10.354588377211318,0.4666666666666667,0,0.0,0
206,high_tight,no_pre_new_only,12,60,11.091724150673114,0.5,0,0.0,0
206,high_tight,no_pre_new_only,13,60,11.461070362202095,0.5166666666666667,0,0.0,0
206,high_tight,no_pre_new_only,14,60,10.723363600290888,0.48333333333333334,0,0.0,0
206,high_tight,no_pre_new_only,15,60,11.833646169079696,0.5333333333333333,0,0.0,0
206,high_tight,no_pre_new_only,16,60,11.832842038517864,0.5333333333333333,0,0.0,0
206,high_tight,no_pre_new_only,17,60,9.614296152457682,0.43333333333333335,0,0.0,0
206,high_tight,no_pre_new_only,18,60,11.091714919820623,0.5,0,0.0,0
206,high_tight,no_pre_new_only,19,60,11.461896241199351,0.5166666666666667,0,0.0,0
206,high_tight,no_pre_new_only,20,60,10.351418240028238,0.4666666666666667,0,0.0,0
206,high_tight,no_pre_new_only,21,60,11.832916703592966,0.5333333333333333,0,0.0,0
206,high_tight,no_pre_new_only,22,60,11.832888449522377,0.5333333333333333,0,0.0,0
206,high_tight,no_pre_new_only,23,60,9.244737955671207,0.4166666666666667,0,0.0,0
206,high_tight,greedy_hard_cap,0,60,36.03832286973721,0.8666666666666667,14.5,0.0,0
206,high_tight,greedy_hard_cap,1,60,34.80687509358483,0.7166666666666667,16.0,0.0,0
206,high_tight,greedy_hard_cap,2,60,38.138074811460186,0.8666666666666667,15.5,0.0,0
206,high_tight,greedy_hard_cap,3,60,35.54822441990647,0.75,16.5,0.0,0
206,high_tight,greedy_hard_cap,4,60,37.02920414984744,0.8166666666666667,16.0,0.0,0
206,high_tight,greedy_hard_cap,5,60,36.65771214466056,0.8,17.0,0.0,0
206,high_tight,greedy_hard_cap,6,60,35.977777579752384,0.8166666666666667,16.5,0.0,0
206,high_tight,greedy_hard_cap,7,60,36.28783058706272,0.7833333333333333,18.5,0.0,0
206,high_tight,greedy_hard_cap,8,60,32.02942294137373,0.7333333333333333,17.5,0.0,0
206,high_tight,greedy_hard_cap,9,60,37.39725886225711,0.8333333333333334,15.5,0.0,0
206,high_tight,greedy_hard_cap,10,60,37.76802029593183,0.85,16.0,0.0,0
206,high_tight,greedy_hard_cap,11,60,35.918038757959025,0.7666666666666667,16.5,0.0,0
206,high_tight,greedy_hard_cap,12,60,36.65879222859237,0.8,17.0,0.0,0
206,high_tight,greedy_hard_cap,13,60,37.026620441847456,0.8166666666666667,16.5,0.0,0
206,high_tight,greedy_hard_cap,14,60,36.28877925126483,0.7833333333333333,17.0,0.0,0
206,high_tight,greedy_hard_cap,15,60,37.39913158051708,0.8333333333333334,17.5,0.0,0
206,high_tight,greedy_hard_cap,16,60,38.50894971069034,0.8833333333333333,16.5,0.0,0
206,high_tight,greedy_hard_cap,17,60,35.17726922108692,0.7333333333333333,18.5,0.0,0
206,high_tight,greedy_hard_cap,18,60,36.65754270119643,0.8,16.5,0.0,0
206,high_tight,greedy_hard_cap,19,60,37.02862597323307,0.8166666666666667,15.5,0.0,0
206,high_tight,greedy_hard_cap,20,60,35.917857977233524,0.7666666666666667,17.5,0.0,0
206,high_tight,greedy_hard_cap,21,60,36.34903044158261,0.8333333333333334,16.5,0.0,0
206,high_tight,greedy_hard_cap,22,60,38.87814106013204,0.9,16.5,0.0,0
206,high_tight,greedy_hard_cap,23,60,34.80865775615051,0.7166666666666667,19.5,0.0,0
206,high_loose,pd_theta_2,0,60,35.14410460920625,1.0,2.0,0.0,0
206,high_loose,pd_theta_2,1,60,33.19177278174423,1.0,2.0,0.0,0
206,high_loose,pd_theta_2,2,60,34.79416207522881,1.0,8.0,0.0,0
206,high_loose,pd_theta_2,3,60,33.64170133505291,1.0,10.5,0.0,0
206,high_loose,pd_theta_2,4,60,34.492083606202876,1.0,11.0,0.0,0
206,high_loose,pd_theta_2,5,60,33.89301053122375,1.0,15.0,0.0,0
206,high_loose,pd_theta_2,6,60,34.69247600320502,1.0,13.0,0.0,0
206,high_loose,pd_theta_2,7,60,33.69111492227431,1.0,12.0,0.0,0
206,high_loose,pd_theta_2,8,60,34.44295420699189,1.0,12.5,0.0,0
206,high_loose,pd_theta_2,9,60,33.89360310370802,1.0,8.5,0.0,0
206,high_loose,pd_theta_2,10,60,34.745063921955996,1.0,10.0,0.0,0
206,high_loose,pd_theta_2,11,60,33.64142934189882,1.0,9.0,0.0,0
206,high_loose,pd_theta_2,12,60,34.442985336275065,1.0,11.5,0.0,0
206,high_loose,pd_theta_2,13,60,33.889173616934535,1.0,13.5,0.0,0
206,high_loose,pd_theta_2,14,60,34.341784940468706,1.0,12.5,0.0,0
206,high_loose,pd_theta_2,15,60,34.0447871088523,1.0,12.5,0.0,0
206,high_loose,pd_theta_2,16,60,34.89102965365393,1.0,11.5,0.0,0
206,high_loose,pd_theta_2,17,60,33.591543436725274,1.0,14.0,0.0,0
206,high_loose,pd_theta_2,18,60,34.191599166694985,1.0,10.5,0.0,0
206,high_loose,pd_theta_2,19,60,33.94239762168025,1.0,14.5,0.0,0
206,high_loose,pd_theta_2,20,60,34.292246140490015,1.0,12.0,0.0,0
206,high_loose,pd_theta_2,21,60,34.03852900029508,1.0,13.5,0.0,0
206,high_loose,pd_theta_2,22,60,34.94176583897831,1.0,13.0,0.0,0
206,high_loose,pd_theta_2,23,60,33.34175518549298,1.0,10.5,0.0,1
206,high_loose,pd_theta_4,0,60,35.14410460920625,1.0,2.0,0.0,0
206,high_loose,pd_theta_4,1,60,33.19177278174423,1.0,2.0,0.0,0
206,high_loose,pd_theta_4,2,60,34.79416207522881,1.0,8.0,0.0,0
206,high_loose,pd_theta_4,3,60,33.64170133505291,1.0,10.5,0.0,0
206,high_loose,pd_theta_4,4,60,34.49311042793662,1.0,13.0,0.0,0
206,high_loose,pd_theta_4,5,60,33.893264115993254,1.0,21.0,0.0,0
206,high_loose,pd_theta_4,6,60,34.69035768385555,1.0,21.0,0.0,0
206,high_loose,pd_theta_4,7,60,33.6886279356113,1.0,20.0,0.0,0
206,high_loose,pd_theta_4,8,60,34.44029946914626,1.0,18.0,0.0,0
206,high_loose,pd_theta_4,9,60,33.89284807544356,1.0,16.0,0.0,0
206,high_loose,pd_theta_4,10,60,34.343818940339936,1.0,17.0,0.0,0
206,high_loose,pd_theta_4,11,60,33.490959248845,1.0,17.0,0.0,0
206,high_loose,pd_theta_4,12,60,34.44089323938753,1.0,20.5,0.0,0
206,high_loose,pd_theta_4,13,60,33.890297014702526,1.0,19.5,0.0,0
206,high_loose,pd_theta_4,14,60,34.340352600115494,1.0,19.0,0.0,0
206,high_loose,pd_theta_4,15,60,34.04302765728635,1.0,21.0,0.0,0
206,high_loose,pd_theta_4,16,60,34.641227503388606,1.0,18.0,0.0,0
206,high_loose,pd_theta_4,17,60,33.592407672337565,1.0,22.5,0.0,0
206,high_loose,pd_theta_4,18,60,34.19169366572047,1.0,17.0,0.0,0
206,high_loose,pd_theta_4,19,60,33.69122624807677,1.0,19.0,0.0,0
206,high_loose,pd_theta_4,20,60,34.29001674077497,1.0,22.0,0.0,0
206,high_loose,pd_theta_4,21,60,33.89060131021657,1.0,19.5,0.0,0
206,high_loose,pd_theta_4,22,60,34.791541666447024,1.0,18.0,0.0,0
206,high_loose,pd_theta_4,23,60,33.34223294080162,1.0,18.5,0.0,0
206,high_loose,pd_theta_8,0,60,35.14410460920625,1.0,2.0,0.0,0
206,high_loose,pd_theta_8,1,60,33.19177278174423,1.0,2.0,0.0,0
206,high_loose,pd_theta_8,2,60,34.79416207522881,1.0,8.0,0.0,0
206,high_loose,pd_theta_8,3,60,33.64170133505291,1.0,10.5,0.0,0
206,high_loose,pd_theta_8,4,60,34.49311042793662,1.0,13.0,0.0,0
206,high_loose,pd_theta_8,5,60,33.893264115993254,1.0,21.0,0.0,0
206,high_loose,pd_theta_8,6,60,34.693627096157854,1.0,23.0,0.0,0
206,high_loose,pd_theta_8,7,60,33.54000460734598,1.0,23.0,0.0,0
206,high_loose,pd_theta_8,8,60,34.44205212359762,1.0,26.0,0.0,0
206,high_loose,pd_theta_8,9,60,33.89179993058575,1.0,28.0,0.0,0
206,high_loose,pd_theta_8,10,60,34.34190566500563,1.0,29.5,0.0,0
206,high_loose,pd_theta_8,11,60,33.63948125795496,1.0,32.5,0.0,0
206,high_loose,pd_theta_8,12,60,34.44034334409232,1.0,34.0,0.0,0
206,high_loose,pd_theta_8,13,60,33.89038656289948,1.0,32.0,0.0,0
206,high_loose,pd_theta_8,14,60,34.339390874872684,1.0,35.5,0.0,0
206,high_loose,pd_theta_8,15,60,34.043255322100244,1.0,34.5,0.0,0
206,high_loose,pd_theta_8,16,60,34.48938156760717,1.0,34.0,0.0,0
206,high_loose,pd_theta_8,17,60,33.590733636480245,1.0,34.5,0.0,0
206,high_loose,pd_theta_8,18,60,34.190307935783906,1.0,33.0,0.0,0
206,high_loose,pd_theta_8,19,60,33.64171701714885,1.0,35.0,0.0,0
206,high_loose,pd_theta_8,20,60,34.18957464120185,1.0,36.0,0.0,0
206,high_loose,pd_theta_8,21,60,34.040049282633014,1.0,34.5,0.0,0
206,high_loose,pd_theta_8,22,60,34.49089046999298,1.0,32.5,0.0,0
206,high_loose,pd_theta_8,23,60,33.34156582941687,1.0,33.0,0.0,0
206,high_loose,pd_theta_16,0,60,35.14410460920625,1.0,2.0,0.0,0
206,high_loose,pd_theta_16,1,60,33.19177278174423,1.0,2.0,0.0,0
206,high_loose,pd_theta_16,2,60,34.79416207522881,1.0,8.0,0.0,0
206,high_loose,pd_theta_16,3,60,33.64170133505291,1.0,10.5,0.0,0
206,high_loose,pd_theta_16,4,60,34.49311042793662,1.0,13.0,0.0,0
206,high_loose,pd_theta_16,5,60,33.893264115993254,1.0,21.0,0.0,0
206,high_loose,pd_theta_16,6,60,34.693627096157854,1.0,23.0,0.0,0
206,high_loose,pd_theta_16,7,60,33.54000460734598,1.0,23.0,0.0,0
206,high_loose,pd_theta_16,8,60,34.44205212359762,1.0,26.0,0.0,0
206,high_loose,pd_theta_16,9,60,33.89179993058575,1.0,28.0,0.0,0
206,high_loose,pd_theta_16,10,60,34.3414640634201,1.0,31.5,0.0,0
206,high_loose,pd_theta_16,11,60,33.63854438678089,1.0,34.5,0.0,0
206,high_loose,pd_theta_16,12,60,34.34018425110212,1.0,40.0,0.0,0
206,high_loose,pd_theta_16,13,60,33.88980481615172,1.0,43.0,0.0,0
206,high_loose,pd_theta_16,14,60,34.2391776849236,1.0,46.5,0.0,0
206,high_loose,pd_theta_16,15,60,34.04397736617248,1.0,49.5,0.0,0
206,high_loose,pd_theta_16,16,60,34.339999066120896,1.0,50.5,0.0,0
206,high_loose,pd_theta_16,17,60,33.290779363720155,1.0,57.0,0.0,0
206,high_loose,pd_theta_16,18,60,34.190165370131695,1.0,55.5,0.0,0
206,high_loose,pd_theta_16,19,60,33.68966811957803,1.0,57.5,0.0,0
206,high_loose,pd_theta_16,20,60,34.04009764477015,1.0,59.0,0.0,0
206,high_loose,pd_theta_16,21,60,33.739858931189254,1.0,57.5,0.0,0
206,high_loose,pd_theta_16,22,60,34.34084614720436,1.0,55.5,0.0,0
206,high_loose,pd_theta_16,23,60,33.189835685595654,1.0,57.0,0.0,0
206,high_loose,pd_history,0,60,35.14410460920625,1.0,2.0,0.0,0
206,high_loose,pd_history,1,60,33.19177278174423,1.0,2.0,0.0,0
206,high_loose,pd_history,2,60,34.79416207522881,1.0,8.0,0.0,0
206,high_loose,pd_history,3,60,33.64170133505291,1.0,10.5,0.0,0
206,high_loose,pd_history,4,60,34.492083606202876,1.0,11.0,0.0,0
206,high_loose,pd_history,5,60,33.89301053122375,1.0,15.0,0.0,0
206,high_loose,pd_history,6,60,34.69247600320502,1.0,13.0,0.0,0
206,high_loose,pd_history,7,60,33.69111492227431,1.0,12.0,0.0,0
206,high_loose,pd_history,8,60,34.44295420699189,1.0,12.5,0.0,0
206,high_loose,pd_history,9,60,33.89360310370802,1.0,8.5,0.0,0
206,high_loose,pd_history,10,60,34.745063921955996,1.0,10.0,0.0,0
206,high_loose,pd_history,11,60,33.64142934189882,1.0,9.0,0.0,0
206,high_loose,pd_history,12,60,34.442985336275065,1.0,11.5,0.0,0
206,high_loose,pd_history,13,60,33.889173616934535,1.0,13.5,0.0,0
206,high_loose,pd_history,14,60,34.341784940468706,1.0,12.5,0.0,0
206,high_loose,pd_history,15,60,34.0447871088523,1.0,12.5,0.0,0
206,high_loose,pd_history,16,60,34.89102965365393,1.0,11.5,0.0,0
206,high_loose,pd_history,17,60,33.591543436725274,1.0,14.0,0.0,0
206,high_loose,pd_history,18,60,34.191599166694985,1.0,10.5,0.0,0
206,high_loose,pd_history,19,60,33.94239762168025,1.0,14.5,0.0,0
206,high_loose,pd_history,20,60,34.292246140490015,1.0,12.0,0.0,0
206,high_loose,pd_history,21,60,34.03852900029508,1.0,13.5,0.0,0
206,high_loose,pd_history,22,60,34.94176583897831,1.0,13.0,0.0,0
206,high_loose,pd_history,23,60,33.34175518549298,1.0,10.5,0.0,1
206,high_loose,no_control_interpretation,0,60,35.14410460920625,1.0,2.0,0.0,0
206,high_loose,no_control_interpretation,1,60,33.19177278174423,1.0,2.0,0.0,0
206,high_loose,no_control_interpretation,2,60,34.79416207522881,1.0,8.0,0.0,0
206,high_loose,no_control_interpretation,3,60,33.64170133505291,1.0,10.5,0.0,0
206,high_loose,no_control_interpretation,4,60,34.492083606202876,1.0,11.0,0.0,0
206,high_loose,no_control_interpretation,5,60,33.89301053122375,1.0,15.0,0.0,0
206,high_loose,no_control_interpretation,6,60,34.69247600320502,1.0,13.0,0.0,0
206,high_loose,no_control_interpretation,7,60,33.69111492227431,1.0,12.0,0.0,0
206,high_loose,no_control_interpretation,8,60,34.44295420699189,1.0,12.5,0.0,0
206,high_loose,no_control_interpretation,9,60,33.89360310370802,1.0,8.5,0.0,0
206,high_loose,no_control_interpretation,10,60,34.745063921955996,1.0,10.0,0.0,0
206,high_loose,no_control_interpretation,11,60,33.64142934189882,1.0,9.0,0.0,0
206,high_loose,no_control_interpretation,12,60,34.442985336275065,1.0,11.5,0.0,0
206,high_loose,no_control_interpretation,13,60,33.889173616934535,1.0,13.5,0.0,0
206,high_loose,no_control_interpretation,14,60,34.341784940468706,1.0,12.5,0.0,0
206,high_loose,no_control_interpretation,15,60,34.0447871088523,1.0,12.5,0.0,0
206,high_loose,no_control_interpretation,16,60,34.89102965365393,1.0,11.5,0.0,0
206,high_loose,no_control_interpretation,17,60,33.591543436725274,1.0,14.0,0.0,0
206,high_loose,no_control_interpretation,18,60,34.191599166694985,1.0,10.5,0.0,0
206,high_loose,no_control_interpretation,19,60,33.94239762168025,1.0,14.5,0.0,0
206,high_loose,no_control_interpretation,20,60,34.292246140490015,1.0,12.0,0.0,0
206,high_loose,no_control_interpretation,21,60,34.03852900029508,1.0,13.5,0.0,0
206,high_loose,no_control_interpretation,22,60,34.94176583897831,1.0,13.0,0.0,0
206,high_loose,no_control_interpretation,23,60,33.34175518549298,1.0,10.5,0.0,1
206,high_loose,no_pre_new_only,0,60,6.236866140570877,0.2,0,0.0,0
206,high_loose,no_pre_new_only,1,60,6.978011854367013,0.23333333333333334,0,0.0,0
206,high_loose,no_pre_new_only,2,60,6.236634501561318,0.2,0,0.0,0
206,high_loose,no_pre_new_only,3,60,6.976667071865988,0.23333333333333334,0,0.0,0
206,high_loose,no_pre_new_only,4,60,6.238583780186422,0.2,0,0.0,0
206,high_loose,no_pre_new_only,5,60,6.977776605894109,0.23333333333333334,0,0.0,0
206,high_loose,no_pre_new_only,6,60,6.238472270922145,0.2,0,0.0,0
206,high_loose,no_pre_new_only,7,60,6.975897753781649,0.23333333333333334,0,0.0,0
206,high_loose,no_pre_new_only,8,60,6.237520067403244,0.2,0,0.0,0
206,high_loose,no_pre_new_only,9,60,6.977605928020322,0.23333333333333334,0,0.0,0
206,high_loose,no_pre_new_only,10,60,6.237957645674442,0.2,0,0.0,0
206,high_loose,no_pre_new_only,11,60,6.976991333611394,0.23333333333333334,0,0.0,0
206,high_loose,no_pre_new_only,12,60,6.237678387484051,0.2,0,0.0,0
206,high_loose,no_pre_new_only,13,60,6.9772560166184014,0.23333333333333334,0,0.0,0
206,high_loose,no_pre_new_only,14,60,6.238150882985983,0.2,0,0.0,0
206,high_loose,no_pre_new_only,15,60,6.976547372746217,0.23333333333333334,0,0.0,0
206,high_loose,no_pre_new_only,16,60,6.237584996223995,0.2,0,0.0,0
206,high_loose,no_pre_new_only,17,60,6.979285515396234,0.23333333333333334,0,0.0,0
206,high_loose,no_pre_new_only,18,60,6.237430333887739,0.2,0,0.0,0
206,high_loose,no_pre_new_only,19,60,6.9766257003690795,0.23333333333333334,0,0.0,0
206,high_loose,no_pre_new_only,20,60,6.237422834737812,0.2,0,0.0,0
206,high_loose,no_pre_new_only,21,60,6.975577887023076,0.23333333333333334,0,0.0,0
206,high_loose,no_pre_new_only,22,60,6.237077184786078,0.2,0,0.0,0
206,high_loose,no_pre_new_only,23,60,6.977105454764782,0.23333333333333334,0,0.0,0
206,high_loose,greedy_hard_cap,0,60,35.44788376525153,1.0,7.0,0.0,0
206,high_loose,greedy_hard_cap,1,60,34.09910344284111,1.0,12.5,0.0,0
206,high_loose,greedy_hard_cap,2,60,35.64876512648116,1.0,19.5,0.0,0
206,high_loose,greedy_hard_cap,3,60,34.34846235917355,1.0,19.0,0.0,0
206,high_loose,greedy_hard_cap,4,60,35.5976185359752,1.0,17.5,0.0,0
206,high_loose,greedy_hard_cap,5,60,34.69824407130141,1.0,19.5,0.0,0
206,high_loose,greedy_hard_cap,6,60,35.598609261881855,1.0,20.0,0.0,0
206,high_loose,greedy_hard_cap,7,60,34.7990493694013,1.0,18.5,0.0,0
206,high_loose,greedy_hard_cap,8,60,35.29696009585057,1.0,19.0,0.0,0
206,high_loose,greedy_hard_cap,9,60,35.14754201436473,1.0,22.0,0.0,0
206,high_loose,greedy_hard_cap,10,60,35.897258840746176,1.0,21.5,0.0,0
206,high_loose,greedy_hard_cap,11,60,34.697775109995526,1.0,19.0,0.0,0
206,high_loose,greedy_hard_cap,12,60,35.49756988843294,1.0,18.5,0.0,0
206,high_loose,greedy_hard_cap,13,60,35.14711296136575,1.0,20.0,0.0,0
206,high_loose,greedy_hard_cap,14,60,35.49709120942413,1.0,20.5,0.0,0
206,high_loose,greedy_hard_cap,15,60,35.29860571427389,1.0,19.5,0.0,0
206,high_loose,greedy_hard_cap,16,60,36.34804013429078,1.0,20.0,0.0,0
206,high_loose,greedy_hard_cap,17,60,34.39858470649142,1.0,19.5,0.0,0
206,high_loose,greedy_hard_cap,18,60,35.699440779444,1.0,21.5,0.0,0
206,high_loose,greedy_hard_cap,19,60,35.099071852321664,1.0,22.5,0.0,0
206,high_loose,greedy_hard_cap,20,60,35.19777206886818,1.0,19.0,0.0,0
206,high_loose,greedy_hard_cap,21,60,35.49800511641469,1.0,23.5,0.0,0
206,high_loose,greedy_hard_cap,22,60,36.59795611256183,1.0,23.0,0.0,0
206,high_loose,greedy_hard_cap,23,60,34.34825286401458,1.0,20.0,0.0,0
206,random,pd_theta_2,0,60,41.19002025808192,1.0,2.0,0.0,1
206,random,pd_theta_2,1,60,46.33022319385321,0.95,8.0,0.0,0
206,random,pd_theta_2,2,60,42.49170853696506,1.0,14.5,0.0,0
206,random,pd_theta_2,3,60,42.78899100844961,1.0,15.0,0.0,0
206,random,pd_theta_2,4,60,41.793046582143276,1.0,16.0,0.0,0
206,random,pd_theta_2,5,60,43.08922724529755,1.0,16.0,0.0,0
206,random,pd_theta_2,6,60,40.59279879083851,1.0,15.0,0.0,0
206,random,pd_theta_2,7,60,47.99214646304123,1.0,16.0,0.0,0
206,random,pd_theta_2,8,60,47.88978330460329,1.0,17.0,0.0,0
206,random,pd_theta_2,9,60,41.49189243930223,1.0,14.5,0.0,0
206,random,pd_theta_2,10,60,45.08991390191818,1.0,10.5,0.0,0
206,random,pd_theta_2,11,60,39.44058015921422,1.0,10.5,0.0,0
206,random,pd_theta_2,12,60,46.49003855672352,1.0,13.5,0.0,0
206,random,pd_theta_2,13,60,40.588337237524826,1.0,11.0,0.0,0
206,random,pd_theta_2,14,60,41.34058164943219,1.0,10.5,0.0,0
206,random,pd_theta_2,15,60,43.54051002500665,1.0,15.5,0.0,0
206,random,pd_theta_2,16,60,42.79275975383335,1.0,17.5,0.0,0
206,random,pd_theta_2,17,60,44.419258872798906,0.9833333333333333,20.5,0.0,0
206,random,pd_theta_2,18,60,46.402469668093154,0.9666666666666667,16.0,0.0,0
206,random,pd_theta_2,19,60,39.68961213765712,1.0,17.0,0.0,0
206,random,pd_theta_2,20,60,44.63884856476374,1.0,14.5,0.0,0
206,random,pd_theta_2,21,60,41.88740251750013,1.0,16.0,0.0,0
206,random,pd_theta_2,22,60,42.08957116932895,1.0,14.0,0.0,0
206,random,pd_theta_2,23,60,42.302054862317746,0.9666666666666667,11.0,0.0,0
206,random,pd_theta_4,0,60,41.19002025808192,1.0,2.0,0.0,1
206,random,pd_theta_4,1,60,46.33022319385321,0.95,8.0,0.0,0
206,random,pd_theta_4,2,60,42.49170853696506,1.0,14.5,0.0,0
206,random,pd_theta_4,3,60,42.88951864827448,1.0,19.0,0.0,0
206,random,pd_theta_4,4,60,41.89303575773652,1.0,22.5,0.0,0
206,random,pd_theta_4,5,60,43.08916930249575,1.0,24.0,0.0,0
206,random,pd_theta_4,6,60,40.59115989806211,1.0,25.0,0.0,0
206,random,pd_theta_4,7,60,47.990942531190704,1.0,22.5,0.0,0
206,random,pd_theta_4,8,60,48.0885605177644,1.0,22.5,0.0,0
206,random,pd_theta_4,9,60,41.839357044723435,1.0,26.5,0.0,0
206,random,pd_theta_4,10,60,45.389408174246945,1.0,24.5,0.0,0
206,random,pd_theta_4,11,60,39.441158420602946,1.0,22.5,0.0,0
206,random,pd_theta_4,12,60,46.48898366961776,1.0,24.5,0.0,0
206,random,pd_theta_4,13,60,40.168335856577514,0.9833333333333333,22.0,0.0,0
206,random,pd_theta_4,14,60,41.48993600739175,1.0,19.5,0.0,0
206,random,pd_theta_4,15,60,43.54265993412135,1.0,24.5,0.0,0
206,random,pd_theta_4,16,60,42.891971131277074,1.0,25.5,0.0,0
206,random,pd_theta_4,17,60,44.98966581130321,1.0,28.0,0.0,1
206,random,pd_theta_4,18,60,47.54246314259966,1.0,25.5,0.0,0
206,random,pd_theta_4,19,60,40.09098801281979,1.0,30.0,0.0,0
206,random,pd_theta_4,20,60,44.68929357548425,1.0,29.0,0.0,0
206,random,pd_theta_4,21,60,41.986918705507414,1.0,26.5,0.0,0
206,random,pd_theta_4,22,60,42.13982581410154,1.0,24.0,0.0,0
206,random,pd_theta_4,23,60,43.44215835927268,1.0,24.0,0.0,0
206,random,pd_theta_8,0,60,41.19002025808192,1.0,2.0,0.0,1
206,random,pd_theta_8,1,60,46.33022319385321,0.95,8.0,0.0,0
206,random,pd_theta_8,2,60,42.49170853696506,1.0,14.5,0.0,0
206,random,pd_theta_8,3,60,42.88951864827448,1.0,19.0,0.0,0
206,random,pd_theta_8,4,60,41.89303575773652,1.0,22.5,0.0,0
206,random,pd_theta_8,5,60,43.28856083191329,1.0,29.0,0.0,0
206,random,pd_theta_8,6,60,40.64236119640816,1.0,34.0,0.0,0
206,random,pd_theta_8,7,60,48.191882773026,1.0,36.5,0.0,0
206,random,pd_theta_8,8,60,48.238189530539394,1.0,41.5,0.0,0
206,random,pd_theta_8,9,60,41.741684714994314,1.0,42.5,0.0,0
206,random,pd_theta_8,10,60,45.59136277999826,1.0,41.5,0.0,0
206,random,pd_theta_8,11,60,39.786564798225456,1.0,41.0,0.0,0
206,random,pd_theta_8,12,60,46.939019006418555,1.0,38.5,0.0,0
206,random,pd_theta_8,13,60,40.98938186641192,1.0,38.5,0.0,0
206,random,pd_theta_8,14,60,41.69015554415548,1.0,37.0,0.0,0
206,random,pd_theta_8,15,60,43.8421734249743,1.0,37.0,0.0,0
206,random,pd_theta_8,16,60,42.89107037205764,1.0,35.5,0.0,0
206,random,pd_theta_8,17,60,44.98993585080766,1.0,36.0,0.0,0
206,random,pd_theta_8,18,60,47.54294750718247,1.0,34.0,0.0,0
206,random,pd_theta_8,19,60,40.09015714191794,1.0,39.5,0.0,0
206,random,pd_theta_8,20,60,44.78913234952084,1.0,40.0,0.0,0
206,random,pd_theta_8,21,60,42.38979333343531,1.0,42.5,0.0,0
206,random,pd_theta_8,22,60,42.43513963640277,1.0,40.5,0.0,0
206,random,pd_theta_8,23,60,43.640314627439274,1.0,40.0,0.0,0
206,random,pd_theta_16,0,60,41.19002025808192,1.0,2.0,0.0,1
206,random,pd_theta_16,1,60,46.33022319385321,0.95,8.0,0.0,0
206,random,pd_theta_16,2,60,42.49170853696506,1.0,14.5,0.0,0
206,random,pd_theta_16,3,60,42.88951864827448,1.0,19.0,0.0,0
206,random,pd_theta_16,4,60,41.89303575773652,1.0,22.5,0.0,0
206,random,pd_theta_16,5,60,43.28856083191329,1.0,29.0,0.0,0
206,random,pd_theta_16,6,60,40.64236119640816,1.0,34.0,0.0,0
206,random,pd_theta_16,7,60,48.191882773026,1.0,36.5,0.0,0
206,random,pd_theta_16,8,60,48.238189530539394,1.0,41.5,0.0,0
206,random,pd_theta_16,9,60,41.840652538844616,1.0,44.5,0.0,0
206,random,pd_theta_16,10,60,45.59094392572434,1.0,46.5,0.0,0
206,random,pd_theta_16,11,60,39.78808323523721,1.0,50.0,0.0,0
206,random,pd_theta_16,12,60,46.93894460912097,1.0,53.5,0.0,0
206,random,pd_theta_16,13,60,41.08645472392395,1.0,54.0,0.0,0
206,random,pd_theta_16,14,60,41.89134319284657,1.0,58.5,0.0,0
206,random,pd_theta_16,15,60,43.940820412530705,1.0,60.5,0.0,0
206,random,pd_theta_16,16,60,42.992142437786555,1.0,60.5,0.0,0
206,random,pd_theta_16,17,60,45.04044837063941,1.0,63.5,0.5,0
206,random,pd_theta_16,18,60,47.987484730356584,1.0,66.5,0.5,0
206,random,pd_theta_16,19,60,40.238356067452905,1.0,64.5,0.5,0
206,random,pd_theta_16,20,60,45.086595286350494,1.0,61.5,0.5,0
206,random,pd_theta_16,21,60,42.48840939071648,1.0,60.5,0.0,0
206,random,pd_theta_16,22,60,42.54078498301784,1.0,57.5,0.0,0
206,random,pd_theta_16,23,60,43.73754935539152,1.0,57.0,0.0,0
206,random,pd_history,0,60,41.19002025808192,1.0,2.0,0.0,1
206,random,pd_history,1,60,46.33022319385321,0.95,8.0,0.0,0
206,random,pd_history,2,60,42.49170853696506,1.0,14.5,0.0,0
206,random,pd_history,3,60,42.78899100844961,1.0,15.0,0.0,0
206,random,pd_history,4,60,41.793046582143276,1.0,16.0,0.0,0
206,random,pd_history,5,60,43.08922724529755,1.0,16.0,0.0,0
206,random,pd_history,6,60,40.59279879083851,1.0,15.0,0.0,0
206,random,pd_history,7,60,47.99214646304123,1.0,16.0,0.0,0
206,random,pd_history,8,60,47.88978330460329,1.0,17.0,0.0,0
206,random,pd_history,9,60,41.49189243930223,1.0,14.5,0.0,0
206,random,pd_history,10,60,45.08991390191818,1.0,10.5,0.0,0
206,random,pd_history,11,60,39.44058015921422,1.0,10.5,0.0,0
206,random,pd_history,12,60,46.49003855672352,1.0,13.5,0.0,0
206,random,pd_history,13,60,40.588337237524826,1.0,11.0,0.0,0
206,random,pd_history,14,60,41.34058164943219,1.0,10.5,0.0,0
206,random,pd_history,15,60,43.54051002500665,1.0,15.5,0.0,0
206,random,pd_history,16,60,42.79275975383335,1.0,17.5,0.0,0
206,random,pd_history,17,60,44.419258872798906,0.9833333333333333,20.5,0.0,0
206,random,pd_history,18,60,46.402469668093154,0.9666666666666667,16.0,0.0,0
206,random,pd_history,19,60,39.68961213765712,1.0,17.0,0.0,0
206,random,pd_history,20,60,44.63884856476374,1.0,14.5,0.0,0
206,random,pd_history,21,60,41.88740251750013,1.0,16.0,0.0,0
206,random,pd_history,22,60,42.08957116932895,1.0,14.0,0.0,0
206,random,pd_history,23,60,42.302054862317746,0.9666666666666667,11.0,0.0,0
206,random,no_control_interpretation,0,60,41.19002025808192,1.0,2.0,0.0,1
206,random,no_control_interpretation,1,60,47.888801145978704,1.0,7.0,0.0,0
206,random,no_control_interpretation,2,60,42.49170853696506,1.0,14.5,0.0,0
206,random,no_control_interpretation,3,60,42.78981977788768,1.0,16.0,0.0,0
206,random,no_control_interpretation,4,60,41.79276667409922,1.0,14.0,0.0,0
206,random,no_control_interpretation,5,60,43.08953032743529,1.0,16.0,0.0,0
206,random,no_control_interpretation,6,60,40.59279879083851,1.0,16.0,0.0,0
206,random,no_control_interpretation,7,60,47.99214646304123,1.0,16.0,0.0,0
206,random,no_control_interpretation,8,60,47.88978330460329,1.0,17.0,0.0,0
206,random,no_control_interpretation,9,60,41.49189243930223,1.0,14.5,0.0,0
206,random,no_control_interpretation,10,60,45.08991390191818,1.0,10.5,0.0,0
206,random,no_control_interpretation,11,60,39.44058015921422,1.0,10.5,0.0,0
206,random,no_control_interpretation,12,60,46.49003855672352,1.0,13.5,0.0,0
206,random,no_control_interpretation,13,60,40.588337237524826,1.0,11.0,0.0,0
206,random,no_control_interpretation,14,60,41.34058164943219,1.0,10.5,0.0,0
206,random,no_control_interpretation,15,60,43.54051002500665,1.0,15.5,0.0,0
206,random,no_control_interpretation,16,60,42.79275975383335,1.0,17.5,0.0,0
206,random,no_control_interpretation,17,60,44.939054063197545,1.0,20.5,0.0,1
206,random,no_control_interpretation,18,60,47.44156362819882,1.0,16.0,0.0,0
206,random,no_control_interpretation,19,60,39.737687601697594,1.0,17.0,0.0,0
206,random,no_control_interpretation,20,60,44.637646446592306,1.0,18.0,0.0,0
206,random,no_control_interpretation,21,60,41.88799002472065,1.0,16.0,0.0,0
206,random,no_control_interpretation,22,60,42.09127570129903,1.0,14.0,0.0,0
206,random,no_control_interpretation,23,60,43.34172417024232,1.0,10.5,0.0,0
206,random,no_pre_new_only,0,60,10.733788102647535,0.45,0,0.0,0
206,random,no_pre_new_only,1,60,9.335370919537699,0.36666666666666664,0,0.0,0
206,random,no_pre_new_only,2,60,9.403903714248154,0.38333333333333336,0,0.0,0
206,random,no_pre_new_only,3,60,9.635197266145743,0.36666666666666664,0,0.0,0
206,random,no_pre_new_only,4,60,10.074122892233676,0.4,0,0.0,0
206,random,no_pre_new_only,5,60,8.223348124987542,0.31666666666666665,0,0.0,0
206,random,no_pre_new_only,6,60,9.854699538534275,0.38333333333333336,0,0.0,0
206,random,no_pre_new_only,7,60,8.663407219015854,0.35,0,0.0,0
206,random,no_pre_new_only,8,60,10.293618493840452,0.4166666666666667,0,0.0,0
206,random,no_pre_new_only,9,60,9.854434206694837,0.38333333333333336,0,0.0,0
206,random,no_pre_new_only,10,60,8.376768242150861,0.31666666666666665,0,0.0,0
206,random,no_pre_new_only,11,60,9.85382015570649,0.38333333333333336,0,0.0,0
206,random,no_pre_new_only,12,60,9.854108647052948,0.38333333333333336,0,0.0,0
206,random,no_pre_new_only,13,60,10.2943488835894,0.4166666666666667,0,0.0,0
206,random,no_pre_new_only,14,60,8.965113008995605,0.35,0,0.0,0
206,random,no_pre_new_only,15,60,10.075653724488408,0.4,0,0.0,0
206,random,no_pre_new_only,16,60,9.923837244315356,0.4,0,0.0,0
206,random,no_pre_new_only,17,60,9.553656204675892,0.38333333333333336,0,0.0,0
206,random,no_pre_new_only,18,60,8.813922629808799,0.35,0,0.0,0
206,random,no_pre_new_only,19,60,10.07456931047205,0.4,0,0.0,0
206,random,no_pre_new_only,20,60,10.073808463130804,0.4,0,0.0,0
206,random,no_pre_new_only,21,60,9.18479377988354,0.36666666666666664,0,0.0,0
206,random,no_pre_new_only,22,60,10.142024620202772,0.4166666666666667,0,0.0,0
206,random,no_pre_new_only,23,60,9.265311407335098,0.35,0,0.0,0
206,random,greedy_hard_cap,0,60,36.66835652111532,0.9333333333333333,12.5,0.0,0
206,random,greedy_hard_cap,1,60,44.48757104694151,0.95,16.5,0.0,0
206,random,greedy_hard_cap,2,60,43.697704716438416,1.0,20.0,0.0,0
206,random,greedy_hard_cap,3,60,43.94916524768169,1.0,19.5,0.0,0
206,random,greedy_hard_cap,4,60,43.049345081509706,1.0,20.5,0.0,0
206,random,greedy_hard_cap,5,60,43.947748630631935,1.0,22.5,0.0,0
206,random,greedy_hard_cap,6,60,41.59934761480569,1.0,21.5,0.0,0
206,random,greedy_hard_cap,7,60,49.048858772051744,1.0,19.5,0.0,0
206,random,greedy_hard_cap,8,60,47.62772763874152,0.9833333333333333,20.0,0.0,0
206,random,greedy_hard_cap,9,60,42.89850677565669,1.0,23.0,0.0,0
206,random,greedy_hard_cap,10,60,46.6482431211754,1.0,22.5,0.0,0
206,random,greedy_hard_cap,11,60,39.07909557919119,0.9833333333333333,18.0,0.0,0
206,random,greedy_hard_cap,12,60,47.697344892143775,1.0,18.5,0.0,0
206,random,greedy_hard_cap,13,60,39.00881880557623,0.9666666666666667,22.5,0.0,0
206,random,greedy_hard_cap,14,60,42.44925063674713,1.0,21.0,0.0,0
206,random,greedy_hard_cap,15,60,44.699291865279875,1.0,22.5,0.0,0
206,random,greedy_hard_cap,16,60,43.89740758669124,1.0,19.5,0.0,0
206,random,greedy_hard_cap,17,60,41.3387159357603,0.95,22.5,0.0,0
206,random,greedy_hard_cap,18,60,45.759177334591385,0.9666666666666667,21.5,0.0,0
206,random,greedy_hard_cap,19,60,40.94961951482695,1.0,22.5,0.0,0
206,random,greedy_hard_cap,20,60,45.598720725239346,1.0,21.0,0.0,0
206,random,greedy_hard_cap,21,60,43.3488279324535,1.0,23.0,0.0,0
206,random,greedy_hard_cap,22,60,43.4987334849543,1.0,22.5,0.0,0
206,random,greedy_hard_cap,23,60,42.82868404008691,0.9833333333333333,20.0,0.0,0
206,switch,pd_theta_2,0,60,40.56354297790816,0.9333333333333333,2.0,0.0,4
206,switch,pd_theta_2,1,60,44.29322345078801,0.8333333333333334,12.0,0.0,7
206,switch,pd_theta_2,2,60,46.10588413882119,0.9666666666666667,14.0,0.0,6
206,switch,pd_theta_2,3,60,43.56497678989421,0.85,13.5,0.0,6
206,switch,pd_theta_2,4,60,43.6759204941894,0.9,14.0,0.0,5
206,switch,pd_theta_2,5,60,41.832370943177956,0.8666666666666667,14.5,0.0,4
206,switch,pd_theta_2,6,60,40.95472781972065,0.8833333333333333,11.5,0.0,4
206,switch,pd_theta_2,7,60,44.35419938946439,0.8833333333333333,14.0,0.0,6
206,switch,pd_theta_2,8,60,38.77370352597344,0.8166666666666667,16.0,0.0,5
206,switch,pd_theta_2,9,60,42.52223663848871,0.9,13.0,0.0,4
206,switch,pd_theta_2,10,60,44.31400086030849,0.9333333333333333,13.0,0.0,5
206,switch,pd_theta_2,11,60,44.03195150000594,0.8666666666666667,15.0,0.0,6
206,switch,pd_theta_2,12,60,33.50476008164807,0.9666666666666667,7.5,0.0,1
206,switch,pd_theta_2,13,60,33.891470357209634,1.0,6.0,0.0,0
206,switch,pd_theta_2,14,60,34.340695337216204,1.0,9.5,0.0,0
206,switch,pd_theta_2,15,60,34.04359157414434,1.0,11.5,0.0,0
206,switch,pd_theta_2,16,60,34.89191417993884,1.0,8.5,0.0,0
206,switch,pd_theta_2,17,60,33.59064512926133,1.0,13.0,0.0,0
206,switch,pd_theta_2,18,60,34.190420260444974,1.0,10.5,0.0,0
206,switch,pd_theta_2,19,60,33.941692696776194,1.0,15.5,0.0,0
206,switch,pd_theta_2,20,60,34.2921950790986,1.0,14.0,0.0,0
206,switch,pd_theta_2,21,60,34.19035826973906,1.0,11.5,0.0,0
206,switch,pd_theta_2,22,60,34.940874273280826,1.0,10.0,0.0,0
206,switch,pd_theta_2,23,60,33.341987414966646,1.0,10.5,0.0,1
206,switch,pd_theta_4,0,60,40.56354297790816,0.9333333333333333,2.0,0.0,4
206,switch,pd_theta_4,1,60,44.29322345078801,0.8333333333333334,12.0,0.0,7
206,switch,pd_theta_4,2,60,46.10588413882119,0.9666666666666667,14.0,0.0,6
206,switch,pd_theta_4,3,60,43.76471803950941,0.85,18.5,0.0,6
206,switch,pd_theta_4,4,60,43.72565566539962,0.9,20.5,0.0,5
206,switch,pd_theta_4,5,60,42.03328070644122,0.8666666666666667,20.5,0.0,4
206,switch,pd_theta_4,6,60,41.155029111111155,0.8833333333333333,18.0,0.0,4
206,switch,pd_theta_4,7,60,44.45519807270572,0.8833333333333333,20.0,0.0,6
206,switch,pd_theta_4,8,60,38.82219817367052,0.8166666666666667,21.0,0.0,5
206,switch,pd_theta_4,9,60,42.67261987578946,0.9,19.0,0.0,4
206,switch,pd_theta_4,10,60,44.41414845615354,0.9333333333333333,19.0,0.0,5
206,switch,pd_theta_4,11,60,44.13401586926278,0.8666666666666667,22.0,0.0,6
206,switch,pd_theta_4,12,60,34.424004162869636,0.9833333333333333,16.0,0.0,2
206,switch,pd_theta_4,13,60,33.77117346403652,0.9833333333333333,17.0,0.0,1
206,switch,pd_theta_4,14,60,34.48989038336156,1.0,12.5,0.0,0
206,switch,pd_theta_4,15,60,34.04176829258708,1.0,14.5,0.0,0
206,switch,pd_theta_4,16,60,34.79184247645854,1.0,14.0,0.0,0
206,switch,pd_theta_4,17,60,33.589877380911275,1.0,19.5,0.0,0
206,switch,pd_theta_4,18,60,34.19100907166243,1.0,17.5,0.0,0
206,switch,pd_theta_4,19,60,33.690871707669785,1.0,19.0,0.0,0
206,switch,pd_theta_4,20,60,34.289915638843965,1.0,22.0,0.0,0
206,switch,pd_theta_4,21,60,33.89112475417962,1.0,18.5,0.0,0
206,switch,pd_theta_4,22,60,34.63958371755342,1.0,18.0,0.0,0
206,switch,pd_theta_4,23,60,33.33993141238818,1.0,17.5,0.0,0
206,switch,pd_theta_8,0,60,40.56354297790816,0.9333333333333333,2.0,0.0,4
206,switch,pd_theta_8,1,60,44.29322345078801,0.8333333333333334,12.0,0.0,7
206,switch,pd_theta_8,2,60,46.10588413882119,0.9666666666666667,14.0,0.0,6
206,switch,pd_theta_8,3,60,43.76471803950941,0.85,18.5,0.0,6
206,switch,pd_theta_8,4,60,43.72565566539962,0.9,20.5,0.0,5
206,switch,pd_theta_8,5,60,42.083900179509975,0.8666666666666667,24.0,0.0,4
206,switch,pd_theta_8,6,60,41.35375285766755,0.8833333333333333,25.5,0.0,4
206,switch,pd_theta_8,7,60,44.45537588683426,0.8833333333333333,27.5,0.0,6
206,switch,pd_theta_8,8,60,38.823020644055184,0.8166666666666667,29.5,0.0,5
206,switch,pd_theta_8,9,60,42.72219057033998,0.9,28.0,0.0,4
206,switch,pd_theta_8,10,60,44.41347140205417,0.9333333333333333,27.5,0.0,5
206,switch,pd_theta_8,11,60,44.1322425675171,0.8666666666666667,29.5,0.0,6
206,switch,pd_theta_8,12,60,33.38494117723604,0.95,23.0,0.0,2
206,switch,pd_theta_8,13,60,32.93027566854333,0.95,25.5,0.0,1
206,switch,pd_theta_8,14,60,34.79040951359474,1.0,22.0,0.0,0
206,switch,pd_theta_8,15,60,34.54197352526537,1.0,24.0,0.0,0
206,switch,pd_theta_8,16,60,35.19243392881069,1.0,22.5,0.0,0
206,switch,pd_theta_8,17,60,33.68981637457033,1.0,26.5,0.0,0
206,switch,pd_theta_8,18,60,34.43963833038114,1.0,26.0,0.0,0
206,switch,pd_theta_8,19,60,33.94128716546217,1.0,28.5,0.0,0
206,switch,pd_theta_8,20,60,34.29192764653827,1.0,31.5,0.0,0
206,switch,pd_theta_8,21,60,34.19108223564152,1.0,31.0,0.0,0
206,switch,pd_theta_8,22,60,34.79210831238716,1.0,34.5,0.0,0
206,switch,pd_theta_8,23,60,33.34103436404542,1.0,33.5,0.0,0
206,switch,pd_theta_16,0,60,40.56354297790816,0.9333333333333333,2.0,0.0,4
206,switch,pd_theta_16,1,60,44.29322345078801,0.8333333333333334,12.0,0.0,7
206,switch,pd_theta_16,2,60,46.10588413882119,0.9666666666666667,14.0,0.0,6
206,switch,pd_theta_16,3,60,43.76471803950941,0.85,18.5,0.0,6
206,switch,pd_theta_16,4,60,43.72565566539962,0.9,20.5,0.0,5
206,switch,pd_theta_16,5,60,42.083900179509975,0.8666666666666667,24.0,0.0,4
206,switch,pd_theta_16,6,60,41.35375285766755,0.8833333333333333,25.5,0.0,4
206,switch,pd_theta_16,7,60,44.45537588683426,0.8833333333333333,27.5,0.0,6
206,switch,pd_theta_16,8,60,38.823020644055184,0.8166666666666667,29.5,0.0,5
206,switch,pd_theta_16,9,60,42.77154182071076,0.9,29.5,0.0,4
206,switch,pd_theta_16,10,60,44.51240257760241,0.9333333333333333,30.5,0.0,5
206,switch,pd_theta_16,11,60,44.181538774477254,0.8666666666666667,34.5,0.0,6
206,switch,pd_theta_16,12,60,33.01573864885764,0.9333333333333333,32.0,0.0,2
206,switch,pd_theta_16,13,60,33.130173640817986,0.95,37.5,0.0,1
206,switch,pd_theta_16,14,60,35.040404317651095,1.0,35.0,0.0,0
206,switch,pd_theta_16,15,60,34.742199692544006,1.0,39.0,0.0,0
206,switch,pd_theta_16,16,60,35.79247306554774,1.0,42.5,0.0,0
206,switch,pd_theta_16,17,60,33.52060786798301,0.9833333333333333,46.5,0.0,1
206,switch,pd_theta_16,18,60,35.24060192626763,1.0,47.0,0.0,0
206,switch,pd_theta_16,19,60,34.5912111725059,1.0,48.5,0.0,0
206,switch,pd_theta_16,20,60,34.690915387777615,1.0,46.0,0.0,0
206,switch,pd_theta_16,21,60,34.69154276974673,1.0,47.5,0.0,0
206,switch,pd_theta_16,22,60,35.34225847844737,1.0,46.0,0.0,0
206,switch,pd_theta_16,23,60,33.64349454771839,1.0,46.5,0.0,0
206,switch,pd_history,0,60,40.56354297790816,0.9333333333333333,2.0,0.0,4
206,switch,pd_history,1,60,44.29322345078801,0.8333333333333334,12.0,0.0,7
206,switch,pd_history,2,60,46.10588413882119,0.9666666666666667,14.0,0.0,6
206,switch,pd_history,3,60,43.56497678989421,0.85,13.5,0.0,6
206,switch,pd_history,4,60,43.6759204941894,0.9,14.0,0.0,5
206,switch,pd_history,5,60,41.832370943177956,0.8666666666666667,14.5,0.0,4
206,switch,pd_history,6,60,40.95472781972065,0.8833333333333333,11.5,0.0,4
206,switch,pd_history,7,60,44.35419938946439,0.8833333333333333,14.0,0.0,6
206,switch,pd_history,8,60,38.77370352597344,0.8166666666666667,16.0,0.0,5
206,switch,pd_history,9,60,42.52223663848871,0.9,13.0,0.0,4
206,switch,pd_history,10,60,44.31400086030849,0.9333333333333333,13.0,0.0,5
206,switch,pd_history,11,60,44.03195150000594,0.8666666666666667,15.0,0.0,6
206,switch,pd_history,12,60,33.50476008164807,0.9666666666666667,7.5,0.0,1
206,switch,pd_history,13,60,33.891470357209634,1.0,6.0,0.0,0
206,switch,pd_history,14,60,34.340695337216204,1.0,9.5,0.0,0
206,switch,pd_history,15,60,34.04359157414434,1.0,11.5,0.0,0
206,switch,pd_history,16,60,34.89191417993884,1.0,8.5,0.0,0
206,switch,pd_history,17,60,33.59064512926133,1.0,13.0,0.0,0
206,switch,pd_history,18,60,34.190420260444974,1.0,10.5,0.0,0
206,switch,pd_history,19,60,33.941692696776194,1.0,15.5,0.0,0
206,switch,pd_history,20,60,34.2921950790986,1.0,14.0,0.0,0
206,switch,pd_history,21,60,34.19035826973906,1.0,11.5,0.0,0
206,switch,pd_history,22,60,34.940874273280826,1.0,10.0,0.0,0
206,switch,pd_history,23,60,33.341987414966646,1.0,10.5,0.0,1
206,switch,no_control_interpretation,0,60,46.24224952911286,1.0,2.0,0.0,8
206,switch,no_control_interpretation,1,60,58.49026984496515,1.0,12.0,0.0,17
206,switch,no_control_interpretation,2,60,48.945594977343646,1.0,14.0,0.0,8
206,switch,no_control_interpretation,3,60,56.343034325705275,1.0,13.5,0.0,15
206,switch,no_control_interpretation,4,60,52.19415352430568,1.0,14.0,0.0,11
206,switch,no_control_interpretation,5,60,53.19075830072167,1.0,14.5,0.0,12
206,switch,no_control_interpretation,6,60,50.893523950575904,1.0,11.5,0.0,11
206,switch,no_control_interpretation,7,60,54.29283327187471,1.0,14.0,0.0,13
206,switch,no_control_interpretation,8,60,54.390744224507806,1.0,16.0,0.0,16
206,switch,no_control_interpretation,9,60,51.04000411209412,1.0,13.0,0.0,10
206,switch,no_control_interpretation,10,60,49.99310871695154,1.0,13.0,0.0,9
206,switch,no_control_interpretation,11,60,55.39076615566132,1.0,15.0,0.0,14
206,switch,no_control_interpretation,12,60,34.54475055658168,1.0,7.5,0.0,3
206,switch,no_control_interpretation,13,60,33.891470357209634,1.0,6.0,0.0,0
206,switch,no_control_interpretation,14,60,34.340695337216204,1.0,9.5,0.0,0
206,switch,no_control_interpretation,15,60,34.04359157414434,1.0,11.5,0.0,0
206,switch,no_control_interpretation,16,60,34.89191417993884,1.0,8.5,0.0,0
206,switch,no_control_interpretation,17,60,33.59064512926133,1.0,13.0,0.0,0
206,switch,no_control_interpretation,18,60,34.190420260444974,1.0,10.5,0.0,0
206,switch,no_control_interpretation,19,60,33.941692696776194,1.0,15.5,0.0,0
206,switch,no_control_interpretation,20,60,34.2921950790986,1.0,14.0,0.0,0
206,switch,no_control_interpretation,21,60,34.19035826973906,1.0,11.5,0.0,0
206,switch,no_control_interpretation,22,60,34.940874273280826,1.0,10.0,0.0,0
206,switch,no_control_interpretation,23,60,33.341987414966646,1.0,10.5,0.0,1
206,switch,no_pre_new_only,0,60,11.829989220148088,0.5333333333333333,0,0.0,0
206,switch,no_pre_new_only,1,60,9.24326130816755,0.4166666666666667,0,0.0,0
206,switch,no_pre_new_only,2,60,11.832145728564686,0.5333333333333333,0,0.0,0
206,switch,no_pre_new_only,3,60,9.982851639547231,0.45,0,0.0,0
206,switch,no_pre_new_only,4,60,11.461694990561748,0.5166666666666667,0,0.0,0
206,switch,no_pre_new_only,5,60,11.093145370643775,0.5,0,0.0,0
206,switch,no_pre_new_only,6,60,11.832874428432124,0.5333333333333333,0,0.0,0
206,switch,no_pre_new_only,7,60,10.722427519665027,0.48333333333333334,0,0.0,0
206,switch,no_pre_new_only,8,60,10.722295552025296,0.48333333333333334,0,0.0,0
206,switch,no_pre_new_only,9,60,11.831236532770225,0.5333333333333333,0,0.0,0
206,switch,no_pre_new_only,10,60,11.834254455568722,0.5333333333333333,0,0.0,0
206,switch,no_pre_new_only,11,60,10.354588377211318,0.4666666666666667,0,0.0,0
206,switch,no_pre_new_only,12,60,6.237678387484051,0.2,0,0.0,0
206,switch,no_pre_new_only,13,60,6.9772560166184014,0.23333333333333334,0,0.0,0
206,switch,no_pre_new_only,14,60,6.238150882985983,0.2,0,0.0,0
206,switch,no_pre_new_only,15,60,6.976547372746217,0.23333333333333334,0,0.0,0
206,switch,no_pre_new_only,16,60,6.237584996223995,0.2,0,0.0,0
206,switch,no_pre_new_only,17,60,6.979285515396234,0.23333333333333334,0,0.0,0
206,switch,no_pre_new_only,18,60,6.237430333887739,0.2,0,0.0,0
206,switch,no_pre_new_only,19,60,6.9766257003690795,0.23333333333333334,0,0.0,0
206,switch,no_pre_new_only,20,60,6.237422834737812,0.2,0,0.0,0
206,switch,no_pre_new_only,21,60,6.975577887023076,0.23333333333333334,0,0.0,0
206,switch,no_pre_new_only,22,60,6.237077184786078,0.2,0,0.0,0
206,switch,no_pre_new_only,23,60,6.977105454764782,0.23333333333333334,0,0.0,0
206,switch,greedy_hard_cap,0,60,36.03832286973721,0.8666666666666667,14.5,0.0,0
206,switch,greedy_hard_cap,1,60,34.80687509358483,0.7166666666666667,16.0,0.0,0
206,switch,greedy_hard_cap,2,60,38.138074811460186,0.8666666666666667,15.5,0.0,0
206,switch,greedy_hard_cap,3,60,35.54822441990647,0.75,16.5,0.0,0
206,switch,greedy_hard_cap,4,60,37.02920414984744,0.8166666666666667,16.0,0.0,0
206,switch,greedy_hard_cap,5,60,36.65771214466056,0.8,17.0,0.0,0
206,switch,greedy_hard_cap,6,60,35.977777579752384,0.8166666666666667,16.5,0.0,0
206,switch,greedy_hard_cap,7,60,36.28783058706272,0.7833333333333333,18.5,0.0,0
206,switch,greedy_hard_cap,8,60,32.02942294137373,0.7333333333333333,17.5,0.0,0
206,switch,greedy_hard_cap,9,60,37.39725886225711,0.8333333333333334,15.5,0.0,0
206,switch,greedy_hard_cap,10,60,37.76802029593183,0.85,16.0,0.0,0
206,switch,greedy_hard_cap,11,60,35.918038757959025,0.7666666666666667,16.5,0.0,0
206,switch,greedy_hard_cap,12,60,35.697554252250505,1.0,16.5,0.0,0
206,switch,greedy_hard_cap,13,60,35.249485530220035,1.0,22.0,0.0,0
206,switch,greedy_hard_cap,14,60,35.54909610918323,1.0,22.0,0.0,0
206,switch,greedy_hard_cap,15,60,35.398826500792545,1.0,21.5,0.0,0
206,switch,greedy_hard_cap,16,60,36.348329860663064,1.0,20.5,0.0,0
206,switch,greedy_hard_cap,17,60,34.39803913284263,1.0,20.0,0.0,0
206,switch,greedy_hard_cap,18,60,35.698529030595985,1.0,21.5,0.0,0
206,switch,greedy_hard_cap,19,60,35.09862345646078,1.0,23.0,0.0,0
206,switch,greedy_hard_cap,20,60,35.1977996381648,1.0,19.0,0.0,0
206,switch,greedy_hard_cap,21,60,35.49716373593845,1.0,23.5,0.0,0
206,switch,greedy_hard_cap,22,60,36.59718332895914,1.0,23.0,0.0,0
206,switch,greedy_hard_cap,23,60,34.3475818603113,1.0,20.0,0.0,0
207,high_tight,pd_theta_2,0,60,45.13553886754822,0.95,2.0,0.0,6
207,high_tight,pd_theta_2,1,60,42.513075525285316,0.85,11.5,0.0,5
207,high_tight,pd_theta_2,2,60,44.62471166629315,0.9,13.5,0.0,6
207,high_tight,pd_theta_2,3,60,45.093098734375076,0.9166666666666666,14.5,0.0,6
207,high_tight,pd_theta_2,4,60,46.133486459941,0.8666666666666667,15.5,0.0,8
207,high_tight,pd_theta_2,5,60,41.91157067078887,0.9333333333333333,10.0,0.0,4
207,high_tight,pd_theta_2,6,60,44.40390706506345,0.8833333333333333,15.5,0.0,6
207,high_tight,pd_theta_2,7,60,46.833993028288425,0.95,15.0,0.0,7
207,high_tight,pd_theta_2,8,60,41.23179287224451,0.95,10.0,0.0,2
207,high_tight,pd_theta_2,9,60,44.02540629234393,0.8166666666666667,14.5,0.0,7
207,high_tight,pd_theta_2,10,60,42.05279208279463,0.8833333333333333,12.0,0.0,4
207,high_tight,pd_theta_2,11,60,46.14260122623325,0.9166666666666666,14.5,0.0,7
207,high_tight,pd_theta_2,12,60,42.9435514865083,0.9166666666666666,14.0,0.0,4
207,high_tight,pd_theta_2,13,60,40.92395904840715,0.8166666666666667,15.5,0.0,4
207,high_tight,pd_theta_2,14,60,42.8367608402335,0.8666666666666667,14.0,0.0,5
207,high_tight,pd_theta_2,15,60,43.893333697280916,0.9166666666666666,13.5,0.0,5
207,high_tight,pd_theta_2,16,60,44.35318467767461,0.8833333333333333,14.0,0.0,6
207,high_tight,pd_theta_2,17,60,43.72049772011692,0.9,15.0,0.0,5
207,high_tight,pd_theta_2,18,60,44.99285692075223,0.9166666666666666,14.0,0.0,6
207,high_tight,pd_theta_2,19,60,43.35456219955757,0.8833333333333333,16.0,0.0,5
207,high_tight,pd_theta_2,20,60,40.15329738863274,0.8833333333333333,14.5,0.0,3
207,high_tight,pd_theta_2,21,60,43.73677420098543,0.8666666666666667,12.0,0.0,6
207,high_tight,pd_theta_2,22,60,41.14443012845176,0.8333333333333334,14.5,0.0,4
207,high_tight,pd_theta_2,23,60,41.32490524921063,0.9,12.0,0.0,3
207,high_tight,pd_theta_4,0,60,45.13553886754822,0.95,2.0,0.0,6
207,high_tight,pd_theta_4,1,60,42.513075525285316,0.85,11.5,0.0,5
207,high_tight,pd_theta_4,2,60,44.62471166629315,0.9,13.5,0.0,6
207,high_tight,pd_theta_4,3,60,45.092863123253586,0.9166666666666666,17.0,0.0,6
207,high_tight,pd_theta_4,4,60,46.23068056699568,0.8666666666666667,21.5,0.0,8
207,high_tight,pd_theta_4,5,60,42.31146882537547,0.9333333333333333,19.0,0.0,4
207,high_tight,pd_theta_4,6,60,44.40439807519082,0.8833333333333333,21.5,0.0,6
207,high_tight,pd_theta_4,7,60,46.98270539472515,0.95,20.5,0.0,7
207,high_tight,pd_theta_4,8,60,41.33217353528453,0.95,15.5,0.0,2
207,high_tight,pd_theta_4,9,60,44.12546436670958,0.8166666666666667,20.5,0.0,7
207,high_tight,pd_theta_4,10,60,42.20317783311451,0.8833333333333333,16.0,0.0,4
207,high_tight,pd_theta_4,11,60,46.143056777743475,0.9166666666666666,17.5,0.0,7
207,high_tight,pd_theta_4,12,60,42.79603635429408,0.9166666666666666,16.0,0.0,4
207,high_tight,pd_theta_4,13,60,40.924589918155036,0.8166666666666667,19.0,0.0,4
207,high_tight,pd_theta_4,14,60,43.03609158200927,0.8666666666666667,20.0,0.0,5
207,high_tight,pd_theta_4,15,60,44.04339078806677,0.9166666666666666,18.0,0.0,5
207,high_tight,pd_theta_4,16,60,44.4039418546718,0.8833333333333333,19.0,0.0,6
207,high_tight,pd_theta_4,17,60,43.72155878325467,0.9,19.5,0.0,5
207,high_tight,pd_theta_4,18,60,45.19325437052714,0.9166666666666666,20.5,0.0,6
207,high_tight,pd_theta_4,19,60,43.40389646855922,0.8833333333333333,21.5,0.0,5
207,high_tight,pd_theta_4,20,60,40.203019685206144,0.8833333333333333,20.5,0.0,3
207,high_tight,pd_theta_4,21,60,44.135435894233446,0.8666666666666667,21.5,0.0,6
207,high_tight,pd_theta_4,22,60,41.24525779605371,0.8333333333333334,21.5,0.0,4
207,high_tight,pd_theta_4,23,60,41.62533065090591,0.9,19.0,0.0,3
207,high_tight,pd_theta_8,0,60,45.13553886754822,0.95,2.0,0.0,6
207,high_tight,pd_theta_8,1,60,42.513075525285316,0.85,11.5,0.0,5
207,high_tight,pd_theta_8,2,60,44.62471166629315,0.9,13.5,0.0,6
207,high_tight,pd_theta_8,3,60,45.092863123253586,0.9166666666666666,17.0,0.0,6
207,high_tight,pd_theta_8,4,60,46.23068056699568,0.8666666666666667,21.5,0.0,8
207,high_tight,pd_theta_8,5,60,42.30964061262789,0.9333333333333333,22.0,0.0,4
207,high_tight,pd_theta_8,6,60,44.50452879089843,0.8833333333333333,26.0,0.0,6
207,high_tight,pd_theta_8,7,60,47.03288390364236,0.95,26.5,0.0,7
207,high_tight,pd_theta_8,8,60,41.63213076803199,0.95,26.5,0.0,2
207,high_tight,pd_theta_8,9,60,44.27403248755391,0.8166666666666667,32.5,0.0,7
207,high_tight,pd_theta_8,10,60,42.40390393478855,0.8833333333333333,29.0,0.0,4
207,high_tight,pd_theta_8,11,60,46.2940722489678,0.9166666666666666,29.5,0.0,7
207,high_tight,pd_theta_8,12,60,43.144545674807354,0.9166666666666666,28.0,0.0,4
207,high_tight,pd_theta_8,13,60,40.92382806551889,0.8166666666666667,28.0,0.0,4
207,high_tight,pd_theta_8,14,60,43.13563655479414,0.8666666666666667,27.5,0.0,5
207,high_tight,pd_theta_8,15,60,44.19139934138756,0.9166666666666666,26.5,0.0,5
207,high_tight,pd_theta_8,16,60,44.55249000647464,0.8833333333333333,28.0,0.0,6
207,high_tight,pd_theta_8,17,60,43.82034838336654,0.9,26.5,0.0,5
207,high_tight,pd_theta_8,18,60,45.29346402877884,0.9166666666666666,27.5,0.0,6
207,high_tight,pd_theta_8,19,60,43.453784597260245,0.8833333333333333,28.0,0.0,5
207,high_tight,pd_theta_8,20,60,40.25276197342293,0.8833333333333333,28.0,0.0,3
207,high_tight,pd_theta_8,21,60,44.13547219980339,0.8666666666666667,30.0,0.0,6
207,high_tight,pd_theta_8,22,60,41.34447896483759,0.8333333333333334,30.5,0.0,4
207,high_tight,pd_theta_8,23,60,41.67480034988309,0.9,28.5,0.0,3
207,high_tight,pd_theta_16,0,60,45.13553886754822,0.95,2.0,0.0,6
207,high_tight,pd_theta_16,1,60,42.513075525285316,0.85,11.5,0.0,5
207,high_tight,pd_theta_16,2,60,44.62471166629315,0.9,13.5,0.0,6
207,high_tight,pd_theta_16,3,60,45.092863123253586,0.9166666666666666,17.0,0.0,6
207,high_tight,pd_theta_16,4,60,46.23068056699568,0.8666666666666667,21.5,0.0,8
207,high_tight,pd_theta_16,5,60,42.30964061262789,0.9333333333333333,22.0,0.0,4
207,high_tight,pd_theta_16,6,60,44.50452879089843,0.8833333333333333,26.0,0.0,6
207,high_tight,pd_theta_16,7,60,47.03288390364236,0.95,26.5,0.0,7
207,high_tight,pd_theta_16,8,60,41.63213076803199,0.95,26.5,0.0,2
207,high_tight,pd_theta_16,9,60,44.27403248755391,0.8166666666666667,34.0,0.0,7
207,high_tight,pd_theta_16,10,60,42.404251679083906,0.8833333333333333,31.5,0.0,4
207,high_tight,pd_theta_16,11,60,46.29464656124064,0.9166666666666666,34.0,0.0,7
207,high_tight,pd_theta_16,12,60,43.24356624622558,0.9166666666666666,35.0,0.0,4
207,high_tight,pd_theta_16,13,60,40.97488499906462,0.8166666666666667,37.0,0.0,4
207,high_tight,pd_theta_16,14,60,43.234545806403375,0.8666666666666667,39.0,0.0,5
207,high_tight,pd_theta_16,15,60,44.29167038393644,0.9166666666666666,39.5,0.0,5
207,high_tight,pd_theta_16,16,60,44.802334519597,0.8833333333333333,42.5,0.0,6
207,high_tight,pd_theta_16,17,60,43.97154699412985,0.9,42.5,0.0,5
207,high_tight,pd_theta_16,18,60,45.39313152515598,0.9166666666666666,43.5,0.0,6
207,high_tight,pd_theta_16,19,60,43.602661819650095,0.8833333333333333,42.0,0.0,5
207,high_tight,pd_theta_16,20,60,40.45172621168247,0.8833333333333333,40.0,0.0,3
207,high_tight,pd_theta_16,21,60,44.234391751534574,0.8666666666666667,40.0,0.0,6
207,high_tight,pd_theta_16,22,60,41.54548248012189,0.8333333333333334,40.0,0.0,4
207,high_tight,pd_theta_16,23,60,41.72228275892056,0.9,37.0,0.0,3
207,high_tight,pd_history,0,60,45.13553886754822,0.95,2.0,0.0,6
207,high_tight,pd_history,1,60,42.513075525285316,0.85,11.5,0.0,5
207,high_tight,pd_history,2,60,44.62471166629315,0.9,13.5,0.0,6
207,high_tight,pd_history,3,60,45.093098734375076,0.9166666666666666,14.5,0.0,6
207,high_tight,pd_history,4,60,46.133486459941,0.8666666666666667,15.5,0.0,8
207,high_tight,pd_history,5,60,41.91157067078887,0.9333333333333333,10.0,0.0,4
207,high_tight,pd_history,6,60,44.40390706506345,0.8833333333333333,15.5,0.0,6
207,high_tight,pd_history,7,60,46.833993028288425,0.95,15.0,0.0,7
207,high_tight,pd_history,8,60,41.23179287224451,0.95,10.0,0.0,2
207,high_tight,pd_history,9,60,44.02540629234393,0.8166666666666667,14.5,0.0,7
207,high_tight,pd_history,10,60,42.05279208279463,0.8833333333333333,12.0,0.0,4
207,high_tight,pd_history,11,60,46.14260122623325,0.9166666666666666,14.5,0.0,7
207,high_tight,pd_history,12,60,42.9435514865083,0.9166666666666666,14.0,0.0,4
207,high_tight,pd_history,13,60,40.92395904840715,0.8166666666666667,15.5,0.0,4
207,high_tight,pd_history,14,60,42.8367608402335,0.8666666666666667,14.0,0.0,5
207,high_tight,pd_history,15,60,43.893333697280916,0.9166666666666666,13.5,0.0,5
207,high_tight,pd_history,16,60,44.35318467767461,0.8833333333333333,14.0,0.0,6
207,high_tight,pd_history,17,60,43.72049772011692,0.9,15.0,0.0,5
207,high_tight,pd_history,18,60,44.99285692075223,0.9166666666666666,14.0,0.0,6
207,high_tight,pd_history,19,60,43.35456219955757,0.8833333333333333,16.0,0.0,5
207,high_tight,pd_history,20,60,40.15329738863274,0.8833333333333333,14.5,0.0,3
207,high_tight,pd_history,21,60,43.73677420098543,0.8666666666666667,12.0,0.0,6
207,high_tight,pd_history,22,60,41.14443012845176,0.8333333333333334,14.5,0.0,4
207,high_tight,pd_history,23,60,41.42433390197822,0.9,13.5,0.0,3
207,high_tight,no_control_interpretation,0,60,49.39460997590738,1.0,2.0,0.0,9
207,high_tight,no_control_interpretation,1,60,55.29147807341649,1.0,11.5,0.0,14
207,high_tight,no_control_interpretation,2,60,53.143237087328686,1.0,13.5,0.0,12
207,high_tight,no_control_interpretation,3,60,52.19275728477528,1.0,14.5,0.0,11
207,high_tight,no_control_interpretation,4,60,57.49124092308601,1.0,15.5,0.0,16
207,high_tight,no_control_interpretation,5,60,47.590607905079366,1.0,10.0,0.0,8
207,high_tight,no_control_interpretation,6,60,54.34263154569762,1.0,15.5,0.0,13
207,high_tight,no_control_interpretation,7,60,51.09375514694084,1.0,15.0,0.0,10
207,high_tight,no_control_interpretation,8,60,45.49145633619732,1.0,10.0,0.0,5
207,high_tight,no_control_interpretation,9,60,59.64407880552003,1.0,14.5,0.0,18
207,high_tight,no_control_interpretation,10,60,51.99166455213903,1.0,12.0,0.0,11
207,high_tight,no_control_interpretation,11,60,53.242179792861016,1.0,14.5,0.0,12
207,high_tight,no_control_interpretation,12,60,50.04317190527142,1.0,14.0,0.0,9
207,high_tight,no_control_interpretation,13,60,56.54171745185082,1.0,15.5,0.0,15
207,high_tight,no_control_interpretation,14,60,54.19516493957517,1.0,14.0,0.0,13
207,high_tight,no_control_interpretation,15,60,50.992528784252535,1.0,13.5,0.0,10
207,high_tight,no_control_interpretation,16,60,54.29156994957468,1.0,14.0,0.0,13
207,high_tight,no_control_interpretation,17,60,52.2388260087242,1.0,15.0,0.0,11
207,high_tight,no_control_interpretation,18,60,52.09187007597288,1.0,14.0,0.0,11
207,high_tight,no_control_interpretation,19,60,53.293596257915326,1.0,16.0,0.0,12
207,high_tight,no_control_interpretation,20,60,50.092662644128644,1.0,14.5,0.0,10
207,high_tight,no_control_interpretation,21,60,55.09588947389857,1.0,12.0,0.0,14
207,high_tight,no_control_interpretation,22,60,55.34238835974581,1.0,14.5,0.0,14
207,high_tight,no_control_interpretation,23,60,49.844171820237314,1.0,12.0,0.0,9
207,high_tight,no_pre_new_only,0,60,11.833866393786359,0.5333333333333333,0,0.0,0
207,high_tight,no_pre_new_only,1,60,10.354472781965605,0.4666666666666667,0,0.0,0
207,high_tight,no_pre_new_only,2,60,11.093652308644995,0.5,0,0.0,0
207,high_tight,no_pre_new_only,3,60,11.463149251469291,0.5166666666666667,0,0.0,0
207,high_tight,no_pre_new_only,4,60,9.612329747634396,0.43333333333333335,0,0.0,0
207,high_tight,no_pre_new_only,5,60,11.83147219527037,0.5333333333333333,0,0.0,0
207,high_tight,no_pre_new_only,6,60,10.721897883581732,0.48333333333333334,0,0.0,0
207,high_tight,no_pre_new_only,7,60,11.831518766025937,0.5333333333333333,0,0.0,0
207,high_tight,no_pre_new_only,8,60,11.830439191501512,0.5333333333333333,0,0.0,0
207,high_tight,no_pre_new_only,9,60,8.873570274980024,0.4,0,0.0,0
207,high_tight,no_pre_new_only,10,60,11.462215561166854,0.5166666666666667,0,0.0,0
207,high_tight,no_pre_new_only,11,60,11.091179412833272,0.5,0,0.0,0
207,high_tight,no_pre_new_only,12,60,11.833989009144783,0.5333333333333333,0,0.0,0
207,high_tight,no_pre_new_only,13,60,9.983982608750033,0.45,0,0.0,0
207,high_tight,no_pre_new_only,14,60,10.725179540570123,0.48333333333333334,0,0.0,0
207,high_tight,no_pre_new_only,15,60,11.832399982952731,0.5333333333333333,0,0.0,0
207,high_tight,no_pre_new_only,16,60,10.724593355326862,0.48333333333333334,0,0.0,0
207,high_tight,no_pre_new_only,17,60,11.462501148815504,0.5166666666666667,0,0.0,0
207,high_tight,no_pre_new_only,18,60,11.463725982610384,0.5166666666666667,0,0.0,0
207,high_tight,no_pre_new_only,19,60,11.092674517582362,0.5,0,0.0,0
207,high_tight,no_pre_new_only,20,60,11.829865332715586,0.5333333333333333,0,0.0,0
207,high_tight,no_pre_new_only,21,60,10.35352370648803,0.4666666666666667,0,0.0,0
207,high_tight,no_pre_new_only,22,60,10.354446203135804,0.4666666666666667,0,0.0,0
207,high_tight,no_pre_new_only,23,60,11.834346381736,0.5333333333333333,0,0.0,0
207,high_tight,greedy_hard_cap,0,60,37.76921444804997,0.85,13.5,0.0,0
207,high_tight,greedy_hard_cap,1,60,35.918485652344316,0.7666666666666667,14.5,0.0,0
207,high_tight,greedy_hard_cap,2,60,36.65928613579876,0.8,16.5,0.0,0
207,high_tight,greedy_hard_cap,3,60,37.027012647460616,0.8166666666666667,15.5,0.0,0
207,high_tight,greedy_hard_cap,4,60,35.17809488763081,0.7333333333333333,18.5,0.0,0
207,high_tight,greedy_hard_cap,5,60,37.08865615095675,0.8666666666666667,16.5,0.0,0
207,high_tight,greedy_hard_cap,6,60,36.288007698046165,0.7833333333333333,16.5,0.0,0
207,high_tight,greedy_hard_cap,7,60,37.399385379570504,0.8333333333333334,16.0,0.0,0
207,high_tight,greedy_hard_cap,8,60,39.24829558282888,0.9166666666666666,15.0,0.0,0
207,high_tight,greedy_hard_cap,9,60,34.437714897655354,0.7,19.0,0.0,0
207,high_tight,greedy_hard_cap,10,60,37.02724156162854,0.8166666666666667,17.0,0.0,0
207,high_tight,greedy_hard_cap,11,60,36.658314279100146,0.8,16.5,0.0,0
207,high_tight,greedy_hard_cap,12,60,37.76839814324777,0.85,17.0,0.0,0
207,high_tight,greedy_hard_cap,13,60,35.54694170009831,0.75,17.5,0.0,0
207,high_tight,greedy_hard_cap,14,60,36.289798251478075,0.7833333333333333,18.0,0.0,0
207,high_tight,greedy_hard_cap,15,60,37.39722961099005,0.8333333333333334,16.5,0.0,0
207,high_tight,greedy_hard_cap,16,60,36.288803241241446,0.7833333333333333,16.5,0.0,0
207,high_tight,greedy_hard_cap,17,60,37.027798923593764,0.8166666666666667,15.5,0.0,0
207,high_tight,greedy_hard_cap,18,60,37.028981127661076,0.8166666666666667,16.5,0.0,0
207,high_tight,greedy_hard_cap,19,60,36.658404894185615,0.8,17.0,0.0,0
207,high_tight,greedy_hard_cap,20,60,36.348744467256765,0.8333333333333334,15.5,0.0,0
207,high_tight,greedy_hard_cap,21,60,35.91823986780422,0.7666666666666667,17.0,0.0,0
207,high_tight,greedy_hard_cap,22,60,35.9188986937444,0.7666666666666667,16.5,0.0,0
207,high_tight,greedy_hard_cap,23,60,37.76830686748039,0.85,16.0,0.0,0
207,high_loose,pd_theta_2,0,60,34.74411767186101,1.0,0,0.0,2
207,high_loose,pd_theta_2,1,60,33.63824848678628,1.0,3.0,0.0,0
207,high_loose,pd_theta_2,2,60,34.54472615332468,1.0,10.0,0.0,0
207,high_loose,pd_theta_2,3,60,33.74270476738612,1.0,9.0,0.0,0
207,high_loose,pd_theta_2,4,60,33.94118737323618,1.0,10.0,0.0,0
207,high_loose,pd_theta_2,5,60,34.19083869022047,1.0,11.0,0.0,0
207,high_loose,pd_theta_2,6,60,34.19340681298769,1.0,11.0,0.0,0
207,high_loose,pd_theta_2,7,60,33.79095372719294,1.0,13.0,0.0,0
207,high_loose,pd_theta_2,8,60,34.892084428693565,1.0,11.5,0.0,0
207,high_loose,pd_theta_2,9,60,33.13888339385698,1.0,9.5,0.0,0
207,high_loose,pd_theta_2,10,60,34.64178201599616,1.0,14.0,0.0,0
207,high_loose,pd_theta_2,11,60,33.59165318966247,1.0,11.0,0.0,0
207,high_loose,pd_theta_2,12,60,34.59354581183981,1.0,11.5,0.0,0
207,high_loose,pd_theta_2,13,60,34.24014867914609,1.0,11.0,0.0,0
207,high_loose,pd_theta_2,14,60,34.34105238161202,1.0,10.0,0.0,0
207,high_loose,pd_theta_2,15,60,33.890844175623805,1.0,9.0,0.0,0
207,high_loose,pd_theta_2,16,60,34.1927703378839,1.0,10.0,0.0,0
207,high_loose,pd_theta_2,17,60,34.49329800028235,1.0,10.0,0.0,0
207,high_loose,pd_theta_2,18,60,34.49127007330567,1.0,8.0,0.0,0
207,high_loose,pd_theta_2,19,60,33.592633369872736,1.0,9.0,0.0,0
207,high_loose,pd_theta_2,20,60,34.491910662910655,1.0,10.5,0.0,0
207,high_loose,pd_theta_2,21,60,33.74043835816007,1.0,12.0,0.0,0
207,high_loose,pd_theta_2,22,60,34.14129968770241,1.0,7.5,0.0,0
207,high_loose,pd_theta_2,23,60,34.092480184844725,1.0,10.5,0.0,0
207,high_loose,pd_theta_4,0,60,34.74411767186101,1.0,0,0.0,2
207,high_loose,pd_theta_4,1,60,33.63824848678628,1.0,3.0,0.0,0
207,high_loose,pd_theta_4,2,60,34.54472615332468,1.0,10.0,0.0,0
207,high_loose,pd_theta_4,3,60,33.74270476738612,1.0,9.0,0.0,0
207,high_loose,pd_theta_4,4,60,33.941875751200136,1.0,13.0,0.0,0
207,high_loose,pd_theta_4,5,60,34.19054767041154,1.0,17.0,0.0,0
207,high_loose,pd_theta_4,6,60,34.18992302512105,1.0,18.0,0.0,0
207,high_loose,pd_theta_4,7,60,33.88903681853198,1.0,20.0,0.0,0
207,high_loose,pd_theta_4,8,60,34.89193771024651,1.0,19.5,0.0,0
207,high_loose,pd_theta_4,9,60,33.13974988964245,1.0,16.5,0.0,0
207,high_loose,pd_theta_4,10,60,34.64031689136696,1.0,19.5,0.0,0
207,high_loose,pd_theta_4,11,60,33.591390645277976,1.0,16.5,0.0,0
207,high_loose,pd_theta_4,12,60,34.543544097596445,1.0,18.5,0.0,0
207,high_loose,pd_theta_4,13,60,34.0919183037821,1.0,18.0,0.0,0
207,high_loose,pd_theta_4,14,60,34.34173996633961,1.0,16.5,0.0,0
207,high_loose,pd_theta_4,15,60,33.88920107319822,1.0,15.5,0.0,0
207,high_loose,pd_theta_4,16,60,34.04060060021179,1.0,12.5,0.0,0
207,high_loose,pd_theta_4,17,60,34.34129141053352,1.0,15.5,0.0,0
207,high_loose,pd_theta_4,18,60,34.39049787837801,1.0,16.5,0.0,0
207,high_loose,pd_theta_4,19,60,33.44254415703655,1.0,15.5,0.0,0
207,high_loose,pd_theta_4,20,60,34.339538560795795,1.0,15.5,0.0,0
207,high_loose,pd_theta_4,21,60,33.74156642549044,1.0,18.0,0.0,0
207,high_loose,pd_theta_4,22,60,34.14084127003601,1.0,15.0,0.0,0
207,high_loose,pd_theta_4,23,60,33.94195938724911,1.0,16.0,0.0,0
207,high_loose,pd_theta_8,0,60,34.74411767186101,1.0,0,0.0,2
207,high_loose,pd_theta_8,1,60,33.63824848678628,1.0,3.0,0.0,0
207,high_loose,pd_theta_8,2,60,34.54472615332468,1.0,10.0,0.0,0
207,high_loose,pd_theta_8,3,60,33.74270476738612,1.0,9.0,0.0,0
207,high_loose,pd_theta_8,4,60,33.941875751200136,1.0,13.0,0.0,0
207,high_loose,pd_theta_8,5,60,34.19054767041154,1.0,17.0,0.0,0
207,high_loose,pd_theta_8,6,60,34.18961643716617,1.0,20.0,0.0,0
207,high_loose,pd_theta_8,7,60,33.89012743496131,1.0,26.0,0.0,0
207,high_loose,pd_theta_8,8,60,34.94070769471334,1.0,29.0,0.0,0
207,high_loose,pd_theta_8,9,60,33.23800844417009,1.0,30.5,0.0,0
207,high_loose,pd_theta_8,10,60,34.49030877615383,1.0,33.0,0.0,0
207,high_loose,pd_theta_8,11,60,33.69029247553728,1.0,30.5,0.0,0
207,high_loose,pd_theta_8,12,60,34.491868844919715,1.0,32.0,0.0,0
207,high_loose,pd_theta_8,13,60,34.24049924374415,1.0,31.5,0.0,0
207,high_loose,pd_theta_8,14,60,34.24233314628205,1.0,31.0,0.0,0
207,high_loose,pd_theta_8,15,60,34.041611015963056,1.0,31.5,0.0,0
207,high_loose,pd_theta_8,16,60,34.29120010887234,1.0,31.0,0.0,0
207,high_loose,pd_theta_8,17,60,34.2887736745023,1.0,31.5,0.0,0
207,high_loose,pd_theta_8,18,60,34.2412744022118,1.0,30.5,0.0,0
207,high_loose,pd_theta_8,19,60,33.639643629252184,1.0,33.0,0.0,0
207,high_loose,pd_theta_8,20,60,34.289554806188086,1.0,32.0,0.0,0
207,high_loose,pd_theta_8,21,60,33.43853884824016,1.0,33.0,0.0,0
207,high_loose,pd_theta_8,22,60,34.24220570476216,1.0,32.0,0.0,0
207,high_loose,pd_theta_8,23,60,34.04056422017503,1.0,34.0,0.0,0
207,high_loose,pd_theta_16,0,60,34.74411767186101,1.0,0,0.0,2
207,high_loose,pd_theta_16,1,60,33.63824848678628,1.0,3.0,0.0,0
207,high_loose,pd_theta_16,2,60,34.54472615332468,1.0,10.0,0.0,0
207,high_loose,pd_theta_16,3,60,33.74270476738612,1.0,9.0,0.0,0
207,high_loose,pd_theta_16,4,60,33.941875751200136,1.0,13.0,0.0,0
207,high_loose,pd_theta_16,5,60,34.19054767041154,1.0,17.0,0.0,0
207,high_loose,pd_theta_16,6,60,34.18961643716617,1.0,20.0,0.0,0
207,high_loose,pd_theta_16,7,60,33.89012743496131,1.0,26.0,0.0,0
207,high_loose,pd_theta_16,8,60,34.94070769471334,1.0,29.0,0.0,0
207,high_loose,pd_theta_16,9,60,33.23800844417009,1.0,30.5,0.0,0
207,high_loose,pd_theta_16,10,60,34.49030877615383,1.0,34.0,0.0,0
207,high_loose,pd_theta_16,11,60,33.69015341876232,1.0,36.5,0.0,0
207,high_loose,pd_theta_16,12,60,34.491022253369174,1.0,41.5,0.0,0
207,high_loose,pd_theta_16,13,60,34.2411566923639,1.0,44.0,0.0,0
207,high_loose,pd_theta_16,14,60,34.19229244833189,1.0,47.5,0.0,0
207,high_loose,pd_theta_16,15,60,34.04204037660394,1.0,49.5,0.0,0
207,high_loose,pd_theta_16,16,60,34.29099406118729,1.0,51.0,0.0,0
207,high_loose,pd_theta_16,17,60,34.589378014763426,1.0,55.5,0.0,0
207,high_loose,pd_theta_16,18,60,34.24134128639212,1.0,57.5,0.5,0
207,high_loose,pd_theta_16,19,60,33.79102768486545,1.0,57.0,0.5,0
207,high_loose,pd_theta_16,20,60,34.289853019626754,1.0,56.5,0.0,0
207,high_loose,pd_theta_16,21,60,33.43815800745537,1.0,57.0,0.0,0
207,high_loose,pd_theta_16,22,60,34.14109925628957,1.0,55.0,0.0,0
207,high_loose,pd_theta_16,23,60,33.44034156629655,1.0,56.5,0.0,0
207,high_loose,pd_history,0,60,34.74411767186101,1.0,0,0.0,2
207,high_loose,pd_history,1,60,33.63824848678628,1.0,3.0,0.0,0
207,high_loose,pd_history,2,60,34.54472615332468,1.0,10.0,0.0,0
207,high_loose,pd_history,3,60,33.74270476738612,1.0,9.0,0.0,0
207,high_loose,pd_history,4,60,33.94118737323618,1.0,10.0,0.0,0
207,high_loose,pd_history,5,60,34.19083869022047,1.0,11.0,0.0,0
207,high_loose,pd_history,6,60,34.19340681298769,1.0,11.0,0.0,0
207,high_loose,pd_history,7,60,33.79095372719294,1.0,13.0,0.0,0
207,high_loose,pd_history,8,60,34.892084428693565,1.0,11.5,0.0,0
207,high_loose,pd_history,9,60,33.13888339385698,1.0,9.5,0.0,0
207,high_loose,pd_history,10,60,34.64178201599616,1.0,14.0,0.0,0
207,high_loose,pd_history,11,60,33.59165318966247,1.0,11.0,0.0,0
207,high_loose,pd_history,12,60,34.59354581183981,1.0,11.5,0.0,0
207,high_loose,pd_history,13,60,34.24014867914609,1.0,11.0,0.0,0
207,high_loose,pd_history,14,60,34.34105238161202,1.0,10.0,0.0,0
207,high_loose,pd_history,15,60,33.890844175623805,1.0,9.0,0.0,0
207,high_loose,pd_history,16,60,34.1927703378839,1.0,10.0,0.0,0
207,high_loose,pd_history,17,60,34.49329800028235,1.0,10.0,0.0,0
207,high_loose,pd_history,18,60,34.49127007330567,1.0,8.0,0.0,0
207,high_loose,pd_history,19,60,33.592633369872736,1.0,9.0,0.0,0
207,high_loose,pd_history,20,60,34.491910662910655,1.0,10.5,0.0,0
207,high_loose,pd_history,21,60,33.74043835816007,1.0,12.0,0.0,0
207,high_loose,pd_history,22,60,34.14129968770241,1.0,7.5,0.0,0
207,high_loose,pd_history,23,60,34.092480184844725,1.0,10.5,0.0,0
207,high_loose,no_control_interpretation,0,60,34.74411767186101,1.0,0,0.0,2
207,high_loose,no_control_interpretation,1,60,33.63824848678628,1.0,3.0,0.0,0
207,high_loose,no_control_interpretation,2,60,34.54472615332468,1.0,10.0,0.0,0
207,high_loose,no_control_interpretation,3,60,33.74270476738612,1.0,9.0,0.0,0
207,high_loose,no_control_interpretation,4,60,33.94118737323618,1.0,10.0,0.0,0
207,high_loose,no_control_interpretation,5,60,34.19083869022047,1.0,11.0,0.0,0
207,high_loose,no_control_interpretation,6,60,34.19340681298769,1.0,11.0,0.0,0
207,high_loose,no_control_interpretation,7,60,33.79095372719294,1.0,13.0,0.0,0
207,high_loose,no_control_interpretation,8,60,34.892084428693565,1.0,11.5,0.0,0
207,high_loose,no_control_interpretation,9,60,33.13888339385698,1.0,9.5,0.0,0
207,high_loose,no_control_interpretation,10,60,34.64178201599616,1.0,14.0,0.0,0
207,high_loose,no_control_interpretation,11,60,33.59165318966247,1.0,11.0,0.0,0
207,high_loose,no_control_interpretation,12,60,34.59354581183981,1.0,11.5,0.0,0
207,high_loose,no_control_interpretation,13,60,34.24014867914609,1.0,11.0,0.0,0
207,high_loose,no_control_interpretation,14,60,34.34105238161202,1.0,10.0,0.0,0
207,high_loose,no_control_interpretation,15,60,33.890844175623805,1.0,9.0,0.0,0
207,high_loose,no_control_interpretation,16,60,34.1927703378839,1.0,10.0,0.0,0
207,high_loose,no_control_interpretation,17,60,34.49329800028235,1.0,10.0,0.0,0
207,high_loose,no_control_interpretation,18,60,34.49127007330567,1.0,8.0,0.0,0
207,high_loose,no_control_interpretation,19,60,33.592633369872736,1.0,9.0,0.0,0
207,high_loose,no_control_interpretation,20,60,34.491910662910655,1.0,10.5,0.0,0
207,high_loose,no_control_interpretation,21,60,33.74043835816007,1.0,12.0,0.0,0
207,high_loose,no_control_interpretation,22,60,34.14129968770241,1.0,7.5,0.0,0
207,high_loose,no_control_interpretation,23,60,34.092480184844725,1.0,10.5,0.0,0
207,high_loose,no_pre_new_only,0,60,6.236963642592608,0.2,0,0.0,0
207,high_loose,no_pre_new_only,1,60,6.976446850090295,0.23333333333333334,0,0.0,0
207,high_loose,no_pre_new_only,2,60,6.2357701402107235,0.2,0,0.0,0
207,high_loose,no_pre_new_only,3,60,6.976434163800602,0.23333333333333334,0,0.0,0
207,high_loose,no_pre_new_only,4,60,6.236753095385471,0.2,0,0.0,0
207,high_loose,no_pre_new_only,5,60,6.977174274797253,0.23333333333333334,0,0.0,0
207,high_loose,no_pre_new_only,6,60,6.238280879735086,0.2,0,0.0,0
207,high_loose,no_pre_new_only,7,60,6.977202957205791,0.23333333333333334,0,0.0,0
207,high_loose,no_pre_new_only,8,60,6.2372933678194915,0.2,0,0.0,0
207,high_loose,no_pre_new_only,9,60,6.976899036335263,0.23333333333333334,0,0.0,0
207,high_loose,no_pre_new_only,10,60,6.238441991613559,0.2,0,0.0,0
207,high_loose,no_pre_new_only,11,60,6.976508036584336,0.23333333333333334,0,0.0,0
207,high_loose,no_pre_new_only,12,60,6.237111557083033,0.2,0,0.0,0
207,high_loose,no_pre_new_only,13,60,6.236786243126211,0.2,0,0.0,0
207,high_loose,no_pre_new_only,14,60,6.235869348562337,0.2,0,0.0,0
207,high_loose,no_pre_new_only,15,60,6.976213350764067,0.23333333333333334,0,0.0,0
207,high_loose,no_pre_new_only,16,60,6.237370615588686,0.2,0,0.0,0
207,high_loose,no_pre_new_only,17,60,6.237217066568839,0.2,0,0.0,0
207,high_loose,no_pre_new_only,18,60,6.236068815878744,0.2,0,0.0,0
207,high_loose,no_pre_new_only,19,60,6.975334112062206,0.23333333333333334,0,0.0,0
207,high_loose,no_pre_new_only,20,60,6.237637460196296,0.2,0,0.0,0
207,high_loose,no_pre_new_only,21,60,6.978566089038436,0.23333333333333334,0,0.0,0
207,high_loose,no_pre_new_only,22,60,6.237048197864351,0.2,0,0.0,0
207,high_loose,no_pre_new_only,23,60,6.97855861693592,0.23333333333333334,0,0.0,0
207,high_loose,greedy_hard_cap,0,60,35.347293987332435,1.0,8.0,0.0,0
207,high_loose,greedy_hard_cap,1,60,34.39636508875628,1.0,13.0,0.0,0
207,high_loose,greedy_hard_cap,2,60,35.19713508242491,1.0,16.0,0.0,0
207,high_loose,greedy_hard_cap,3,60,34.89788831063646,1.0,18.0,0.0,0
207,high_loose,greedy_hard_cap,4,60,34.896691931065625,1.0,16.5,0.0,0
207,high_loose,greedy_hard_cap,5,60,35.496828783803,1.0,20.5,0.0,0
207,high_loose,greedy_hard_cap,6,60,35.398949185742694,1.0,18.0,0.0,0
207,high_loose,greedy_hard_cap,7,60,35.096196143516565,1.0,19.0,0.0,0
207,high_loose,greedy_hard_cap,8,60,36.39847549509283,1.0,19.5,0.0,0
207,high_loose,greedy_hard_cap,9,60,34.198357787124024,1.0,16.0,0.0,0
207,high_loose,greedy_hard_cap,10,60,35.696891951208066,1.0,15.5,0.0,0
207,high_loose,greedy_hard_cap,11,60,34.9491767769748,1.0,17.0,0.0,0
207,high_loose,greedy_hard_cap,12,60,35.74816072982698,1.0,17.0,0.0,0
207,high_loose,greedy_hard_cap,13,60,35.19821054674459,1.0,21.0,0.0,0
207,high_loose,greedy_hard_cap,14,60,35.39877467103855,1.0,21.0,0.0,0
207,high_loose,greedy_hard_cap,15,60,35.39718066817953,1.0,21.5,0.0,0
207,high_loose,greedy_hard_cap,16,60,35.54862591976963,1.0,21.0,0.0,0
207,high_loose,greedy_hard_cap,17,60,35.847573375623654,1.0,22.0,0.0,0
207,high_loose,greedy_hard_cap,18,60,35.74753953961257,1.0,22.0,0.0,0
207,high_loose,greedy_hard_cap,19,60,35.09924426764639,1.0,19.5,0.0,0
207,high_loose,greedy_hard_cap,20,60,36.04723645720152,1.0,17.5,0.0,0
207,high_loose,greedy_hard_cap,21,60,34.69793663414769,1.0,17.5,0.0,0
207,high_loose,greedy_hard_cap,22,60,35.39813907736571,1.0,17.5,0.0,0
207,high_loose,greedy_hard_cap,23,60,35.4488729347017,1.0,21.5,0.0,0
207,random,pd_theta_2,0,60,43.45285988396682,0.9666666666666667,1.0,0.0,3
207,random,pd_theta_2,1,60,42.23660260644437,1.0,8.0,0.0,1
207,random,pd_theta_2,2,60,45.79281985018898,1.0,10.5,0.0,0
207,random,pd_theta_2,3,60,40.89034488665509,1.0,12.0,0.0,0
207,random,pd_theta_2,4,60,43.837643493776525,1.0,17.5,0.0,0
207,random,pd_theta_2,5,60,42.78953078009281,1.0,15.0,0.0,0
207,random,pd_theta_2,6,60,42.592085960651424,1.0,12.0,0.0,0
207,random,pd_theta_2,7,60,45.04184698619953,1.0,19.0,0.0,0
207,random,pd_theta_2,8,60,39.59047177662966,1.0,14.5,0.0,0
207,random,pd_theta_2,9,60,43.83167116875397,0.95,16.5,0.0,0
207,random,pd_theta_2,10,60,42.83959046856492,1.0,18.5,0.0,0
207,random,pd_theta_2,11,60,40.839218380012355,1.0,16.0,0.0,0
207,random,pd_theta_2,12,60,39.73959151306842,1.0,17.5,0.0,0
207,random,pd_theta_2,13,60,49.6895470917823,1.0,13.5,0.0,0
207,random,pd_theta_2,14,60,43.091580946930094,1.0,15.0,0.0,0
207,random,pd_theta_2,15,60,43.341518709094146,1.0,13.5,0.0,0
207,random,pd_theta_2,16,60,43.69114518011833,1.0,12.0,0.0,0
207,random,pd_theta_2,17,60,43.39146611094757,1.0,14.0,0.0,0
207,random,pd_theta_2,18,60,41.08942955583437,1.0,15.5,0.0,0
207,random,pd_theta_2,19,60,47.64068855176274,1.0,18.0,0.0,0
207,random,pd_theta_2,20,60,39.09118601080115,1.0,16.0,0.0,0
207,random,pd_theta_2,21,60,46.43982203730984,1.0,14.5,0.0,0
207,random,pd_theta_2,22,60,43.341171307980844,1.0,13.5,0.0,0
207,random,pd_theta_2,23,60,44.04063967306409,1.0,17.5,0.0,0
207,random,pd_theta_4,0,60,43.45285988396682,0.9666666666666667,1.0,0.0,3
207,random,pd_theta_4,1,60,42.23660260644437,1.0,8.0,0.0,1
207,random,pd_theta_4,2,60,45.79281985018898,1.0,10.5,0.0,0
207,random,pd_theta_4,3,60,41.192121877909386,1.0,16.5,0.0,0
207,random,pd_theta_4,4,60,43.93860035629452,1.0,22.0,0.0,0
207,random,pd_theta_4,5,60,42.99079525787569,1.0,22.5,0.0,0
207,random,pd_theta_4,6,60,43.08997997118405,1.0,26.0,0.0,0
207,random,pd_theta_4,7,60,45.090432370986484,1.0,27.0,0.0,0
207,random,pd_theta_4,8,60,39.587925204664785,1.0,24.0,0.0,0
207,random,pd_theta_4,9,60,45.53849002411274,1.0,26.0,0.0,0
207,random,pd_theta_4,10,60,42.93888827413079,1.0,26.0,0.0,0
207,random,pd_theta_4,11,60,40.939121665370244,1.0,23.0,0.0,0
207,random,pd_theta_4,12,60,40.03930310481069,1.0,28.5,0.0,0
207,random,pd_theta_4,13,60,49.89004195106769,1.0,26.5,0.0,0
207,random,pd_theta_4,14,60,43.49167275075727,1.0,27.0,0.0,0
207,random,pd_theta_4,15,60,43.637171219705465,1.0,27.0,0.0,0
207,random,pd_theta_4,16,60,43.89041244736745,1.0,24.0,0.0,0
207,random,pd_theta_4,17,60,43.290059728367176,1.0,22.0,0.0,0
207,random,pd_theta_4,18,60,41.39048842825667,1.0,26.5,0.0,0
207,random,pd_theta_4,19,60,47.78881563237965,1.0,26.5,0.0,0
207,random,pd_theta_4,20,60,39.2408523911556,1.0,24.5,0.0,0
207,random,pd_theta_4,21,60,46.48980972722355,1.0,23.5,0.0,0
207,random,pd_theta_4,22,60,43.638755351018716,1.0,27.0,0.0,0
207,random,pd_theta_4,23,60,44.09064596149136,1.0,25.5,0.0,0
207,random,pd_theta_8,0,60,43.45285988396682,0.9666666666666667,1.0,0.0,3
207,random,pd_theta_8,1,60,42.23660260644437,1.0,8.0,0.0,1
207,random,pd_theta_8,2,60,45.79281985018898,1.0,10.5,0.0,0
207,random,pd_theta_8,3,60,41.192121877909386,1.0,16.5,0.0,0
207,random,pd_theta_8,4,60,43.93860035629452,1.0,22.0,0.0,0
207,random,pd_theta_8,5,60,42.99100433321468,1.0,24.0,0.0,0
207,random,pd_theta_8,6,60,43.19079537168774,1.0,31.0,0.0,0
207,random,pd_theta_8,7,60,45.240547379298505,1.0,33.5,0.0,0
207,random,pd_theta_8,8,60,39.78975532572775,1.0,37.0,0.0,0
207,random,pd_theta_8,9,60,45.64004113576436,1.0,40.0,0.0,0
207,random,pd_theta_8,10,60,42.99026556378096,1.0,40.5,0.0,0
207,random,pd_theta_8,11,60,41.338093747944384,1.0,41.0,0.0,0
207,random,pd_theta_8,12,60,40.08909306594147,1.0,41.5,0.0,0
207,random,pd_theta_8,13,60,49.89030758991314,1.0,37.0,0.0,0
207,random,pd_theta_8,14,60,43.39131480526378,1.0,36.0,0.0,0
207,random,pd_theta_8,15,60,43.637828986635135,1.0,36.0,0.0,0
207,random,pd_theta_8,16,60,43.89243175751438,1.0,35.0,0.0,0
207,random,pd_theta_8,17,60,43.39146309963298,1.0,36.0,0.0,0
207,random,pd_theta_8,18,60,41.390213362226994,1.0,39.0,0.0,0
207,random,pd_theta_8,19,60,47.83980645947671,1.0,39.5,0.0,0
207,random,pd_theta_8,20,60,39.34155986997496,1.0,39.0,0.0,0
207,random,pd_theta_8,21,60,46.49094691330642,1.0,37.5,0.0,0
207,random,pd_theta_8,22,60,43.739142857141246,1.0,39.5,0.0,0
207,random,pd_theta_8,23,60,44.08978492094206,1.0,37.0,0.0,0
207,random,pd_theta_16,0,60,43.45285988396682,0.9666666666666667,1.0,0.0,3
207,random,pd_theta_16,1,60,42.23660260644437,1.0,8.0,0.0,1
207,random,pd_theta_16,2,60,45.79281985018898,1.0,10.5,0.0,0
207,random,pd_theta_16,3,60,41.192121877909386,1.0,16.5,0.0,0
207,random,pd_theta_16,4,60,43.93860035629452,1.0,22.0,0.0,0
207,random,pd_theta_16,5,60,42.99100433321468,1.0,24.0,0.0,0
207,random,pd_theta_16,6,60,43.19079537168774,1.0,31.0,0.0,0
207,random,pd_theta_16,7,60,45.240547379298505,1.0,33.5,0.0,0
207,random,pd_theta_16,8,60,39.78975532572775,1.0,37.0,0.0,0
207,random,pd_theta_16,9,60,45.690002232456884,1.0,41.5,0.0,0
207,random,pd_theta_16,10,60,43.08983475362154,1.0,43.5,0.0,0
207,random,pd_theta_16,11,60,41.23824533445566,1.0,47.5,0.0,0
207,random,pd_theta_16,12,60,40.23930417494298,1.0,51.5,0.0,0
207,random,pd_theta_16,13,60,50.138446047445775,1.0,52.0,0.0,0
207,random,pd_theta_16,14,60,43.54113245419147,1.0,55.0,0.0,0
207,random,pd_theta_16,15,60,43.837872709909185,1.0,57.5,0.0,0
207,random,pd_theta_16,16,60,44.29273985419438,1.0,60.5,0.0,0
207,random,pd_theta_16,17,60,43.987240452908075,1.0,65.0,0.0,0
207,random,pd_theta_16,18,60,41.38885921149043,1.0,63.5,0.0,0
207,random,pd_theta_16,19,60,47.841277573464815,1.0,61.5,0.0,0
207,random,pd_theta_16,20,60,39.58994384836274,1.0,59.5,0.0,0
207,random,pd_theta_16,21,60,46.79123657295775,1.0,60.0,0.0,0
207,random,pd_theta_16,22,60,43.93730348186939,1.0,58.0,0.0,0
207,random,pd_theta_16,23,60,44.34217340277461,1.0,55.5,0.0,0
207,random,pd_history,0,60,43.45285988396682,0.9666666666666667,1.0,0.0,3
207,random,pd_history,1,60,42.23660260644437,1.0,8.0,0.0,1
207,random,pd_history,2,60,45.79281985018898,1.0,10.5,0.0,0
207,random,pd_history,3,60,40.89034488665509,1.0,12.0,0.0,0
207,random,pd_history,4,60,43.837643493776525,1.0,17.5,0.0,0
207,random,pd_history,5,60,42.78953078009281,1.0,15.0,0.0,0
207,random,pd_history,6,60,42.592085960651424,1.0,12.0,0.0,0
207,random,pd_history,7,60,45.04184698619953,1.0,19.0,0.0,0
207,random,pd_history,8,60,39.59047177662966,1.0,14.5,0.0,0
207,random,pd_history,9,60,43.83167116875397,0.95,16.5,0.0,0
207,random,pd_history,10,60,42.83959046856492,1.0,18.5,0.0,0
207,random,pd_history,11,60,40.839218380012355,1.0,16.0,0.0,0
207,random,pd_history,12,60,39.73959151306842,1.0,17.5,0.0,0
207,random,pd_history,13,60,49.6895470917823,1.0,13.5,0.0,0
207,random,pd_history,14,60,43.091580946930094,1.0,15.0,0.0,0
207,random,pd_history,15,60,43.341518709094146,1.0,13.5,0.0,0
207,random,pd_history,16,60,43.69114518011833,1.0,12.0,0.0,0
207,random,pd_history,17,60,43.39146611094757,1.0,14.0,0.0,0
207,random,pd_history,18,60,41.08942955583437,1.0,15.5,0.0,0
207,random,pd_history,19,60,47.64068855176274,1.0,18.0,0.0,0
207,random,pd_history,20,60,39.09118601080115,1.0,16.0,0.0,0
207,random,pd_history,21,60,46.43982203730984,1.0,14.5,0.0,0
207,random,pd_history,22,60,43.341171307980844,1.0,13.5,0.0,0
207,random,pd_history,23,60,44.04063967306409,1.0,17.5,0.0,0
207,random,no_control_interpretation,0,60,46.29235374322875,1.0,1.0,0.0,5
207,random,no_control_interpretation,1,60,42.23660260644437,1.0,8.0,0.0,1
207,random,no_control_interpretation,2,60,45.79281985018898,1.0,10.5,0.0,0
207,random,no_control_interpretation,3,60,40.89034488665509,1.0,12.0,0.0,0
207,random,no_control_interpretation,4,60,43.837643493776525,1.0,17.5,0.0,0
207,random,no_control_interpretation,5,60,42.78953078009281,1.0,15.0,0.0,0
207,random,no_control_interpretation,6,60,42.592085960651424,1.0,12.0,0.0,0
207,random,no_control_interpretation,7,60,45.04184698619953,1.0,19.0,0.0,0
207,random,no_control_interpretation,8,60,39.59047177662966,1.0,14.5,0.0,0
207,random,no_control_interpretation,9,60,45.39131132639793,1.0,15.5,0.0,0
207,random,no_control_interpretation,10,60,42.83946835840805,1.0,19.5,0.0,0
207,random,no_control_interpretation,11,60,40.838828631317604,1.0,17.0,0.0,0
207,random,no_control_interpretation,12,60,39.73959151306842,1.0,17.5,0.0,0
207,random,no_control_interpretation,13,60,49.6895470917823,1.0,13.5,0.0,0
207,random,no_control_interpretation,14,60,43.091580946930094,1.0,15.0,0.0,0
207,random,no_control_interpretation,15,60,43.341518709094146,1.0,13.5,0.0,0
207,random,no_control_interpretation,16,60,43.69114518011833,1.0,12.0,0.0,0
207,random,no_control_interpretation,17,60,43.39146611094757,1.0,14.0,0.0,0
207,random,no_control_interpretation,18,60,41.08942955583437,1.0,15.5,0.0,0
207,random,no_control_interpretation,19,60,47.64068855176274,1.0,18.0,0.0,0
207,random,no_control_interpretation,20,60,39.09118601080115,1.0,16.0,0.0,0
207,random,no_control_interpretation,21,60,46.43982203730984,1.0,14.5,0.0,0
207,random,no_control_interpretation,22,60,43.341171307980844,1.0,13.5,0.0,0
207,random,no_control_interpretation,23,60,44.04063967306409,1.0,17.5,0.0,0
207,random,no_pre_new_only,0,60,10.142385656436304,0.4166666666666667,0,0.0,0
207,random,no_pre_new_only,1,60,10.07429603903684,0.4,0,0.0,0
207,random,no_pre_new_only,2,60,9.333988032381669,0.36666666666666664,0,0.0,0
207,random,no_pre_new_only,3,60,9.855750896945874,0.38333333333333336,0,0.0,0
207,random,no_pre_new_only,4,60,9.853991949060521,0.38333333333333336,0,0.0,0
207,random,no_pre_new_only,5,60,8.444978682780214,0.3333333333333333,0,0.0,0
207,random,no_pre_new_only,6,60,10.074016935734797,0.4,0,0.0,0
207,random,no_pre_new_only,7,60,9.406268773383873,0.38333333333333336,0,0.0,0
207,random,no_pre_new_only,8,60,10.073694316318699,0.4,0,0.0,0
207,random,no_pre_new_only,9,60,9.413336981247992,0.35,0,0.0,0
207,random,no_pre_new_only,10,60,8.596710513815516,0.3333333333333333,0,0.0,0
207,random,no_pre_new_only,11,60,9.705710855847896,0.38333333333333336,0,0.0,0
207,random,no_pre_new_only,12,60,10.073035379680682,0.4,0,0.0,0
207,random,no_pre_new_only,13,60,9.333730607629217,0.36666666666666664,0,0.0,0
207,random,no_pre_new_only,14,60,9.553638859748402,0.38333333333333336,0,0.0,0
207,random,no_pre_new_only,15,60,10.073697514440697,0.4,0,0.0,0
207,random,no_pre_new_only,16,60,9.85428034552529,0.38333333333333336,0,0.0,0
207,random,no_pre_new_only,17,60,10.074039618828662,0.4,0,0.0,0
207,random,no_pre_new_only,18,60,10.294137022448036,0.4166666666666667,0,0.0,0
207,random,no_pre_new_only,19,60,9.923720070513626,0.4,0,0.0,0
207,random,no_pre_new_only,20,60,10.074003850326557,0.4,0,0.0,0
207,random,no_pre_new_only,21,60,8.226198957954619,0.31666666666666665,0,0.0,0
207,random,no_pre_new_only,22,60,9.703395932563414,0.38333333333333336,0,0.0,0
207,random,no_pre_new_only,23,60,9.773320082864112,0.4,0,0.0,0
207,random,greedy_hard_cap,0,60,38.777776576946685,0.9,12.0,0.0,0
207,random,greedy_hard_cap,1,60,36.09788372625902,0.9166666666666666,15.5,0.0,0
207,random,greedy_hard_cap,2,60,46.74768357606172,1.0,17.5,0.0,0
207,random,greedy_hard_cap,3,60,39.30870051183276,0.9666666666666667,20.0,0.0,0
207,random,greedy_hard_cap,4,60,44.69778778394914,1.0,19.5,0.0,0
207,random,greedy_hard_cap,5,60,44.24845454220508,1.0,22.5,0.0,0
207,random,greedy_hard_cap,6,60,43.949764695778974,1.0,20.5,0.0,0
207,random,greedy_hard_cap,7,60,46.19801135199126,1.0,20.0,0.0,0
207,random,greedy_hard_cap,8,60,40.94832126238139,1.0,20.0,0.0,0
207,random,greedy_hard_cap,9,60,46.19796958872158,1.0,18.5,0.0,0
207,random,greedy_hard_cap,10,60,43.94940660849004,1.0,20.0,0.0,0
207,random,greedy_hard_cap,11,60,41.99939734189994,1.0,20.5,0.0,0
207,random,greedy_hard_cap,12,60,40.89976507308577,1.0,21.0,0.0,0
207,random,greedy_hard_cap,13,60,50.847754212623855,1.0,21.0,0.0,0
207,random,greedy_hard_cap,14,60,44.24890763955232,1.0,23.0,0.0,0
207,random,greedy_hard_cap,15,60,44.69915621922068,1.0,22.5,0.0,0
207,random,greedy_hard_cap,16,60,43.42916044412959,0.9833333333333333,20.5,0.0,0
207,random,greedy_hard_cap,17,60,44.54869310590011,1.0,20.5,0.0,0
207,random,greedy_hard_cap,18,60,42.14879874802139,1.0,22.0,0.0,0
207,random,greedy_hard_cap,19,60,47.17886245461438,0.9833333333333333,20.5,0.0,0
207,random,greedy_hard_cap,20,60,40.34885445885673,1.0,19.5,0.0,0
207,random,greedy_hard_cap,21,60,47.39903798488811,1.0,19.5,0.0,0
207,random,greedy_hard_cap,22,60,44.39878781919232,1.0,19.0,0.0,0
207,random,greedy_hard_cap,23,60,45.04907931922681,1.0,21.0,0.0,0
207,switch,pd_theta_2,0,60,45.13553886754822,0.95,2.0,0.0,6
207,switch,pd_theta_2,1,60,42.513075525285316,0.85,11.5,0.0,5
207,switch,pd_theta_2,2,60,44.62471166629315,0.9,13.5,0.0,6
207,switch,pd_theta_2,3,60,45.093098734375076,0.9166666666666666,14.5,0.0,6
207,switch,pd_theta_2,4,60,46.133486459941,0.8666666666666667,15.5,0.0,8
207,switch,pd_theta_2,5,60,41.91157067078887,0.9333333333333333,10.0,0.0,4
207,switch,pd_theta_2,6,60,44.40390706506345,0.8833333333333333,15.5,0.0,6
207,switch,pd_theta_2,7,60,46.833993028288425,0.95,15.0,0.0,7
207,switch,pd_theta_2,8,60,41.23179287224451,0.95,10.0,0.0,2
207,switch,pd_theta_2,9,60,44.02540629234393,0.8166666666666667,14.5,0.0,7
207,switch,pd_theta_2,10,60,42.05279208279463,0.8833333333333333,12.0,0.0,4
207,switch,pd_theta_2,11,60,46.14260122623325,0.9166666666666666,14.5,0.0,7
207,switch,pd_theta_2,12,60,35.042659084643724,1.0,9.0,0.0,0
207,switch,pd_theta_2,13,60,34.241194697831354,1.0,7.0,0.0,0
207,switch,pd_theta_2,14,60,34.34287222623561,1.0,7.0,0.0,0
207,switch,pd_theta_2,15,60,33.888511574873995,1.0,9.0,0.0,0
207,switch,pd_theta_2,16,60,34.1914309849938,1.0,9.0,0.0,0
207,switch,pd_theta_2,17,60,34.492594401466526,1.0,9.0,0.0,0
207,switch,pd_theta_2,18,60,34.491818112950284,1.0,8.0,0.0,0
207,switch,pd_theta_2,19,60,33.5921148692792,1.0,9.0,0.0,0
207,switch,pd_theta_2,20,60,34.49102255783561,1.0,11.5,0.0,0
207,switch,pd_theta_2,21,60,33.740712072391474,1.0,12.0,0.0,0
207,switch,pd_theta_2,22,60,34.14113584257397,1.0,8.5,0.0,0
207,switch,pd_theta_2,23,60,33.941977062421145,1.0,10.5,0.0,0
207,switch,pd_theta_4,0,60,45.13553886754822,0.95,2.0,0.0,6
207,switch,pd_theta_4,1,60,42.513075525285316,0.85,11.5,0.0,5
207,switch,pd_theta_4,2,60,44.62471166629315,0.9,13.5,0.0,6
207,switch,pd_theta_4,3,60,45.092863123253586,0.9166666666666666,17.0,0.0,6
207,switch,pd_theta_4,4,60,46.23068056699568,0.8666666666666667,21.5,0.0,8
207,switch,pd_theta_4,5,60,42.31146882537547,0.9333333333333333,19.0,0.0,4
207,switch,pd_theta_4,6,60,44.40439807519082,0.8833333333333333,21.5,0.0,6
207,switch,pd_theta_4,7,60,46.98270539472515,0.95,20.5,0.0,7
207,switch,pd_theta_4,8,60,41.33217353528453,0.95,15.5,0.0,2
207,switch,pd_theta_4,9,60,44.12546436670958,0.8166666666666667,20.5,0.0,7
207,switch,pd_theta_4,10,60,42.20317783311451,0.8833333333333333,16.0,0.0,4
207,switch,pd_theta_4,11,60,46.143056777743475,0.9166666666666666,17.5,0.0,7
207,switch,pd_theta_4,12,60,35.14194660826183,1.0,13.0,0.0,0
207,switch,pd_theta_4,13,60,34.242835306305786,1.0,11.0,0.0,0
207,switch,pd_theta_4,14,60,34.59206111610418,1.0,14.5,0.0,0
207,switch,pd_theta_4,15,60,34.04106226317982,1.0,15.0,0.0,0
207,switch,pd_theta_4,16,60,34.290643986219216,1.0,15.0,0.0,0
207,switch,pd_theta_4,17,60,34.34161407147646,1.0,17.0,0.0,0
207,switch,pd_theta_4,18,60,34.4912832534833,1.0,18.0,0.0,0
207,switch,pd_theta_4,19,60,33.44062802865213,1.0,13.5,0.0,0
207,switch,pd_theta_4,20,60,34.3390866839443,1.0,14.5,0.0,0
207,switch,pd_theta_4,21,60,33.74078588518295,1.0,16.0,0.0,0
207,switch,pd_theta_4,22,60,34.139776270569314,1.0,14.0,0.0,0
207,switch,pd_theta_4,23,60,33.94234318209787,1.0,16.0,0.0,0
207,switch,pd_theta_8,0,60,45.13553886754822,0.95,2.0,0.0,6
207,switch,pd_theta_8,1,60,42.513075525285316,0.85,11.5,0.0,5
207,switch,pd_theta_8,2,60,44.62471166629315,0.9,13.5,0.0,6
207,switch,pd_theta_8,3,60,45.092863123253586,0.9166666666666666,17.0,0.0,6
207,switch,pd_theta_8,4,60,46.23068056699568,0.8666666666666667,21.5,0.0,8
207,switch,pd_theta_8,5,60,42.30964061262789,0.9333333333333333,22.0,0.0,4
207,switch,pd_theta_8,6,60,44.50452879089843,0.8833333333333333,26.0,0.0,6
207,switch,pd_theta_8,7,60,47.03288390364236,0.95,26.5,0.0,7
207,switch,pd_theta_8,8,60,41.63213076803199,0.95,26.5,0.0,2
207,switch,pd_theta_8,9,60,44.27403248755391,0.8166666666666667,32.5,0.0,7
207,switch,pd_theta_8,10,60,42.40390393478855,0.8833333333333333,29.0,0.0,4
207,switch,pd_theta_8,11,60,46.2940722489678,0.9166666666666666,29.5,0.0,7
207,switch,pd_theta_8,12,60,34.87238694940148,0.9833333333333333,23.5,0.0,1
207,switch,pd_theta_8,13,60,34.59101761961947,1.0,24.0,0.0,0
207,switch,pd_theta_8,14,60,34.79218766077814,1.0,23.5,0.0,0
207,switch,pd_theta_8,15,60,34.44142045190613,1.0,25.5,0.0,0
207,switch,pd_theta_8,16,60,34.68989455279256,1.0,27.0,0.0,0
207,switch,pd_theta_8,17,60,34.79084938792027,1.0,26.5,0.0,0
207,switch,pd_theta_8,18,60,34.79225858693656,1.0,27.0,0.0,0
207,switch,pd_theta_8,19,60,33.842263029687444,1.0,25.5,0.0,0
207,switch,pd_theta_8,20,60,34.34011279567853,1.0,26.0,0.0,0
207,switch,pd_theta_8,21,60,33.44041500825188,1.0,32.0,0.0,0
207,switch,pd_theta_8,22,60,34.142361529287946,1.0,29.0,0.0,0
207,switch,pd_theta_8,23,60,34.09066327987671,1.0,30.5,0.0,0
207,switch,pd_theta_16,0,60,45.13553886754822,0.95,2.0,0.0,6
207,switch,pd_theta_16,1,60,42.513075525285316,0.85,11.5,0.0,5
207,switch,pd_theta_16,2,60,44.62471166629315,0.9,13.5,0.0,6
207,switch,pd_theta_16,3,60,45.092863123253586,0.9166666666666666,17.0,0.0,6
207,switch,pd_theta_16,4,60,46.23068056699568,0.8666666666666667,21.5,0.0,8
207,switch,pd_theta_16,5,60,42.30964061262789,0.9333333333333333,22.0,0.0,4
207,switch,pd_theta_16,6,60,44.50452879089843,0.8833333333333333,26.0,0.0,6
207,switch,pd_theta_16,7,60,47.03288390364236,0.95,26.5,0.0,7
207,switch,pd_theta_16,8,60,41.63213076803199,0.95,26.5,0.0,2
207,switch,pd_theta_16,9,60,44.27403248755391,0.8166666666666667,34.0,0.0,7
207,switch,pd_theta_16,10,60,42.404251679083906,0.8833333333333333,31.5,0.0,4
207,switch,pd_theta_16,11,60,46.29464656124064,0.9166666666666666,34.0,0.0,7
207,switch,pd_theta_16,12,60,34.45286003585485,0.9666666666666667,32.0,0.0,1
207,switch,pd_theta_16,13,60,34.421177322921274,0.9833333333333333,35.0,0.0,1
207,switch,pd_theta_16,14,60,35.09144821346834,1.0,35.0,0.0,0
207,switch,pd_theta_16,15,60,34.93924644851113,1.0,40.0,0.0,0
207,switch,pd_theta_16,16,60,35.08927789067554,1.0,43.5,0.0,0
207,switch,pd_theta_16,17,60,35.390741085822754,1.0,46.0,0.0,0
207,switch,pd_theta_16,18,60,35.29059793609011,1.0,48.0,0.0,0
207,switch,pd_theta_16,19,60,34.44244427763143,1.0,48.0,0.0,0
207,switch,pd_theta_16,20,60,35.38947770605066,1.0,46.5,0.0,0
207,switch,pd_theta_16,21,60,33.99047296814499,1.0,45.0,0.0,0
207,switch,pd_theta_16,22,60,34.8412892195532,1.0,47.5,0.0,0
207,switch,pd_theta_16,23,60,34.4886443728017,1.0,46.0,0.0,0
207,switch,pd_history,0,60,45.13553886754822,0.95,2.0,0.0,6
207,switch,pd_history,1,60,42.513075525285316,0.85,11.5,0.0,5
207,switch,pd_history,2,60,44.62471166629315,0.9,13.5,0.0,6
207,switch,pd_history,3,60,45.093098734375076,0.9166666666666666,14.5,0.0,6
207,switch,pd_history,4,60,46.133486459941,0.8666666666666667,15.5,0.0,8
207,switch,pd_history,5,60,41.91157067078887,0.9333333333333333,10.0,0.0,4
207,switch,pd_history,6,60,44.40390706506345,0.8833333333333333,15.5,0.0,6
207,switch,pd_history,7,60,46.833993028288425,0.95,15.0,0.0,7
207,switch,pd_history,8,60,41.23179287224451,0.95,10.0,0.0,2
207,switch,pd_history,9,60,44.02540629234393,0.8166666666666667,14.5,0.0,7
207,switch,pd_history,10,60,42.05279208279463,0.8833333333333333,12.0,0.0,4
207,switch,pd_history,11,60,46.14260122623325,0.9166666666666666,14.5,0.0,7
207,switch,pd_history,12,60,35.042659084643724,1.0,9.0,0.0,0
207,switch,pd_history,13,60,34.241194697831354,1.0,7.0,0.0,0
207,switch,pd_history,14,60,34.34287222623561,1.0,7.0,0.0,0
207,switch,pd_history,15,60,33.888511574873995,1.0,9.0,0.0,0
207,switch,pd_history,16,60,34.1914309849938,1.0,9.0,0.0,0
207,switch,pd_history,17,60,34.492594401466526,1.0,9.0,0.0,0
207,switch,pd_history,18,60,34.491818112950284,1.0,8.0,0.0,0
207,switch,pd_history,19,60,33.5921148692792,1.0,9.0,0.0,0
207,switch,pd_history,20,60,34.49102255783561,1.0,11.5,0.0,0
207,switch,pd_history,21,60,33.740712072391474,1.0,12.0,0.0,0
207,switch,pd_history,22,60,34.14113584257397,1.0,8.5,0.0,0
207,switch,pd_history,23,60,33.941977062421145,1.0,10.5,0.0,0
207,switch,no_control_interpretation,0,60,49.39460997590738,1.0,2.0,0.0,9
207,switch,no_control_interpretation,1,60,55.29147807341649,1.0,11.5,0.0,14
207,switch,no_control_interpretation,2,60,53.143237087328686,1.0,13.5,0.0,12
207,switch,no_control_interpretation,3,60,52.19275728477528,1.0,14.5,0.0,11
207,switch,no_control_interpretation,4,60,57.49124092308601,1.0,15.5,0.0,16
207,switch,no_control_interpretation,5,60,47.590607905079366,1.0,10.0,0.0,8
207,switch,no_control_interpretation,6,60,54.34263154569762,1.0,15.5,0.0,13
207,switch,no_control_interpretation,7,60,51.09375514694084,1.0,15.0,0.0,10
207,switch,no_control_interpretation,8,60,45.49145633619732,1.0,10.0,0.0,5
207,switch,no_control_interpretation,9,60,59.64407880552003,1.0,14.5,0.0,18
207,switch,no_control_interpretation,10,60,51.99166455213903,1.0,12.0,0.0,11
207,switch,no_control_interpretation,11,60,53.242179792861016,1.0,14.5,0.0,12
207,switch,no_control_interpretation,12,60,35.042659084643724,1.0,9.0,0.0,0
207,switch,no_control_interpretation,13,60,34.241194697831354,1.0,7.0,0.0,0
207,switch,no_control_interpretation,14,60,34.34287222623561,1.0,7.0,0.0,0
207,switch,no_control_interpretation,15,60,33.888511574873995,1.0,9.0,0.0,0
207,switch,no_control_interpretation,16,60,34.1914309849938,1.0,9.0,0.0,0
207,switch,no_control_interpretation,17,60,34.492594401466526,1.0,9.0,0.0,0
207,switch,no_control_interpretation,18,60,34.491818112950284,1.0,8.0,0.0,0
207,switch,no_control_interpretation,19,60,33.5921148692792,1.0,9.0,0.0,0
207,switch,no_control_interpretation,20,60,34.49102255783561,1.0,11.5,0.0,0
207,switch,no_control_interpretation,21,60,33.740712072391474,1.0,12.0,0.0,0
207,switch,no_control_interpretation,22,60,34.14113584257397,1.0,8.5,0.0,0
207,switch,no_control_interpretation,23,60,33.941977062421145,1.0,10.5,0.0,0
207,switch,no_pre_new_only,0,60,11.833866393786359,0.5333333333333333,0,0.0,0
207,switch,no_pre_new_only,1,60,10.354472781965605,0.4666666666666667,0,0.0,0
207,switch,no_pre_new_only,2,60,11.093652308644995,0.5,0,0.0,0
207,switch,no_pre_new_only,3,60,11.463149251469291,0.5166666666666667,0,0.0,0
207,switch,no_pre_new_only,4,60,9.612329747634396,0.43333333333333335,0,0.0,0
207,switch,no_pre_new_only,5,60,11.83147219527037,0.5333333333333333,0,0.0,0
207,switch,no_pre_new_only,6,60,10.721897883581732,0.48333333333333334,0,0.0,0
207,switch,no_pre_new_only,7,60,11.831518766025937,0.5333333333333333,0,0.0,0
207,switch,no_pre_new_only,8,60,11.830439191501512,0.5333333333333333,0,0.0,0
207,switch,no_pre_new_only,9,60,8.873570274980024,0.4,0,0.0,0
207,switch,no_pre_new_only,10,60,11.462215561166854,0.5166666666666667,0,0.0,0
207,switch,no_pre_new_only,11,60,11.091179412833272,0.5,0,0.0,0
207,switch,no_pre_new_only,12,60,6.237111557083033,0.2,0,0.0,0
207,switch,no_pre_new_only,13,60,6.236786243126211,0.2,0,0.0,0
207,switch,no_pre_new_only,14,60,6.235869348562337,0.2,0,0.0,0
207,switch,no_pre_new_only,15,60,6.976213350764067,0.23333333333333334,0,0.0,0
207,switch,no_pre_new_only,16,60,6.237370615588686,0.2,0,0.0,0
207,switch,no_pre_new_only,17,60,6.237217066568839,0.2,0,0.0,0
207,switch,no_pre_new_only,18,60,6.236068815878744,0.2,0,0.0,0
207,switch,no_pre_new_only,19,60,6.975334112062206,0.23333333333333334,0,0.0,0
207,switch,no_pre_new_only,20,60,6.237637460196296,0.2,0,0.0,0
207,switch,no_pre_new_only,21,60,6.978566089038436,0.23333333333333334,0,0.0,0
207,switch,no_pre_new_only,22,60,6.237048197864351,0.2,0,0.0,0
207,switch,no_pre_new_only,23,60,6.97855861693592,0.23333333333333334,0,0.0,0
207,switch,greedy_hard_cap,0,60,37.76921444804997,0.85,13.5,0.0,0
207,switch,greedy_hard_cap,1,60,35.918485652344316,0.7666666666666667,14.5,0.0,0
207,switch,greedy_hard_cap,2,60,36.65928613579876,0.8,16.5,0.0,0
207,switch,greedy_hard_cap,3,60,37.027012647460616,0.8166666666666667,15.5,0.0,0
207,switch,greedy_hard_cap,4,60,35.17809488763081,0.7333333333333333,18.5,0.0,0
207,switch,greedy_hard_cap,5,60,37.08865615095675,0.8666666666666667,16.5,0.0,0
207,switch,greedy_hard_cap,6,60,36.288007698046165,0.7833333333333333,16.5,0.0,0
207,switch,greedy_hard_cap,7,60,37.399385379570504,0.8333333333333334,16.0,0.0,0
207,switch,greedy_hard_cap,8,60,39.24829558282888,0.9166666666666666,15.0,0.0,0
207,switch,greedy_hard_cap,9,60,34.437714897655354,0.7,19.0,0.0,0
207,switch,greedy_hard_cap,10,60,37.02724156162854,0.8166666666666667,17.0,0.0,0
207,switch,greedy_hard_cap,11,60,36.658314279100146,0.8,16.5,0.0,0
207,switch,greedy_hard_cap,12,60,36.09822442614707,1.0,16.5,0.0,0
207,switch,greedy_hard_cap,13,60,35.248688519514744,1.0,22.5,0.0,0
207,switch,greedy_hard_cap,14,60,35.54792598977864,1.0,23.5,0.0,0
207,switch,greedy_hard_cap,15,60,35.397587048344306,1.0,23.0,0.0,0
207,switch,greedy_hard_cap,16,60,35.54901888010589,1.0,22.0,0.0,0
207,switch,greedy_hard_cap,17,60,35.84741702590916,1.0,22.5,0.0,0
207,switch,greedy_hard_cap,18,60,35.74815084987239,1.0,22.0,0.0,0
207,switch,greedy_hard_cap,19,60,35.09914120429688,1.0,19.5,0.0,0
207,switch,greedy_hard_cap,20,60,36.047562944337,1.0,17.5,0.0,0
207,switch,greedy_hard_cap,21,60,34.698163344335875,1.0,17.5,0.0,0
207,switch,greedy_hard_cap,22,60,35.39864461957669,1.0,17.5,0.0,0
207,switch,greedy_hard_cap,23,60,35.4488729347017,1.0,21.5,0.0,0
208,high_tight,pd_theta_2,0,60,43.44411075259032,0.9166666666666666,3.0,0.0,5
208,high_tight,pd_theta_2,1,60,41.14605215271748,0.8333333333333334,12.0,0.0,4
208,high_tight,pd_theta_2,2,60,43.30233647216507,0.8833333333333333,14.5,0.0,5
208,high_tight,pd_theta_2,3,60,45.04367840769141,0.9166666666666666,13.5,0.0,6
208,high_tight,pd_theta_2,4,60,42.97479188152597,0.8166666666666667,15.0,0.0,6
208,high_tight,pd_theta_2,5,60,43.80345035779407,0.9666666666666667,11.5,0.0,4
208,high_tight,pd_theta_2,6,60,43.71246636971703,0.85,15.5,0.0,6
208,high_tight,pd_theta_2,7,60,41.64483680100617,0.9166666666666666,10.5,0.0,3
208,high_tight,pd_theta_2,8,60,46.14092870353993,0.9166666666666666,14.0,0.0,7
208,high_tight,pd_theta_2,9,60,43.67414808210688,0.9,14.5,0.0,5
208,high_tight,pd_theta_2,10,60,44.03527064650324,0.8666666666666667,15.0,0.0,6
208,high_tight,pd_theta_2,11,60,42.842248178707614,0.9166666666666666,13.0,0.0,4
208,high_tight,pd_theta_2,12,60,39.374312443840594,0.9,13.0,0.0,4
208,high_tight,pd_theta_2,13,60,43.34520734364989,0.8333333333333334,15.5,0.0,6
208,high_tight,pd_theta_2,14,60,44.72362681644598,0.9,14.0,0.0,6
208,high_tight,pd_theta_2,15,60,43.471924705649556,0.9,11.0,0.0,5
208,high_tight,pd_theta_2,16,60,45.08474686059415,0.8666666666666667,14.0,0.0,7
208,high_tight,pd_theta_2,17,60,40.22194879021905,0.9,11.0,0.0,3
208,high_tight,pd_theta_2,18,60,42.01384473609575,0.9333333333333333,11.0,0.0,3
208,high_tight,pd_theta_2,19,60,44.663331027997934,0.85,14.5,0.0,7
208,high_tight,pd_theta_2,20,60,47.60286409899073,0.8833333333333333,15.0,0.0,9
208,high_tight,pd_theta_2,21,60,43.28490593310973,0.95,9.5,0.0,4
208,high_tight,pd_theta_2,22,60,41.27238874980549,0.9,11.5,0.0,3
208,high_tight,pd_theta_2,23,60,43.982932070874384,0.8666666666666667,14.0,0.0,6
208,high_tight,pd_theta_4,0,60,43.44411075259032,0.9166666666666666,3.0,0.0,5
208,high_tight,pd_theta_4,1,60,41.14605215271748,0.8333333333333334,12.0,0.0,4
208,high_tight,pd_theta_4,2,60,43.30233647216507,0.8833333333333333,14.5,0.0,5
208,high_tight,pd_theta_4,3,60,45.14272951509992,0.9166666666666666,17.5,0.0,6
208,high_tight,pd_theta_4,4,60,43.12487415226592,0.8166666666666667,22.0,0.0,6
208,high_tight,pd_theta_4,5,60,44.002754908161926,0.9666666666666667,16.5,0.0,4
208,high_tight,pd_theta_4,6,60,43.76329956750076,0.85,20.5,0.0,6
208,high_tight,pd_theta_4,7,60,41.84248816953951,0.9166666666666666,17.0,0.0,3
208,high_tight,pd_theta_4,8,60,46.191589950782905,0.9166666666666666,20.0,0.0,7
208,high_tight,pd_theta_4,9,60,43.67344834869523,0.9,20.5,0.0,5
208,high_tight,pd_theta_4,10,60,44.086155952686404,0.8666666666666667,20.5,0.0,6
208,high_tight,pd_theta_4,11,60,42.943095266897046,0.9166666666666666,18.0,0.0,4
208,high_tight,pd_theta_4,12,60,39.37404716449235,0.9,16.5,0.0,4
208,high_tight,pd_theta_4,13,60,43.393812533496614,0.8333333333333334,19.5,0.0,6
208,high_tight,pd_theta_4,14,60,44.72239273485101,0.9,18.5,0.0,6
208,high_tight,pd_theta_4,15,60,43.673549613812284,0.9,18.5,0.0,5
208,high_tight,pd_theta_4,16,60,45.134643171826525,0.8666666666666667,18.5,0.0,7
208,high_tight,pd_theta_4,17,60,40.22250563820555,0.9,14.0,0.0,3
208,high_tight,pd_theta_4,18,60,42.21269459484031,0.9333333333333333,16.0,0.0,3
208,high_tight,pd_theta_4,19,60,44.76354215625049,0.85,20.5,0.0,7
208,high_tight,pd_theta_4,20,60,47.65123838517232,0.8833333333333333,20.5,0.0,9
208,high_tight,pd_theta_4,21,60,43.58290666169404,0.95,16.0,0.0,4
208,high_tight,pd_theta_4,22,60,41.57258066626642,0.9,18.5,0.0,3
208,high_tight,pd_theta_4,23,60,44.08302736524902,0.8666666666666667,18.5,0.0,6
208,high_tight,pd_theta_8,0,60,43.44411075259032,0.9166666666666666,3.0,0.0,5
208,high_tight,pd_theta_8,1,60,41.14605215271748,0.8333333333333334,12.0,0.0,4
208,high_tight,pd_theta_8,2,60,43.30233647216507,0.8833333333333333,14.5,0.0,5
208,high_tight,pd_theta_8,3,60,45.14272951509992,0.9166666666666666,17.5,0.0,6
208,high_tight,pd_theta_8,4,60,43.12487415226592,0.8166666666666667,22.0,0.0,6
208,high_tight,pd_theta_8,5,60,44.10173006146086,0.9666666666666667,20.0,0.0,4
208,high_tight,pd_theta_8,6,60,43.813321317749406,0.85,25.5,0.0,6
208,high_tight,pd_theta_8,7,60,41.99356827593522,0.9166666666666666,25.5,0.0,3
208,high_tight,pd_theta_8,8,60,46.29195070473399,0.9166666666666666,28.5,0.0,7
208,high_tight,pd_theta_8,9,60,43.67208332997073,0.9,28.0,0.0,5
208,high_tight,pd_theta_8,10,60,44.13633572534522,0.8666666666666667,29.5,0.0,6
208,high_tight,pd_theta_8,11,60,43.09246487804737,0.9166666666666666,27.0,0.0,4
208,high_tight,pd_theta_8,12,60,39.47515017695405,0.9,25.5,0.0,4
208,high_tight,pd_theta_8,13,60,43.49225866955807,0.8333333333333334,28.5,0.0,6
208,high_tight,pd_theta_8,14,60,44.77392702663112,0.9,25.5,0.0,6
208,high_tight,pd_theta_8,15,60,43.72339126128277,0.9,24.0,0.0,5
208,high_tight,pd_theta_8,16,60,45.18433061719865,0.8666666666666667,25.5,0.0,7
208,high_tight,pd_theta_8,17,60,40.57285110459822,0.9,23.0,0.0,3
208,high_tight,pd_theta_8,18,60,42.31062385982575,0.9333333333333333,24.5,0.0,3
208,high_tight,pd_theta_8,19,60,44.863631612363676,0.85,28.5,0.0,7
208,high_tight,pd_theta_8,20,60,47.65120983074662,0.8833333333333333,27.0,0.0,9
208,high_tight,pd_theta_8,21,60,43.88216684359172,0.95,24.0,0.0,4
208,high_tight,pd_theta_8,22,60,41.622297318861044,0.9,24.5,0.0,3
208,high_tight,pd_theta_8,23,60,44.133230996001416,0.8666666666666667,26.5,0.0,6
208,high_tight,pd_theta_16,0,60,43.44411075259032,0.9166666666666666,3.0,0.0,5
208,high_tight,pd_theta_16,1,60,41.14605215271748,0.8333333333333334,12.0,0.0,4
208,high_tight,pd_theta_16,2,60,43.30233647216507,0.8833333333333333,14.5,0.0,5
208,high_tight,pd_theta_16,3,60,45.14272951509992,0.9166666666666666,17.5,0.0,6
208,high_tight,pd_theta_16,4,60,43.12487415226592,0.8166666666666667,22.0,0.0,6
208,high_tight,pd_theta_16,5,60,44.10173006146086,0.9666666666666667,20.0,0.0,4
208,high_tight,pd_theta_16,6,60,43.813321317749406,0.85,25.5,0.0,6
208,high_tight,pd_theta_16,7,60,41.99356827593522,0.9166666666666666,25.5,0.0,3
208,high_tight,pd_theta_16,8,60,46.29195070473399,0.9166666666666666,28.5,0.0,7
208,high_tight,pd_theta_16,9,60,43.67273164829552,0.9,29.5,0.0,5
208,high_tight,pd_theta_16,10,60,44.13633530854865,0.8666666666666667,32.5,0.0,6
208,high_tight,pd_theta_16,11,60,43.144158220294756,0.9166666666666666,32.0,0.0,4
208,high_tight,pd_theta_16,12,60,39.67486525298463,0.9,33.0,0.0,4
208,high_tight,pd_theta_16,13,60,43.692800294463964,0.8333333333333334,38.5,0.0,6
208,high_tight,pd_theta_16,14,60,45.07386172718647,0.9,38.0,0.0,6
208,high_tight,pd_theta_16,15,60,43.97356367091259,0.9,39.0,0.0,5
208,high_tight,pd_theta_16,16,60,45.43365247500198,0.8666666666666667,42.5,0.0,7
208,high_tight,pd_theta_16,17,60,40.820393906381135,0.9,41.5,0.0,3
208,high_tight,pd_theta_16,18,60,42.5623190927003,0.9333333333333333,41.0,0.0,3
208,high_tight,pd_theta_16,19,60,45.11386939619489,0.85,44.0,0.0,7
208,high_tight,pd_theta_16,20,60,47.90260782024409,0.8833333333333333,43.0,0.0,9
208,high_tight,pd_theta_16,21,60,43.882201099539586,0.95,39.0,0.0,4
208,high_tight,pd_theta_16,22,60,41.82229963559768,0.9,39.0,0.0,3
208,high_tight,pd_theta_16,23,60,44.33213030009195,0.8666666666666667,39.5,0.0,6
208,high_tight,pd_history,0,60,43.44411075259032,0.9166666666666666,3.0,0.0,5
208,high_tight,pd_history,1,60,41.14605215271748,0.8333333333333334,12.0,0.0,4
208,high_tight,pd_history,2,60,43.30233647216507,0.8833333333333333,14.5,0.0,5
208,high_tight,pd_history,3,60,45.04367840769141,0.9166666666666666,13.5,0.0,6
208,high_tight,pd_history,4,60,42.97479188152597,0.8166666666666667,15.0,0.0,6
208,high_tight,pd_history,5,60,43.80345035779407,0.9666666666666667,11.5,0.0,4
208,high_tight,pd_history,6,60,43.71246636971703,0.85,15.5,0.0,6
208,high_tight,pd_history,7,60,41.64483680100617,0.9166666666666666,10.5,0.0,3
208,high_tight,pd_history,8,60,46.14092870353993,0.9166666666666666,14.0,0.0,7
208,high_tight,pd_history,9,60,43.67414808210688,0.9,14.5,0.0,5
208,high_tight,pd_history,10,60,44.03527064650324,0.8666666666666667,15.0,0.0,6
208,high_tight,pd_history,11,60,42.842248178707614,0.9166666666666666,13.0,0.0,4
208,high_tight,pd_history,12,60,39.374312443840594,0.9,13.0,0.0,4
208,high_tight,pd_history,13,60,43.34520734364989,0.8333333333333334,15.5,0.0,6
208,high_tight,pd_history,14,60,44.72362681644598,0.9,14.0,0.0,6
208,high_tight,pd_history,15,60,43.471924705649556,0.9,11.0,0.0,5
208,high_tight,pd_history,16,60,45.08474686059415,0.8666666666666667,14.0,0.0,7
208,high_tight,pd_history,17,60,40.22194879021905,0.9,11.0,0.0,3
208,high_tight,pd_history,18,60,42.01384473609575,0.9333333333333333,11.0,0.0,3
208,high_tight,pd_history,19,60,44.663331027997934,0.85,14.5,0.0,7
208,high_tight,pd_history,20,60,47.60286409899073,0.8833333333333333,15.0,0.0,9
208,high_tight,pd_history,21,60,43.28490593310973,0.95,9.5,0.0,4
208,high_tight,pd_history,22,60,41.27238874980549,0.9,11.5,0.0,3
208,high_tight,pd_history,23,60,43.982932070874384,0.8666666666666667,14.0,0.0,6
208,high_tight,no_control_interpretation,0,60,50.543092502439265,1.0,3.0,0.0,10
208,high_tight,no_control_interpretation,1,60,55.344732591793544,1.0,12.0,0.0,14
208,high_tight,no_control_interpretation,2,60,53.24190249258064,1.0,14.5,0.0,12
208,high_tight,no_control_interpretation,3,60,52.14223698091042,1.0,13.5,0.0,11
208,high_tight,no_control_interpretation,4,60,58.59324639491286,1.0,15.0,0.0,17
208,high_tight,no_control_interpretation,5,60,46.64305066144352,1.0,11.5,0.0,6
208,high_tight,no_control_interpretation,6,60,56.49080858331915,1.0,15.5,0.0,15
208,high_tight,no_control_interpretation,7,60,48.744368566565825,1.0,10.5,0.0,8
208,high_tight,no_control_interpretation,8,60,53.239055457978196,1.0,14.0,0.0,12
208,high_tight,no_control_interpretation,9,60,52.19275285622688,1.0,14.5,0.0,11
208,high_tight,no_control_interpretation,10,60,55.393287759600476,1.0,15.0,0.0,14
208,high_tight,no_control_interpretation,11,60,49.94047612179659,1.0,13.0,0.0,9
208,high_tight,no_control_interpretation,12,60,47.89317594133982,1.0,13.0,0.0,10
208,high_tight,no_control_interpretation,13,60,57.542846213009994,1.0,15.5,0.0,16
208,high_tight,no_control_interpretation,14,60,53.24230209883887,1.0,14.0,0.0,12
208,high_tight,no_control_interpretation,15,60,51.98948146247498,1.0,11.0,0.0,11
208,high_tight,no_control_interpretation,16,60,56.44326338696094,1.0,14.0,0.0,15
208,high_tight,no_control_interpretation,17,60,48.74111877770147,1.0,11.0,0.0,9
208,high_tight,no_control_interpretation,18,60,47.69315366316969,1.0,11.0,0.0,7
208,high_tight,no_control_interpretation,19,60,57.44159522805931,1.0,14.5,0.0,16
208,high_tight,no_control_interpretation,20,60,57.54102586262046,1.0,15.0,0.0,16
208,high_tight,no_control_interpretation,21,60,47.54445845858184,1.0,9.5,0.0,7
208,high_tight,no_control_interpretation,22,60,49.790125561865906,1.0,11.5,0.0,9
208,high_tight,no_control_interpretation,23,60,55.34156299460627,1.0,14.0,0.0,14
208,high_tight,no_pre_new_only,0,60,11.831723818350756,0.5333333333333333,0,0.0,0
208,high_tight,no_pre_new_only,1,60,10.35412886390176,0.4666666666666667,0,0.0,0
208,high_tight,no_pre_new_only,2,60,11.092134834764309,0.5,0,0.0,0
208,high_tight,no_pre_new_only,3,60,11.463519554585094,0.5166666666666667,0,0.0,0
208,high_tight,no_pre_new_only,4,60,9.243471071949749,0.4166666666666667,0,0.0,0
208,high_tight,no_pre_new_only,5,60,11.830682093076303,0.5333333333333333,0,0.0,0
208,high_tight,no_pre_new_only,6,60,9.981517675549904,0.45,0,0.0,0
208,high_tight,no_pre_new_only,7,60,11.831906809557346,0.5333333333333333,0,0.0,0
208,high_tight,no_pre_new_only,8,60,11.092162427396193,0.5,0,0.0,0
208,high_tight,no_pre_new_only,9,60,11.461943605747411,0.5166666666666667,0,0.0,0
208,high_tight,no_pre_new_only,10,60,10.351964326677649,0.4666666666666667,0,0.0,0
208,high_tight,no_pre_new_only,11,60,11.833832340935647,0.5333333333333333,0,0.0,0
208,high_tight,no_pre_new_only,12,60,11.83254220674723,0.5333333333333333,0,0.0,0
208,high_tight,no_pre_new_only,13,60,9.611139405320449,0.43333333333333335,0,0.0,0
208,high_tight,no_pre_new_only,14,60,11.09295452064537,0.5,0,0.0,0
208,high_tight,no_pre_new_only,15,60,11.46179747654103,0.5166666666666667,0,0.0,0
208,high_tight,no_pre_new_only,16,60,9.983737325212005,0.45,0,0.0,0
208,high_tight,no_pre_new_only,17,60,11.834594950216497,0.5333333333333333,0,0.0,0
208,high_tight,no_pre_new_only,18,60,11.83341898758596,0.5333333333333333,0,0.0,0
208,high_tight,no_pre_new_only,19,60,9.612755499072723,0.43333333333333335,0,0.0,0
208,high_tight,no_pre_new_only,20,60,9.61508213839604,0.43333333333333335,0,0.0,0
208,high_tight,no_pre_new_only,21,60,11.833685423451703,0.5333333333333333,0,0.0,0
208,high_tight,no_pre_new_only,22,60,11.830972484321585,0.5333333333333333,0,0.0,0
208,high_tight,no_pre_new_only,23,60,10.35480947322272,0.4666666666666667,0,0.0,0
208,high_tight,greedy_hard_cap,0,60,37.3985443575286,0.8333333333333334,13.5,0.0,0
208,high_tight,greedy_hard_cap,1,60,35.91914743683134,0.7666666666666667,15.0,0.0,0
208,high_tight,greedy_hard_cap,2,60,36.65798550828496,0.8,16.5,0.0,0
208,high_tight,greedy_hard_cap,3,60,37.027797753679096,0.8166666666666667,17.0,0.0,0
208,high_tight,greedy_hard_cap,4,60,34.80812613374964,0.7166666666666667,19.0,0.0,0
208,high_tight,greedy_hard_cap,5,60,38.87774935971852,0.9,15.0,0.0,0
208,high_tight,greedy_hard_cap,6,60,35.548276370008374,0.75,17.5,0.0,0
208,high_tight,greedy_hard_cap,7,60,38.138708974506606,0.8666666666666667,17.0,0.0,0
208,high_tight,greedy_hard_cap,8,60,36.65667037668481,0.8,17.5,0.0,0
208,high_tight,greedy_hard_cap,9,60,37.02844198956641,0.8166666666666667,18.0,0.0,0
208,high_tight,greedy_hard_cap,10,60,35.91913049045277,0.7666666666666667,18.0,0.0,0
208,high_tight,greedy_hard_cap,11,60,37.76898467376231,0.85,15.5,0.0,0
208,high_tight,greedy_hard_cap,12,60,34.24884680662532,0.8333333333333334,16.0,0.0,0
208,high_tight,greedy_hard_cap,13,60,35.17841872554239,0.7333333333333333,19.5,0.0,0
208,high_tight,greedy_hard_cap,14,60,36.65782411514425,0.8,17.5,0.0,0
208,high_tight,greedy_hard_cap,15,60,37.027662164729506,0.8166666666666667,14.5,0.0,0
208,high_tight,greedy_hard_cap,16,60,35.54782280107649,0.75,16.0,0.0,0
208,high_tight,greedy_hard_cap,17,60,36.71861400119217,0.85,14.5,0.0,0
208,high_tight,greedy_hard_cap,18,60,38.508143266322215,0.8833333333333333,14.5,0.0,0
208,high_tight,greedy_hard_cap,19,60,35.178380953343776,0.7333333333333333,17.5,0.0,0
208,high_tight,greedy_hard_cap,20,60,35.17798552467847,0.7333333333333333,18.0,0.0,0
208,high_tight,greedy_hard_cap,21,60,38.50891672726046,0.8833333333333333,15.0,0.0,0
208,high_tight,greedy_hard_cap,22,60,37.76780267464784,0.85,17.0,0.0,0
208,high_tight,greedy_hard_cap,23,60,35.91907945472238,0.7666666666666667,17.5,0.0,0
208,high_loose,pd_theta_2,0,60,34.64371387673739,1.0,2.0,0.0,3
208,high_loose,pd_theta_2,1,60,33.72203650817767,0.9833333333333333,6.0,0.0,0
208,high_loose,pd_theta_2,2,60,34.28952501431943,1.0,7.0,0.0,0
208,high_loose,pd_theta_2,3,60,33.99201385485681,1.0,13.5,0.0,0
208,high_loose,pd_theta_2,4,60,33.7904072703113,1.0,10.5,0.0,0
208,high_loose,pd_theta_2,5,60,34.34242352881259,1.0,13.5,0.0,0
208,high_loose,pd_theta_2,6,60,33.8921668277522,1.0,14.0,0.0,0
208,high_loose,pd_theta_2,7,60,34.19191304374332,1.0,13.0,0.0,0
208,high_loose,pd_theta_2,8,60,34.341096773813156,1.0,8.5,0.0,0
208,high_loose,pd_theta_2,9,60,33.745016938461966,1.0,9.5,0.0,0
208,high_loose,pd_theta_2,10,60,34.14134374394517,1.0,10.5,0.0,0
208,high_loose,pd_theta_2,11,60,34.29026609609847,1.0,15.5,0.0,0
208,high_loose,pd_theta_2,12,60,34.34363405678012,1.0,9.5,0.0,0
208,high_loose,pd_theta_2,13,60,33.441363411176354,1.0,11.5,0.0,0
208,high_loose,pd_theta_2,14,60,34.33944324436096,1.0,10.5,0.0,0
208,high_loose,pd_theta_2,15,60,33.89095216908885,1.0,10.5,0.0,0
208,high_loose,pd_theta_2,16,60,34.09122386245028,1.0,12.0,0.0,0
208,high_loose,pd_theta_2,17,60,34.290314139084906,1.0,15.0,0.0,0
208,high_loose,pd_theta_2,18,60,34.6425975494432,1.0,11.0,0.0,0
208,high_loose,pd_theta_2,19,60,33.34134572969518,1.0,8.0,0.0,0
208,high_loose,pd_theta_2,20,60,34.09050177371492,1.0,10.0,0.0,0
208,high_loose,pd_theta_2,21,60,34.343186262663664,1.0,14.5,0.0,0
208,high_loose,pd_theta_2,22,60,34.74116007322601,1.0,15.0,0.0,0
208,high_loose,pd_theta_2,23,60,33.541508219001884,1.0,6.5,0.0,0
208,high_loose,pd_theta_4,0,60,34.64371387673739,1.0,2.0,0.0,3
208,high_loose,pd_theta_4,1,60,33.72203650817767,0.9833333333333333,6.0,0.0,0
208,high_loose,pd_theta_4,2,60,34.28952501431943,1.0,7.0,0.0,0
208,high_loose,pd_theta_4,3,60,33.99201385485681,1.0,13.5,0.0,0
208,high_loose,pd_theta_4,4,60,33.7901973855639,1.0,14.5,0.0,0
208,high_loose,pd_theta_4,5,60,34.04359190630058,1.0,20.5,0.0,0
208,high_loose,pd_theta_4,6,60,33.890807615227175,1.0,18.5,0.0,0
208,high_loose,pd_theta_4,7,60,34.09085063951932,1.0,21.5,0.0,0
208,high_loose,pd_theta_4,8,60,34.340111252121574,1.0,19.5,0.0,0
208,high_loose,pd_theta_4,9,60,33.89286285285069,1.0,19.5,0.0,0
208,high_loose,pd_theta_4,10,60,33.9907729720408,1.0,18.0,0.0,0
208,high_loose,pd_theta_4,11,60,33.991620735750175,1.0,17.0,0.0,0
208,high_loose,pd_theta_4,12,60,34.34191777339681,1.0,16.0,0.0,0
208,high_loose,pd_theta_4,13,60,33.44228632412026,1.0,17.0,0.0,0
208,high_loose,pd_theta_4,14,60,34.338702557968766,1.0,17.0,0.0,0
208,high_loose,pd_theta_4,15,60,33.742222593504714,1.0,17.0,0.0,0
208,high_loose,pd_theta_4,16,60,34.093757979443986,1.0,19.5,0.0,0
208,high_loose,pd_theta_4,17,60,34.29172282356404,1.0,21.5,0.0,0
208,high_loose,pd_theta_4,18,60,34.792194966479265,1.0,21.0,0.0,0
208,high_loose,pd_theta_4,19,60,33.34012180872518,1.0,17.0,0.0,0
208,high_loose,pd_theta_4,20,60,34.088450037895925,1.0,19.0,0.0,0
208,high_loose,pd_theta_4,21,60,34.440842794854404,1.0,22.5,0.0,0
208,high_loose,pd_theta_4,22,60,34.73996272560178,1.0,19.5,0.0,0
208,high_loose,pd_theta_4,23,60,33.54149357820846,1.0,17.0,0.0,0
208,high_loose,pd_theta_8,0,60,34.64371387673739,1.0,2.0,0.0,3
208,high_loose,pd_theta_8,1,60,33.72203650817767,0.9833333333333333,6.0,0.0,0
208,high_loose,pd_theta_8,2,60,34.28952501431943,1.0,7.0,0.0,0
208,high_loose,pd_theta_8,3,60,33.99201385485681,1.0,13.5,0.0,0
208,high_loose,pd_theta_8,4,60,33.7901973855639,1.0,14.5,0.0,0
208,high_loose,pd_theta_8,5,60,34.04359190630058,1.0,20.5,0.0,0
208,high_loose,pd_theta_8,6,60,33.890005416104415,1.0,21.5,0.0,0
208,high_loose,pd_theta_8,7,60,34.08951297141148,1.0,27.5,0.0,0
208,high_loose,pd_theta_8,8,60,34.33971664483857,1.0,29.0,0.0,0
208,high_loose,pd_theta_8,9,60,33.74131288310934,1.0,31.0,0.0,0
208,high_loose,pd_theta_8,10,60,34.14109055851738,1.0,31.5,0.0,0
208,high_loose,pd_theta_8,11,60,34.14125963006844,1.0,34.5,0.0,0
208,high_loose,pd_theta_8,12,60,34.44026621215432,1.0,33.5,0.0,0
208,high_loose,pd_theta_8,13,60,33.44146270260587,1.0,32.5,0.0,0
208,high_loose,pd_theta_8,14,60,34.3377014490705,1.0,31.5,0.0,0
208,high_loose,pd_theta_8,15,60,33.74217154969479,1.0,31.0,0.0,0
208,high_loose,pd_theta_8,16,60,34.042272023437974,1.0,32.0,0.0,0
208,high_loose,pd_theta_8,17,60,34.29001731582501,1.0,35.0,0.0,0
208,high_loose,pd_theta_8,18,60,34.33989651966909,1.0,32.0,0.0,0
208,high_loose,pd_theta_8,19,60,33.33934583309061,1.0,33.0,0.0,0
208,high_loose,pd_theta_8,20,60,34.089847422930674,1.0,33.0,0.0,0
208,high_loose,pd_theta_8,21,60,34.19045382056632,1.0,35.0,0.0,0
208,high_loose,pd_theta_8,22,60,34.74008099559433,1.0,34.5,0.0,0
208,high_loose,pd_theta_8,23,60,33.54205439846412,1.0,29.5,0.0,0
208,high_loose,pd_theta_16,0,60,34.64371387673739,1.0,2.0,0.0,3
208,high_loose,pd_theta_16,1,60,33.72203650817767,0.9833333333333333,6.0,0.0,0
208,high_loose,pd_theta_16,2,60,34.28952501431943,1.0,7.0,0.0,0
208,high_loose,pd_theta_16,3,60,33.99201385485681,1.0,13.5,0.0,0
208,high_loose,pd_theta_16,4,60,33.7901973855639,1.0,14.5,0.0,0
208,high_loose,pd_theta_16,5,60,34.04359190630058,1.0,20.5,0.0,0
208,high_loose,pd_theta_16,6,60,33.890005416104415,1.0,21.5,0.0,0
208,high_loose,pd_theta_16,7,60,34.08951297141148,1.0,27.5,0.0,0
208,high_loose,pd_theta_16,8,60,34.33971664483857,1.0,29.0,0.0,0
208,high_loose,pd_theta_16,9,60,33.74131288310934,1.0,31.0,0.0,0
208,high_loose,pd_theta_16,10,60,34.140196178330484,1.0,35.5,0.0,0
208,high_loose,pd_theta_16,11,60,33.99089151430167,1.0,39.5,0.0,0
208,high_loose,pd_theta_16,12,60,34.49279338002224,1.0,42.0,0.0,0
208,high_loose,pd_theta_16,13,60,33.441646370123756,1.0,46.0,0.0,0
208,high_loose,pd_theta_16,14,60,34.18966559592438,1.0,47.0,0.0,0
208,high_loose,pd_theta_16,15,60,33.74174526061585,1.0,50.0,0.0,0
208,high_loose,pd_theta_16,16,60,34.09188421015692,1.0,53.0,0.0,0
208,high_loose,pd_theta_16,17,60,34.041291895001905,1.0,59.0,0.0,0
208,high_loose,pd_theta_16,18,60,34.64229684651037,1.0,59.0,0.0,0
208,high_loose,pd_theta_16,19,60,33.342582407475504,1.0,59.0,0.0,0
208,high_loose,pd_theta_16,20,60,33.93988504538222,1.0,59.0,0.0,0
208,high_loose,pd_theta_16,21,60,33.64092334713184,1.0,56.5,0.0,0
208,high_loose,pd_theta_16,22,60,34.491045961087956,1.0,58.5,0.0,0
208,high_loose,pd_theta_16,23,60,33.39106967169227,1.0,54.5,0.0,0
208,high_loose,pd_history,0,60,34.64371387673739,1.0,2.0,0.0,3
208,high_loose,pd_history,1,60,33.72203650817767,0.9833333333333333,6.0,0.0,0
208,high_loose,pd_history,2,60,34.28952501431943,1.0,7.0,0.0,0
208,high_loose,pd_history,3,60,33.99201385485681,1.0,13.5,0.0,0
208,high_loose,pd_history,4,60,33.7904072703113,1.0,10.5,0.0,0
208,high_loose,pd_history,5,60,34.34242352881259,1.0,13.5,0.0,0
208,high_loose,pd_history,6,60,33.8921668277522,1.0,14.0,0.0,0
208,high_loose,pd_history,7,60,34.19191304374332,1.0,13.0,0.0,0
208,high_loose,pd_history,8,60,34.341096773813156,1.0,8.5,0.0,0
208,high_loose,pd_history,9,60,33.745016938461966,1.0,9.5,0.0,0
208,high_loose,pd_history,10,60,34.14134374394517,1.0,10.5,0.0,0
208,high_loose,pd_history,11,60,34.29026609609847,1.0,15.5,0.0,0
208,high_loose,pd_history,12,60,34.34363405678012,1.0,9.5,0.0,0
208,high_loose,pd_history,13,60,33.441363411176354,1.0,11.5,0.0,0
208,high_loose,pd_history,14,60,34.33944324436096,1.0,10.5,0.0,0
208,high_loose,pd_history,15,60,33.89095216908885,1.0,10.5,0.0,0
208,high_loose,pd_history,16,60,34.09122386245028,1.0,12.0,0.0,0
208,high_loose,pd_history,17,60,34.290314139084906,1.0,15.0,0.0,0
208,high_loose,pd_history,18,60,34.6425975494432,1.0,11.0,0.0,0
208,high_loose,pd_history,19,60,33.34134572969518,1.0,8.0,0.0,0
208,high_loose,pd_history,20,60,34.09050177371492,1.0,10.0,0.0,0
208,high_loose,pd_history,21,60,34.343186262663664,1.0,14.5,0.0,0
208,high_loose,pd_history,22,60,34.74116007322601,1.0,15.0,0.0,0
208,high_loose,pd_history,23,60,33.541508219001884,1.0,6.5,0.0,0
208,high_loose,no_control_interpretation,0,60,34.64371387673739,1.0,2.0,0.0,3
208,high_loose,no_control_interpretation,1,60,34.2420285328477,1.0,6.0,0.0,1
208,high_loose,no_control_interpretation,2,60,34.28952501431943,1.0,7.0,0.0,0
208,high_loose,no_control_interpretation,3,60,33.99201385485681,1.0,13.5,0.0,0
208,high_loose,no_control_interpretation,4,60,33.7904072703113,1.0,10.5,0.0,0
208,high_loose,no_control_interpretation,5,60,34.34242352881259,1.0,13.5,0.0,0
208,high_loose,no_control_interpretation,6,60,33.8921668277522,1.0,14.0,0.0,0
208,high_loose,no_control_interpretation,7,60,34.19191304374332,1.0,13.0,0.0,0
208,high_loose,no_control_interpretation,8,60,34.341096773813156,1.0,8.5,0.0,0
208,high_loose,no_control_interpretation,9,60,33.745016938461966,1.0,9.5,0.0,0
208,high_loose,no_control_interpretation,10,60,34.14134374394517,1.0,10.5,0.0,0
208,high_loose,no_control_interpretation,11,60,34.29026609609847,1.0,15.5,0.0,0
208,high_loose,no_control_interpretation,12,60,34.34363405678012,1.0,9.5,0.0,0
208,high_loose,no_control_interpretation,13,60,33.441363411176354,1.0,11.5,0.0,0
208,high_loose,no_control_interpretation,14,60,34.33944324436096,1.0,10.5,0.0,0
208,high_loose,no_control_interpretation,15,60,33.89095216908885,1.0,10.5,0.0,0
208,high_loose,no_control_interpretation,16,60,34.09122386245028,1.0,12.0,0.0,0
208,high_loose,no_control_interpretation,17,60,34.290314139084906,1.0,15.0,0.0,0
208,high_loose,no_control_interpretation,18,60,34.6425975494432,1.0,11.0,0.0,0
208,high_loose,no_control_interpretation,19,60,33.34134572969518,1.0,8.0,0.0,0
208,high_loose,no_control_interpretation,20,60,34.09050177371492,1.0,10.0,0.0,0
208,high_loose,no_control_interpretation,21,60,34.343186262663664,1.0,14.5,0.0,0
208,high_loose,no_control_interpretation,22,60,34.74116007322601,1.0,15.0,0.0,0
208,high_loose,no_control_interpretation,23,60,33.541508219001884,1.0,6.5,0.0,0
208,high_loose,no_pre_new_only,0,60,6.236386632706873,0.2,0,0.0,0
208,high_loose,no_pre_new_only,1,60,6.237185159329044,0.2,0,0.0,0
208,high_loose,no_pre_new_only,2,60,6.236251011329367,0.2,0,0.0,0
208,high_loose,no_pre_new_only,3,60,6.976454556730067,0.23333333333333334,0,0.0,0
208,high_loose,no_pre_new_only,4,60,6.23707425453991,0.2,0,0.0,0
208,high_loose,no_pre_new_only,5,60,6.976121245312504,0.23333333333333334,0,0.0,0
208,high_loose,no_pre_new_only,6,60,6.23688159414321,0.2,0,0.0,0
208,high_loose,no_pre_new_only,7,60,6.976632725761945,0.23333333333333334,0,0.0,0
208,high_loose,no_pre_new_only,8,60,6.237692653509505,0.2,0,0.0,0
208,high_loose,no_pre_new_only,9,60,6.975876783795773,0.23333333333333334,0,0.0,0
208,high_loose,no_pre_new_only,10,60,6.237128505920192,0.2,0,0.0,0
208,high_loose,no_pre_new_only,11,60,6.977212506443589,0.23333333333333334,0,0.0,0
208,high_loose,no_pre_new_only,12,60,6.23721349803848,0.2,0,0.0,0
208,high_loose,no_pre_new_only,13,60,6.977899667661262,0.23333333333333334,0,0.0,0
208,high_loose,no_pre_new_only,14,60,6.237780055281087,0.2,0,0.0,0
208,high_loose,no_pre_new_only,15,60,6.976361131851819,0.23333333333333334,0,0.0,0
208,high_loose,no_pre_new_only,16,60,6.23812102023765,0.2,0,0.0,0
208,high_loose,no_pre_new_only,17,60,6.976307351101059,0.23333333333333334,0,0.0,0
208,high_loose,no_pre_new_only,18,60,6.2375828891886425,0.2,0,0.0,0
208,high_loose,no_pre_new_only,19,60,6.975623768176035,0.23333333333333334,0,0.0,0
208,high_loose,no_pre_new_only,20,60,6.237597907886077,0.2,0,0.0,0
208,high_loose,no_pre_new_only,21,60,6.977048260673056,0.23333333333333334,0,0.0,0
208,high_loose,no_pre_new_only,22,60,6.237877721713652,0.2,0,0.0,0
208,high_loose,no_pre_new_only,23,60,6.97672177461304,0.23333333333333334,0,0.0,0
208,high_loose,greedy_hard_cap,0,60,35.19709415414751,1.0,8.0,0.0,0
208,high_loose,greedy_hard_cap,1,60,34.89787967905234,1.0,13.0,0.0,0
208,high_loose,greedy_hard_cap,2,60,35.04619836766871,1.0,17.0,0.0,0
208,high_loose,greedy_hard_cap,3,60,34.44717364517608,1.0,17.5,0.0,0
208,high_loose,greedy_hard_cap,4,60,34.79778273936982,1.0,18.0,0.0,0
208,high_loose,greedy_hard_cap,5,60,35.397945997967675,1.0,21.0,0.0,0
208,high_loose,greedy_hard_cap,6,60,35.14828542381522,1.0,17.5,0.0,0
208,high_loose,greedy_hard_cap,7,60,35.24774110968334,1.0,17.5,0.0,0
208,high_loose,greedy_hard_cap,8,60,35.54673155810203,1.0,20.5,0.0,0
208,high_loose,greedy_hard_cap,9,60,35.04860430661717,1.0,18.5,0.0,0
208,high_loose,greedy_hard_cap,10,60,35.348669083529444,1.0,17.0,0.0,0
208,high_loose,greedy_hard_cap,11,60,35.447295942823146,1.0,19.0,0.0,0
208,high_loose,greedy_hard_cap,12,60,36.14786635453822,1.0,19.0,0.0,0
208,high_loose,greedy_hard_cap,13,60,34.49883554386101,1.0,18.5,0.0,0
208,high_loose,greedy_hard_cap,14,60,35.697458303651324,1.0,23.5,0.0,0
208,high_loose,greedy_hard_cap,15,60,35.19808883635959,1.0,23.0,0.0,0
208,high_loose,greedy_hard_cap,16,60,35.19870685562776,1.0,21.5,0.0,0
208,high_loose,greedy_hard_cap,17,60,35.548285810397026,1.0,24.0,0.0,0
208,high_loose,greedy_hard_cap,18,60,36.39695214836293,1.0,23.0,0.0,0
208,high_loose,greedy_hard_cap,19,60,34.49974819717283,1.0,21.0,0.0,0
208,high_loose,greedy_hard_cap,20,60,35.097653073777664,1.0,25.5,0.0,0
208,high_loose,greedy_hard_cap,21,60,35.49717637216839,1.0,24.5,0.0,0
208,high_loose,greedy_hard_cap,22,60,35.948192498367604,1.0,22.0,0.0,0
208,high_loose,greedy_hard_cap,23,60,34.79796769641236,1.0,19.0,0.0,0
208,random,pd_theta_2,0,60,39.912719289266555,0.9333333333333333,2.0,0.0,2
208,random,pd_theta_2,1,60,42.26327520483493,0.9333333333333333,9.0,0.0,2
208,random,pd_theta_2,2,60,43.88947811402304,1.0,15.5,0.0,0
208,random,pd_theta_2,3,60,43.741358818449974,1.0,14.0,0.0,0
208,random,pd_theta_2,4,60,43.56952816629868,0.9833333333333333,11.5,0.0,1
208,random,pd_theta_2,5,60,40.03815784929094,1.0,13.5,0.0,0
208,random,pd_theta_2,6,60,47.389589405540036,1.0,17.0,0.0,0
208,random,pd_theta_2,7,60,39.89027211092488,1.0,18.0,0.0,0
208,random,pd_theta_2,8,60,40.48920164660701,1.0,15.0,0.0,0
208,random,pd_theta_2,9,60,46.09370453833798,1.0,17.5,0.0,0
208,random,pd_theta_2,10,60,46.24038780710339,1.0,13.5,0.0,0
208,random,pd_theta_2,11,60,41.58903424307109,1.0,19.0,0.0,0
208,random,pd_theta_2,12,60,40.192251870619764,1.0,13.5,0.0,0
208,random,pd_theta_2,13,60,43.43169430354204,0.95,16.5,0.0,1
208,random,pd_theta_2,14,60,43.94099767810914,1.0,13.5,0.0,0
208,random,pd_theta_2,15,60,42.79392217142919,1.0,14.5,0.0,0
208,random,pd_theta_2,16,60,41.6910065641972,1.0,13.5,0.0,0
208,random,pd_theta_2,17,60,42.2889326486372,1.0,14.0,0.0,0
208,random,pd_theta_2,18,60,40.439586893457104,1.0,12.0,0.0,0
208,random,pd_theta_2,19,60,42.79929594508835,0.9666666666666667,13.0,0.0,0
208,random,pd_theta_2,20,60,44.689461595724495,1.0,17.0,0.0,0
208,random,pd_theta_2,21,60,41.54119049802361,1.0,19.5,0.0,0
208,random,pd_theta_2,22,60,42.588951936015675,1.0,12.0,0.0,1
208,random,pd_theta_2,23,60,43.43952140329257,1.0,15.0,0.0,0
208,random,pd_theta_4,0,60,39.912719289266555,0.9333333333333333,2.0,0.0,2
208,random,pd_theta_4,1,60,42.26327520483493,0.9333333333333333,9.0,0.0,2
208,random,pd_theta_4,2,60,43.88947811402304,1.0,15.5,0.0,0
208,random,pd_theta_4,3,60,43.84152433836509,1.0,17.0,0.0,0
208,random,pd_theta_4,4,60,44.38961305879445,1.0,23.0,0.0,0
208,random,pd_theta_4,5,60,40.136293986438915,1.0,23.0,0.0,0
208,random,pd_theta_4,6,60,47.3900628812778,1.0,27.0,0.0,0
208,random,pd_theta_4,7,60,39.93861714674047,1.0,28.0,0.0,0
208,random,pd_theta_4,8,60,40.539456714360696,1.0,23.0,0.0,0
208,random,pd_theta_4,9,60,46.389747727736825,1.0,25.5,0.0,0
208,random,pd_theta_4,10,60,46.54151867535416,1.0,24.5,0.0,0
208,random,pd_theta_4,11,60,41.78998642974372,1.0,24.5,0.0,0
208,random,pd_theta_4,12,60,40.393264730070484,1.0,23.5,0.0,0
208,random,pd_theta_4,13,60,45.100287160848104,0.9666666666666667,26.0,0.0,0
208,random,pd_theta_4,14,60,44.0391404954924,1.0,24.5,0.0,0
208,random,pd_theta_4,15,60,42.89221981516295,1.0,23.0,0.0,0
208,random,pd_theta_4,16,60,41.78908187873976,1.0,23.0,0.0,0
208,random,pd_theta_4,17,60,42.386754385674735,1.0,24.0,0.0,0
208,random,pd_theta_4,18,60,40.59011427675804,1.0,23.0,0.0,0
208,random,pd_theta_4,19,60,44.039696678110666,1.0,25.0,0.0,0
208,random,pd_theta_4,20,60,44.739145390657725,1.0,24.0,0.0,0
208,random,pd_theta_4,21,60,41.59112899471179,1.0,29.5,0.0,0
208,random,pd_theta_4,22,60,42.88839234851971,1.0,27.5,0.0,0
208,random,pd_theta_4,23,60,43.44088477501635,1.0,23.5,0.0,0
208,random,pd_theta_8,0,60,39.912719289266555,0.9333333333333333,2.0,0.0,2
208,random,pd_theta_8,1,60,42.26327520483493,0.9333333333333333,9.0,0.0,2
208,random,pd_theta_8,2,60,43.88947811402304,1.0,15.5,0.0,0
208,random,pd_theta_8,3,60,43.84152433836509,1.0,17.0,0.0,0
208,random,pd_theta_8,4,60,44.38961305879445,1.0,23.0,0.0,0
208,random,pd_theta_8,5,60,40.336948164945,1.0,27.0,0.0,0
208,random,pd_theta_8,6,60,47.38835460555441,1.0,30.5,0.0,0
208,random,pd_theta_8,7,60,40.041120228733526,1.0,37.5,0.0,0
208,random,pd_theta_8,8,60,40.93876734128203,1.0,40.0,0.0,0
208,random,pd_theta_8,9,60,46.39065262350708,1.0,40.5,0.0,0
208,random,pd_theta_8,10,60,46.83809263806089,1.0,43.5,0.0,0
208,random,pd_theta_8,11,60,41.886966966780506,1.0,41.0,0.0,0
208,random,pd_theta_8,12,60,40.48973923748482,1.0,37.5,0.0,0
208,random,pd_theta_8,13,60,46.19008497082948,1.0,38.5,0.0,0
208,random,pd_theta_8,14,60,44.24033231355911,1.0,40.0,0.0,0
208,random,pd_theta_8,15,60,42.99191583135928,1.0,38.5,0.0,0
208,random,pd_theta_8,16,60,42.19074490864779,1.0,39.5,0.0,0
208,random,pd_theta_8,17,60,42.636157712831896,1.0,37.0,0.0,0
208,random,pd_theta_8,18,60,40.68960654420849,1.0,38.5,0.0,0
208,random,pd_theta_8,19,60,44.13919404199337,1.0,42.0,0.0,0
208,random,pd_theta_8,20,60,44.83853028150321,1.0,39.0,0.0,0
208,random,pd_theta_8,21,60,41.69192047140262,1.0,39.0,0.0,0
208,random,pd_theta_8,22,60,43.0390559078577,1.0,38.5,0.0,0
208,random,pd_theta_8,23,60,43.538933401732784,1.0,37.0,0.0,0
208,random,pd_theta_16,0,60,39.912719289266555,0.9333333333333333,2.0,0.0,2
208,random,pd_theta_16,1,60,42.26327520483493,0.9333333333333333,9.0,0.0,2
208,random,pd_theta_16,2,60,43.88947811402304,1.0,15.5,0.0,0
208,random,pd_theta_16,3,60,43.84152433836509,1.0,17.0,0.0,0
208,random,pd_theta_16,4,60,44.38961305879445,1.0,23.0,0.0,0
208,random,pd_theta_16,5,60,40.336948164945,1.0,27.0,0.0,0
208,random,pd_theta_16,6,60,47.38835460555441,1.0,30.5,0.0,0
208,random,pd_theta_16,7,60,40.041120228733526,1.0,37.5,0.0,0
208,random,pd_theta_16,8,60,40.93876734128203,1.0,40.0,0.0,0
208,random,pd_theta_16,9,60,46.591522858558285,1.0,43.5,0.0,0
208,random,pd_theta_16,10,60,46.93875719686702,1.0,47.0,0.0,0
208,random,pd_theta_16,11,60,41.89004844435583,1.0,46.0,0.0,0
208,random,pd_theta_16,12,60,40.78977027105222,1.0,49.5,0.0,0
208,random,pd_theta_16,13,60,46.34073935511284,1.0,53.0,0.0,0
208,random,pd_theta_16,14,60,44.33867188794584,1.0,55.5,0.0,0
208,random,pd_theta_16,15,60,43.44179188809748,1.0,58.5,0.0,0
208,random,pd_theta_16,16,60,42.33920640047851,1.0,62.0,0.0,0
208,random,pd_theta_16,17,60,43.137839502502096,1.0,62.5,0.0,0
208,random,pd_theta_16,18,60,41.189776806139804,1.0,64.0,0.0,0
208,random,pd_theta_16,19,60,44.28879325938184,1.0,62.0,0.0,0
208,random,pd_theta_16,20,60,45.18788550543715,1.0,61.0,0.0,0
208,random,pd_theta_16,21,60,42.040518277949666,1.0,59.0,0.0,0
208,random,pd_theta_16,22,60,43.18904394177344,1.0,57.0,0.0,0
208,random,pd_theta_16,23,60,43.891893488488456,1.0,56.0,0.0,0
208,random,pd_history,0,60,39.912719289266555,0.9333333333333333,2.0,0.0,2
208,random,pd_history,1,60,42.26327520483493,0.9333333333333333,9.0,0.0,2
208,random,pd_history,2,60,43.88947811402304,1.0,15.5,0.0,0
208,random,pd_history,3,60,43.741358818449974,1.0,14.0,0.0,0
208,random,pd_history,4,60,43.56952816629868,0.9833333333333333,11.5,0.0,1
208,random,pd_history,5,60,40.03815784929094,1.0,13.5,0.0,0
208,random,pd_history,6,60,47.389589405540036,1.0,17.0,0.0,0
208,random,pd_history,7,60,39.89027211092488,1.0,18.0,0.0,0
208,random,pd_history,8,60,40.48920164660701,1.0,15.0,0.0,0
208,random,pd_history,9,60,46.09370453833798,1.0,17.5,0.0,0
208,random,pd_history,10,60,46.24038780710339,1.0,13.5,0.0,0
208,random,pd_history,11,60,41.58903424307109,1.0,19.0,0.0,0
208,random,pd_history,12,60,40.192251870619764,1.0,13.5,0.0,0
208,random,pd_history,13,60,43.43169430354204,0.95,16.5,0.0,1
208,random,pd_history,14,60,43.94099767810914,1.0,13.5,0.0,0
208,random,pd_history,15,60,42.79392217142919,1.0,14.5,0.0,0
208,random,pd_history,16,60,41.6910065641972,1.0,13.5,0.0,0
208,random,pd_history,17,60,42.2889326486372,1.0,14.0,0.0,0
208,random,pd_history,18,60,40.439586893457104,1.0,12.0,0.0,0
208,random,pd_history,19,60,42.79929594508835,0.9666666666666667,13.0,0.0,0
208,random,pd_history,20,60,44.689461595724495,1.0,17.0,0.0,0
208,random,pd_history,21,60,41.54119049802361,1.0,19.5,0.0,0
208,random,pd_history,22,60,42.588951936015675,1.0,12.0,0.0,1
208,random,pd_history,23,60,43.43952140329257,1.0,15.0,0.0,0
208,random,no_control_interpretation,0,60,41.99183318461395,1.0,2.0,0.0,2
208,random,no_control_interpretation,1,60,45.241408055845916,1.0,9.0,0.0,3
208,random,no_control_interpretation,2,60,43.88827159942209,1.0,15.5,0.0,0
208,random,no_control_interpretation,3,60,43.741376387645026,1.0,15.0,0.0,0
208,random,no_control_interpretation,4,60,44.09013272337022,1.0,11.5,0.0,0
208,random,no_control_interpretation,5,60,40.038055886539,1.0,12.5,0.0,0
208,random,no_control_interpretation,6,60,47.29041221864983,1.0,16.0,0.0,0
208,random,no_control_interpretation,7,60,39.89080947398395,1.0,18.0,0.0,0
208,random,no_control_interpretation,8,60,40.388976761046145,1.0,13.5,0.0,0
208,random,no_control_interpretation,9,60,45.99238227883273,1.0,15.0,0.0,0
208,random,no_control_interpretation,10,60,46.239958517500654,1.0,14.5,0.0,0
208,random,no_control_interpretation,11,60,41.589840138602675,1.0,19.0,0.0,0
208,random,no_control_interpretation,12,60,40.19246190138978,1.0,12.5,0.0,0
208,random,no_control_interpretation,13,60,45.89129751020443,1.0,15.5,0.0,2
208,random,no_control_interpretation,14,60,43.94179311697005,1.0,16.5,0.0,0
208,random,no_control_interpretation,15,60,42.79378659421788,1.0,15.5,0.0,0
208,random,no_control_interpretation,16,60,41.68990261663898,1.0,14.5,0.0,0
208,random,no_control_interpretation,17,60,42.288380221948366,1.0,16.0,0.0,0
208,random,no_control_interpretation,18,60,40.43897496080199,1.0,12.0,0.0,0
208,random,no_control_interpretation,19,60,43.838593463361015,1.0,13.0,0.0,0
208,random,no_control_interpretation,20,60,44.6880144488987,1.0,16.0,0.0,0
208,random,no_control_interpretation,21,60,41.541034194425556,1.0,19.0,0.0,0
208,random,no_control_interpretation,22,60,42.68831743293788,1.0,11.5,0.0,0
208,random,no_control_interpretation,23,60,43.34195914809021,1.0,12.0,0.0,0
208,random,no_pre_new_only,0,60,8.663561677303083,0.35,0,0.0,0
208,random,no_pre_new_only,1,60,9.704992360945528,0.38333333333333336,0,0.0,0
208,random,no_pre_new_only,2,60,10.294977129270785,0.4166666666666667,0,0.0,0
208,random,no_pre_new_only,3,60,9.855432668878228,0.38333333333333336,0,0.0,0
208,random,no_pre_new_only,4,60,9.265025162472126,0.35,0,0.0,0
208,random,no_pre_new_only,5,60,9.924794482205161,0.4,0,0.0,0
208,random,no_pre_new_only,6,60,8.813492685877467,0.35,0,0.0,0
208,random,no_pre_new_only,7,60,10.295963538798304,0.4166666666666667,0,0.0,0
208,random,no_pre_new_only,8,60,9.634556352189897,0.36666666666666664,0,0.0,0
208,random,no_pre_new_only,9,60,9.553786054678767,0.38333333333333336,0,0.0,0
208,random,no_pre_new_only,10,60,10.074964333172144,0.4,0,0.0,0
208,random,no_pre_new_only,11,60,9.92393356284261,0.4,0,0.0,0
208,random,no_pre_new_only,12,60,9.555190734851449,0.38333333333333336,0,0.0,0
208,random,no_pre_new_only,13,60,9.705436783124052,0.38333333333333336,0,0.0,0
208,random,no_pre_new_only,14,60,10.294055116146753,0.4166666666666667,0,0.0,0
208,random,no_pre_new_only,15,60,8.594769495044325,0.3333333333333333,0,0.0,0
208,random,no_pre_new_only,16,60,9.635765074048711,0.36666666666666664,0,0.0,0
208,random,no_pre_new_only,17,60,8.22507168777658,0.31666666666666665,0,0.0,0
208,random,no_pre_new_only,18,60,8.665748857686577,0.35,0,0.0,0
208,random,no_pre_new_only,19,60,8.964439584343916,0.35,0,0.0,0
208,random,no_pre_new_only,20,60,8.963055872563121,0.35,0,0.0,0
208,random,no_pre_new_only,21,60,9.775066913426237,0.4,0,0.0,0
208,random,no_pre_new_only,22,60,10.07286642886429,0.4,0,0.0,0
208,random,no_pre_new_only,23,60,9.70490153517484,0.38333333333333336,0,0.0,0
208,random,greedy_hard_cap,0,60,38.68900417088708,0.95,11.5,0.0,0
208,random,greedy_hard_cap,1,60,40.51879248771408,0.9333333333333333,17.0,0.0,0
208,random,greedy_hard_cap,2,60,44.69696279699609,1.0,19.0,0.0,0
208,random,greedy_hard_cap,3,60,44.79890664646473,1.0,18.5,0.0,0
208,random,greedy_hard_cap,4,60,45.14808811542063,1.0,20.0,0.0,0
208,random,greedy_hard_cap,5,60,41.3988859561626,1.0,22.5,0.0,0
208,random,greedy_hard_cap,6,60,48.14922517545897,1.0,19.5,0.0,0
208,random,greedy_hard_cap,7,60,40.79963877222049,1.0,22.0,0.0,0
208,random,greedy_hard_cap,8,60,41.69757644667032,1.0,23.5,0.0,0
208,random,greedy_hard_cap,9,60,45.82845905579017,0.9833333333333333,22.0,0.0,0
208,random,greedy_hard_cap,10,60,47.39912953259986,1.0,17.5,0.0,0
208,random,greedy_hard_cap,11,60,42.74935243735759,1.0,19.0,0.0,0
208,random,greedy_hard_cap,12,60,41.54915397990576,1.0,20.0,0.0,0
208,random,greedy_hard_cap,13,60,43.95860811365302,0.9666666666666667,23.5,0.0,0
208,random,greedy_hard_cap,14,60,44.99937030804146,1.0,24.5,0.0,0
208,random,greedy_hard_cap,15,60,43.94899514712831,1.0,21.0,0.0,0
208,random,greedy_hard_cap,16,60,42.74899760989359,1.0,20.0,0.0,0
208,random,greedy_hard_cap,17,60,43.69809879057043,1.0,23.5,0.0,0
208,random,greedy_hard_cap,18,60,41.849306126791,1.0,23.5,0.0,0
208,random,greedy_hard_cap,19,60,43.27945913467004,0.9833333333333333,21.0,0.0,0
208,random,greedy_hard_cap,20,60,45.59791528454817,1.0,22.5,0.0,0
208,random,greedy_hard_cap,21,60,42.74846921658978,1.0,24.0,0.0,0
208,random,greedy_hard_cap,22,60,42.527700576287714,0.9833333333333333,23.0,0.0,0
208,random,greedy_hard_cap,23,60,44.398956575686675,1.0,19.5,0.0,0
208,switch,pd_theta_2,0,60,43.44411075259032,0.9166666666666666,3.0,0.0,5
208,switch,pd_theta_2,1,60,41.14605215271748,0.8333333333333334,12.0,0.0,4
208,switch,pd_theta_2,2,60,43.30233647216507,0.8833333333333333,14.5,0.0,5
208,switch,pd_theta_2,3,60,45.04367840769141,0.9166666666666666,13.5,0.0,6
208,switch,pd_theta_2,4,60,42.97479188152597,0.8166666666666667,15.0,0.0,6
208,switch,pd_theta_2,5,60,43.80345035779407,0.9666666666666667,11.5,0.0,4
208,switch,pd_theta_2,6,60,43.71246636971703,0.85,15.5,0.0,6
208,switch,pd_theta_2,7,60,41.64483680100617,0.9166666666666666,10.5,0.0,3
208,switch,pd_theta_2,8,60,46.14092870353993,0.9166666666666666,14.0,0.0,7
208,switch,pd_theta_2,9,60,43.67414808210688,0.9,14.5,0.0,5
208,switch,pd_theta_2,10,60,44.03527064650324,0.8666666666666667,15.0,0.0,6
208,switch,pd_theta_2,11,60,42.842248178707614,0.9166666666666666,13.0,0.0,4
208,switch,pd_theta_2,12,60,34.79359757898241,1.0,5.0,0.0,1
208,switch,pd_theta_2,13,60,33.44307364815604,1.0,8.5,0.0,2
208,switch,pd_theta_2,14,60,34.340986006376646,1.0,8.0,0.0,0
208,switch,pd_theta_2,15,60,33.89174150520031,1.0,9.0,0.0,0
208,switch,pd_theta_2,16,60,34.09202494329168,1.0,11.0,0.0,0
208,switch,pd_theta_2,17,60,34.29151764000109,1.0,14.0,0.0,0
208,switch,pd_theta_2,18,60,34.64223303932116,1.0,12.0,0.0,0
208,switch,pd_theta_2,19,60,33.34102912317388,1.0,9.0,0.0,0
208,switch,pd_theta_2,20,60,34.09050177371492,1.0,10.0,0.0,0
208,switch,pd_theta_2,21,60,34.343186262663664,1.0,14.5,0.0,0
208,switch,pd_theta_2,22,60,34.74116007322601,1.0,15.0,0.0,0
208,switch,pd_theta_2,23,60,33.541508219001884,1.0,6.5,0.0,0
208,switch,pd_theta_4,0,60,43.44411075259032,0.9166666666666666,3.0,0.0,5
208,switch,pd_theta_4,1,60,41.14605215271748,0.8333333333333334,12.0,0.0,4
208,switch,pd_theta_4,2,60,43.30233647216507,0.8833333333333333,14.5,0.0,5
208,switch,pd_theta_4,3,60,45.14272951509992,0.9166666666666666,17.5,0.0,6
208,switch,pd_theta_4,4,60,43.12487415226592,0.8166666666666667,22.0,0.0,6
208,switch,pd_theta_4,5,60,44.002754908161926,0.9666666666666667,16.5,0.0,4
208,switch,pd_theta_4,6,60,43.76329956750076,0.85,20.5,0.0,6
208,switch,pd_theta_4,7,60,41.84248816953951,0.9166666666666666,17.0,0.0,3
208,switch,pd_theta_4,8,60,46.191589950782905,0.9166666666666666,20.0,0.0,7
208,switch,pd_theta_4,9,60,43.67344834869523,0.9,20.5,0.0,5
208,switch,pd_theta_4,10,60,44.086155952686404,0.8666666666666667,20.5,0.0,6
208,switch,pd_theta_4,11,60,42.943095266897046,0.9166666666666666,18.0,0.0,4
208,switch,pd_theta_4,12,60,35.1415536352648,1.0,10.5,0.0,1
208,switch,pd_theta_4,13,60,33.22318833252571,0.9833333333333333,15.5,0.0,1
208,switch,pd_theta_4,14,60,34.44023825825904,1.0,14.0,0.0,0
208,switch,pd_theta_4,15,60,33.890989628022396,1.0,13.0,0.0,0
208,switch,pd_theta_4,16,60,34.19071407580913,1.0,16.5,0.0,0
208,switch,pd_theta_4,17,60,34.29086064139084,1.0,20.0,0.0,0
208,switch,pd_theta_4,18,60,34.79223497532704,1.0,21.5,0.0,0
208,switch,pd_theta_4,19,60,33.43967446221398,1.0,20.0,0.0,0
208,switch,pd_theta_4,20,60,34.18759309106818,1.0,21.5,0.0,0
208,switch,pd_theta_4,21,60,34.49034448718691,1.0,22.5,0.0,0
208,switch,pd_theta_4,22,60,34.73996272560178,1.0,20.0,0.0,0
208,switch,pd_theta_4,23,60,33.54149357820846,1.0,17.5,0.0,0
208,switch,pd_theta_8,0,60,43.44411075259032,0.9166666666666666,3.0,0.0,5
208,switch,pd_theta_8,1,60,41.14605215271748,0.8333333333333334,12.0,0.0,4
208,switch,pd_theta_8,2,60,43.30233647216507,0.8833333333333333,14.5,0.0,5
208,switch,pd_theta_8,3,60,45.14272951509992,0.9166666666666666,17.5,0.0,6
208,switch,pd_theta_8,4,60,43.12487415226592,0.8166666666666667,22.0,0.0,6
208,switch,pd_theta_8,5,60,44.10173006146086,0.9666666666666667,20.0,0.0,4
208,switch,pd_theta_8,6,60,43.813321317749406,0.85,25.5,0.0,6
208,switch,pd_theta_8,7,60,41.99356827593522,0.9166666666666666,25.5,0.0,3
208,switch,pd_theta_8,8,60,46.29195070473399,0.9166666666666666,28.5,0.0,7
208,switch,pd_theta_8,9,60,43.67208332997073,0.9,28.0,0.0,5
208,switch,pd_theta_8,10,60,44.13633572534522,0.8666666666666667,29.5,0.0,6
208,switch,pd_theta_8,11,60,43.09246487804737,0.9166666666666666,27.0,0.0,4
208,switch,pd_theta_8,12,60,35.49156871532999,1.0,20.5,0.0,2
208,switch,pd_theta_8,13,60,32.804222857464865,0.9666666666666667,25.0,0.0,2
208,switch,pd_theta_8,14,60,34.939567330792954,1.0,23.0,0.0,0
208,switch,pd_theta_8,15,60,34.29182557237811,1.0,22.5,0.0,0
208,switch,pd_theta_8,16,60,34.392328507342704,1.0,23.0,0.0,0
208,switch,pd_theta_8,17,60,34.34089069389982,1.0,24.0,0.0,0
208,switch,pd_theta_8,18,60,35.09174702758321,1.0,26.5,0.0,0
208,switch,pd_theta_8,19,60,33.439489580684075,1.0,27.0,0.0,0
208,switch,pd_theta_8,20,60,34.09010329911064,1.0,27.5,0.0,0
208,switch,pd_theta_8,21,60,34.09036959019723,1.0,30.5,0.0,0
208,switch,pd_theta_8,22,60,34.73975012275436,1.0,34.5,0.0,0
208,switch,pd_theta_8,23,60,33.54095614314207,1.0,32.0,0.0,0
208,switch,pd_theta_16,0,60,43.44411075259032,0.9166666666666666,3.0,0.0,5
208,switch,pd_theta_16,1,60,41.14605215271748,0.8333333333333334,12.0,0.0,4
208,switch,pd_theta_16,2,60,43.30233647216507,0.8833333333333333,14.5,0.0,5
208,switch,pd_theta_16,3,60,45.14272951509992,0.9166666666666666,17.5,0.0,6
208,switch,pd_theta_16,4,60,43.12487415226592,0.8166666666666667,22.0,0.0,6
208,switch,pd_theta_16,5,60,44.10173006146086,0.9666666666666667,20.0,0.0,4
208,switch,pd_theta_16,6,60,43.813321317749406,0.85,25.5,0.0,6
208,switch,pd_theta_16,7,60,41.99356827593522,0.9166666666666666,25.5,0.0,3
208,switch,pd_theta_16,8,60,46.29195070473399,0.9166666666666666,28.5,0.0,7
208,switch,pd_theta_16,9,60,43.67273164829552,0.9,29.5,0.0,5
208,switch,pd_theta_16,10,60,44.13633530854865,0.8666666666666667,32.5,0.0,6
208,switch,pd_theta_16,11,60,43.144158220294756,0.9166666666666666,32.0,0.0,4
208,switch,pd_theta_16,12,60,35.17225806947465,0.9833333333333333,29.5,0.0,3
208,switch,pd_theta_16,13,60,32.06443184136341,0.9333333333333333,36.0,0.0,3
208,switch,pd_theta_16,14,60,34.72139793822756,0.9833333333333333,36.5,0.0,1
208,switch,pd_theta_16,15,60,34.69119256553188,1.0,37.5,0.0,0
208,switch,pd_theta_16,16,60,34.890871912482986,1.0,41.0,0.0,0
208,switch,pd_theta_16,17,60,35.13948593145282,1.0,46.5,0.0,0
208,switch,pd_theta_16,18,60,35.89180567660593,1.0,47.5,0.0,0
208,switch,pd_theta_16,19,60,34.087020854614735,1.0,48.0,0.0,0
208,switch,pd_theta_16,20,60,34.58884940480639,1.0,45.5,0.0,0
208,switch,pd_theta_16,21,60,34.790534547353325,1.0,43.5,0.0,0
208,switch,pd_theta_16,22,60,35.38867434956128,1.0,47.5,0.0,0
208,switch,pd_theta_16,23,60,34.1403173396567,1.0,48.0,0.0,0
208,switch,pd_history,0,60,43.44411075259032,0.9166666666666666,3.0,0.0,5
208,switch,pd_history,1,60,41.14605215271748,0.8333333333333334,12.0,0.0,4
208,switch,pd_history,2,60,43.30233647216507,0.8833333333333333,14.5,0.0,5
208,switch,pd_history,3,60,45.04367840769141,0.9166666666666666,13.5,0.0,6
208,switch,pd_history,4,60,42.97479188152597,0.8166666666666667,15.0,0.0,6
208,switch,pd_history,5,60,43.80345035779407,0.9666666666666667,11.5,0.0,4
208,switch,pd_history,6,60,43.71246636971703,0.85,15.5,0.0,6
208,switch,pd_history,7,60,41.64483680100617,0.9166666666666666,10.5,0.0,3
208,switch,pd_history,8,60,46.14092870353993,0.9166666666666666,14.0,0.0,7
208,switch,pd_history,9,60,43.67414808210688,0.9,14.5,0.0,5
208,switch,pd_history,10,60,44.03527064650324,0.8666666666666667,15.0,0.0,6
208,switch,pd_history,11,60,42.842248178707614,0.9166666666666666,13.0,0.0,4
208,switch,pd_history,12,60,34.79359757898241,1.0,5.0,0.0,1
208,switch,pd_history,13,60,33.44307364815604,1.0,8.5,0.0,2
208,switch,pd_history,14,60,34.340986006376646,1.0,8.0,0.0,0
208,switch,pd_history,15,60,33.89174150520031,1.0,9.0,0.0,0
208,switch,pd_history,16,60,34.09202494329168,1.0,11.0,0.0,0
208,switch,pd_history,17,60,34.29151764000109,1.0,14.0,0.0,0
208,switch,pd_history,18,60,34.64223303932116,1.0,12.0,0.0,0
208,switch,pd_history,19,60,33.34102912317388,1.0,9.0,0.0,0
208,switch,pd_history,20,60,34.09050177371492,1.0,10.0,0.0,0
208,switch,pd_history,21,60,34.343186262663664,1.0,14.5,0.0,0
208,switch,pd_history,22,60,34.74116007322601,1.0,15.0,0.0,0
208,switch,pd_history,23,60,33.541508219001884,1.0,6.5,0.0,0
208,switch,no_control_interpretation,0,60,50.543092502439265,1.0,3.0,0.0,10
208,switch,no_control_interpretation,1,60,55.344732591793544,1.0,12.0,0.0,14
208,switch,no_control_interpretation,2,60,53.24190249258064,1.0,14.5,0.0,12
208,switch,no_control_interpretation,3,60,52.14223698091042,1.0,13.5,0.0,11
208,switch,no_control_interpretation,4,60,58.59324639491286,1.0,15.0,0.0,17
208,switch,no_control_interpretation,5,60,46.64305066144352,1.0,11.5,0.0,6
208,switch,no_control_interpretation,6,60,56.49080858331915,1.0,15.5,0.0,15
208,switch,no_control_interpretation,7,60,48.744368566565825,1.0,10.5,0.0,8
208,switch,no_control_interpretation,8,60,53.239055457978196,1.0,14.0,0.0,12
208,switch,no_control_interpretation,9,60,52.19275285622688,1.0,14.5,0.0,11
208,switch,no_control_interpretation,10,60,55.393287759600476,1.0,15.0,0.0,14
208,switch,no_control_interpretation,11,60,49.94047612179659,1.0,13.0,0.0,9
208,switch,no_control_interpretation,12,60,34.79359757898241,1.0,5.0,0.0,1
208,switch,no_control_interpretation,13,60,33.44307364815604,1.0,8.5,0.0,2
208,switch,no_control_interpretation,14,60,34.340986006376646,1.0,8.0,0.0,0
208,switch,no_control_interpretation,15,60,33.89174150520031,1.0,9.0,0.0,0
208,switch,no_control_interpretation,16,60,34.09202494329168,1.0,11.0,0.0,0
208,switch,no_control_interpretation,17,60,34.29151764000109,1.0,14.0,0.0,0
208,switch,no_control_interpretation,18,60,34.64223303932116,1.0,12.0,0.0,0
208,switch,no_control_interpretation,19,60,33.34102912317388,1.0,9.0,0.0,0
208,switch,no_control_interpretation,20,60,34.09050177371492,1.0,10.0,0.0,0
208,switch,no_control_interpretation,21,60,34.343186262663664,1.0,14.5,0.0,0
208,switch,no_control_interpretation,22,60,34.74116007322601,1.0,15.0,0.0,0
208,switch,no_control_interpretation,23,60,33.541508219001884,1.0,6.5,0.0,0
208,switch,no_pre_new_only,0,60,11.831723818350756,0.5333333333333333,0,0.0,0
208,switch,no_pre_new_only,1,60,10.35412886390176,0.4666666666666667,0,0.0,0
208,switch,no_pre_new_only,2,60,11.092134834764309,0.5,0,0.0,0
208,switch,no_pre_new_only,3,60,11.463519554585094,0.5166666666666667,0,0.0,0
208,switch,no_pre_new_only,4,60,9.243471071949749,0.4166666666666667,0,0.0,0
208,switch,no_pre_new_only,5,60,11.830682093076303,0.5333333333333333,0,0.0,0
208,switch,no_pre_new_only,6,60,9.981517675549904,0.45,0,0.0,0
208,switch,no_pre_new_only,7,60,11.831906809557346,0.5333333333333333,0,0.0,0
208,switch,no_pre_new_only,8,60,11.092162427396193,0.5,0,0.0,0
208,switch,no_pre_new_only,9,60,11.461943605747411,0.5166666666666667,0,0.0,0
208,switch,no_pre_new_only,10,60,10.351964326677649,0.4666666666666667,0,0.0,0
208,switch,no_pre_new_only,11,60,11.833832340935647,0.5333333333333333,0,0.0,0
208,switch,no_pre_new_only,12,60,6.23721349803848,0.2,0,0.0,0
208,switch,no_pre_new_only,13,60,6.977899667661262,0.23333333333333334,0,0.0,0
208,switch,no_pre_new_only,14,60,6.237780055281087,0.2,0,0.0,0
208,switch,no_pre_new_only,15,60,6.976361131851819,0.23333333333333334,0,0.0,0
208,switch,no_pre_new_only,16,60,6.23812102023765,0.2,0,0.0,0
208,switch,no_pre_new_only,17,60,6.976307351101059,0.23333333333333334,0,0.0,0
208,switch,no_pre_new_only,18,60,6.2375828891886425,0.2,0,0.0,0
208,switch,no_pre_new_only,19,60,6.975623768176035,0.23333333333333334,0,0.0,0
208,switch,no_pre_new_only,20,60,6.237597907886077,0.2,0,0.0,0
208,switch,no_pre_new_only,21,60,6.977048260673056,0.23333333333333334,0,0.0,0
208,switch,no_pre_new_only,22,60,6.237877721713652,0.2,0,0.0,0
208,switch,no_pre_new_only,23,60,6.97672177461304,0.23333333333333334,0,0.0,0
208,switch,greedy_hard_cap,0,60,37.3985443575286,0.8333333333333334,13.5,0.0,0
208,switch,greedy_hard_cap,1,60,35.91914743683134,0.7666666666666667,15.0,0.0,0
208,switch,greedy_hard_cap,2,60,36.65798550828496,0.8,16.5,0.0,0
208,switch,greedy_hard_cap,3,60,37.027797753679096,0.8166666666666667,17.0,0.0,0
208,switch,greedy_hard_cap,4,60,34.80812613374964,0.7166666666666667,19.0,0.0,0
208,switch,greedy_hard_cap,5,60,38.87774935971852,0.9,15.0,0.0,0
208,switch,greedy_hard_cap,6,60,35.548276370008374,0.75,17.5,0.0,0
208,switch,greedy_hard_cap,7,60,38.138708974506606,0.8666666666666667,17.0,0.0,0
208,switch,greedy_hard_cap,8,60,36.65667037668481,0.8,17.5,0.0,0
208,switch,greedy_hard_cap,9,60,37.02844198956641,0.8166666666666667,18.0,0.0,0
208,switch,greedy_hard_cap,10,60,35.91913049045277,0.7666666666666667,18.0,0.0,0
208,switch,greedy_hard_cap,11,60,37.76898467376231,0.85,15.5,0.0,0
208,switch,greedy_hard_cap,12,60,36.448651061896285,1.0,15.0,0.0,0
208,switch,greedy_hard_cap,13,60,34.49915057972728,1.0,20.5,0.0,0
208,switch,greedy_hard_cap,14,60,35.69922811539728,1.0,25.5,0.0,0
208,switch,greedy_hard_cap,15,60,35.249182775337516,1.0,23.5,0.0,0
208,switch,greedy_hard_cap,16,60,35.19863156619791,1.0,21.5,0.0,0
208,switch,greedy_hard_cap,17,60,35.549130370421544,1.0,24.0,0.0,0
208,switch,greedy_hard_cap,18,60,36.39735426476753,1.0,23.0,0.0,0
208,switch,greedy_hard_cap,19,60,34.49974819717283,1.0,20.5,0.0,0
208,switch,greedy_hard_cap,20,60,35.097653073777664,1.0,25.0,0.0,0
208,switch,greedy_hard_cap,21,60,35.49717637216839,1.0,24.5,0.0,0
208,switch,greedy_hard_cap,22,60,35.948192498367604,1.0,22.0,0.0,0
208,switch,greedy_hard_cap,23,60,34.79796769641236,1.0,19.0,0.0,0
209,high_tight,pd_theta_2,0,60,40.70523329085983,0.8833333333333333,4.0,0.0,4
209,high_tight,pd_theta_2,1,60,43.984103139160396,0.8666666666666667,13.0,0.0,6
209,high_tight,pd_theta_2,2,60,42.111803044951515,0.9333333333333333,13.5,0.0,4
209,high_tight,pd_theta_2,3,60,46.083275195964,0.8666666666666667,14.0,0.0,8
209,high_tight,pd_theta_2,4,60,42.61375741167681,0.85,13.5,0.0,5
209,high_tight,pd_theta_2,5,60,44.11336490636296,0.9333333333333333,10.0,0.0,5
209,high_tight,pd_theta_2,6,60,44.04283255016599,0.9166666666666666,14.5,0.0,5
209,high_tight,pd_theta_2,7,60,43.98509988596523,0.8666666666666667,15.5,0.0,6
209,high_tight,pd_theta_2,8,60,45.45372485430097,0.8833333333333333,15.5,0.0,7
209,high_tight,pd_theta_2,9,60,42.79371134340867,0.9166666666666666,12.5,0.0,4
209,high_tight,pd_theta_2,10,60,45.404526102865255,0.8833333333333333,15.0,0.0,7
209,high_tight,pd_theta_2,11,60,42.52301214424398,0.9,13.5,0.0,4
209,high_tight,pd_theta_2,12,60,41.27304993611306,0.9,11.0,0.0,3
209,high_tight,pd_theta_2,13,60,44.98276144533255,0.8666666666666667,13.5,0.0,7
209,high_tight,pd_theta_2,14,60,43.841380021545646,0.9166666666666666,12.0,0.0,5
209,high_tight,pd_theta_2,15,60,43.98204739744041,0.8666666666666667,14.5,0.0,6
209,high_tight,pd_theta_2,16,60,42.92013960983715,0.9833333333333333,8.5,0.0,3
209,high_tight,pd_theta_2,17,60,43.334880905959515,0.7833333333333333,15.0,0.0,7
209,high_tight,pd_theta_2,18,60,45.09206760755714,0.9166666666666666,14.0,0.0,6
209,high_tight,pd_theta_2,19,60,42.88146363426862,0.8666666666666667,14.5,0.0,5
209,high_tight,pd_theta_2,20,60,46.15252584994141,0.9666666666666667,15.0,0.0,6
209,high_tight,pd_theta_2,21,60,42.19301243291746,0.8333333333333334,14.5,0.0,5
209,high_tight,pd_theta_2,22,60,46.87293598671067,0.9,14.5,0.0,8
209,high_tight,pd_theta_2,23,60,41.32321215236868,0.9,11.5,0.0,5
209,high_tight,pd_theta_4,0,60,40.70523329085983,0.8833333333333333,4.0,0.0,4
209,high_tight,pd_theta_4,1,60,43.984103139160396,0.8666666666666667,13.0,0.0,6
209,high_tight,pd_theta_4,2,60,42.111803044951515,0.9333333333333333,13.5,0.0,4
209,high_tight,pd_theta_4,3,60,46.28281963163905,0.8666666666666667,20.0,0.0,8
209,high_tight,pd_theta_4,4,60,42.71516632748346,0.85,21.0,0.0,5
209,high_tight,pd_theta_4,5,60,44.26341178483353,0.9333333333333333,16.0,0.0,5
209,high_tight,pd_theta_4,6,60,44.04256375203766,0.9166666666666666,17.5,0.0,5
209,high_tight,pd_theta_4,7,60,44.03391223461946,0.8666666666666667,20.0,0.0,6
209,high_tight,pd_theta_4,8,60,45.5026615630266,0.8833333333333333,21.0,0.0,7
209,high_tight,pd_theta_4,9,60,43.043813547249954,0.9166666666666666,19.0,0.0,4
209,high_tight,pd_theta_4,10,60,45.50384021239134,0.8833333333333333,20.5,0.0,7
209,high_tight,pd_theta_4,11,60,42.67254792064387,0.9,18.5,0.0,4
209,high_tight,pd_theta_4,12,60,41.52267767513456,0.9,18.0,0.0,3
209,high_tight,pd_theta_4,13,60,45.084561225019456,0.8666666666666667,20.5,0.0,7
209,high_tight,pd_theta_4,14,60,44.04142283880562,0.9166666666666666,19.5,0.0,5
209,high_tight,pd_theta_4,15,60,44.081997468332375,0.8666666666666667,21.5,0.0,6
209,high_tight,pd_theta_4,16,60,43.120101395102026,0.9833333333333333,15.5,0.0,3
209,high_tight,pd_theta_4,17,60,43.43487690035106,0.7833333333333333,22.0,0.0,7
209,high_tight,pd_theta_4,18,60,45.24160827996166,0.9166666666666666,19.0,0.0,6
209,high_tight,pd_theta_4,19,60,42.93272893113427,0.8666666666666667,17.0,0.0,5
209,high_tight,pd_theta_4,20,60,46.15419050330319,0.9666666666666667,17.5,0.0,6
209,high_tight,pd_theta_4,21,60,42.29336475545611,0.8333333333333334,20.5,0.0,5
209,high_tight,pd_theta_4,22,60,46.97304905574345,0.9,21.0,0.0,8
209,high_tight,pd_theta_4,23,60,41.57273993688173,0.9,19.5,0.0,5
209,high_tight,pd_theta_8,0,60,40.70523329085983,0.8833333333333333,4.0,0.0,4
209,high_tight,pd_theta_8,1,60,43.984103139160396,0.8666666666666667,13.0,0.0,6
209,high_tight,pd_theta_8,2,60,42.111803044951515,0.9333333333333333,13.5,0.0,4
209,high_tight,pd_theta_8,3,60,46.28281963163905,0.8666666666666667,20.0,0.0,8
209,high_tight,pd_theta_8,4,60,42.71516632748346,0.85,21.0,0.0,5
209,high_tight,pd_theta_8,5,60,44.463247829100176,0.9333333333333333,21.5,0.0,5
209,high_tight,pd_theta_8,6,60,44.09309968054813,0.9166666666666666,25.0,0.0,5
209,high_tight,pd_theta_8,7,60,44.08534863130885,0.8666666666666667,28.5,0.0,6
209,high_tight,pd_theta_8,8,60,45.603581291852265,0.8833333333333333,30.0,0.0,7
209,high_tight,pd_theta_8,9,60,43.14354273985699,0.9166666666666666,27.5,0.0,4
209,high_tight,pd_theta_8,10,60,45.60436748667941,0.8833333333333333,30.0,0.0,7
209,high_tight,pd_theta_8,11,60,42.77365856559661,0.9,28.0,0.0,4
209,high_tight,pd_theta_8,12,60,41.67367640497532,0.9,28.0,0.0,3
209,high_tight,pd_theta_8,13,60,45.23339894995817,0.8666666666666667,28.5,0.0,7
209,high_tight,pd_theta_8,14,60,44.091814520622556,0.9166666666666666,27.0,0.0,5
209,high_tight,pd_theta_8,15,60,44.08222853738155,0.8666666666666667,27.5,0.0,6
209,high_tight,pd_theta_8,16,60,43.41989944102887,0.9833333333333333,24.0,0.0,3
209,high_tight,pd_theta_8,17,60,43.48528251093486,0.7833333333333333,29.5,0.0,7
209,high_tight,pd_theta_8,18,60,45.24303880942046,0.9166666666666666,26.0,0.0,6
209,high_tight,pd_theta_8,19,60,43.182104982346566,0.8666666666666667,28.0,0.0,5
209,high_tight,pd_theta_8,20,60,46.35295420679916,0.9666666666666667,26.5,0.0,6
209,high_tight,pd_theta_8,21,60,42.392765209559016,0.8333333333333334,29.0,0.0,5
209,high_tight,pd_theta_8,22,60,47.07284209858565,0.9,27.5,0.0,8
209,high_tight,pd_theta_8,23,60,41.72261529543589,0.9,26.5,0.0,5
209,high_tight,pd_theta_16,0,60,40.70523329085983,0.8833333333333333,4.0,0.0,4
209,high_tight,pd_theta_16,1,60,43.984103139160396,0.8666666666666667,13.0,0.0,6
209,high_tight,pd_theta_16,2,60,42.111803044951515,0.9333333333333333,13.5,0.0,4
209,high_tight,pd_theta_16,3,60,46.28281963163905,0.8666666666666667,20.0,0.0,8
209,high_tight,pd_theta_16,4,60,42.71516632748346,0.85,21.0,0.0,5
209,high_tight,pd_theta_16,5,60,44.463247829100176,0.9333333333333333,21.5,0.0,5
209,high_tight,pd_theta_16,6,60,44.09309968054813,0.9166666666666666,25.0,0.0,5
209,high_tight,pd_theta_16,7,60,44.08534863130885,0.8666666666666667,28.5,0.0,6
209,high_tight,pd_theta_16,8,60,45.603581291852265,0.8833333333333333,30.0,0.0,7
209,high_tight,pd_theta_16,9,60,43.144136523331866,0.9166666666666666,29.5,0.0,4
209,high_tight,pd_theta_16,10,60,45.654740547856676,0.8833333333333333,33.0,0.0,7
209,high_tight,pd_theta_16,11,60,42.77297372775744,0.9,32.5,0.0,4
209,high_tight,pd_theta_16,12,60,41.82036371751476,0.9,34.0,0.0,3
209,high_tight,pd_theta_16,13,60,45.33405038436727,0.8666666666666667,37.0,0.0,7
209,high_tight,pd_theta_16,14,60,44.241845218892834,0.9166666666666666,37.0,0.0,5
209,high_tight,pd_theta_16,15,60,44.28142661746424,0.8666666666666667,40.5,0.0,6
209,high_tight,pd_theta_16,16,60,43.520185695167065,0.9833333333333333,38.0,0.0,3
209,high_tight,pd_theta_16,17,60,43.63494035503003,0.7833333333333333,45.5,0.0,7
209,high_tight,pd_theta_16,18,60,45.34155267469638,0.9166666666666666,42.0,0.0,6
209,high_tight,pd_theta_16,19,60,43.228973862765535,0.8666666666666667,42.0,0.0,5
209,high_tight,pd_theta_16,20,60,46.50272559697539,0.9666666666666667,40.5,0.0,6
209,high_tight,pd_theta_16,21,60,42.593117771303675,0.8333333333333334,41.5,0.0,5
209,high_tight,pd_theta_16,22,60,47.121393668671715,0.9,40.0,0.0,8
209,high_tight,pd_theta_16,23,60,41.8228891212746,0.9,37.0,0.0,5
209,high_tight,pd_history,0,60,40.70523329085983,0.8833333333333333,4.0,0.0,4
209,high_tight,pd_history,1,60,43.984103139160396,0.8666666666666667,13.0,0.0,6
209,high_tight,pd_history,2,60,42.111803044951515,0.9333333333333333,13.5,0.0,4
209,high_tight,pd_history,3,60,46.083275195964,0.8666666666666667,14.0,0.0,8
209,high_tight,pd_history,4,60,42.61375741167681,0.85,13.5,0.0,5
209,high_tight,pd_history,5,60,44.11336490636296,0.9333333333333333,10.0,0.0,5
209,high_tight,pd_history,6,60,44.04283255016599,0.9166666666666666,14.5,0.0,5
209,high_tight,pd_history,7,60,43.98509988596523,0.8666666666666667,15.5,0.0,6
209,high_tight,pd_history,8,60,45.45372485430097,0.8833333333333333,15.5,0.0,7
209,high_tight,pd_history,9,60,42.79371134340867,0.9166666666666666,12.5,0.0,4
209,high_tight,pd_history,10,60,45.404526102865255,0.8833333333333333,15.0,0.0,7
209,high_tight,pd_history,11,60,42.52301214424398,0.9,13.5,0.0,4
209,high_tight,pd_history,12,60,41.27304993611306,0.9,11.0,0.0,3
209,high_tight,pd_history,13,60,44.98276144533255,0.8666666666666667,13.5,0.0,7
209,high_tight,pd_history,14,60,43.841380021545646,0.9166666666666666,12.0,0.0,5
209,high_tight,pd_history,15,60,43.98204739744041,0.8666666666666667,14.5,0.0,6
209,high_tight,pd_history,16,60,42.92013960983715,0.9833333333333333,8.5,0.0,3
209,high_tight,pd_history,17,60,43.334880905959515,0.7833333333333333,15.0,0.0,7
209,high_tight,pd_history,18,60,45.09206760755714,0.9166666666666666,14.0,0.0,6
209,high_tight,pd_history,19,60,42.88146363426862,0.8666666666666667,14.5,0.0,5
209,high_tight,pd_history,20,60,46.15252584994141,0.9666666666666667,15.0,0.0,6
209,high_tight,pd_history,21,60,42.19301243291746,0.8333333333333334,14.5,0.0,5
209,high_tight,pd_history,22,60,46.87293598671067,0.9,14.5,0.0,8
209,high_tight,pd_history,23,60,41.32321215236868,0.9,11.5,0.0,5
209,high_tight,no_control_interpretation,0,60,50.644342630647635,1.0,4.0,0.0,11
209,high_tight,no_control_interpretation,1,60,55.34288714966762,1.0,13.0,0.0,14
209,high_tight,no_control_interpretation,2,60,47.79163196641932,1.0,13.5,0.0,8
209,high_tight,no_control_interpretation,3,60,57.442274627826755,1.0,14.0,0.0,16
209,high_tight,no_control_interpretation,4,60,55.39181734887278,1.0,13.5,0.0,14
209,high_tight,no_control_interpretation,5,60,49.79157432341859,1.0,10.0,0.0,9
209,high_tight,no_control_interpretation,6,60,51.141250718617016,1.0,14.5,0.0,10
209,high_tight,no_control_interpretation,7,60,55.3440491043978,1.0,15.5,0.0,14
209,high_tight,no_control_interpretation,8,60,55.39328500762632,1.0,15.5,0.0,14
209,high_tight,no_control_interpretation,9,60,49.891956406315494,1.0,12.5,0.0,9
209,high_tight,no_control_interpretation,10,60,55.342676042589,1.0,15.0,0.0,14
209,high_tight,no_control_interpretation,11,60,51.04244101663205,1.0,13.5,0.0,10
209,high_tight,no_control_interpretation,12,60,49.79202865818511,1.0,11.0,0.0,9
209,high_tight,no_control_interpretation,13,60,56.34115539337772,1.0,13.5,0.0,15
209,high_tight,no_control_interpretation,14,60,50.940731599147846,1.0,12.0,0.0,10
209,high_tight,no_control_interpretation,15,60,55.34015797413416,1.0,14.5,0.0,14
209,high_tight,no_control_interpretation,16,60,44.340132207682004,1.0,8.5,0.0,4
209,high_tight,no_control_interpretation,17,60,61.79068651574188,1.0,15.0,0.0,20
209,high_tight,no_control_interpretation,18,60,52.190688191153406,1.0,14.0,0.0,11
209,high_tight,no_control_interpretation,19,60,54.24080626844667,1.0,14.5,0.0,13
209,high_tight,no_control_interpretation,20,60,48.992129349912375,1.0,15.0,0.0,8
209,high_tight,no_control_interpretation,21,60,56.39151245475526,1.0,14.5,0.0,15
209,high_tight,no_control_interpretation,22,60,55.39101522032894,1.0,14.5,0.0,14
209,high_tight,no_control_interpretation,23,60,49.842304026129106,1.0,11.5,0.0,11
209,high_tight,no_pre_new_only,0,60,11.833430642563961,0.5333333333333333,0,0.0,0
209,high_tight,no_pre_new_only,1,60,10.35559840036935,0.4666666666666667,0,0.0,0
209,high_tight,no_pre_new_only,2,60,11.833841978964056,0.5333333333333333,0,0.0,0
209,high_tight,no_pre_new_only,3,60,9.611847675581956,0.43333333333333335,0,0.0,0
209,high_tight,no_pre_new_only,4,60,10.352076600229545,0.4666666666666667,0,0.0,0
209,high_tight,no_pre_new_only,5,60,11.83373048204346,0.5333333333333333,0,0.0,0
209,high_tight,no_pre_new_only,6,60,11.831464462437523,0.5333333333333333,0,0.0,0
209,high_tight,no_pre_new_only,7,60,10.353921308370577,0.4666666666666667,0,0.0,0
209,high_tight,no_pre_new_only,8,60,10.3531475059755,0.4666666666666667,0,0.0,0
209,high_tight,no_pre_new_only,9,60,11.833367072539845,0.5333333333333333,0,0.0,0
209,high_tight,no_pre_new_only,10,60,10.353284757401102,0.4666666666666667,0,0.0,0
209,high_tight,no_pre_new_only,11,60,11.831364986722935,0.5333333333333333,0,0.0,0
209,high_tight,no_pre_new_only,12,60,11.830463779707458,0.5333333333333333,0,0.0,0
209,high_tight,no_pre_new_only,13,60,9.984527587236538,0.45,0,0.0,0
209,high_tight,no_pre_new_only,14,60,11.831878920347556,0.5333333333333333,0,0.0,0
209,high_tight,no_pre_new_only,15,60,10.353083406123313,0.4666666666666667,0,0.0,0
209,high_tight,no_pre_new_only,16,60,11.832307931173482,0.5333333333333333,0,0.0,0
209,high_tight,no_pre_new_only,17,60,8.133817466750305,0.36666666666666664,0,0.0,0
209,high_tight,no_pre_new_only,18,60,11.463627344969641,0.5166666666666667,0,0.0,0
209,high_tight,no_pre_new_only,19,60,10.721063631367432,0.48333333333333334,0,0.0,0
209,high_tight,no_pre_new_only,20,60,11.832264756132565,0.5333333333333333,0,0.0,0
209,high_tight,no_pre_new_only,21,60,9.985646351193791,0.45,0,0.0,0
209,high_tight,no_pre_new_only,22,60,10.351786059684832,0.4666666666666667,0,0.0,0
209,high_tight,no_pre_new_only,23,60,11.832663764402266,0.5333333333333333,0,0.0,0
209,high_tight,greedy_hard_cap,0,60,35.97772439148109,0.8166666666666667,14.0,0.0,0
209,high_tight,greedy_hard_cap,1,60,35.91802896652937,0.7666666666666667,16.5,0.0,0
209,high_tight,greedy_hard_cap,2,60,37.0888750182409,0.8666666666666667,15.5,0.0,0
209,high_tight,greedy_hard_cap,3,60,35.17801429307823,0.7333333333333333,17.0,0.0,0
209,high_tight,greedy_hard_cap,4,60,35.91819125135609,0.7666666666666667,17.5,0.0,0
209,high_tight,greedy_hard_cap,5,60,37.76810662044335,0.85,15.5,0.0,0
209,high_tight,greedy_hard_cap,6,60,37.397889104559994,0.8333333333333334,16.0,0.0,0
209,high_tight,greedy_hard_cap,7,60,35.91747574466625,0.7666666666666667,19.0,0.0,0
209,high_tight,greedy_hard_cap,8,60,35.919120142080544,0.7666666666666667,17.0,0.0,0
209,high_tight,greedy_hard_cap,9,60,37.76808918185007,0.85,15.5,0.0,0
209,high_tight,greedy_hard_cap,10,60,35.9177632827504,0.7666666666666667,16.0,0.0,0
209,high_tight,greedy_hard_cap,11,60,37.39818587925506,0.8333333333333334,16.5,0.0,0
209,high_tight,greedy_hard_cap,12,60,37.76802646761521,0.85,15.5,0.0,0
209,high_tight,greedy_hard_cap,13,60,35.547663587452284,0.75,19.0,0.0,0
209,high_tight,greedy_hard_cap,14,60,37.39686466384899,0.8333333333333334,16.5,0.0,0
209,high_tight,greedy_hard_cap,15,60,35.91724113381515,0.7666666666666667,18.5,0.0,0
209,high_tight,greedy_hard_cap,16,60,39.616675784291594,0.9333333333333333,16.5,0.0,0
209,high_tight,greedy_hard_cap,17,60,33.69845217117689,0.6666666666666666,17.5,0.0,0
209,high_tight,greedy_hard_cap,18,60,37.02794191612371,0.8166666666666667,16.0,0.0,0
209,high_tight,greedy_hard_cap,19,60,36.28781101207005,0.7833333333333333,16.5,0.0,0
209,high_tight,greedy_hard_cap,20,60,38.13912546572393,0.8666666666666667,15.5,0.0,0
209,high_tight,greedy_hard_cap,21,60,35.548574669066724,0.75,17.0,0.0,0
209,high_tight,greedy_hard_cap,22,60,35.91888350817967,0.7666666666666667,18.0,0.0,0
209,high_tight,greedy_hard_cap,23,60,34.929236485216094,0.8166666666666667,17.0,0.0,0
209,high_loose,pd_theta_2,0,60,34.12329776883922,0.9833333333333333,0,0.0,1
209,high_loose,pd_theta_2,1,60,34.14249466027566,1.0,3.0,0.0,1
209,high_loose,pd_theta_2,2,60,34.64215463734439,1.0,8.0,0.0,0
209,high_loose,pd_theta_2,3,60,33.494309349265166,1.0,13.0,0.0,0
209,high_loose,pd_theta_2,4,60,34.24417573534366,1.0,14.0,0.0,0
209,high_loose,pd_theta_2,5,60,34.142201788533335,1.0,13.5,0.0,0
209,high_loose,pd_theta_2,6,60,34.491321949679666,1.0,10.5,0.0,0
209,high_loose,pd_theta_2,7,60,34.04044793873707,1.0,8.5,0.0,0
209,high_loose,pd_theta_2,8,60,34.043361418975884,1.0,9.0,0.0,0
209,high_loose,pd_theta_2,9,60,34.092622424290425,1.0,12.0,0.0,0
209,high_loose,pd_theta_2,10,60,34.24077219473158,1.0,9.0,0.0,0
209,high_loose,pd_theta_2,11,60,34.592732037133736,1.0,13.0,0.0,0
209,high_loose,pd_theta_2,12,60,34.691908514684876,1.0,11.0,0.0,0
209,high_loose,pd_theta_2,13,60,34.040506818861104,1.0,9.5,0.0,0
209,high_loose,pd_theta_2,14,60,34.490760750214314,1.0,11.0,0.0,0
209,high_loose,pd_theta_2,15,60,34.24050284993881,1.0,12.0,0.0,0
209,high_loose,pd_theta_2,16,60,34.79164096977665,1.0,11.0,0.0,0
209,high_loose,pd_theta_2,17,60,33.64213996725046,1.0,13.0,0.0,0
209,high_loose,pd_theta_2,18,60,34.44022122668842,1.0,13.0,0.0,0
209,high_loose,pd_theta_2,19,60,34.443837265528806,1.0,16.5,0.0,0
209,high_loose,pd_theta_2,20,60,34.741893460707914,1.0,12.0,0.0,0
209,high_loose,pd_theta_2,21,60,33.389598138804466,1.0,11.0,0.0,0
209,high_loose,pd_theta_2,22,60,34.34277455808848,1.0,9.0,0.0,0
209,high_loose,pd_theta_2,23,60,34.091320201028566,1.0,9.0,0.0,0
209,high_loose,pd_theta_4,0,60,34.12329776883922,0.9833333333333333,0,0.0,1
209,high_loose,pd_theta_4,1,60,34.14249466027566,1.0,3.0,0.0,1
209,high_loose,pd_theta_4,2,60,34.64215463734439,1.0,8.0,0.0,0
209,high_loose,pd_theta_4,3,60,33.494309349265166,1.0,13.0,0.0,0
209,high_loose,pd_theta_4,4,60,34.243036677383,1.0,16.0,0.0,0
209,high_loose,pd_theta_4,5,60,33.9922958881676,1.0,19.5,0.0,0
209,high_loose,pd_theta_4,6,60,34.491550268624046,1.0,21.0,0.0,0
209,high_loose,pd_theta_4,7,60,34.04206120073454,1.0,16.0,0.0,0
209,high_loose,pd_theta_4,8,60,34.04365096414298,1.0,14.5,0.0,0
209,high_loose,pd_theta_4,9,60,34.14133730019776,1.0,17.5,0.0,0
209,high_loose,pd_theta_4,10,60,34.24090583017061,1.0,16.0,0.0,0
209,high_loose,pd_theta_4,11,60,34.44138426255539,1.0,16.0,0.0,0
209,high_loose,pd_theta_4,12,60,34.690635430665054,1.0,16.0,0.0,0
209,high_loose,pd_theta_4,13,60,33.892994151928455,1.0,17.5,0.0,0
209,high_loose,pd_theta_4,14,60,34.489944189428,1.0,14.0,0.0,0
209,high_loose,pd_theta_4,15,60,34.23956078341903,1.0,16.0,0.0,0
209,high_loose,pd_theta_4,16,60,34.79245831911492,1.0,16.0,0.0,0
209,high_loose,pd_theta_4,17,60,33.64052650201671,1.0,18.0,0.0,0
209,high_loose,pd_theta_4,18,60,34.439780631795294,1.0,21.0,0.0,0
209,high_loose,pd_theta_4,19,60,34.294129026611046,1.0,21.5,0.0,0
209,high_loose,pd_theta_4,20,60,34.591565011142585,1.0,18.0,0.0,0
209,high_loose,pd_theta_4,21,60,33.389417254245124,1.0,17.0,0.0,0
209,high_loose,pd_theta_4,22,60,34.04119129254921,1.0,16.0,0.0,0
209,high_loose,pd_theta_4,23,60,34.091124706483086,1.0,19.0,0.0,0
209,high_loose,pd_theta_8,0,60,34.12329776883922,0.9833333333333333,0,0.0,1
209,high_loose,pd_theta_8,1,60,34.14249466027566,1.0,3.0,0.0,1
209,high_loose,pd_theta_8,2,60,34.64215463734439,1.0,8.0,0.0,0
209,high_loose,pd_theta_8,3,60,33.494309349265166,1.0,13.0,0.0,0
209,high_loose,pd_theta_8,4,60,34.243036677383,1.0,16.0,0.0,0
209,high_loose,pd_theta_8,5,60,33.9922958881676,1.0,19.5,0.0,0
209,high_loose,pd_theta_8,6,60,34.49169587571783,1.0,22.0,0.0,0
209,high_loose,pd_theta_8,7,60,34.04206120073454,1.0,22.0,0.0,0
209,high_loose,pd_theta_8,8,60,34.043221684651265,1.0,26.0,0.0,0
209,high_loose,pd_theta_8,9,60,33.84278942935579,1.0,32.0,0.0,0
209,high_loose,pd_theta_8,10,60,34.3406851959503,1.0,35.0,0.0,0
209,high_loose,pd_theta_8,11,60,34.691803982243,1.0,33.5,0.0,0
209,high_loose,pd_theta_8,12,60,34.39277838038808,1.0,29.5,0.0,0
209,high_loose,pd_theta_8,13,60,34.03839131079087,1.0,29.5,0.0,0
209,high_loose,pd_theta_8,14,60,34.49024666583916,1.0,27.0,0.0,0
209,high_loose,pd_theta_8,15,60,34.24000049966366,1.0,29.5,0.0,0
209,high_loose,pd_theta_8,16,60,34.440019986073224,1.0,28.5,0.0,0
209,high_loose,pd_theta_8,17,60,33.74013073523402,1.0,31.5,0.0,0
209,high_loose,pd_theta_8,18,60,34.59018984792987,1.0,32.5,0.0,0
209,high_loose,pd_theta_8,19,60,34.292199160138935,1.0,33.0,0.0,0
209,high_loose,pd_theta_8,20,60,34.191290712078725,1.0,30.5,0.0,0
209,high_loose,pd_theta_8,21,60,33.39157822412104,1.0,29.5,0.0,0
209,high_loose,pd_theta_8,22,60,34.041692053858654,1.0,32.5,0.0,0
209,high_loose,pd_theta_8,23,60,33.89010937375306,1.0,32.0,0.0,0
209,high_loose,pd_theta_16,0,60,34.12329776883922,0.9833333333333333,0,0.0,1
209,high_loose,pd_theta_16,1,60,34.14249466027566,1.0,3.0,0.0,1
209,high_loose,pd_theta_16,2,60,34.64215463734439,1.0,8.0,0.0,0
209,high_loose,pd_theta_16,3,60,33.494309349265166,1.0,13.0,0.0,0
209,high_loose,pd_theta_16,4,60,34.243036677383,1.0,16.0,0.0,0
209,high_loose,pd_theta_16,5,60,33.9922958881676,1.0,19.5,0.0,0
209,high_loose,pd_theta_16,6,60,34.49169587571783,1.0,22.0,0.0,0
209,high_loose,pd_theta_16,7,60,34.04206120073454,1.0,22.0,0.0,0
209,high_loose,pd_theta_16,8,60,34.043221684651265,1.0,26.0,0.0,0
209,high_loose,pd_theta_16,9,60,33.84278942935579,1.0,32.0,0.0,0
209,high_loose,pd_theta_16,10,60,34.341225666630905,1.0,36.0,0.0,0
209,high_loose,pd_theta_16,11,60,34.69245743046089,1.0,39.5,0.0,0
209,high_loose,pd_theta_16,12,60,34.39113908610211,1.0,39.5,0.0,0
209,high_loose,pd_theta_16,13,60,34.0408328184787,1.0,44.5,0.0,0
209,high_loose,pd_theta_16,14,60,34.33863839817471,1.0,43.5,0.0,0
209,high_loose,pd_theta_16,15,60,34.33938800567286,1.0,51.0,0.0,0
209,high_loose,pd_theta_16,16,60,34.28979561704113,1.0,51.5,0.0,0
209,high_loose,pd_theta_16,17,60,33.84118453438462,1.0,58.0,0.0,0
209,high_loose,pd_theta_16,18,60,34.390154562656285,1.0,58.5,0.0,0
209,high_loose,pd_theta_16,19,60,34.24195874623377,1.0,57.0,0.0,0
209,high_loose,pd_theta_16,20,60,34.29268608461175,1.0,57.5,0.0,0
209,high_loose,pd_theta_16,21,60,33.49116722948455,1.0,56.0,0.0,0
209,high_loose,pd_theta_16,22,60,34.18989998272157,1.0,56.5,0.0,0
209,high_loose,pd_theta_16,23,60,33.54156235649122,1.0,55.0,0.0,0
209,high_loose,pd_history,0,60,34.12329776883922,0.9833333333333333,0,0.0,1
209,high_loose,pd_history,1,60,34.14249466027566,1.0,3.0,0.0,1
209,high_loose,pd_history,2,60,34.64215463734439,1.0,8.0,0.0,0
209,high_loose,pd_history,3,60,33.494309349265166,1.0,13.0,0.0,0
209,high_loose,pd_history,4,60,34.24417573534366,1.0,14.0,0.0,0
209,high_loose,pd_history,5,60,34.142201788533335,1.0,13.5,0.0,0
209,high_loose,pd_history,6,60,34.491321949679666,1.0,10.5,0.0,0
209,high_loose,pd_history,7,60,34.04044793873707,1.0,8.5,0.0,0
209,high_loose,pd_history,8,60,34.043361418975884,1.0,9.0,0.0,0
209,high_loose,pd_history,9,60,34.092622424290425,1.0,12.0,0.0,0
209,high_loose,pd_history,10,60,34.24077219473158,1.0,9.0,0.0,0
209,high_loose,pd_history,11,60,34.592732037133736,1.0,13.0,0.0,0
209,high_loose,pd_history,12,60,34.691908514684876,1.0,11.0,0.0,0
209,high_loose,pd_history,13,60,34.040506818861104,1.0,9.5,0.0,0
209,high_loose,pd_history,14,60,34.490760750214314,1.0,11.0,0.0,0
209,high_loose,pd_history,15,60,34.24050284993881,1.0,12.0,0.0,0
209,high_loose,pd_history,16,60,34.79164096977665,1.0,11.0,0.0,0
209,high_loose,pd_history,17,60,33.64213996725046,1.0,13.0,0.0,0
209,high_loose,pd_history,18,60,34.44022122668842,1.0,13.0,0.0,0
209,high_loose,pd_history,19,60,34.443837265528806,1.0,16.5,0.0,0
209,high_loose,pd_history,20,60,34.741893460707914,1.0,12.0,0.0,0
209,high_loose,pd_history,21,60,33.389598138804466,1.0,11.0,0.0,0
209,high_loose,pd_history,22,60,34.34277455808848,1.0,9.0,0.0,0
209,high_loose,pd_history,23,60,34.091320201028566,1.0,9.0,0.0,0
209,high_loose,no_control_interpretation,0,60,34.64312937917837,1.0,0,0.0,2
209,high_loose,no_control_interpretation,1,60,34.14249466027566,1.0,3.0,0.0,1
209,high_loose,no_control_interpretation,2,60,34.64215463734439,1.0,8.0,0.0,0
209,high_loose,no_control_interpretation,3,60,33.494309349265166,1.0,13.0,0.0,0
209,high_loose,no_control_interpretation,4,60,34.24417573534366,1.0,14.0,0.0,0
209,high_loose,no_control_interpretation,5,60,34.142201788533335,1.0,13.5,0.0,0
209,high_loose,no_control_interpretation,6,60,34.491321949679666,1.0,10.5,0.0,0
209,high_loose,no_control_interpretation,7,60,34.04044793873707,1.0,8.5,0.0,0
209,high_loose,no_control_interpretation,8,60,34.043361418975884,1.0,9.0,0.0,0
209,high_loose,no_control_interpretation,9,60,34.092622424290425,1.0,12.0,0.0,0
209,high_loose,no_control_interpretation,10,60,34.24077219473158,1.0,9.0,0.0,0
209,high_loose,no_control_interpretation,11,60,34.592732037133736,1.0,13.0,0.0,0
209,high_loose,no_control_interpretation,12,60,34.691908514684876,1.0,11.0,0.0,0
209,high_loose,no_control_interpretation,13,60,34.040506818861104,1.0,9.5,0.0,0
209,high_loose,no_control_interpretation,14,60,34.490760750214314,1.0,11.0,0.0,0
209,high_loose,no_control_interpretation,15,60,34.24050284993881,1.0,12.0,0.0,0
209,high_loose,no_control_interpretation,16,60,34.79164096977665,1.0,11.0,0.0,0
209,high_loose,no_control_interpretation,17,60,33.64213996725046,1.0,13.0,0.0,0
209,high_loose,no_control_interpretation,18,60,34.44022122668842,1.0,13.0,0.0,0
209,high_loose,no_control_interpretation,19,60,34.443837265528806,1.0,16.5,0.0,0
209,high_loose,no_control_interpretation,20,60,34.741893460707914,1.0,12.0,0.0,0
209,high_loose,no_control_interpretation,21,60,33.389598138804466,1.0,11.0,0.0,0
209,high_loose,no_control_interpretation,22,60,34.34277455808848,1.0,9.0,0.0,0
209,high_loose,no_control_interpretation,23,60,34.091320201028566,1.0,9.0,0.0,0
209,high_loose,no_pre_new_only,0,60,6.236508172981633,0.2,0,0.0,0
209,high_loose,no_pre_new_only,1,60,6.236184452502452,0.2,0,0.0,0
209,high_loose,no_pre_new_only,2,60,6.238188383738574,0.2,0,0.0,0
209,high_loose,no_pre_new_only,3,60,6.978244340202576,0.23333333333333334,0,0.0,0
209,high_loose,no_pre_new_only,4,60,6.238131214263653,0.2,0,0.0,0
209,high_loose,no_pre_new_only,5,60,6.977097683558924,0.23333333333333334,0,0.0,0
209,high_loose,no_pre_new_only,6,60,6.237806092600435,0.2,0,0.0,0
209,high_loose,no_pre_new_only,7,60,6.236133676277821,0.2,0,0.0,0
209,high_loose,no_pre_new_only,8,60,6.236335550651102,0.2,0,0.0,0
209,high_loose,no_pre_new_only,9,60,6.978139925757105,0.23333333333333334,0,0.0,0
209,high_loose,no_pre_new_only,10,60,6.236104240433935,0.2,0,0.0,0
209,high_loose,no_pre_new_only,11,60,6.23643792752178,0.2,0,0.0,0
209,high_loose,no_pre_new_only,12,60,6.237505656622453,0.2,0,0.0,0
209,high_loose,no_pre_new_only,13,60,6.236968077026108,0.2,0,0.0,0
209,high_loose,no_pre_new_only,14,60,6.238325063098259,0.2,0,0.0,0
209,high_loose,no_pre_new_only,15,60,6.23611889037379,0.2,0,0.0,0
209,high_loose,no_pre_new_only,16,60,6.236879328381985,0.2,0,0.0,0
209,high_loose,no_pre_new_only,17,60,6.236514708873798,0.2,0,0.0,0
209,high_loose,no_pre_new_only,18,60,6.237966518765312,0.2,0,0.0,0
209,high_loose,no_pre_new_only,19,60,6.237105929940651,0.2,0,0.0,0
209,high_loose,no_pre_new_only,20,60,6.2381834540531615,0.2,0,0.0,0
209,high_loose,no_pre_new_only,21,60,6.976460632761338,0.23333333333333334,0,0.0,0
209,high_loose,no_pre_new_only,22,60,6.237126209758569,0.2,0,0.0,0
209,high_loose,no_pre_new_only,23,60,6.976265816189989,0.23333333333333334,0,0.0,0
209,high_loose,greedy_hard_cap,0,60,35.297868433380145,1.0,10.5,0.0,0
209,high_loose,greedy_hard_cap,1,60,34.898166657623065,1.0,14.5,0.0,0
209,high_loose,greedy_hard_cap,2,60,35.547322957315885,1.0,17.0,0.0,0
209,high_loose,greedy_hard_cap,3,60,34.14789322401268,1.0,16.5,0.0,0
209,high_loose,greedy_hard_cap,4,60,34.94826837255464,1.0,17.0,0.0,0
209,high_loose,greedy_hard_cap,5,60,34.89719896967078,1.0,17.5,0.0,0
209,high_loose,greedy_hard_cap,6,60,35.497038828385996,1.0,19.0,0.0,0
209,high_loose,greedy_hard_cap,7,60,35.09860892002194,1.0,17.5,0.0,0
209,high_loose,greedy_hard_cap,8,60,35.09828602227414,1.0,16.0,0.0,0
209,high_loose,greedy_hard_cap,9,60,35.0977757277466,1.0,16.0,0.0,0
209,high_loose,greedy_hard_cap,10,60,35.14820830660023,1.0,20.5,0.0,0
209,high_loose,greedy_hard_cap,11,60,35.59653587716048,1.0,19.5,0.0,0
209,high_loose,greedy_hard_cap,12,60,35.59744204197871,1.0,18.5,0.0,0
209,high_loose,greedy_hard_cap,13,60,35.048057140672306,1.0,17.0,0.0,0
209,high_loose,greedy_hard_cap,14,60,35.695058914742575,1.0,18.5,0.0,0
209,high_loose,greedy_hard_cap,15,60,35.146866143328296,1.0,18.5,0.0,0
209,high_loose,greedy_hard_cap,16,60,36.146710517868286,1.0,19.5,0.0,0
209,high_loose,greedy_hard_cap,17,60,34.49673088787091,1.0,21.5,0.0,0
209,high_loose,greedy_hard_cap,18,60,35.59882240290566,1.0,20.5,0.0,0
209,high_loose,greedy_hard_cap,19,60,35.14676572019232,1.0,21.5,0.0,0
209,high_loose,greedy_hard_cap,20,60,35.84543517013184,1.0,21.0,0.0,0
209,high_loose,greedy_hard_cap,21,60,34.5478679848454,1.0,18.0,0.0,0
209,high_loose,greedy_hard_cap,22,60,35.34438356731268,1.0,19.5,0.0,0
209,high_loose,greedy_hard_cap,23,60,35.247377445241455,1.0,22.5,0.0,0
209,random,pd_theta_2,0,60,42.14191526532384,1.0,1.0,0.0,4
209,random,pd_theta_2,1,60,45.421504678776905,0.9833333333333333,4.5,0.0,2
209,random,pd_theta_2,2,60,44.39015547511969,1.0,9.0,0.0,0
209,random,pd_theta_2,3,60,42.33901781058337,1.0,15.0,0.0,0
209,random,pd_theta_2,4,60,41.670602173465156,0.9833333333333333,18.5,0.0,0
209,random,pd_theta_2,5,60,44.99076562436967,1.0,14.5,0.0,0
209,random,pd_theta_2,6,60,43.039961991445224,1.0,14.0,0.0,0
209,random,pd_theta_2,7,60,44.83928691998683,1.0,13.5,0.0,0
209,random,pd_theta_2,8,60,42.34223850913669,1.0,9.5,0.0,0
209,random,pd_theta_2,9,60,41.69051890668141,1.0,17.0,0.0,0
209,random,pd_theta_2,10,60,45.03916759935306,1.0,12.5,0.0,0
209,random,pd_theta_2,11,60,42.43946508447714,1.0,10.5,0.0,0
209,random,pd_theta_2,12,60,40.39275430687005,1.0,10.0,0.0,0
209,random,pd_theta_2,13,60,48.13858679997091,1.0,14.0,0.0,0
209,random,pd_theta_2,14,60,45.14104235285436,1.0,15.5,0.0,0
209,random,pd_theta_2,15,60,43.73913958921918,1.0,17.0,0.0,0
209,random,pd_theta_2,16,60,36.93883401127915,1.0,15.0,0.0,0
209,random,pd_theta_2,17,60,46.98236082884771,0.95,17.0,0.0,2
209,random,pd_theta_2,18,60,44.48654004156191,1.0,12.5,0.0,0
209,random,pd_theta_2,19,60,40.742799095613144,1.0,14.0,0.0,0
209,random,pd_theta_2,20,60,44.29200677126367,1.0,15.5,0.0,0
209,random,pd_theta_2,21,60,44.089333011646126,1.0,15.5,0.0,0
209,random,pd_theta_2,22,60,43.038865242540794,1.0,14.0,0.0,0
209,random,pd_theta_2,23,60,41.588816728708125,1.0,16.0,0.0,0
209,random,pd_theta_4,0,60,42.14191526532384,1.0,1.0,0.0,4
209,random,pd_theta_4,1,60,45.421504678776905,0.9833333333333333,4.5,0.0,2
209,random,pd_theta_4,2,60,44.39015547511969,1.0,9.0,0.0,0
209,random,pd_theta_4,3,60,42.33777687426121,1.0,15.5,0.0,0
209,random,pd_theta_4,4,60,42.29009741913008,1.0,22.5,0.0,0
209,random,pd_theta_4,5,60,45.18950670623973,1.0,29.0,0.0,0
209,random,pd_theta_4,6,60,43.14218090526293,1.0,30.0,0.0,0
209,random,pd_theta_4,7,60,44.93819919303892,1.0,26.0,0.0,0
209,random,pd_theta_4,8,60,42.543954509293485,1.0,23.5,0.0,0
209,random,pd_theta_4,9,60,41.93995979557691,1.0,22.5,0.0,0
209,random,pd_theta_4,10,60,45.139080722310794,1.0,20.5,0.0,0
209,random,pd_theta_4,11,60,42.54185010170485,1.0,19.0,0.0,0
209,random,pd_theta_4,12,60,40.49265865294948,1.0,21.5,0.0,0
209,random,pd_theta_4,13,60,48.14203688519607,1.0,22.5,0.0,0
209,random,pd_theta_4,14,60,45.23921531240739,1.0,22.5,0.0,0
209,random,pd_theta_4,15,60,43.93911632346085,1.0,25.5,0.0,0
209,random,pd_theta_4,16,60,37.1384373995608,1.0,27.5,0.0,0
209,random,pd_theta_4,17,60,48.74091303060073,1.0,26.0,0.0,0
209,random,pd_theta_4,18,60,44.588416980535705,1.0,21.5,0.0,0
209,random,pd_theta_4,19,60,40.8402144774164,1.0,20.5,0.0,0
209,random,pd_theta_4,20,60,44.54143243659166,1.0,24.5,0.0,0
209,random,pd_theta_4,21,60,44.19001709112834,1.0,25.5,0.0,0
209,random,pd_theta_4,22,60,43.23757584644963,1.0,27.0,0.0,0
209,random,pd_theta_4,23,60,41.689394325217584,1.0,28.0,0.0,0
209,random,pd_theta_8,0,60,42.14191526532384,1.0,1.0,0.0,4
209,random,pd_theta_8,1,60,45.421504678776905,0.9833333333333333,4.5,0.0,2
209,random,pd_theta_8,2,60,44.39015547511969,1.0,9.0,0.0,0
209,random,pd_theta_8,3,60,42.33777687426121,1.0,15.5,0.0,0
209,random,pd_theta_8,4,60,42.29009741913008,1.0,22.5,0.0,0
209,random,pd_theta_8,5,60,45.339924155283924,1.0,30.5,0.0,0
209,random,pd_theta_8,6,60,43.24075424316758,1.0,33.5,0.0,0
209,random,pd_theta_8,7,60,45.237605396087865,1.0,37.5,0.0,0
209,random,pd_theta_8,8,60,42.84127641507234,1.0,41.0,0.0,0
209,random,pd_theta_8,9,60,41.98901158216315,1.0,39.0,0.0,0
209,random,pd_theta_8,10,60,45.53869677904629,1.0,41.5,0.0,0
209,random,pd_theta_8,11,60,42.74212139523892,1.0,39.0,0.0,0
209,random,pd_theta_8,12,60,40.489284831839214,1.0,35.5,0.0,0
209,random,pd_theta_8,13,60,48.24101964500241,1.0,33.0,0.0,0
209,random,pd_theta_8,14,60,45.2399185602231,1.0,32.5,0.0,0
209,random,pd_theta_8,15,60,43.891628182948324,1.0,35.0,0.0,0
209,random,pd_theta_8,16,60,37.23831103539619,1.0,35.5,0.0,0
209,random,pd_theta_8,17,60,48.741664138163664,1.0,37.5,0.0,0
209,random,pd_theta_8,18,60,44.68838895693042,1.0,36.0,0.0,0
209,random,pd_theta_8,19,60,40.99004866455716,1.0,36.5,0.0,0
209,random,pd_theta_8,20,60,44.540960983554,1.0,36.0,0.0,0
209,random,pd_theta_8,21,60,44.340787211940786,1.0,37.0,0.0,0
209,random,pd_theta_8,22,60,43.287314817561914,1.0,38.5,0.0,0
209,random,pd_theta_8,23,60,41.98728116931469,1.0,38.5,0.0,0
209,random,pd_theta_16,0,60,42.14191526532384,1.0,1.0,0.0,4
209,random,pd_theta_16,1,60,45.421504678776905,0.9833333333333333,4.5,0.0,2
209,random,pd_theta_16,2,60,44.39015547511969,1.0,9.0,0.0,0
209,random,pd_theta_16,3,60,42.33777687426121,1.0,15.5,0.0,0
209,random,pd_theta_16,4,60,42.29009741913008,1.0,22.5,0.0,0
209,random,pd_theta_16,5,60,45.339924155283924,1.0,30.5,0.0,0
209,random,pd_theta_16,6,60,43.24075424316758,1.0,33.5,0.0,0
209,random,pd_theta_16,7,60,45.237605396087865,1.0,37.5,0.0,0
209,random,pd_theta_16,8,60,42.84127641507234,1.0,41.0,0.0,0
209,random,pd_theta_16,9,60,41.988592335320895,1.0,39.5,0.0,0
209,random,pd_theta_16,10,60,45.53879747918618,1.0,44.0,0.0,0
209,random,pd_theta_16,11,60,42.8415564200618,1.0,45.5,0.0,0
209,random,pd_theta_16,12,60,40.69076166696807,1.0,48.5,0.0,0
209,random,pd_theta_16,13,60,48.33833020248006,1.0,52.0,0.0,0
209,random,pd_theta_16,14,60,45.83817716753388,1.0,54.5,0.0,0
209,random,pd_theta_16,15,60,43.98824503909925,1.0,57.5,0.0,0
209,random,pd_theta_16,16,60,37.337826357188334,1.0,60.0,0.0,0
209,random,pd_theta_16,17,60,48.78986673684976,1.0,61.5,0.0,0
209,random,pd_theta_16,18,60,44.88797605323066,1.0,61.5,0.0,0
209,random,pd_theta_16,19,60,41.139181892144485,1.0,62.5,0.0,0
209,random,pd_theta_16,20,60,44.63981943612162,1.0,61.0,0.0,0
209,random,pd_theta_16,21,60,44.739704756834584,1.0,57.5,0.0,0
209,random,pd_theta_16,22,60,43.58676701631391,1.0,56.0,0.0,0
209,random,pd_theta_16,23,60,42.287865067225376,1.0,54.5,0.0,0
209,random,pd_history,0,60,42.14191526532384,1.0,1.0,0.0,4
209,random,pd_history,1,60,45.421504678776905,0.9833333333333333,4.5,0.0,2
209,random,pd_history,2,60,44.39015547511969,1.0,9.0,0.0,0
209,random,pd_history,3,60,42.33901781058337,1.0,15.0,0.0,0
209,random,pd_history,4,60,41.670602173465156,0.9833333333333333,18.5,0.0,0
209,random,pd_history,5,60,44.99076562436967,1.0,14.5,0.0,0
209,random,pd_history,6,60,43.039961991445224,1.0,14.0,0.0,0
209,random,pd_history,7,60,44.83928691998683,1.0,13.5,0.0,0
209,random,pd_history,8,60,42.34223850913669,1.0,9.5,0.0,0
209,random,pd_history,9,60,41.69051890668141,1.0,17.0,0.0,0
209,random,pd_history,10,60,45.03916759935306,1.0,12.5,0.0,0
209,random,pd_history,11,60,42.43946508447714,1.0,10.5,0.0,0
209,random,pd_history,12,60,40.39275430687005,1.0,10.0,0.0,0
209,random,pd_history,13,60,48.13858679997091,1.0,14.0,0.0,0
209,random,pd_history,14,60,45.14104235285436,1.0,15.5,0.0,0
209,random,pd_history,15,60,43.73913958921918,1.0,17.0,0.0,0
209,random,pd_history,16,60,36.93883401127915,1.0,15.0,0.0,0
209,random,pd_history,17,60,46.98236082884771,0.95,17.0,0.0,2
209,random,pd_history,18,60,44.48654004156191,1.0,12.5,0.0,0
209,random,pd_history,19,60,40.742799095613144,1.0,14.0,0.0,0
209,random,pd_history,20,60,44.29200677126367,1.0,15.5,0.0,0
209,random,pd_history,21,60,44.089333011646126,1.0,15.5,0.0,0
209,random,pd_history,22,60,43.038865242540794,1.0,14.0,0.0,0
209,random,pd_history,23,60,41.588816728708125,1.0,16.0,0.0,0
209,random,no_control_interpretation,0,60,42.14191526532384,1.0,1.0,0.0,4
209,random,no_control_interpretation,1,60,45.941202324650575,1.0,4.5,0.0,2
209,random,no_control_interpretation,2,60,44.39015547511969,1.0,9.0,0.0,0
209,random,no_control_interpretation,3,60,42.33901781058337,1.0,15.0,0.0,0
209,random,no_control_interpretation,4,60,42.190204690532795,1.0,18.5,0.0,0
209,random,no_control_interpretation,5,60,44.99076562436967,1.0,14.5,0.0,0
209,random,no_control_interpretation,6,60,43.039961991445224,1.0,14.0,0.0,0
209,random,no_control_interpretation,7,60,44.83928691998683,1.0,13.5,0.0,0
209,random,no_control_interpretation,8,60,42.34223850913669,1.0,9.5,0.0,0
209,random,no_control_interpretation,9,60,41.69051890668141,1.0,17.0,0.0,0
209,random,no_control_interpretation,10,60,45.03916759935306,1.0,12.5,0.0,0
209,random,no_control_interpretation,11,60,42.43946508447714,1.0,10.5,0.0,0
209,random,no_control_interpretation,12,60,40.39275430687005,1.0,10.0,0.0,0
209,random,no_control_interpretation,13,60,48.13858679997091,1.0,14.0,0.0,0
209,random,no_control_interpretation,14,60,45.14104235285436,1.0,15.5,0.0,0
209,random,no_control_interpretation,15,60,43.73913958921918,1.0,17.0,0.0,0
209,random,no_control_interpretation,16,60,36.93883401127915,1.0,15.0,0.0,0
209,random,no_control_interpretation,17,60,48.54164689906587,1.0,17.0,0.0,2
209,random,no_control_interpretation,18,60,44.48686113051402,1.0,14.5,0.0,0
209,random,no_control_interpretation,19,60,40.74158525472551,1.0,16.0,0.0,0
209,random,no_control_interpretation,20,60,44.29200677126367,1.0,15.5,0.0,0
209,random,no_control_interpretation,21,60,44.089333011646126,1.0,15.5,0.0,0
209,random,no_control_interpretation,22,60,43.038865242540794,1.0,14.0,0.0,0
209,random,no_control_interpretation,23,60,41.588816728708125,1.0,16.0,0.0,0
209,random,no_pre_new_only,0,60,9.336063763532698,0.36666666666666664,0,0.0,0
209,random,no_pre_new_only,1,60,10.295408913490764,0.4166666666666667,0,0.0,0
209,random,no_pre_new_only,2,60,10.512696257842842,0.43333333333333335,0,0.0,0
209,random,no_pre_new_only,3,60,9.633736534473094,0.36666666666666664,0,0.0,0
209,random,no_pre_new_only,4,60,9.552990853656691,0.38333333333333336,0,0.0,0
209,random,no_pre_new_only,5,60,9.922937515305584,0.4,0,0.0,0
209,random,no_pre_new_only,6,60,10.36498249155212,0.43333333333333335,0,0.0,0
209,random,no_pre_new_only,7,60,7.855281402968588,0.3,0,0.0,0
209,random,no_pre_new_only,8,60,8.595568216303224,0.3333333333333333,0,0.0,0
209,random,no_pre_new_only,9,60,9.853090834886713,0.38333333333333336,0,0.0,0
209,random,no_pre_new_only,10,60,9.114584801946977,0.35,0,0.0,0
209,random,no_pre_new_only,11,60,10.294271265380587,0.4166666666666667,0,0.0,0
209,random,no_pre_new_only,12,60,10.293575533075805,0.4166666666666667,0,0.0,0
209,random,no_pre_new_only,13,60,9.3350946712018,0.36666666666666664,0,0.0,0
209,random,no_pre_new_only,14,60,9.554251400966884,0.38333333333333336,0,0.0,0
209,random,no_pre_new_only,15,60,9.92342371409193,0.4,0,0.0,0
209,random,no_pre_new_only,16,60,10.292575614440402,0.4166666666666667,0,0.0,0
209,random,no_pre_new_only,17,60,8.153755156489774,0.3,0,0.0,0
209,random,no_pre_new_only,18,60,7.936515528400495,0.2833333333333333,0,0.0,0
209,random,no_pre_new_only,19,60,9.855947923071016,0.38333333333333336,0,0.0,0
209,random,no_pre_new_only,20,60,9.994055615173677,0.4166666666666667,0,0.0,0
209,random,no_pre_new_only,21,60,9.184948246926911,0.36666666666666664,0,0.0,0
209,random,no_pre_new_only,22,60,9.484211730668497,0.36666666666666664,0,0.0,0
209,random,no_pre_new_only,23,60,10.073612883891187,0.4,0,0.0,0
209,random,greedy_hard_cap,0,60,37.41677456450973,0.9333333333333333,10.5,0.0,0
209,random,greedy_hard_cap,1,60,42.83876675860147,0.95,14.0,0.0,0
209,random,greedy_hard_cap,2,60,45.6986878659995,1.0,17.0,0.0,0
209,random,greedy_hard_cap,3,60,43.198556376489044,1.0,18.5,0.0,0
209,random,greedy_hard_cap,4,60,41.77927712002778,0.9833333333333333,22.5,0.0,0
209,random,greedy_hard_cap,5,60,46.298338714582876,1.0,23.0,0.0,0
209,random,greedy_hard_cap,6,60,44.099119296613516,1.0,24.0,0.0,0
209,random,greedy_hard_cap,7,60,45.89807323216469,1.0,22.0,0.0,0
209,random,greedy_hard_cap,8,60,43.49843266335942,1.0,20.5,0.0,0
209,random,greedy_hard_cap,9,60,43.04816172886834,1.0,19.5,0.0,0
209,random,greedy_hard_cap,10,60,46.14803010827202,1.0,22.0,0.0,0
209,random,greedy_hard_cap,11,60,43.79898520474262,1.0,22.0,0.0,0
209,random,greedy_hard_cap,12,60,41.54832738725731,1.0,22.5,0.0,0
209,random,greedy_hard_cap,13,60,49.048759406597064,1.0,20.0,0.0,0
209,random,greedy_hard_cap,14,60,46.498033310528946,1.0,20.5,0.0,0
209,random,greedy_hard_cap,15,60,44.69647357555851,1.0,20.5,0.0,0
209,random,greedy_hard_cap,16,60,38.34873381673137,1.0,23.0,0.0,0
209,random,greedy_hard_cap,17,60,44.93937089357186,0.95,23.0,0.0,0
209,random,greedy_hard_cap,18,60,45.74799342219292,1.0,22.0,0.0,0
209,random,greedy_hard_cap,19,60,41.849345327053406,1.0,21.5,0.0,0
209,random,greedy_hard_cap,20,60,45.5486574749904,1.0,22.0,0.0,0
209,random,greedy_hard_cap,21,60,43.728642854753325,0.9833333333333333,21.0,0.0,0
209,random,greedy_hard_cap,22,60,44.09789136944536,1.0,19.0,0.0,0
209,random,greedy_hard_cap,23,60,42.99895051297706,1.0,22.0,0.0,0
209,switch,pd_theta_2,0,60,40.70523329085983,0.8833333333333333,4.0,0.0,4
209,switch,pd_theta_2,1,60,43.984103139160396,0.8666666666666667,13.0,0.0,6
209,switch,pd_theta_2,2,60,42.111803044951515,0.9333333333333333,13.5,0.0,4
209,switch,pd_theta_2,3,60,46.083275195964,0.8666666666666667,14.0,0.0,8
209,switch,pd_theta_2,4,60,42.61375741167681,0.85,13.5,0.0,5
209,switch,pd_theta_2,5,60,44.11336490636296,0.9333333333333333,10.0,0.0,5
209,switch,pd_theta_2,6,60,44.04283255016599,0.9166666666666666,14.5,0.0,5
209,switch,pd_theta_2,7,60,43.98509988596523,0.8666666666666667,15.5,0.0,6
209,switch,pd_theta_2,8,60,45.45372485430097,0.8833333333333333,15.5,0.0,7
209,switch,pd_theta_2,9,60,42.79371134340867,0.9166666666666666,12.5,0.0,4
209,switch,pd_theta_2,10,60,45.404526102865255,0.8833333333333333,15.0,0.0,7
209,switch,pd_theta_2,11,60,42.52301214424398,0.9,13.5,0.0,4
209,switch,pd_theta_2,12,60,34.99241909017672,1.0,6.0,0.0,0
209,switch,pd_theta_2,13,60,34.34153317378022,1.0,9.5,0.0,0
209,switch,pd_theta_2,14,60,34.64023865581617,1.0,8.5,0.0,0
209,switch,pd_theta_2,15,60,34.23930368629846,1.0,11.5,0.0,0
209,switch,pd_theta_2,16,60,34.79164096977665,1.0,11.0,0.0,0
209,switch,pd_theta_2,17,60,33.64213996725046,1.0,13.0,0.0,0
209,switch,pd_theta_2,18,60,34.44022122668842,1.0,13.0,0.0,0
209,switch,pd_theta_2,19,60,34.443837265528806,1.0,16.5,0.0,0
209,switch,pd_theta_2,20,60,34.741893460707914,1.0,12.0,0.0,0
209,switch,pd_theta_2,21,60,33.389598138804466,1.0,11.0,0.0,0
209,switch,pd_theta_2,22,60,34.34277455808848,1.0,9.0,0.0,0
209,switch,pd_theta_2,23,60,34.091320201028566,1.0,9.0,0.0,0
209,switch,pd_theta_4,0,60,40.70523329085983,0.8833333333333333,4.0,0.0,4
209,switch,pd_theta_4,1,60,43.984103139160396,0.8666666666666667,13.0,0.0,6
209,switch,pd_theta_4,2,60,42.111803044951515,0.9333333333333333,13.5,0.0,4
209,switch,pd_theta_4,3,60,46.28281963163905,0.8666666666666667,20.0,0.0,8
209,switch,pd_theta_4,4,60,42.71516632748346,0.85,21.0,0.0,5
209,switch,pd_theta_4,5,60,44.26341178483353,0.9333333333333333,16.0,0.0,5
209,switch,pd_theta_4,6,60,44.04256375203766,0.9166666666666666,17.5,0.0,5
209,switch,pd_theta_4,7,60,44.03391223461946,0.8666666666666667,20.0,0.0,6
209,switch,pd_theta_4,8,60,45.5026615630266,0.8833333333333333,21.0,0.0,7
209,switch,pd_theta_4,9,60,43.043813547249954,0.9166666666666666,19.0,0.0,4
209,switch,pd_theta_4,10,60,45.50384021239134,0.8833333333333333,20.5,0.0,7
209,switch,pd_theta_4,11,60,42.67254792064387,0.9,18.5,0.0,4
209,switch,pd_theta_4,12,60,35.091187796187484,1.0,12.5,0.0,0
209,switch,pd_theta_4,13,60,33.82107089127039,0.9833333333333333,15.5,0.0,1
209,switch,pd_theta_4,14,60,34.63848916363119,1.0,13.5,0.0,0
209,switch,pd_theta_4,15,60,34.239794596893574,1.0,14.5,0.0,0
209,switch,pd_theta_4,16,60,34.791931842954185,1.0,14.0,0.0,0
209,switch,pd_theta_4,17,60,33.63922434919404,1.0,17.5,0.0,0
209,switch,pd_theta_4,18,60,34.440878463234434,1.0,19.0,0.0,0
209,switch,pd_theta_4,19,60,34.29271894567381,1.0,19.5,0.0,0
209,switch,pd_theta_4,20,60,34.59218562196298,1.0,16.0,0.0,0
209,switch,pd_theta_4,21,60,33.38877259945187,1.0,16.0,0.0,0
209,switch,pd_theta_4,22,60,34.040751630695304,1.0,16.0,0.0,0
209,switch,pd_theta_4,23,60,34.091406916021704,1.0,19.0,0.0,0
209,switch,pd_theta_8,0,60,40.70523329085983,0.8833333333333333,4.0,0.0,4
209,switch,pd_theta_8,1,60,43.984103139160396,0.8666666666666667,13.0,0.0,6
209,switch,pd_theta_8,2,60,42.111803044951515,0.9333333333333333,13.5,0.0,4
209,switch,pd_theta_8,3,60,46.28281963163905,0.8666666666666667,20.0,0.0,8
209,switch,pd_theta_8,4,60,42.71516632748346,0.85,21.0,0.0,5
209,switch,pd_theta_8,5,60,44.463247829100176,0.9333333333333333,21.5,0.0,5
209,switch,pd_theta_8,6,60,44.09309968054813,0.9166666666666666,25.0,0.0,5
209,switch,pd_theta_8,7,60,44.08534863130885,0.8666666666666667,28.5,0.0,6
209,switch,pd_theta_8,8,60,45.603581291852265,0.8833333333333333,30.0,0.0,7
209,switch,pd_theta_8,9,60,43.14354273985699,0.9166666666666666,27.5,0.0,4
209,switch,pd_theta_8,10,60,45.60436748667941,0.8833333333333333,30.0,0.0,7
209,switch,pd_theta_8,11,60,42.77365856559661,0.9,28.0,0.0,4
209,switch,pd_theta_8,12,60,35.391764548477475,1.0,23.5,0.0,2
209,switch,pd_theta_8,13,60,32.881992572681256,0.95,24.0,0.0,1
209,switch,pd_theta_8,14,60,35.03913284522677,1.0,22.0,0.0,0
209,switch,pd_theta_8,15,60,34.63941893376903,1.0,23.0,0.0,0
209,switch,pd_theta_8,16,60,35.73997068343564,1.0,25.0,0.0,0
209,switch,pd_theta_8,17,60,34.040186440488974,1.0,29.5,0.0,0
209,switch,pd_theta_8,18,60,34.69083918308114,1.0,28.0,0.0,0
209,switch,pd_theta_8,19,60,34.44198629485423,1.0,29.0,0.0,0
209,switch,pd_theta_8,20,60,34.63998451135702,1.0,28.0,0.0,0
209,switch,pd_theta_8,21,60,33.3892292728947,1.0,28.5,0.0,0
209,switch,pd_theta_8,22,60,34.342413719260385,1.0,33.0,0.0,0
209,switch,pd_theta_8,23,60,33.89016301122665,1.0,34.0,0.0,0
209,switch,pd_theta_16,0,60,40.70523329085983,0.8833333333333333,4.0,0.0,4
209,switch,pd_theta_16,1,60,43.984103139160396,0.8666666666666667,13.0,0.0,6
209,switch,pd_theta_16,2,60,42.111803044951515,0.9333333333333333,13.5,0.0,4
209,switch,pd_theta_16,3,60,46.28281963163905,0.8666666666666667,20.0,0.0,8
209,switch,pd_theta_16,4,60,42.71516632748346,0.85,21.0,0.0,5
209,switch,pd_theta_16,5,60,44.463247829100176,0.9333333333333333,21.5,0.0,5
209,switch,pd_theta_16,6,60,44.09309968054813,0.9166666666666666,25.0,0.0,5
209,switch,pd_theta_16,7,60,44.08534863130885,0.8666666666666667,28.5,0.0,6
209,switch,pd_theta_16,8,60,45.603581291852265,0.8833333333333333,30.0,0.0,7
209,switch,pd_theta_16,9,60,43.144136523331866,0.9166666666666666,29.5,0.0,4
209,switch,pd_theta_16,10,60,45.654740547856676,0.8833333333333333,33.0,0.0,7
209,switch,pd_theta_16,11,60,42.77297372775744,0.9,32.5,0.0,4
209,switch,pd_theta_16,12,60,34.970994951842634,0.9833333333333333,30.5,0.0,2
209,switch,pd_theta_16,13,60,33.70179101478795,0.9666666666666667,34.5,0.0,4
209,switch,pd_theta_16,14,60,35.540308288593494,1.0,34.5,0.0,0
209,switch,pd_theta_16,15,60,35.03824586035223,1.0,40.5,0.0,0
209,switch,pd_theta_16,16,60,35.938587449344226,1.0,41.0,0.0,0
209,switch,pd_theta_16,17,60,34.23737161094788,1.0,48.0,0.0,0
209,switch,pd_theta_16,18,60,35.23849673699841,1.0,45.5,0.0,0
209,switch,pd_theta_16,19,60,34.890921133879424,1.0,47.0,0.0,0
209,switch,pd_theta_16,20,60,35.53864499066432,1.0,48.0,0.0,0
209,switch,pd_theta_16,21,60,34.091985254063225,1.0,48.5,0.0,0
209,switch,pd_theta_16,22,60,34.48927177745069,1.0,46.0,0.0,0
209,switch,pd_theta_16,23,60,34.59119224093508,1.0,47.0,0.0,0
209,switch,pd_history,0,60,40.70523329085983,0.8833333333333333,4.0,0.0,4
209,switch,pd_history,1,60,43.984103139160396,0.8666666666666667,13.0,0.0,6
209,switch,pd_history,2,60,42.111803044951515,0.9333333333333333,13.5,0.0,4
209,switch,pd_history,3,60,46.083275195964,0.8666666666666667,14.0,0.0,8
209,switch,pd_history,4,60,42.61375741167681,0.85,13.5,0.0,5
209,switch,pd_history,5,60,44.11336490636296,0.9333333333333333,10.0,0.0,5
209,switch,pd_history,6,60,44.04283255016599,0.9166666666666666,14.5,0.0,5
209,switch,pd_history,7,60,43.98509988596523,0.8666666666666667,15.5,0.0,6
209,switch,pd_history,8,60,45.45372485430097,0.8833333333333333,15.5,0.0,7
209,switch,pd_history,9,60,42.79371134340867,0.9166666666666666,12.5,0.0,4
209,switch,pd_history,10,60,45.404526102865255,0.8833333333333333,15.0,0.0,7
209,switch,pd_history,11,60,42.52301214424398,0.9,13.5,0.0,4
209,switch,pd_history,12,60,34.99241909017672,1.0,6.0,0.0,0
209,switch,pd_history,13,60,34.34153317378022,1.0,9.5,0.0,0
209,switch,pd_history,14,60,34.64023865581617,1.0,8.5,0.0,0
209,switch,pd_history,15,60,34.23930368629846,1.0,11.5,0.0,0
209,switch,pd_history,16,60,34.79164096977665,1.0,11.0,0.0,0
209,switch,pd_history,17,60,33.64213996725046,1.0,13.0,0.0,0
209,switch,pd_history,18,60,34.44022122668842,1.0,13.0,0.0,0
209,switch,pd_history,19,60,34.443837265528806,1.0,16.5,0.0,0
209,switch,pd_history,20,60,34.741893460707914,1.0,12.0,0.0,0
209,switch,pd_history,21,60,33.389598138804466,1.0,11.0,0.0,0
209,switch,pd_history,22,60,34.34277455808848,1.0,9.0,0.0,0
209,switch,pd_history,23,60,34.091320201028566,1.0,9.0,0.0,0
209,switch,no_control_interpretation,0,60,50.644342630647635,1.0,4.0,0.0,11
209,switch,no_control_interpretation,1,60,55.34288714966762,1.0,13.0,0.0,14
209,switch,no_control_interpretation,2,60,47.79163196641932,1.0,13.5,0.0,8
209,switch,no_control_interpretation,3,60,57.442274627826755,1.0,14.0,0.0,16
209,switch,no_control_interpretation,4,60,55.39181734887278,1.0,13.5,0.0,14
209,switch,no_control_interpretation,5,60,49.79157432341859,1.0,10.0,0.0,9
209,switch,no_control_interpretation,6,60,51.141250718617016,1.0,14.5,0.0,10
209,switch,no_control_interpretation,7,60,55.3440491043978,1.0,15.5,0.0,14
209,switch,no_control_interpretation,8,60,55.39328500762632,1.0,15.5,0.0,14
209,switch,no_control_interpretation,9,60,49.891956406315494,1.0,12.5,0.0,9
209,switch,no_control_interpretation,10,60,55.342676042589,1.0,15.0,0.0,14
209,switch,no_control_interpretation,11,60,51.04244101663205,1.0,13.5,0.0,10
209,switch,no_control_interpretation,12,60,34.99241909017672,1.0,6.0,0.0,0
209,switch,no_control_interpretation,13,60,34.34153317378022,1.0,9.5,0.0,0
209,switch,no_control_interpretation,14,60,34.64023865581617,1.0,8.5,0.0,0
209,switch,no_control_interpretation,15,60,34.23930368629846,1.0,11.5,0.0,0
209,switch,no_control_interpretation,16,60,34.79164096977665,1.0,11.0,0.0,0
209,switch,no_control_interpretation,17,60,33.64213996725046,1.0,13.0,0.0,0
209,switch,no_control_interpretation,18,60,34.44022122668842,1.0,13.0,0.0,0
209,switch,no_control_interpretation,19,60,34.443837265528806,1.0,16.5,0.0,0
209,switch,no_control_interpretation,20,60,34.741893460707914,1.0,12.0,0.0,0
209,switch,no_control_interpretation,21,60,33.389598138804466,1.0,11.0,0.0,0
209,switch,no_control_interpretation,22,60,34.34277455808848,1.0,9.0,0.0,0
209,switch,no_control_interpretation,23,60,34.091320201028566,1.0,9.0,0.0,0
209,switch,no_pre_new_only,0,60,11.833430642563961,0.5333333333333333,0,0.0,0
209,switch,no_pre_new_only,1,60,10.35559840036935,0.4666666666666667,0,0.0,0
209,switch,no_pre_new_only,2,60,11.833841978964056,0.5333333333333333,0,0.0,0
209,switch,no_pre_new_only,3,60,9.611847675581956,0.43333333333333335,0,0.0,0
209,switch,no_pre_new_only,4,60,10.352076600229545,0.4666666666666667,0,0.0,0
209,switch,no_pre_new_only,5,60,11.83373048204346,0.5333333333333333,0,0.0,0
209,switch,no_pre_new_only,6,60,11.831464462437523,0.5333333333333333,0,0.0,0
209,switch,no_pre_new_only,7,60,10.353921308370577,0.4666666666666667,0,0.0,0
209,switch,no_pre_new_only,8,60,10.3531475059755,0.4666666666666667,0,0.0,0
209,switch,no_pre_new_only,9,60,11.833367072539845,0.5333333333333333,0,0.0,0
209,switch,no_pre_new_only,10,60,10.353284757401102,0.4666666666666667,0,0.0,0
209,switch,no_pre_new_only,11,60,11.831364986722935,0.5333333333333333,0,0.0,0
209,switch,no_pre_new_only,12,60,6.237505656622453,0.2,0,0.0,0
209,switch,no_pre_new_only,13,60,6.236968077026108,0.2,0,0.0,0
209,switch,no_pre_new_only,14,60,6.238325063098259,0.2,0,0.0,0
209,switch,no_pre_new_only,15,60,6.23611889037379,0.2,0,0.0,0
209,switch,no_pre_new_only,16,60,6.236879328381985,0.2,0,0.0,0
209,switch,no_pre_new_only,17,60,6.236514708873798,0.2,0,0.0,0
209,switch,no_pre_new_only,18,60,6.237966518765312,0.2,0,0.0,0
209,switch,no_pre_new_only,19,60,6.237105929940651,0.2,0,0.0,0
209,switch,no_pre_new_only,20,60,6.2381834540531615,0.2,0,0.0,0
209,switch,no_pre_new_only,21,60,6.976460632761338,0.23333333333333334,0,0.0,0
209,switch,no_pre_new_only,22,60,6.237126209758569,0.2,0,0.0,0
209,switch,no_pre_new_only,23,60,6.976265816189989,0.23333333333333334,0,0.0,0
209,switch,greedy_hard_cap,0,60,35.97772439148109,0.8166666666666667,14.0,0.0,0
209,switch,greedy_hard_cap,1,60,35.91802896652937,0.7666666666666667,16.5,0.0,0
209,switch,greedy_hard_cap,2,60,37.0888750182409,0.8666666666666667,15.5,0.0,0
209,switch,greedy_hard_cap,3,60,35.17801429307823,0.7333333333333333,17.0,0.0,0
209,switch,greedy_hard_cap,4,60,35.91819125135609,0.7666666666666667,17.5,0.0,0
209,switch,greedy_hard_cap,5,60,37.76810662044335,0.85,15.5,0.0,0
209,switch,greedy_hard_cap,6,60,37.397889104559994,0.8333333333333334,16.0,0.0,0
209,switch,greedy_hard_cap,7,60,35.91747574466625,0.7666666666666667,19.0,0.0,0
209,switch,greedy_hard_cap,8,60,35.919120142080544,0.7666666666666667,17.0,0.0,0
209,switch,greedy_hard_cap,9,60,37.76808918185007,0.85,15.5,0.0,0
209,switch,greedy_hard_cap,10,60,35.9177632827504,0.7666666666666667,16.0,0.0,0
209,switch,greedy_hard_cap,11,60,37.39818587925506,0.8333333333333334,16.5,0.0,0
209,switch,greedy_hard_cap,12,60,36.148327387257304,1.0,16.5,0.0,0
209,switch,greedy_hard_cap,13,60,35.24710202496706,1.0,18.5,0.0,0
209,switch,greedy_hard_cap,14,60,35.99552191059377,1.0,22.5,0.0,0
209,switch,greedy_hard_cap,15,60,35.39695920443428,1.0,21.5,0.0,0
209,switch,greedy_hard_cap,16,60,36.54798531203925,1.0,22.5,0.0,0
209,switch,greedy_hard_cap,17,60,34.49876477429732,1.0,22.0,0.0,0
209,switch,greedy_hard_cap,18,60,35.647621072187654,1.0,22.0,0.0,0
209,switch,greedy_hard_cap,19,60,35.34886028290059,1.0,23.0,0.0,0
209,switch,greedy_hard_cap,20,60,36.048755483006836,1.0,22.0,0.0,0
209,switch,greedy_hard_cap,21,60,34.64828490656731,1.0,19.5,0.0,0
209,switch,greedy_hard_cap,22,60,35.34767440942032,1.0,20.5,0.0,0
209,switch,greedy_hard_cap,23,60,35.446611191118166,1.0,23.5,0.0,0
210,high_tight,pd_theta_2,0,60,42.63433693803321,0.8666666666666667,6.0,0.0,5
210,high_tight,pd_theta_2,1,60,43.694095834928255,0.9166666666666666,8.5,0.0,5
210,high_tight,pd_theta_2,2,60,44.35440957834323,0.8833333333333333,14.0,0.0,6
210,high_tight,pd_theta_2,3,60,44.94214460919718,0.9166666666666666,12.5,0.0,6
210,high_tight,pd_theta_2,4,60,43.67439198885534,0.9,14.5,0.0,5
210,high_tight,pd_theta_2,5,60,46.14409396292732,0.9166666666666666,14.5,0.0,7
210,high_tight,pd_theta_2,6,60,45.46158008000213,0.9333333333333333,14.0,0.0,6
210,high_tight,pd_theta_2,7,60,38.673193502787804,0.8166666666666667,13.5,0.0,2
210,high_tight,pd_theta_2,8,60,44.212407164168916,0.9333333333333333,10.5,0.0,5
210,high_tight,pd_theta_2,9,60,44.03313828722301,0.8666666666666667,13.5,0.0,6
210,high_tight,pd_theta_2,10,60,42.98492410596643,0.8666666666666667,14.5,0.0,5
210,high_tight,pd_theta_2,11,60,40.683633021644766,0.8666666666666667,12.0,0.0,3
210,high_tight,pd_theta_2,12,60,42.05448541366371,0.8833333333333333,12.0,0.0,4
210,high_tight,pd_theta_2,13,60,44.72361983308771,0.9,15.0,0.0,6
210,high_tight,pd_theta_2,14,60,42.11210559803109,0.9333333333333333,13.0,0.0,4
210,high_tight,pd_theta_2,15,60,46.182326347653216,0.8666666666666667,16.0,0.0,8
210,high_tight,pd_theta_2,16,60,44.8923037308303,0.9166666666666666,12.0,0.0,6
210,high_tight,pd_theta_2,17,60,41.465233255140966,0.85,13.5,0.0,4
210,high_tight,pd_theta_2,18,60,43.80180268580507,0.9666666666666667,12.0,0.0,4
210,high_tight,pd_theta_2,19,60,45.76495826599534,0.85,15.5,0.0,8
210,high_tight,pd_theta_2,20,60,46.51407977943481,0.9333333333333333,13.5,0.0,7
210,high_tight,pd_theta_2,21,60,43.10467437154247,0.8833333333333333,10.5,0.0,5
210,high_tight,pd_theta_2,22,60,42.28030240744362,0.95,10.0,0.0,3
210,high_tight,pd_theta_2,23,60,44.39481669540347,0.8333333333333334,16.0,0.0,7
210,high_tight,pd_theta_4,0,60,42.63433693803321,0.8666666666666667,6.0,0.0,5
210,high_tight,pd_theta_4,1,60,43.694095834928255,0.9166666666666666,8.5,0.0,5
210,high_tight,pd_theta_4,2,60,44.35440957834323,0.8833333333333333,14.0,0.0,6
210,high_tight,pd_theta_4,3,60,44.94139296615084,0.9166666666666666,15.0,0.0,6
210,high_tight,pd_theta_4,4,60,43.6731090179553,0.9,19.0,0.0,5
210,high_tight,pd_theta_4,5,60,46.193154617071926,0.9166666666666666,19.0,0.0,7
210,high_tight,pd_theta_4,6,60,45.462763797428146,0.9333333333333333,18.0,0.0,6
210,high_tight,pd_theta_4,7,60,38.82367524450471,0.8166666666666667,20.0,0.0,2
210,high_tight,pd_theta_4,8,60,44.41317503157633,0.9333333333333333,17.5,0.0,5
210,high_tight,pd_theta_4,9,60,44.134464296837194,0.8666666666666667,18.5,0.0,6
210,high_tight,pd_theta_4,10,60,43.08387318924431,0.8666666666666667,19.0,0.0,5
210,high_tight,pd_theta_4,11,60,40.73335458188881,0.8666666666666667,15.5,0.0,3
210,high_tight,pd_theta_4,12,60,42.40349274482608,0.8833333333333333,19.5,0.0,4
210,high_tight,pd_theta_4,13,60,44.77456045038655,0.9,20.0,0.0,6
210,high_tight,pd_theta_4,14,60,42.212921611045715,0.9333333333333333,16.5,0.0,4
210,high_tight,pd_theta_4,15,60,46.23294522622772,0.8666666666666667,21.5,0.0,8
210,high_tight,pd_theta_4,16,60,45.19315464106685,0.9166666666666666,19.0,0.0,6
210,high_tight,pd_theta_4,17,60,41.61381809761395,0.85,20.5,0.0,4
210,high_tight,pd_theta_4,18,60,44.10227730643673,0.9666666666666667,19.5,0.0,4
210,high_tight,pd_theta_4,19,60,45.91398955515133,0.85,23.0,0.0,8
210,high_tight,pd_theta_4,20,60,46.61313821612585,0.9333333333333333,21.5,0.0,7
210,high_tight,pd_theta_4,21,60,43.40323107302973,0.8833333333333333,21.5,0.0,5
210,high_tight,pd_theta_4,22,60,42.48241928012078,0.95,17.0,0.0,3
210,high_tight,pd_theta_4,23,60,44.54492038830508,0.8333333333333334,20.5,0.0,7
210,high_tight,pd_theta_8,0,60,42.63433693803321,0.8666666666666667,6.0,0.0,5
210,high_tight,pd_theta_8,1,60,43.694095834928255,0.9166666666666666,8.5,0.0,5
210,high_tight,pd_theta_8,2,60,44.35440957834323,0.8833333333333333,14.0,0.0,6
210,high_tight,pd_theta_8,3,60,44.94139296615084,0.9166666666666666,15.0,0.0,6
210,high_tight,pd_theta_8,4,60,43.6731090179553,0.9,19.0,0.0,5
210,high_tight,pd_theta_8,5,60,46.193646960053755,0.9166666666666666,21.5,0.0,7
210,high_tight,pd_theta_8,6,60,45.46278550839006,0.9333333333333333,23.0,0.0,6
210,high_tight,pd_theta_8,7,60,38.82359890863461,0.8166666666666667,26.5,0.0,2
210,high_tight,pd_theta_8,8,60,44.410453154889964,0.9333333333333333,26.5,0.0,5
210,high_tight,pd_theta_8,9,60,44.23418626613513,0.8666666666666667,29.0,0.0,6
210,high_tight,pd_theta_8,10,60,43.13569651956207,0.8666666666666667,28.0,0.0,5
210,high_tight,pd_theta_8,11,60,41.03248946978811,0.8666666666666667,27.0,0.0,3
210,high_tight,pd_theta_8,12,60,42.40301723060238,0.8833333333333333,27.5,0.0,4
210,high_tight,pd_theta_8,13,60,44.773999912091085,0.9,26.5,0.0,6
210,high_tight,pd_theta_8,14,60,42.31373623828647,0.9333333333333333,24.5,0.0,4
210,high_tight,pd_theta_8,15,60,46.28160499516949,0.8666666666666667,27.0,0.0,8
210,high_tight,pd_theta_8,16,60,45.19326161253314,0.9166666666666666,25.5,0.0,6
210,high_tight,pd_theta_8,17,60,41.714732522535044,0.85,27.5,0.0,4
210,high_tight,pd_theta_8,18,60,44.1509572500507,0.9666666666666667,25.0,0.0,4
210,high_tight,pd_theta_8,19,60,46.013246532125365,0.85,30.0,0.0,8
210,high_tight,pd_theta_8,20,60,46.66424099827678,0.9333333333333333,27.5,0.0,7
210,high_tight,pd_theta_8,21,60,43.40357960454051,0.8833333333333333,28.0,0.0,5
210,high_tight,pd_theta_8,22,60,42.682893226859726,0.95,25.0,0.0,3
210,high_tight,pd_theta_8,23,60,44.54223118381062,0.8333333333333334,29.0,0.0,7
210,high_tight,pd_theta_16,0,60,42.63433693803321,0.8666666666666667,6.0,0.0,5
210,high_tight,pd_theta_16,1,60,43.694095834928255,0.9166666666666666,8.5,0.0,5
210,high_tight,pd_theta_16,2,60,44.35440957834323,0.8833333333333333,14.0,0.0,6
210,high_tight,pd_theta_16,3,60,44.94139296615084,0.9166666666666666,15.0,0.0,6
210,high_tight,pd_theta_16,4,60,43.6731090179553,0.9,19.0,0.0,5
210,high_tight,pd_theta_16,5,60,46.193646960053755,0.9166666666666666,21.5,0.0,7
210,high_tight,pd_theta_16,6,60,45.46278550839006,0.9333333333333333,23.0,0.0,6
210,high_tight,pd_theta_16,7,60,38.82359890863461,0.8166666666666667,26.5,0.0,2
210,high_tight,pd_theta_16,8,60,44.410453154889964,0.9333333333333333,26.5,0.0,5
210,high_tight,pd_theta_16,9,60,44.23418626613513,0.8666666666666667,30.5,0.0,6
210,high_tight,pd_theta_16,10,60,43.184469258332655,0.8666666666666667,31.5,0.0,5
210,high_tight,pd_theta_16,11,60,41.13142490831302,0.8666666666666667,33.0,0.0,3
210,high_tight,pd_theta_16,12,60,42.454023110231965,0.8833333333333333,35.0,0.0,4
210,high_tight,pd_theta_16,13,60,45.02238773429902,0.9,36.5,0.0,6
210,high_tight,pd_theta_16,14,60,42.51220029740179,0.9333333333333333,36.5,0.0,4
210,high_tight,pd_theta_16,15,60,46.48082404690266,0.8666666666666667,41.0,0.0,8
210,high_tight,pd_theta_16,16,60,45.39172677491063,0.9166666666666666,40.5,0.0,6
210,high_tight,pd_theta_16,17,60,41.86458705935165,0.85,42.5,0.0,4
210,high_tight,pd_theta_16,18,60,44.29972050665007,0.9666666666666667,39.0,0.0,4
210,high_tight,pd_theta_16,19,60,46.11378449294903,0.85,42.5,0.0,8
210,high_tight,pd_theta_16,20,60,46.81336553069052,0.9333333333333333,40.0,0.0,7
210,high_tight,pd_theta_16,21,60,43.65296984797345,0.8833333333333333,39.5,0.0,5
210,high_tight,pd_theta_16,22,60,42.83202302982691,0.95,36.5,0.0,3
210,high_tight,pd_theta_16,23,60,44.74254562897151,0.8333333333333334,40.5,0.0,7
210,high_tight,pd_history,0,60,42.63433693803321,0.8666666666666667,6.0,0.0,5
210,high_tight,pd_history,1,60,43.694095834928255,0.9166666666666666,8.5,0.0,5
210,high_tight,pd_history,2,60,44.35440957834323,0.8833333333333333,14.0,0.0,6
210,high_tight,pd_history,3,60,44.94214460919718,0.9166666666666666,12.5,0.0,6
210,high_tight,pd_history,4,60,43.67439198885534,0.9,14.5,0.0,5
210,high_tight,pd_history,5,60,46.14409396292732,0.9166666666666666,14.5,0.0,7
210,high_tight,pd_history,6,60,45.46158008000213,0.9333333333333333,14.0,0.0,6
210,high_tight,pd_history,7,60,38.673193502787804,0.8166666666666667,13.5,0.0,2
210,high_tight,pd_history,8,60,44.212407164168916,0.9333333333333333,10.5,0.0,5
210,high_tight,pd_history,9,60,44.03313828722301,0.8666666666666667,13.5,0.0,6
210,high_tight,pd_history,10,60,42.98492410596643,0.8666666666666667,14.5,0.0,5
210,high_tight,pd_history,11,60,40.683633021644766,0.8666666666666667,12.0,0.0,3
210,high_tight,pd_history,12,60,42.05448541366371,0.8833333333333333,12.0,0.0,4
210,high_tight,pd_history,13,60,44.72361983308771,0.9,15.0,0.0,6
210,high_tight,pd_history,14,60,42.11210559803109,0.9333333333333333,13.0,0.0,4
210,high_tight,pd_history,15,60,46.182326347653216,0.8666666666666667,16.0,0.0,8
210,high_tight,pd_history,16,60,44.8923037308303,0.9166666666666666,12.0,0.0,6
210,high_tight,pd_history,17,60,41.465233255140966,0.85,13.5,0.0,4
210,high_tight,pd_history,18,60,43.80180268580507,0.9666666666666667,12.0,0.0,4
210,high_tight,pd_history,19,60,45.76495826599534,0.85,15.5,0.0,8
210,high_tight,pd_history,20,60,46.51407977943481,0.9333333333333333,13.5,0.0,7
210,high_tight,pd_history,21,60,43.10467437154247,0.8833333333333333,10.5,0.0,5
210,high_tight,pd_history,22,60,42.28030240744362,0.95,10.0,0.0,3
210,high_tight,pd_history,23,60,44.39481669540347,0.8333333333333334,16.0,0.0,7
210,high_tight,no_control_interpretation,0,60,53.99261919650128,1.0,6.0,0.0,13
210,high_tight,no_control_interpretation,1,60,50.792810265625384,1.0,8.5,0.0,10
210,high_tight,no_control_interpretation,2,60,54.2932640772658,1.0,14.0,0.0,13
210,high_tight,no_control_interpretation,3,60,52.0413771080751,1.0,12.5,0.0,11
210,high_tight,no_control_interpretation,4,60,52.193017227262075,1.0,14.5,0.0,11
210,high_tight,no_control_interpretation,5,60,53.243136168659554,1.0,14.5,0.0,12
210,high_tight,no_control_interpretation,6,60,51.1403951499905,1.0,14.0,0.0,10
210,high_tight,no_control_interpretation,7,60,54.28980670883559,1.0,13.5,0.0,13
210,high_tight,no_control_interpretation,8,60,49.89103130951845,1.0,10.5,0.0,9
210,high_tight,no_control_interpretation,9,60,55.39177823792692,1.0,13.5,0.0,14
210,high_tight,no_control_interpretation,10,60,54.3434330489705,1.0,14.5,0.0,13
210,high_tight,no_control_interpretation,11,60,52.041582544309314,1.0,12.0,0.0,11
210,high_tight,no_control_interpretation,12,60,51.9923106987282,1.0,12.0,0.0,11
210,high_tight,no_control_interpretation,13,60,53.242183026616324,1.0,15.0,0.0,12
210,high_tight,no_control_interpretation,14,60,47.79112579061497,1.0,13.0,0.0,8
210,high_tight,no_control_interpretation,15,60,57.540975170074425,1.0,16.0,0.0,16
210,high_tight,no_control_interpretation,16,60,51.991067680334545,1.0,12.0,0.0,11
210,high_tight,no_control_interpretation,17,60,54.242836577902665,1.0,13.5,0.0,13
210,high_tight,no_control_interpretation,18,60,46.64159982753368,1.0,12.0,0.0,6
210,high_tight,no_control_interpretation,19,60,58.5423017254409,1.0,15.5,0.0,17
210,high_tight,no_control_interpretation,20,60,52.1934019690141,1.0,13.5,0.0,11
210,high_tight,no_control_interpretation,21,60,53.042861482882635,1.0,10.5,0.0,12
210,high_tight,no_control_interpretation,22,60,46.539342601418205,1.0,10.0,0.0,6
210,high_tight,no_control_interpretation,23,60,58.59334974338913,1.0,16.0,0.0,17
210,high_tight,no_pre_new_only,0,60,10.719832245818193,0.48333333333333334,0,0.0,0
210,high_tight,no_pre_new_only,1,60,11.83215551190516,0.5333333333333333,0,0.0,0
210,high_tight,no_pre_new_only,2,60,10.722452533404457,0.48333333333333334,0,0.0,0
210,high_tight,no_pre_new_only,3,60,11.461582378440196,0.5166666666666667,0,0.0,0
210,high_tight,no_pre_new_only,4,60,11.463407819713964,0.5166666666666667,0,0.0,0
210,high_tight,no_pre_new_only,5,60,11.092752420871886,0.5,0,0.0,0
210,high_tight,no_pre_new_only,6,60,11.831015023771151,0.5333333333333333,0,0.0,0
210,high_tight,no_pre_new_only,7,60,10.721383880418248,0.48333333333333334,0,0.0,0
210,high_tight,no_pre_new_only,8,60,11.833289269627173,0.5333333333333333,0,0.0,0
210,high_tight,no_pre_new_only,9,60,10.354824705338435,0.4666666666666667,0,0.0,0
210,high_tight,no_pre_new_only,10,60,10.723867985575687,0.48333333333333334,0,0.0,0
210,high_tight,no_pre_new_only,11,60,11.460713093733585,0.5166666666666667,0,0.0,0
210,high_tight,no_pre_new_only,12,60,11.462890575934832,0.5166666666666667,0,0.0,0
210,high_tight,no_pre_new_only,13,60,11.093133854696966,0.5,0,0.0,0
210,high_tight,no_pre_new_only,14,60,11.830629586210787,0.5333333333333333,0,0.0,0
210,high_tight,no_pre_new_only,15,60,9.613872850587299,0.43333333333333335,0,0.0,0
210,high_tight,no_pre_new_only,16,60,11.462109340290215,0.5166666666666667,0,0.0,0
210,high_tight,no_pre_new_only,17,60,10.724293019486087,0.48333333333333334,0,0.0,0
210,high_tight,no_pre_new_only,18,60,11.831733659299987,0.5333333333333333,0,0.0,0
210,high_tight,no_pre_new_only,19,60,9.243859089866396,0.4166666666666667,0,0.0,0
210,high_tight,no_pre_new_only,20,60,11.46415863057042,0.5166666666666667,0,0.0,0
210,high_tight,no_pre_new_only,21,60,11.091487393108396,0.5,0,0.0,0
210,high_tight,no_pre_new_only,22,60,11.832165138153849,0.5333333333333333,0,0.0,0
210,high_tight,no_pre_new_only,23,60,9.2433198916157,0.4166666666666667,0,0.0,0
210,high_tight,greedy_hard_cap,0,60,36.2882569278833,0.7833333333333333,14.0,0.0,0
210,high_tight,greedy_hard_cap,1,60,37.39811720249172,0.8333333333333334,16.0,0.0,0
210,high_tight,greedy_hard_cap,2,60,36.288012598528226,0.7833333333333333,17.0,0.0,0
210,high_tight,greedy_hard_cap,3,60,37.028140481098774,0.8166666666666667,18.0,0.0,0
210,high_tight,greedy_hard_cap,4,60,37.02731955585958,0.8166666666666667,16.5,0.0,0
210,high_tight,greedy_hard_cap,5,60,36.65766971639966,0.8,16.5,0.0,0
210,high_tight,greedy_hard_cap,6,60,37.39739960677672,0.8333333333333334,15.0,0.0,0
210,high_tight,greedy_hard_cap,7,60,36.28899943943635,0.7833333333333333,16.5,0.0,0
210,high_tight,greedy_hard_cap,8,60,37.76748835852939,0.85,16.0,0.0,0
210,high_tight,greedy_hard_cap,9,60,35.918033141515785,0.7666666666666667,18.0,0.0,0
210,high_tight,greedy_hard_cap,10,60,36.28863225370017,0.7833333333333333,18.0,0.0,0
210,high_tight,greedy_hard_cap,11,60,37.02850991257059,0.8166666666666667,16.0,0.0,0
210,high_tight,greedy_hard_cap,12,60,37.028938461690004,0.8166666666666667,16.5,0.0,0
210,high_tight,greedy_hard_cap,13,60,36.657590369979864,0.8,16.0,0.0,0
210,high_tight,greedy_hard_cap,14,60,37.08886412344663,0.8666666666666667,15.5,0.0,0
210,high_tight,greedy_hard_cap,15,60,35.17802475494981,0.7333333333333333,18.0,0.0,0
210,high_tight,greedy_hard_cap,16,60,37.02909759894262,0.8166666666666667,17.0,0.0,0
210,high_tight,greedy_hard_cap,17,60,36.28819422820135,0.7833333333333333,15.5,0.0,0
210,high_tight,greedy_hard_cap,18,60,38.87867840277283,0.9,14.5,0.0,0
210,high_tight,greedy_hard_cap,19,60,34.80853578139447,0.7166666666666667,17.5,0.0,0
210,high_tight,greedy_hard_cap,20,60,37.02816506979767,0.8166666666666667,16.0,0.0,0
210,high_tight,greedy_hard_cap,21,60,36.65763984056859,0.8,16.5,0.0,0
210,high_tight,greedy_hard_cap,22,60,38.87763006302995,0.9,16.0,0.0,0
210,high_tight,greedy_hard_cap,23,60,34.808562357681915,0.7166666666666667,18.5,0.0,0
210,high_loose,pd_theta_2,0,60,33.672561237474675,0.9833333333333333,0,0.0,3
210,high_loose,pd_theta_2,1,60,34.29080277394197,1.0,7.5,0.0,0
210,high_loose,pd_theta_2,2,60,34.38939508660711,1.0,12.0,0.0,0
210,high_loose,pd_theta_2,3,60,34.29024961056392,1.0,10.0,0.0,0
210,high_loose,pd_theta_2,4,60,34.54167599289025,1.0,10.0,0.0,0
210,high_loose,pd_theta_2,5,60,33.74067869187327,1.0,9.0,0.0,0
210,high_loose,pd_theta_2,6,60,34.63797111087185,1.0,11.0,0.0,0
210,high_loose,pd_theta_2,7,60,33.74091659507011,1.0,9.0,0.0,0
210,high_loose,pd_theta_2,8,60,34.740701238780325,1.0,9.5,0.0,0
210,high_loose,pd_theta_2,9,60,33.64250115020536,1.0,11.5,0.0,0
210,high_loose,pd_theta_2,10,60,34.393941664230574,1.0,11.5,0.0,0
210,high_loose,pd_theta_2,11,60,34.490623286733324,1.0,11.5,0.0,0
210,high_loose,pd_theta_2,12,60,34.59138576490108,1.0,12.0,0.0,0
210,high_loose,pd_theta_2,13,60,33.74051182858326,1.0,8.0,0.0,0
210,high_loose,pd_theta_2,14,60,34.89026922651875,1.0,11.5,0.0,0
210,high_loose,pd_theta_2,15,60,33.33970549050946,1.0,7.5,0.0,0
210,high_loose,pd_theta_2,16,60,34.3435706433842,1.0,13.0,0.0,0
210,high_loose,pd_theta_2,17,60,33.89039532860888,1.0,11.0,0.0,0
210,high_loose,pd_theta_2,18,60,34.942581253878615,1.0,12.0,0.0,0
210,high_loose,pd_theta_2,19,60,33.388800801642724,1.0,11.0,0.0,0
210,high_loose,pd_theta_2,20,60,34.39124410679867,1.0,11.5,0.0,0
210,high_loose,pd_theta_2,21,60,33.840949881008484,1.0,10.5,0.0,0
210,high_loose,pd_theta_2,22,60,34.74082847587793,1.0,11.5,0.0,0
210,high_loose,pd_theta_2,23,60,33.289986833913325,1.0,9.5,0.0,0
210,high_loose,pd_theta_4,0,60,33.672561237474675,0.9833333333333333,0,0.0,3
210,high_loose,pd_theta_4,1,60,34.29080277394197,1.0,7.5,0.0,0
210,high_loose,pd_theta_4,2,60,34.38939508660711,1.0,12.0,0.0,0
210,high_loose,pd_theta_4,3,60,34.28991872432739,1.0,11.0,0.0,0
210,high_loose,pd_theta_4,4,60,34.54174282392134,1.0,17.0,0.0,0
210,high_loose,pd_theta_4,5,60,33.74091103202023,1.0,18.0,0.0,0
210,high_loose,pd_theta_4,6,60,34.63993565716403,1.0,18.0,0.0,0
210,high_loose,pd_theta_4,7,60,33.59068255498639,1.0,19.0,0.0,0
210,high_loose,pd_theta_4,8,60,34.638378421665706,1.0,21.5,0.0,0
210,high_loose,pd_theta_4,9,60,33.640158418741706,1.0,17.5,0.0,0
210,high_loose,pd_theta_4,10,60,34.2937001433881,1.0,18.0,0.0,0
210,high_loose,pd_theta_4,11,60,34.490911419213354,1.0,18.0,0.0,0
210,high_loose,pd_theta_4,12,60,34.59150442920539,1.0,18.5,0.0,0
210,high_loose,pd_theta_4,13,60,33.738878177864564,1.0,17.5,0.0,0
210,high_loose,pd_theta_4,14,60,34.78935575073007,1.0,18.5,0.0,0
210,high_loose,pd_theta_4,15,60,33.339663459703374,1.0,15.5,0.0,0
210,high_loose,pd_theta_4,16,60,34.64195279753269,1.0,16.0,0.0,0
210,high_loose,pd_theta_4,17,60,33.889239406702096,1.0,16.0,0.0,0
210,high_loose,pd_theta_4,18,60,34.49262241495104,1.0,18.5,0.0,0
210,high_loose,pd_theta_4,19,60,33.240394927598615,1.0,20.5,0.0,0
210,high_loose,pd_theta_4,20,60,34.391322916661906,1.0,20.5,0.0,0
210,high_loose,pd_theta_4,21,60,33.688636767830495,1.0,17.5,0.0,0
210,high_loose,pd_theta_4,22,60,34.741311393876956,1.0,18.0,0.0,0
210,high_loose,pd_theta_4,23,60,33.289055360198134,1.0,16.0,0.0,0
210,high_loose,pd_theta_8,0,60,33.672561237474675,0.9833333333333333,0,0.0,3
210,high_loose,pd_theta_8,1,60,34.29080277394197,1.0,7.5,0.0,0
210,high_loose,pd_theta_8,2,60,34.38939508660711,1.0,12.0,0.0,0
210,high_loose,pd_theta_8,3,60,34.28991872432739,1.0,11.0,0.0,0
210,high_loose,pd_theta_8,4,60,34.54174282392134,1.0,17.0,0.0,0
210,high_loose,pd_theta_8,5,60,33.740545743230705,1.0,19.0,0.0,0
210,high_loose,pd_theta_8,6,60,34.64142327037829,1.0,24.0,0.0,0
210,high_loose,pd_theta_8,7,60,33.74272667097877,1.0,28.0,0.0,0
210,high_loose,pd_theta_8,8,60,34.640204618807104,1.0,31.0,0.0,0
210,high_loose,pd_theta_8,9,60,33.640493836932734,1.0,32.0,0.0,0
210,high_loose,pd_theta_8,10,60,34.39302096937647,1.0,34.0,0.0,0
210,high_loose,pd_theta_8,11,60,34.240555758663724,1.0,35.0,0.0,0
210,high_loose,pd_theta_8,12,60,34.5421599351096,1.0,36.5,0.0,0
210,high_loose,pd_theta_8,13,60,33.69049889001839,1.0,33.0,0.0,0
210,high_loose,pd_theta_8,14,60,34.63822466289422,1.0,33.5,0.0,0
210,high_loose,pd_theta_8,15,60,33.440404095477525,1.0,34.0,0.0,0
210,high_loose,pd_theta_8,16,60,34.091755904810725,1.0,32.0,0.0,0
210,high_loose,pd_theta_8,17,60,34.04056260671489,1.0,33.0,0.0,0
210,high_loose,pd_theta_8,18,60,34.34024578694355,1.0,32.0,0.0,0
210,high_loose,pd_theta_8,19,60,33.389857001769926,1.0,33.0,0.0,0
210,high_loose,pd_theta_8,20,60,34.389823721053865,1.0,31.5,0.0,0
210,high_loose,pd_theta_8,21,60,33.68901588270068,1.0,30.5,0.0,0
210,high_loose,pd_theta_8,22,60,34.78902111044957,1.0,30.5,0.0,0
210,high_loose,pd_theta_8,23,60,33.38951811430427,1.0,32.5,0.0,0
210,high_loose,pd_theta_16,0,60,33.672561237474675,0.9833333333333333,0,0.0,3
210,high_loose,pd_theta_16,1,60,34.29080277394197,1.0,7.5,0.0,0
210,high_loose,pd_theta_16,2,60,34.38939508660711,1.0,12.0,0.0,0
210,high_loose,pd_theta_16,3,60,34.28991872432739,1.0,11.0,0.0,0
210,high_loose,pd_theta_16,4,60,34.54174282392134,1.0,17.0,0.0,0
210,high_loose,pd_theta_16,5,60,33.740545743230705,1.0,19.0,0.0,0
210,high_loose,pd_theta_16,6,60,34.64142327037829,1.0,24.0,0.0,0
210,high_loose,pd_theta_16,7,60,33.74272667097877,1.0,28.0,0.0,0
210,high_loose,pd_theta_16,8,60,34.640204618807104,1.0,31.0,0.0,0
210,high_loose,pd_theta_16,9,60,33.640493836932734,1.0,32.0,0.0,0
210,high_loose,pd_theta_16,10,60,34.391805290063,1.0,38.5,0.0,0
210,high_loose,pd_theta_16,11,60,34.24030119927328,1.0,37.5,0.0,0
210,high_loose,pd_theta_16,12,60,34.241598931443804,1.0,42.0,0.0,0
210,high_loose,pd_theta_16,13,60,33.6902102185614,1.0,43.5,0.0,0
210,high_loose,pd_theta_16,14,60,34.637401916463126,1.0,48.0,0.0,0
210,high_loose,pd_theta_16,15,60,33.438956515780205,1.0,52.5,0.0,0
210,high_loose,pd_theta_16,16,60,34.34199385069024,1.0,56.5,0.0,0
210,high_loose,pd_theta_16,17,60,34.03852976527614,1.0,56.5,0.5,0
210,high_loose,pd_theta_16,18,60,34.33994720479844,1.0,57.0,0.0,0
210,high_loose,pd_theta_16,19,60,33.389553071927715,1.0,59.5,0.0,0
210,high_loose,pd_theta_16,20,60,34.23851187247645,1.0,58.5,0.0,0
210,high_loose,pd_theta_16,21,60,33.488169025343915,1.0,57.0,0.0,0
210,high_loose,pd_theta_16,22,60,34.0390115675538,1.0,55.0,0.0,0
210,high_loose,pd_theta_16,23,60,33.29184057185983,1.0,57.0,0.0,0
210,high_loose,pd_history,0,60,33.672561237474675,0.9833333333333333,0,0.0,3
210,high_loose,pd_history,1,60,34.29080277394197,1.0,7.5,0.0,0
210,high_loose,pd_history,2,60,34.38939508660711,1.0,12.0,0.0,0
210,high_loose,pd_history,3,60,34.29024961056392,1.0,10.0,0.0,0
210,high_loose,pd_history,4,60,34.54167599289025,1.0,10.0,0.0,0
210,high_loose,pd_history,5,60,33.74067869187327,1.0,9.0,0.0,0
210,high_loose,pd_history,6,60,34.63797111087185,1.0,11.0,0.0,0
210,high_loose,pd_history,7,60,33.74091659507011,1.0,9.0,0.0,0
210,high_loose,pd_history,8,60,34.740701238780325,1.0,9.5,0.0,0
210,high_loose,pd_history,9,60,33.64250115020536,1.0,11.5,0.0,0
210,high_loose,pd_history,10,60,34.393941664230574,1.0,11.5,0.0,0
210,high_loose,pd_history,11,60,34.490623286733324,1.0,11.5,0.0,0
210,high_loose,pd_history,12,60,34.59138576490108,1.0,12.0,0.0,0
210,high_loose,pd_history,13,60,33.74051182858326,1.0,8.0,0.0,0
210,high_loose,pd_history,14,60,34.89026922651875,1.0,11.5,0.0,0
210,high_loose,pd_history,15,60,33.33970549050946,1.0,7.5,0.0,0
210,high_loose,pd_history,16,60,34.3435706433842,1.0,13.0,0.0,0
210,high_loose,pd_history,17,60,33.89039532860888,1.0,11.0,0.0,0
210,high_loose,pd_history,18,60,34.942581253878615,1.0,12.0,0.0,0
210,high_loose,pd_history,19,60,33.388800801642724,1.0,11.0,0.0,0
210,high_loose,pd_history,20,60,34.39124410679867,1.0,11.5,0.0,0
210,high_loose,pd_history,21,60,33.840949881008484,1.0,10.5,0.0,0
210,high_loose,pd_history,22,60,34.74082847587793,1.0,11.5,0.0,0
210,high_loose,pd_history,23,60,33.289986833913325,1.0,9.5,0.0,0
210,high_loose,no_control_interpretation,0,60,34.192004870224025,1.0,0,0.0,4
210,high_loose,no_control_interpretation,1,60,34.29080277394197,1.0,7.5,0.0,0
210,high_loose,no_control_interpretation,2,60,34.38939508660711,1.0,12.0,0.0,0
210,high_loose,no_control_interpretation,3,60,34.29024961056392,1.0,10.0,0.0,0
210,high_loose,no_control_interpretation,4,60,34.54167599289025,1.0,10.0,0.0,0
210,high_loose,no_control_interpretation,5,60,33.74067869187327,1.0,9.0,0.0,0
210,high_loose,no_control_interpretation,6,60,34.63797111087185,1.0,11.0,0.0,0
210,high_loose,no_control_interpretation,7,60,33.74091659507011,1.0,9.0,0.0,0
210,high_loose,no_control_interpretation,8,60,34.740701238780325,1.0,9.5,0.0,0
210,high_loose,no_control_interpretation,9,60,33.64250115020536,1.0,11.5,0.0,0
210,high_loose,no_control_interpretation,10,60,34.393941664230574,1.0,11.5,0.0,0
210,high_loose,no_control_interpretation,11,60,34.490623286733324,1.0,11.5,0.0,0
210,high_loose,no_control_interpretation,12,60,34.59138576490108,1.0,12.0,0.0,0
210,high_loose,no_control_interpretation,13,60,33.74051182858326,1.0,8.0,0.0,0
210,high_loose,no_control_interpretation,14,60,34.89026922651875,1.0,11.5,0.0,0
210,high_loose,no_control_interpretation,15,60,33.33970549050946,1.0,7.5,0.0,0
210,high_loose,no_control_interpretation,16,60,34.3435706433842,1.0,13.0,0.0,0
210,high_loose,no_control_interpretation,17,60,33.89039532860888,1.0,11.0,0.0,0
210,high_loose,no_control_interpretation,18,60,34.942581253878615,1.0,12.0,0.0,0
210,high_loose,no_control_interpretation,19,60,33.388800801642724,1.0,11.0,0.0,0
210,high_loose,no_control_interpretation,20,60,34.39124410679867,1.0,11.5,0.0,0
210,high_loose,no_control_interpretation,21,60,33.840949881008484,1.0,10.5,0.0,0
210,high_loose,no_control_interpretation,22,60,34.74082847587793,1.0,11.5,0.0,0
210,high_loose,no_control_interpretation,23,60,33.289986833913325,1.0,9.5,0.0,0
210,high_loose,no_pre_new_only,0,60,6.236133933585571,0.2,0,0.0,0
210,high_loose,no_pre_new_only,1,60,6.975632882415403,0.23333333333333334,0,0.0,0
210,high_loose,no_pre_new_only,2,60,6.2376588716689145,0.2,0,0.0,0
210,high_loose,no_pre_new_only,3,60,6.236834622551861,0.2,0,0.0,0
210,high_loose,no_pre_new_only,4,60,6.23740147602637,0.2,0,0.0,0
210,high_loose,no_pre_new_only,5,60,6.976554114090577,0.23333333333333334,0,0.0,0
210,high_loose,no_pre_new_only,6,60,6.238771782274183,0.2,0,0.0,0
210,high_loose,no_pre_new_only,7,60,6.9772988217752205,0.23333333333333334,0,0.0,0
210,high_loose,no_pre_new_only,8,60,6.236678011409419,0.2,0,0.0,0
210,high_loose,no_pre_new_only,9,60,6.976958598416233,0.23333333333333334,0,0.0,0
210,high_loose,no_pre_new_only,10,60,6.2384612978980005,0.2,0,0.0,0
210,high_loose,no_pre_new_only,11,60,6.237360930729082,0.2,0,0.0,0
210,high_loose,no_pre_new_only,12,60,6.23642474163748,0.2,0,0.0,0
210,high_loose,no_pre_new_only,13,60,6.977234204726254,0.23333333333333334,0,0.0,0
210,high_loose,no_pre_new_only,14,60,6.237993384707003,0.2,0,0.0,0
210,high_loose,no_pre_new_only,15,60,6.976487307969774,0.23333333333333334,0,0.0,0
210,high_loose,no_pre_new_only,16,60,6.237828362531188,0.2,0,0.0,0
210,high_loose,no_pre_new_only,17,60,6.2379929322248735,0.2,0,0.0,0
210,high_loose,no_pre_new_only,18,60,6.23708015088138,0.2,0,0.0,0
210,high_loose,no_pre_new_only,19,60,6.976680101311118,0.23333333333333334,0,0.0,0
210,high_loose,no_pre_new_only,20,60,6.237790195555238,0.2,0,0.0,0
210,high_loose,no_pre_new_only,21,60,6.976469737325672,0.23333333333333334,0,0.0,0
210,high_loose,no_pre_new_only,22,60,6.236894701140588,0.2,0,0.0,0
210,high_loose,no_pre_new_only,23,60,6.976052377140765,0.23333333333333334,0,0.0,0
210,high_loose,greedy_hard_cap,0,60,34.99690808578512,1.0,9.5,0.0,0
210,high_loose,greedy_hard_cap,1,60,34.64742089739851,1.0,14.5,0.0,0
210,high_loose,greedy_hard_cap,2,60,34.997918707843255,1.0,16.5,0.0,0
210,high_loose,greedy_hard_cap,3,60,35.39639571155361,1.0,17.0,0.0,0
210,high_loose,greedy_hard_cap,4,60,35.34679110009564,1.0,18.5,0.0,0
210,high_loose,greedy_hard_cap,5,60,34.79685067539042,1.0,20.0,0.0,0
210,high_loose,greedy_hard_cap,6,60,35.697362557459805,1.0,22.0,0.0,0
210,high_loose,greedy_hard_cap,7,60,34.697205639489475,1.0,21.5,0.0,0
210,high_loose,greedy_hard_cap,8,60,35.848014517865145,1.0,19.5,0.0,0
210,high_loose,greedy_hard_cap,9,60,34.69835970088286,1.0,20.0,0.0,0
210,high_loose,greedy_hard_cap,10,60,35.44747395535192,1.0,20.0,0.0,0
210,high_loose,greedy_hard_cap,11,60,35.64850332078878,1.0,19.0,0.0,0
210,high_loose,greedy_hard_cap,12,60,35.64829767850602,1.0,20.0,0.0,0
210,high_loose,greedy_hard_cap,13,60,35.049056104057215,1.0,21.0,0.0,0
210,high_loose,greedy_hard_cap,14,60,36.39835291389653,1.0,22.0,0.0,0
210,high_loose,greedy_hard_cap,15,60,34.497436969853055,1.0,20.0,0.0,0
210,high_loose,greedy_hard_cap,16,60,35.69832381375229,1.0,19.5,0.0,0
210,high_loose,greedy_hard_cap,17,60,35.49913753010883,1.0,19.5,0.0,0
210,high_loose,greedy_hard_cap,18,60,36.398026572278816,1.0,19.0,0.0,0
210,high_loose,greedy_hard_cap,19,60,34.34829721658757,1.0,19.5,0.0,0
210,high_loose,greedy_hard_cap,20,60,35.84844511688787,1.0,20.5,0.0,0
210,high_loose,greedy_hard_cap,21,60,34.89803596628764,1.0,21.0,0.0,0
210,high_loose,greedy_hard_cap,22,60,36.44810725831084,1.0,22.0,0.0,0
210,high_loose,greedy_hard_cap,23,60,34.34975106178106,1.0,20.5,0.0,0
210,random,pd_theta_2,0,60,39.96261073909593,0.9333333333333333,1.0,0.0,2
210,random,pd_theta_2,1,60,42.788361525851656,1.0,5.5,0.0,0
210,random,pd_theta_2,2,60,43.73829247088696,1.0,13.0,0.0,0
210,random,pd_theta_2,3,60,42.48904009511379,1.0,15.0,0.0,0
210,random,pd_theta_2,4,60,40.2400190430698,1.0,13.0,0.0,0
210,random,pd_theta_2,5,60,43.84074504402284,1.0,11.0,0.0,0
210,random,pd_theta_2,6,60,40.44056235264915,1.0,14.0,0.0,0
210,random,pd_theta_2,7,60,46.239188702931735,1.0,18.5,0.0,0
210,random,pd_theta_2,8,60,44.69281724088068,1.0,12.5,0.0,0
210,random,pd_theta_2,9,60,42.04246087754905,1.0,14.0,0.0,0
210,random,pd_theta_2,10,60,45.85302442287794,0.9666666666666667,17.5,0.0,0
210,random,pd_theta_2,11,60,39.840517218130756,1.0,18.5,0.0,0
210,random,pd_theta_2,12,60,43.49026938092376,1.0,19.0,0.0,0
210,random,pd_theta_2,13,60,43.141575059735494,1.0,13.5,0.0,0
210,random,pd_theta_2,14,60,40.73965944255273,1.0,13.5,0.0,0
210,random,pd_theta_2,15,60,43.98829255940203,1.0,14.5,0.0,0
210,random,pd_theta_2,16,60,42.491424316430596,1.0,18.5,0.0,0
210,random,pd_theta_2,17,60,43.99050972393522,1.0,14.5,0.0,0
210,random,pd_theta_2,18,60,40.68835635741537,1.0,17.0,0.0,0
210,random,pd_theta_2,19,60,46.889564367207754,1.0,17.5,0.0,0
210,random,pd_theta_2,20,60,41.78944511422369,1.0,16.5,0.0,0
210,random,pd_theta_2,21,60,43.939990188436376,1.0,18.0,0.0,0
210,random,pd_theta_2,22,60,40.93945667631933,1.0,14.0,0.0,0
210,random,pd_theta_2,23,60,45.28870771446974,1.0,15.5,0.0,0
210,random,pd_theta_4,0,60,39.96261073909593,0.9333333333333333,1.0,0.0,2
210,random,pd_theta_4,1,60,42.788361525851656,1.0,5.5,0.0,0
210,random,pd_theta_4,2,60,43.73829247088696,1.0,13.0,0.0,0
210,random,pd_theta_4,3,60,42.5383799812428,1.0,16.5,0.0,0
210,random,pd_theta_4,4,60,40.4390012151159,1.0,21.0,0.0,0
210,random,pd_theta_4,5,60,43.939372051896704,1.0,22.5,0.0,0
210,random,pd_theta_4,6,60,40.538653981878966,1.0,22.5,0.0,0
210,random,pd_theta_4,7,60,46.29096402389214,1.0,24.0,0.0,0
210,random,pd_theta_4,8,60,44.69028392271663,1.0,21.0,0.0,0
210,random,pd_theta_4,9,60,42.14027452045031,1.0,23.0,0.0,0
210,random,pd_theta_4,10,60,46.94234769935333,1.0,27.5,0.0,0
210,random,pd_theta_4,11,60,39.98929240002541,1.0,27.5,0.0,0
210,random,pd_theta_4,12,60,43.84067635986563,1.0,28.5,0.0,0
210,random,pd_theta_4,13,60,43.438971365324754,1.0,28.0,0.0,0
210,random,pd_theta_4,14,60,40.9882391403845,1.0,25.5,0.0,0
210,random,pd_theta_4,15,60,44.136592450225244,1.0,24.0,0.0,0
210,random,pd_theta_4,16,60,42.69010311299471,1.0,25.0,0.0,0
210,random,pd_theta_4,17,60,44.189564186998865,1.0,21.0,0.0,0
210,random,pd_theta_4,18,60,40.64153231900074,1.0,23.5,0.0,0
210,random,pd_theta_4,19,60,46.99135746669731,1.0,27.0,0.0,0
210,random,pd_theta_4,20,60,41.89059513899403,1.0,25.5,0.0,0
210,random,pd_theta_4,21,60,44.14036677571663,1.0,25.5,0.0,0
210,random,pd_theta_4,22,60,41.13783203089866,1.0,24.5,0.0,0
210,random,pd_theta_4,23,60,45.492251671313845,1.0,26.0,0.0,0
210,random,pd_theta_8,0,60,39.96261073909593,0.9333333333333333,1.0,0.0,2
210,random,pd_theta_8,1,60,42.788361525851656,1.0,5.5,0.0,0
210,random,pd_theta_8,2,60,43.73829247088696,1.0,13.0,0.0,0
210,random,pd_theta_8,3,60,42.5383799812428,1.0,16.5,0.0,0
210,random,pd_theta_8,4,60,40.4390012151159,1.0,21.0,0.0,0
210,random,pd_theta_8,5,60,44.03975576458225,1.0,24.5,0.0,0
210,random,pd_theta_8,6,60,40.73762943588852,1.0,30.5,0.0,0
210,random,pd_theta_8,7,60,46.48891364293847,1.0,36.0,0.0,0
210,random,pd_theta_8,8,60,45.089047723679954,1.0,36.5,0.0,0
210,random,pd_theta_8,9,60,42.29108508137304,1.0,40.0,0.0,0
210,random,pd_theta_8,10,60,47.14060723892325,1.0,41.0,0.0,0
210,random,pd_theta_8,11,60,40.08919411592307,1.0,41.5,0.0,0
210,random,pd_theta_8,12,60,43.84121988907117,1.0,40.5,0.0,0
210,random,pd_theta_8,13,60,43.73974871008754,1.0,40.0,0.0,0
210,random,pd_theta_8,14,60,41.08934481805644,1.0,38.5,0.0,0
210,random,pd_theta_8,15,60,44.387176311332674,1.0,42.0,0.0,0
210,random,pd_theta_8,16,60,42.84213992628413,1.0,41.5,0.0,0
210,random,pd_theta_8,17,60,44.49034548714598,1.0,42.0,0.0,0
210,random,pd_theta_8,18,60,40.94073979832817,1.0,38.0,0.0,0
210,random,pd_theta_8,19,60,47.238211118203424,1.0,38.0,0.0,0
210,random,pd_theta_8,20,60,41.88989546691756,1.0,37.5,0.0,0
210,random,pd_theta_8,21,60,44.24161564316175,1.0,37.5,0.0,0
210,random,pd_theta_8,22,60,41.23821138817962,1.0,41.5,0.0,0
210,random,pd_theta_8,23,60,45.59070239331469,1.0,38.5,0.0,0
210,random,pd_theta_16,0,60,39.96261073909593,0.9333333333333333,1.0,0.0,2
210,random,pd_theta_16,1,60,42.788361525851656,1.0,5.5,0.0,0
210,random,pd_theta_16,2,60,43.73829247088696,1.0,13.0,0.0,0
210,random,pd_theta_16,3,60,42.5383799812428,1.0,16.5,0.0,0
210,random,pd_theta_16,4,60,40.4390012151159,1.0,21.0,0.0,0
210,random,pd_theta_16,5,60,44.03975576458225,1.0,24.5,0.0,0
210,random,pd_theta_16,6,60,40.73762943588852,1.0,30.5,0.0,0
210,random,pd_theta_16,7,60,46.48891364293847,1.0,36.0,0.0,0
210,random,pd_theta_16,8,60,45.089047723679954,1.0,36.5,0.0,0
210,random,pd_theta_16,9,60,42.29078973148945,1.0,41.0,0.0,0
210,random,pd_theta_16,10,60,47.1407589240125,1.0,45.5,0.0,0
210,random,pd_theta_16,11,60,40.18801961694081,1.0,47.0,0.0,0
210,random,pd_theta_16,12,60,43.94086651413318,1.0,50.0,0.0,0
210,random,pd_theta_16,13,60,43.839743241422134,1.0,51.0,0.0,0
210,random,pd_theta_16,14,60,41.48783704791452,1.0,54.5,0.0,0
210,random,pd_theta_16,15,60,44.48779028635841,1.0,57.0,0.0,0
210,random,pd_theta_16,16,60,42.992288872263224,1.0,58.0,0.0,0
210,random,pd_theta_16,17,60,44.68802176120452,1.0,61.5,0.0,0
210,random,pd_theta_16,18,60,41.24175266429657,1.0,62.5,0.0,0
210,random,pd_theta_16,19,60,47.240416170433406,1.0,64.0,0.0,0
210,random,pd_theta_16,20,60,42.28863788821541,1.0,63.5,0.0,0
210,random,pd_theta_16,21,60,44.538537558870054,1.0,62.5,0.0,0
210,random,pd_theta_16,22,60,41.737363820583035,1.0,62.5,0.0,0
210,random,pd_theta_16,23,60,45.690681880200515,1.0,58.0,0.0,0
210,random,pd_history,0,60,39.96261073909593,0.9333333333333333,1.0,0.0,2
210,random,pd_history,1,60,42.788361525851656,1.0,5.5,0.0,0
210,random,pd_history,2,60,43.73829247088696,1.0,13.0,0.0,0
210,random,pd_history,3,60,42.48904009511379,1.0,15.0,0.0,0
210,random,pd_history,4,60,40.2400190430698,1.0,13.0,0.0,0
210,random,pd_history,5,60,43.84074504402284,1.0,11.0,0.0,0
210,random,pd_history,6,60,40.44056235264915,1.0,14.0,0.0,0
210,random,pd_history,7,60,46.239188702931735,1.0,18.5,0.0,0
210,random,pd_history,8,60,44.69281724088068,1.0,12.5,0.0,0
210,random,pd_history,9,60,42.04246087754905,1.0,14.0,0.0,0
210,random,pd_history,10,60,45.85302442287794,0.9666666666666667,17.5,0.0,0
210,random,pd_history,11,60,39.840517218130756,1.0,18.5,0.0,0
210,random,pd_history,12,60,43.49026938092376,1.0,19.0,0.0,0
210,random,pd_history,13,60,43.141575059735494,1.0,13.5,0.0,0
210,random,pd_history,14,60,40.73965944255273,1.0,13.5,0.0,0
210,random,pd_history,15,60,43.98829255940203,1.0,14.5,0.0,0
210,random,pd_history,16,60,42.491424316430596,1.0,18.5,0.0,0
210,random,pd_history,17,60,43.99050972393522,1.0,14.5,0.0,0
210,random,pd_history,18,60,40.68835635741537,1.0,17.0,0.0,0
210,random,pd_history,19,60,46.889564367207754,1.0,17.5,0.0,0
210,random,pd_history,20,60,41.78944511422369,1.0,16.5,0.0,0
210,random,pd_history,21,60,43.939990188436376,1.0,18.0,0.0,0
210,random,pd_history,22,60,40.93945667631933,1.0,14.0,0.0,0
210,random,pd_history,23,60,45.28870771446974,1.0,15.5,0.0,0
210,random,no_control_interpretation,0,60,42.042425072483596,1.0,1.0,0.0,3
210,random,no_control_interpretation,1,60,42.78831613423773,1.0,6.5,0.0,0
210,random,no_control_interpretation,2,60,43.73811731574493,1.0,14.0,0.0,0
210,random,no_control_interpretation,3,60,42.489233079713266,1.0,17.0,0.0,0
210,random,no_control_interpretation,4,60,40.240064189060035,1.0,14.0,0.0,0
210,random,no_control_interpretation,5,60,43.73919792136282,1.0,12.0,0.0,0
210,random,no_control_interpretation,6,60,40.439758236071604,1.0,15.0,0.0,0
210,random,no_control_interpretation,7,60,46.239558119862735,1.0,17.5,0.0,0
210,random,no_control_interpretation,8,60,44.69269086454106,1.0,13.5,0.0,0
210,random,no_control_interpretation,9,60,42.041520801860045,1.0,14.0,0.0,0
210,random,no_control_interpretation,10,60,46.89303123073435,1.0,15.5,0.0,0
210,random,no_control_interpretation,11,60,39.83996342888889,1.0,18.5,0.0,0
210,random,no_control_interpretation,12,60,43.49026938092376,1.0,19.0,0.0,0
210,random,no_control_interpretation,13,60,43.141575059735494,1.0,13.5,0.0,0
210,random,no_control_interpretation,14,60,40.73965944255273,1.0,13.5,0.0,0
210,random,no_control_interpretation,15,60,43.98829255940203,1.0,14.5,0.0,0
210,random,no_control_interpretation,16,60,42.491424316430596,1.0,18.5,0.0,0
210,random,no_control_interpretation,17,60,43.99050972393522,1.0,14.5,0.0,0
210,random,no_control_interpretation,18,60,40.68835635741537,1.0,17.0,0.0,0
210,random,no_control_interpretation,19,60,46.889564367207754,1.0,17.5,0.0,0
210,random,no_control_interpretation,20,60,41.78944511422369,1.0,16.5,0.0,0
210,random,no_control_interpretation,21,60,43.939990188436376,1.0,18.0,0.0,0
210,random,no_control_interpretation,22,60,40.93945667631933,1.0,14.0,0.0,0
210,random,no_control_interpretation,23,60,45.28870771446974,1.0,15.5,0.0,0
210,random,no_pre_new_only,0,60,9.485694661351543,0.36666666666666664,0,0.0,0
210,random,no_pre_new_only,1,60,10.074960175658259,0.4,0,0.0,0
210,random,no_pre_new_only,2,60,9.115886638465062,0.35,0,0.0,0
210,random,no_pre_new_only,3,60,10.074414852501299,0.4,0,0.0,0
210,random,no_pre_new_only,4,60,9.265003360474958,0.35,0,0.0,0
210,random,no_pre_new_only,5,60,9.924413846776174,0.4,0,0.0,0
210,random,no_pre_new_only,6,60,9.85391767869136,0.38333333333333336,0,0.0,0
210,random,no_pre_new_only,7,60,9.706003189536965,0.38333333333333336,0,0.0,0
210,random,no_pre_new_only,8,60,9.185311221725032,0.36666666666666664,0,0.0,0
210,random,no_pre_new_only,9,60,10.074132842339376,0.4,0,0.0,0
210,random,no_pre_new_only,10,60,8.445155335864898,0.3333333333333333,0,0.0,0
210,random,no_pre_new_only,11,60,9.553659165643655,0.38333333333333336,0,0.0,0
210,random,no_pre_new_only,12,60,10.293763619867807,0.4166666666666667,0,0.0,0
210,random,no_pre_new_only,13,60,8.446270559142437,0.3333333333333333,0,0.0,0
210,random,no_pre_new_only,14,60,10.295531483393658,0.4166666666666667,0,0.0,0
210,random,no_pre_new_only,15,60,8.525504917568927,0.31666666666666665,0,0.0,0
210,random,no_pre_new_only,16,60,9.855441523716712,0.38333333333333336,0,0.0,0
210,random,no_pre_new_only,17,60,9.485533487415676,0.36666666666666664,0,0.0,0
210,random,no_pre_new_only,18,60,9.183888496005014,0.36666666666666664,0,0.0,0
210,random,no_pre_new_only,19,60,10.075140660172273,0.4,0,0.0,0
210,random,no_pre_new_only,20,60,9.556556617046203,0.38333333333333336,0,0.0,0
210,random,no_pre_new_only,21,60,9.333149709696613,0.36666666666666664,0,0.0,0
210,random,no_pre_new_only,22,60,9.92364206952089,0.4,0,0.0,0
210,random,no_pre_new_only,23,60,9.334984728344416,0.36666666666666664,0,0.0,0
210,random,greedy_hard_cap,0,60,37.61774937551635,0.9333333333333333,13.0,0.0,0
210,random,greedy_hard_cap,1,60,42.32818399280925,0.9833333333333333,17.5,0.0,0
210,random,greedy_hard_cap,2,60,44.54762239457432,1.0,18.0,0.0,0
210,random,greedy_hard_cap,3,60,43.64874297075281,1.0,20.5,0.0,0
210,random,greedy_hard_cap,4,60,41.549585492662004,1.0,21.5,0.0,0
210,random,greedy_hard_cap,5,60,44.99898027314924,1.0,22.0,0.0,0
210,random,greedy_hard_cap,6,60,41.699573498563865,1.0,23.0,0.0,0
210,random,greedy_hard_cap,7,60,47.24709359291523,1.0,23.0,0.0,0
210,random,greedy_hard_cap,8,60,46.04841922670895,1.0,18.5,0.0,0
210,random,greedy_hard_cap,9,60,42.89877444400903,1.0,21.0,0.0,0
210,random,greedy_hard_cap,10,60,45.00817317926784,0.9666666666666667,22.5,0.0,0
210,random,greedy_hard_cap,11,60,40.94974655006326,1.0,21.0,0.0,0
210,random,greedy_hard_cap,12,60,44.54824963441875,1.0,20.5,0.0,0
210,random,greedy_hard_cap,13,60,44.398347408075246,1.0,20.5,0.0,0
210,random,greedy_hard_cap,14,60,42.149174177957796,1.0,23.5,0.0,0
210,random,greedy_hard_cap,15,60,44.99860030687494,1.0,21.5,0.0,0
210,random,greedy_hard_cap,16,60,43.64917152759694,1.0,22.0,0.0,0
210,random,greedy_hard_cap,17,60,43.72881635743416,0.9833333333333333,20.5,0.0,0
210,random,greedy_hard_cap,18,60,41.998649893720625,1.0,20.0,0.0,0
210,random,greedy_hard_cap,19,60,47.54859183420097,1.0,18.0,0.0,0
210,random,greedy_hard_cap,20,60,42.7490639722652,1.0,20.5,0.0,0
210,random,greedy_hard_cap,21,60,44.998800804498906,1.0,21.5,0.0,0
210,random,greedy_hard_cap,22,60,42.29962176642206,1.0,24.5,0.0,0
210,random,greedy_hard_cap,23,60,46.048439397495365,1.0,20.5,0.0,0
210,switch,pd_theta_2,0,60,42.63433693803321,0.8666666666666667,6.0,0.0,5
210,switch,pd_theta_2,1,60,43.694095834928255,0.9166666666666666,8.5,0.0,5
210,switch,pd_theta_2,2,60,44.35440957834323,0.8833333333333333,14.0,0.0,6
210,switch,pd_theta_2,3,60,44.94214460919718,0.9166666666666666,12.5,0.0,6
210,switch,pd_theta_2,4,60,43.67439198885534,0.9,14.5,0.0,5
210,switch,pd_theta_2,5,60,46.14409396292732,0.9166666666666666,14.5,0.0,7
210,switch,pd_theta_2,6,60,45.46158008000213,0.9333333333333333,14.0,0.0,6
210,switch,pd_theta_2,7,60,38.673193502787804,0.8166666666666667,13.5,0.0,2
210,switch,pd_theta_2,8,60,44.212407164168916,0.9333333333333333,10.5,0.0,5
210,switch,pd_theta_2,9,60,44.03313828722301,0.8666666666666667,13.5,0.0,6
210,switch,pd_theta_2,10,60,42.98492410596643,0.8666666666666667,14.5,0.0,5
210,switch,pd_theta_2,11,60,40.683633021644766,0.8666666666666667,12.0,0.0,3
210,switch,pd_theta_2,12,60,34.22345997613942,0.9833333333333333,7.5,0.0,1
210,switch,pd_theta_2,13,60,33.84125674863218,1.0,6.5,0.0,0
210,switch,pd_theta_2,14,60,34.89025299538809,1.0,8.5,0.0,0
210,switch,pd_theta_2,15,60,33.33961661325677,1.0,7.0,0.0,0
210,switch,pd_theta_2,16,60,34.49290332525985,1.0,14.5,0.0,0
210,switch,pd_theta_2,17,60,33.89039532860888,1.0,11.5,0.0,0
210,switch,pd_theta_2,18,60,34.942581253878615,1.0,12.0,0.0,0
210,switch,pd_theta_2,19,60,33.388800801642724,1.0,11.0,0.0,0
210,switch,pd_theta_2,20,60,34.39124410679867,1.0,11.5,0.0,0
210,switch,pd_theta_2,21,60,33.840949881008484,1.0,10.5,0.0,0
210,switch,pd_theta_2,22,60,34.74082847587793,1.0,11.5,0.0,0
210,switch,pd_theta_2,23,60,33.289986833913325,1.0,9.5,0.0,0
210,switch,pd_theta_4,0,60,42.63433693803321,0.8666666666666667,6.0,0.0,5
210,switch,pd_theta_4,1,60,43.694095834928255,0.9166666666666666,8.5,0.0,5
210,switch,pd_theta_4,2,60,44.35440957834323,0.8833333333333333,14.0,0.0,6
210,switch,pd_theta_4,3,60,44.94139296615084,0.9166666666666666,15.0,0.0,6
210,switch,pd_theta_4,4,60,43.6731090179553,0.9,19.0,0.0,5
210,switch,pd_theta_4,5,60,46.193154617071926,0.9166666666666666,19.0,0.0,7
210,switch,pd_theta_4,6,60,45.462763797428146,0.9333333333333333,18.0,0.0,6
210,switch,pd_theta_4,7,60,38.82367524450471,0.8166666666666667,20.0,0.0,2
210,switch,pd_theta_4,8,60,44.41317503157633,0.9333333333333333,17.5,0.0,5
210,switch,pd_theta_4,9,60,44.134464296837194,0.8666666666666667,18.5,0.0,6
210,switch,pd_theta_4,10,60,43.08387318924431,0.8666666666666667,19.0,0.0,5
210,switch,pd_theta_4,11,60,40.73335458188881,0.8666666666666667,15.5,0.0,3
210,switch,pd_theta_4,12,60,34.993687035772176,1.0,13.5,0.0,2
210,switch,pd_theta_4,13,60,34.2399309563637,1.0,14.5,0.0,0
210,switch,pd_theta_4,14,60,35.0898593319355,1.0,11.5,0.0,0
210,switch,pd_theta_4,15,60,33.439998702465374,1.0,13.5,0.0,0
210,switch,pd_theta_4,16,60,34.34202783039371,1.0,15.0,0.0,0
210,switch,pd_theta_4,17,60,34.03982500306585,1.0,15.5,0.0,0
210,switch,pd_theta_4,18,60,34.64326324798066,1.0,18.5,0.0,0
210,switch,pd_theta_4,19,60,33.24030935282898,1.0,20.0,0.0,0
210,switch,pd_theta_4,20,60,34.390801227139335,1.0,20.5,0.0,0
210,switch,pd_theta_4,21,60,33.688618902612625,1.0,18.5,0.0,0
210,switch,pd_theta_4,22,60,34.639793314783496,1.0,19.0,0.0,0
210,switch,pd_theta_4,23,60,33.28926194799404,1.0,18.0,0.0,0
210,switch,pd_theta_8,0,60,42.63433693803321,0.8666666666666667,6.0,0.0,5
210,switch,pd_theta_8,1,60,43.694095834928255,0.9166666666666666,8.5,0.0,5
210,switch,pd_theta_8,2,60,44.35440957834323,0.8833333333333333,14.0,0.0,6
210,switch,pd_theta_8,3,60,44.94139296615084,0.9166666666666666,15.0,0.0,6
210,switch,pd_theta_8,4,60,43.6731090179553,0.9,19.0,0.0,5
210,switch,pd_theta_8,5,60,46.193646960053755,0.9166666666666666,21.5,0.0,7
210,switch,pd_theta_8,6,60,45.46278550839006,0.9333333333333333,23.0,0.0,6
210,switch,pd_theta_8,7,60,38.82359890863461,0.8166666666666667,26.5,0.0,2
210,switch,pd_theta_8,8,60,44.410453154889964,0.9333333333333333,26.5,0.0,5
210,switch,pd_theta_8,9,60,44.23418626613513,0.8666666666666667,29.0,0.0,6
210,switch,pd_theta_8,10,60,43.13569651956207,0.8666666666666667,28.0,0.0,5
210,switch,pd_theta_8,11,60,41.03248946978811,0.8666666666666667,27.0,0.0,3
210,switch,pd_theta_8,12,60,34.05260250800723,0.9666666666666667,23.0,0.0,2
210,switch,pd_theta_8,13,60,34.43883504602957,1.0,22.5,0.0,1
210,switch,pd_theta_8,14,60,35.39038202987613,1.0,21.0,0.0,0
210,switch,pd_theta_8,15,60,33.74035432677378,1.0,22.5,0.0,0
210,switch,pd_theta_8,16,60,34.788623687957646,1.0,25.5,0.0,0
210,switch,pd_theta_8,17,60,34.68785679389327,1.0,29.0,0.0,0
210,switch,pd_theta_8,18,60,35.240079690587656,1.0,30.0,0.0,0
210,switch,pd_theta_8,19,60,33.5864689115955,1.0,32.0,0.0,0
210,switch,pd_theta_8,20,60,34.390358301694675,1.0,31.0,0.0,0
210,switch,pd_theta_8,21,60,33.68832561257991,1.0,30.5,0.0,0
210,switch,pd_theta_8,22,60,34.33838913567029,1.0,30.5,0.0,0
210,switch,pd_theta_8,23,60,33.14073896206711,1.0,32.0,0.0,0
210,switch,pd_theta_16,0,60,42.63433693803321,0.8666666666666667,6.0,0.0,5
210,switch,pd_theta_16,1,60,43.694095834928255,0.9166666666666666,8.5,0.0,5
210,switch,pd_theta_16,2,60,44.35440957834323,0.8833333333333333,14.0,0.0,6
210,switch,pd_theta_16,3,60,44.94139296615084,0.9166666666666666,15.0,0.0,6
210,switch,pd_theta_16,4,60,43.6731090179553,0.9,19.0,0.0,5
210,switch,pd_theta_16,5,60,46.193646960053755,0.9166666666666666,21.5,0.0,7
210,switch,pd_theta_16,6,60,45.46278550839006,0.9333333333333333,23.0,0.0,6
210,switch,pd_theta_16,7,60,38.82359890863461,0.8166666666666667,26.5,0.0,2
210,switch,pd_theta_16,8,60,44.410453154889964,0.9333333333333333,26.5,0.0,5
210,switch,pd_theta_16,9,60,44.23418626613513,0.8666666666666667,30.5,0.0,6
210,switch,pd_theta_16,10,60,43.184469258332655,0.8666666666666667,31.5,0.0,5
210,switch,pd_theta_16,11,60,41.13142490831302,0.8666666666666667,33.0,0.0,3
210,switch,pd_theta_16,12,60,33.58306093202941,0.95,30.5,0.0,2
210,switch,pd_theta_16,13,60,34.6380826448562,1.0,33.5,0.0,1
210,switch,pd_theta_16,14,60,35.69131955518594,1.0,33.0,0.0,0
210,switch,pd_theta_16,15,60,34.08863792190569,1.0,37.5,0.0,0
210,switch,pd_theta_16,16,60,35.34017375895574,1.0,40.0,0.0,0
210,switch,pd_theta_16,17,60,35.08771726917963,1.0,44.0,0.0,0
210,switch,pd_theta_16,18,60,35.941141736600756,1.0,44.5,0.0,0
210,switch,pd_theta_16,19,60,33.788351820943326,1.0,43.5,0.0,0
210,switch,pd_theta_16,20,60,34.941355881568825,1.0,43.5,0.0,0
210,switch,pd_theta_16,21,60,34.43778095350471,1.0,46.0,0.0,0
210,switch,pd_theta_16,22,60,35.33954996961241,1.0,43.5,0.0,0
210,switch,pd_theta_16,23,60,33.69017253612627,1.0,46.0,0.0,0
210,switch,pd_history,0,60,42.63433693803321,0.8666666666666667,6.0,0.0,5
210,switch,pd_history,1,60,43.694095834928255,0.9166666666666666,8.5,0.0,5
210,switch,pd_history,2,60,44.35440957834323,0.8833333333333333,14.0,0.0,6
210,switch,pd_history,3,60,44.94214460919718,0.9166666666666666,12.5,0.0,6
210,switch,pd_history,4,60,43.67439198885534,0.9,14.5,0.0,5
210,switch,pd_history,5,60,46.14409396292732,0.9166666666666666,14.5,0.0,7
210,switch,pd_history,6,60,45.46158008000213,0.9333333333333333,14.0,0.0,6
210,switch,pd_history,7,60,38.673193502787804,0.8166666666666667,13.5,0.0,2
210,switch,pd_history,8,60,44.212407164168916,0.9333333333333333,10.5,0.0,5
210,switch,pd_history,9,60,44.03313828722301,0.8666666666666667,13.5,0.0,6
210,switch,pd_history,10,60,42.98492410596643,0.8666666666666667,14.5,0.0,5
210,switch,pd_history,11,60,40.683633021644766,0.8666666666666667,12.0,0.0,3
210,switch,pd_history,12,60,34.22345997613942,0.9833333333333333,7.5,0.0,1
210,switch,pd_history,13,60,33.84125674863218,1.0,6.5,0.0,0
210,switch,pd_history,14,60,34.89025299538809,1.0,8.5,0.0,0
210,switch,pd_history,15,60,33.33961661325677,1.0,7.0,0.0,0
210,switch,pd_history,16,60,34.49290332525985,1.0,14.5,0.0,0
210,switch,pd_history,17,60,33.89039532860888,1.0,11.5,0.0,0
210,switch,pd_history,18,60,34.942581253878615,1.0,12.0,0.0,0
210,switch,pd_history,19,60,33.388800801642724,1.0,11.0,0.0,0
210,switch,pd_history,20,60,34.39124410679867,1.0,11.5,0.0,0
210,switch,pd_history,21,60,33.840949881008484,1.0,10.5,0.0,0
210,switch,pd_history,22,60,34.74082847587793,1.0,11.5,0.0,0
210,switch,pd_history,23,60,33.289986833913325,1.0,9.5,0.0,0
210,switch,no_control_interpretation,0,60,53.99261919650128,1.0,6.0,0.0,13
210,switch,no_control_interpretation,1,60,50.792810265625384,1.0,8.5,0.0,10
210,switch,no_control_interpretation,2,60,54.2932640772658,1.0,14.0,0.0,13
210,switch,no_control_interpretation,3,60,52.0413771080751,1.0,12.5,0.0,11
210,switch,no_control_interpretation,4,60,52.193017227262075,1.0,14.5,0.0,11
210,switch,no_control_interpretation,5,60,53.243136168659554,1.0,14.5,0.0,12
210,switch,no_control_interpretation,6,60,51.1403951499905,1.0,14.0,0.0,10
210,switch,no_control_interpretation,7,60,54.28980670883559,1.0,13.5,0.0,13
210,switch,no_control_interpretation,8,60,49.89103130951845,1.0,10.5,0.0,9
210,switch,no_control_interpretation,9,60,55.39177823792692,1.0,13.5,0.0,14
210,switch,no_control_interpretation,10,60,54.3434330489705,1.0,14.5,0.0,13
210,switch,no_control_interpretation,11,60,52.041582544309314,1.0,12.0,0.0,11
210,switch,no_control_interpretation,12,60,34.74345564435542,1.0,7.5,0.0,2
210,switch,no_control_interpretation,13,60,33.84125674863218,1.0,6.5,0.0,0
210,switch,no_control_interpretation,14,60,34.89025299538809,1.0,8.5,0.0,0
210,switch,no_control_interpretation,15,60,33.33961661325677,1.0,7.0,0.0,0
210,switch,no_control_interpretation,16,60,34.49290332525985,1.0,14.5,0.0,0
210,switch,no_control_interpretation,17,60,33.89039532860888,1.0,11.5,0.0,0
210,switch,no_control_interpretation,18,60,34.942581253878615,1.0,12.0,0.0,0
210,switch,no_control_interpretation,19,60,33.388800801642724,1.0,11.0,0.0,0
210,switch,no_control_interpretation,20,60,34.39124410679867,1.0,11.5,0.0,0
210,switch,no_control_interpretation,21,60,33.840949881008484,1.0,10.5,0.0,0
210,switch,no_control_interpretation,22,60,34.74082847587793,1.0,11.5,0.0,0
210,switch,no_control_interpretation,23,60,33.289986833913325,1.0,9.5,0.0,0
210,switch,no_pre_new_only,0,60,10.719832245818193,0.48333333333333334,0,0.0,0
210,switch,no_pre_new_only,1,60,11.83215551190516,0.5333333333333333,0,0.0,0
210,switch,no_pre_new_only,2,60,10.722452533404457,0.48333333333333334,0,0.0,0
210,switch,no_pre_new_only,3,60,11.461582378440196,0.5166666666666667,0,0.0,0
210,switch,no_pre_new_only,4,60,11.463407819713964,0.5166666666666667,0,0.0,0
210,switch,no_pre_new_only,5,60,11.092752420871886,0.5,0,0.0,0
210,switch,no_pre_new_only,6,60,11.831015023771151,0.5333333333333333,0,0.0,0
210,switch,no_pre_new_only,7,60,10.721383880418248,0.48333333333333334,0,0.0,0
210,switch,no_pre_new_only,8,60,11.833289269627173,0.5333333333333333,0,0.0,0
210,switch,no_pre_new_only,9,60,10.354824705338435,0.4666666666666667,0,0.0,0
210,switch,no_pre_new_only,10,60,10.723867985575687,0.48333333333333334,0,0.0,0
210,switch,no_pre_new_only,11,60,11.460713093733585,0.5166666666666667,0,0.0,0
210,switch,no_pre_new_only,12,60,6.23642474163748,0.2,0,0.0,0
210,switch,no_pre_new_only,13,60,6.977234204726254,0.23333333333333334,0,0.0,0
210,switch,no_pre_new_only,14,60,6.237993384707003,0.2,0,0.0,0
210,switch,no_pre_new_only,15,60,6.976487307969774,0.23333333333333334,0,0.0,0
210,switch,no_pre_new_only,16,60,6.237828362531188,0.2,0,0.0,0
210,switch,no_pre_new_only,17,60,6.2379929322248735,0.2,0,0.0,0
210,switch,no_pre_new_only,18,60,6.23708015088138,0.2,0,0.0,0
210,switch,no_pre_new_only,19,60,6.976680101311118,0.23333333333333334,0,0.0,0
210,switch,no_pre_new_only,20,60,6.237790195555238,0.2,0,0.0,0
210,switch,no_pre_new_only,21,60,6.976469737325672,0.23333333333333334,0,0.0,0
210,switch,no_pre_new_only,22,60,6.236894701140588,0.2,0,0.0,0
210,switch,no_pre_new_only,23,60,6.976052377140765,0.23333333333333334,0,0.0,0
210,switch,greedy_hard_cap,0,60,36.2882569278833,0.7833333333333333,14.0,0.0,0
210,switch,greedy_hard_cap,1,60,37.39811720249172,0.8333333333333334,16.0,0.0,0
210,switch,greedy_hard_cap,2,60,36.288012598528226,0.7833333333333333,17.0,0.0,0
210,switch,greedy_hard_cap,3,60,37.028140481098774,0.8166666666666667,18.0,0.0,0
210,switch,greedy_hard_cap,4,60,37.02731955585958,0.8166666666666667,16.5,0.0,0
210,switch,greedy_hard_cap,5,60,36.65766971639966,0.8,16.5,0.0,0
210,switch,greedy_hard_cap,6,60,37.39739960677672,0.8333333333333334,15.0,0.0,0
210,switch,greedy_hard_cap,7,60,36.28899943943635,0.7833333333333333,16.5,0.0,0
210,switch,greedy_hard_cap,8,60,37.76748835852939,0.85,16.0,0.0,0
210,switch,greedy_hard_cap,9,60,35.918033141515785,0.7666666666666667,18.0,0.0,0
210,switch,greedy_hard_cap,10,60,36.28863225370017,0.7833333333333333,18.0,0.0,0
210,switch,greedy_hard_cap,11,60,37.02850991257059,0.8166666666666667,16.0,0.0,0
210,switch,greedy_hard_cap,12,60,35.74805165644855,1.0,16.5,0.0,0
210,switch,greedy_hard_cap,13,60,35.09975190571192,1.0,18.5,0.0,0
210,switch,greedy_hard_cap,14,60,36.39741602936196,1.0,22.5,0.0,0
210,switch,greedy_hard_cap,15,60,34.49842604574989,1.0,20.5,0.0,0
210,switch,greedy_hard_cap,16,60,35.698151840857975,1.0,19.5,0.0,0
210,switch,greedy_hard_cap,17,60,35.49913753010883,1.0,19.5,0.0,0
210,switch,greedy_hard_cap,18,60,36.398692835890536,1.0,19.0,0.0,0
210,switch,greedy_hard_cap,19,60,34.349070082773316,1.0,19.5,0.0,0
210,switch,greedy_hard_cap,20,60,35.84844511688787,1.0,20.5,0.0,0
210,switch,greedy_hard_cap,21,60,34.99827348096551,1.0,21.5,0.0,0
210,switch,greedy_hard_cap,22,60,36.54763504770333,1.0,23.0,0.0,0
210,switch,greedy_hard_cap,23,60,34.34975106178106,1.0,21.0,0.0,0
